{
  "config": "paper_so",
  "n": 300,
  "split": 0.7,
  "d": 10,
  "reps": 300,
  "include_existing": true,
  "elapsed_s": 175.12454748153687,
  "summaries": {
    "NV": {
      "method": "NV",
      "n_reps": 300,
      "target": 0.95,
      "coverage": 0.6266666666666667,
      "coverage_lo": 0.5706551328853308,
      "coverage_hi": 0.6794753144044509,
      "coverage_gap": -0.32333333333333325,
      "meets_target": false,
      "significantly_below": true,
      "mean_obj": -7.719661218909299,
      "obj_se": 0.020975764997030064,
      "mean_oracle_gap": -0.1007713088252891,
      "oracle_gap_se": 0.01923567360005883,
      "mean_rel_oracle_gap": -0.013629928488666938,
      "mean_excess_s": -2.4766666666666666,
      "selected_s_std": 29.82088390804096,
      "failure_rate": 0.0,
      "n_failed": 0
    },
    "UG": {
      "method": "UG",
      "n_reps": 300,
      "target": 0.95,
      "coverage": 0.9533333333333334,
      "coverage_lo": 0.923202639772079,
      "coverage_hi": 0.9720010663176659,
      "coverage_gap": 0.0033333333333334103,
      "meets_target": true,
      "significantly_below": false,
      "mean_obj": -7.3860090614807845,
      "obj_se": 0.017237227309430298,
      "mean_oracle_gap": 0.23288084860322394,
      "oracle_gap_se": 0.017110576448959778,
      "mean_rel_oracle_gap": 0.030054377761059736,
      "mean_excess_s": 32.593333333333334,
      "selected_s_std": 48.92227403055862,
      "failure_rate": 0.0,
      "n_failed": 0
    },
    "NGS": {
      "method": "NGS",
      "n_reps": 300,
      "target": 0.95,
      "coverage": 0.9833333333333333,
      "coverage_lo": 0.9615846051669054,
      "coverage_hi": 0.9928605226493666,
      "coverage_gap": 0.033333333333333326,
      "meets_target": true,
      "significantly_below": false,
      "mean_obj": -7.2820585398405635,
      "obj_se": 0.016286611644372853,
      "mean_oracle_gap": 0.33683137024344584,
      "oracle_gap_se": 0.017316844568650253,
      "mean_rel_oracle_gap": 0.04360629246902754,
      "mean_excess_s": 49.7,
      "selected_s_std": 54.87496845342849,
      "failure_rate": 0.0,
      "n_failed": 0
    },
    "UNGS": {
      "method": "UNGS",
      "n_reps": 300,
      "target": 0.95,
      "coverage": 1.0,
      "coverage_lo": 0.9873570287754538,
      "coverage_hi": 0.9999999999999998,
      "coverage_gap": 0.050000000000000044,
      "meets_target": true,
      "significantly_below": false,
      "mean_obj": -7.077550761264298,
      "obj_se": 0.014301685251695296,
      "mean_oracle_gap": 0.5413391488197112,
      "oracle_gap_se": 0.016233269739664005,
      "mean_rel_oracle_gap": 0.07040760961895155,
      "mean_excess_s": 88.02666666666667,
      "selected_s_std": 52.586153125679516,
      "failure_rate": 0.0,
      "n_failed": 0
    },
    "benchmark": {
      "method": "benchmark",
      "n_reps": 300,
      "target": 0.95,
      "coverage": 1.0,
      "coverage_lo": 0.9873570287754538,
      "coverage_hi": 0.9999999999999998,
      "coverage_gap": 0.050000000000000044,
      "meets_target": true,
      "significantly_below": false,
      "mean_obj": -6.8416577508382,
      "obj_se": 0.012153012342164852,
      "mean_oracle_gap": 0.7772321592458087,
      "oracle_gap_se": 0.015565841607197324,
      "mean_rel_oracle_gap": 0.10130332993893779,
      "mean_excess_s": NaN,
      "selected_s_std": NaN,
      "failure_rate": 0.0,
      "n_failed": 0
    },
    "CV": {
      "method": "CV",
      "n_reps": 300,
      "target": 0.95,
      "coverage": 0.8866666666666667,
      "coverage_lo": 0.8458006041283088,
      "coverage_hi": 0.9177554981247089,
      "coverage_gap": -0.06333333333333324,
      "meets_target": false,
      "significantly_below": true,
      "mean_obj": -7.329265297976717,
      "obj_se": 0.02512496625263784,
      "mean_oracle_gap": 0.28962461210729357,
      "oracle_gap_se": 0.027597520874011156,
      "mean_rel_oracle_gap": 0.03713531653752612,
      "mean_excess_s": NaN,
      "selected_s_std": NaN,
      "failure_rate": 0.0,
      "n_failed": 0
    },
    "BS": {
      "method": "BS",
      "n_reps": 300,
      "target": 0.95,
      "coverage": 0.9533333333333334,
      "coverage_lo": 0.923202639772079,
      "coverage_hi": 0.9720010663176659,
      "coverage_gap": 0.0033333333333334103,
      "meets_target": true,
      "significantly_below": false,
      "mean_obj": -7.2632854416113695,
      "obj_se": 0.01920270333375965,
      "mean_oracle_gap": 0.3556044684726405,
      "oracle_gap_se": 0.022771269309962944,
      "mean_rel_oracle_gap": 0.04574892190535729,
      "mean_excess_s": NaN,
      "selected_s_std": NaN,
      "failure_rate": 0.0,
      "n_failed": 0
    },
    "Sectioning": {
      "method": "Sectioning",
      "n_reps": 300,
      "target": 0.95,
      "coverage": 0.9933333333333333,
      "coverage_lo": 0.9760224167496929,
      "coverage_hi": 0.998169851642088,
      "coverage_gap": 0.043333333333333335,
      "meets_target": true,
      "significantly_below": false,
      "mean_obj": -7.104218066459832,
      "obj_se": 0.01639387160899069,
      "mean_oracle_gap": 0.514671843624178,
      "oracle_gap_se": 0.01924607539993266,
      "mean_rel_oracle_gap": 0.06678611729678796,
      "mean_excess_s": NaN,
      "selected_s_std": NaN,
      "failure_rate": 0.0,
      "n_failed": 0
    },
    "_n_replication_errors": 0
  }
}