{
  "config": "paper_saa",
  "n": 200,
  "split": 0.7,
  "d": 10,
  "reps": 300,
  "include_existing": true,
  "elapsed_s": 350.6431028842926,
  "summaries": {
    "NV": {
      "method": "NV",
      "n_reps": 300,
      "target": 0.95,
      "coverage": 0.35333333333333333,
      "coverage_lo": 0.30140830066923496,
      "coverage_hi": 0.40896697088996514,
      "coverage_gap": -0.5966666666666667,
      "meets_target": false,
      "significantly_below": true,
      "mean_obj": -7.987075126056961,
      "obj_se": 0.01604084494541115,
      "mean_oracle_gap": -0.1373456992917684,
      "oracle_gap_se": 0.016784539991012957,
      "mean_rel_oracle_gap": -0.017591560119833507,
      "mean_excess_s": -0.014448160535117058,
      "selected_s_std": 0.0274657455658349,
      "failure_rate": 0.0,
      "n_failed": 0
    },
    "UG": {
      "method": "UG",
      "n_reps": 300,
      "target": 0.95,
      "coverage": 0.8166666666666667,
      "coverage_lo": 0.7689713823226987,
      "coverage_hi": 0.8563547359017554,
      "coverage_gap": -0.1333333333333333,
      "meets_target": false,
      "significantly_below": true,
      "mean_obj": -7.569820609874244,
      "obj_se": 0.020166164345530185,
      "mean_oracle_gap": 0.28020982153417767,
      "oracle_gap_se": 0.020682829710811826,
      "mean_rel_oracle_gap": 0.03562083926589337,
      "mean_excess_s": 0.016842809364548492,
      "selected_s_std": 0.023870550184469,
      "failure_rate": 0.0,
      "n_failed": 0
    },
    "NGS": {
      "method": "NGS",
      "n_reps": 300,
      "target": 0.95,
      "coverage": 0.9033333333333333,
      "coverage_lo": 0.8646182980304887,
      "coverage_hi": 0.9318497051817106,
      "coverage_gap": -0.046666666666666634,
      "meets_target": false,
      "significantly_below": true,
      "mean_obj": -7.445076709916115,
      "obj_se": 0.020648951928893242,
      "mean_oracle_gap": 0.4053709251710963,
      "oracle_gap_se": 0.021175574914595784,
      "mean_rel_oracle_gap": 0.051563777016067146,
      "mean_excess_s": 0.024441471571906355,
      "selected_s_std": 0.01899494270545454,
      "failure_rate": 0.0,
      "n_failed": 0
    },
    "UNGS": {
      "method": "UNGS",
      "n_reps": 300,
      "target": 0.95,
      "coverage": 0.93,
      "coverage_lo": 0.8953639895740667,
      "coverage_hi": 0.9537630551728237,
      "coverage_gap": -0.019999999999999907,
      "meets_target": false,
      "significantly_below": false,
      "mean_obj": -7.347272236789319,
      "obj_se": 0.021756174967349398,
      "mean_oracle_gap": 0.503502503559187,
      "oracle_gap_se": 0.02196347393066029,
      "mean_rel_oracle_gap": 0.06409653874826693,
      "mean_excess_s": 0.029123745819397993,
      "selected_s_std": 0.016354920778401266,
      "failure_rate": 0.0,
      "n_failed": 0
    },
    "CV": {
      "method": "CV",
      "n_reps": 300,
      "target": 0.95,
      "coverage": 0.9633333333333334,
      "coverage_lo": 0.9355461518281071,
      "coverage_hi": 0.979404694837147,
      "coverage_gap": 0.01333333333333342,
      "meets_target": true,
      "significantly_below": false,
      "mean_obj": -7.377453305145674,
      "obj_se": 0.018724502865317537,
      "mean_oracle_gap": 0.47271483072729603,
      "oracle_gap_se": 0.019645030362712326,
      "mean_rel_oracle_gap": 0.0601118833836901,
      "mean_excess_s": NaN,
      "selected_s_std": NaN,
      "failure_rate": 0.0,
      "n_failed": 0
    },
    "BS": {
      "method": "BS",
      "n_reps": 300,
      "target": 0.95,
      "coverage": 0.9933333333333333,
      "coverage_lo": 0.9760224167496929,
      "coverage_hi": 0.998169851642088,
      "coverage_gap": 0.043333333333333335,
      "meets_target": true,
      "significantly_below": false,
      "mean_obj": -7.170943031441923,
      "obj_se": 0.01803346014691619,
      "mean_oracle_gap": 0.679915774242765,
      "oracle_gap_se": 0.018555449268759492,
      "mean_rel_oracle_gap": 0.08654659931894458,
      "mean_excess_s": NaN,
      "selected_s_std": NaN,
      "failure_rate": 0.0,
      "n_failed": 0
    },
    "Sectioning": {
      "method": "Sectioning",
      "n_reps": 300,
      "target": 0.95,
      "coverage": 0.94,
      "coverage_lo": 0.9071605548470915,
      "coverage_hi": 0.9617136304753079,
      "coverage_gap": -0.010000000000000009,
      "meets_target": false,
      "significantly_below": false,
      "mean_obj": -7.316487719844799,
      "obj_se": 0.02144382116502043,
      "mean_oracle_gap": 0.5350436613426812,
      "oracle_gap_se": 0.02166042230971499,
      "mean_rel_oracle_gap": 0.06810536286549723,
      "mean_excess_s": NaN,
      "selected_s_std": NaN,
      "failure_rate": 0.0,
      "n_failed": 0
    },
    "_n_replication_errors": 0
  }
}