{
  "config": "paper_so",
  "n": 200,
  "split": 0.7,
  "d": 10,
  "reps": 300,
  "include_existing": true,
  "elapsed_s": 78.9143340587616,
  "summaries": {
    "NV": {
      "method": "NV",
      "n_reps": 300,
      "target": 0.95,
      "coverage": 0.5366666666666666,
      "coverage_lo": 0.4801320652390865,
      "coverage_hi": 0.5922741168711132,
      "coverage_gap": -0.41333333333333333,
      "meets_target": false,
      "significantly_below": true,
      "mean_obj": -7.7966547146507565,
      "obj_se": 0.021767242774236945,
      "mean_oracle_gap": -0.15088733448730973,
      "oracle_gap_se": 0.020060087766712982,
      "mean_rel_oracle_gap": -0.020002922060704132,
      "mean_excess_s": -5.702341137123746,
      "selected_s_std": 27.67162599437912,
      "failure_rate": 0.0,
      "n_failed": 0
    },
    "UG": {
      "method": "UG",
      "n_reps": 300,
      "target": 0.95,
      "coverage": 0.8966666666666666,
      "coverage_lo": 0.8570598275670679,
      "coverage_hi": 0.9262434152614588,
      "coverage_gap": -0.053333333333333344,
      "meets_target": false,
      "significantly_below": true,
      "mean_obj": -7.458135927870658,
      "obj_se": 0.019302906789369776,
      "mean_oracle_gap": 0.18876362214824255,
      "oracle_gap_se": 0.017848426955459868,
      "mean_rel_oracle_gap": 0.024403624844138057,
      "mean_excess_s": 25.48829431438127,
      "selected_s_std": 39.014232888690465,
      "failure_rate": 0.0,
      "n_failed": 0
    },
    "NGS": {
      "method": "NGS",
      "n_reps": 300,
      "target": 0.95,
      "coverage": 0.9433333333333334,
      "coverage_lo": 0.9111340419775253,
      "coverage_hi": 0.9643225235367106,
      "coverage_gap": -0.006666666666666599,
      "meets_target": false,
      "significantly_below": false,
      "mean_obj": -7.370888445635552,
      "obj_se": 0.01863578035445681,
      "mean_oracle_gap": 0.27630290198279706,
      "oracle_gap_se": 0.017069674135356136,
      "mean_rel_oracle_gap": 0.03586652071484072,
      "mean_excess_s": 33.39799331103679,
      "selected_s_std": 39.165924232153024,
      "failure_rate": 0.0,
      "n_failed": 0
    },
    "UNGS": {
      "method": "UNGS",
      "n_reps": 300,
      "target": 0.95,
      "coverage": 0.97,
      "coverage_lo": 0.9439774608583589,
      "coverage_hi": 0.9841381461905676,
      "coverage_gap": 0.020000000000000018,
      "meets_target": true,
      "significantly_below": false,
      "mean_obj": -7.2870913555146215,
      "obj_se": 0.018330694080366704,
      "mean_oracle_gap": 0.3603802499302175,
      "oracle_gap_se": 0.017433604283151702,
      "mean_rel_oracle_gap": 0.04680526882332531,
      "mean_excess_s": 43.36120401337793,
      "selected_s_std": 36.368411569508865,
      "failure_rate": 0.0,
      "n_failed": 0
    },
    "benchmark": {
      "method": "benchmark",
      "n_reps": 300,
      "target": 0.95,
      "coverage": 1.0,
      "coverage_lo": 0.9873570287754538,
      "coverage_hi": 0.9999999999999998,
      "coverage_gap": 0.050000000000000044,
      "meets_target": true,
      "significantly_below": false,
      "mean_obj": -6.981053482592123,
      "obj_se": 0.014901921203391988,
      "mean_oracle_gap": 0.664620500390285,
      "oracle_gap_se": 0.016092147102654768,
      "mean_rel_oracle_gap": 0.08648911070856669,
      "mean_excess_s": null,
      "selected_s_std": null,
      "failure_rate": 0.0,
      "n_failed": 0
    },
    "CV": {
      "method": "CV",
      "n_reps": 300,
      "target": 0.95,
      "coverage": 0.9133333333333333,
      "coverage_lo": 0.8760440413057516,
      "coverage_hi": 0.9401711024819569,
      "coverage_gap": -0.036666666666666625,
      "meets_target": false,
      "significantly_below": true,
      "mean_obj": -7.313344775923965,
      "obj_se": 0.024317499690172443,
      "mean_oracle_gap": 0.33121786494027644,
      "oracle_gap_se": 0.026122517708059113,
      "mean_rel_oracle_gap": 0.042707010840705883,
      "mean_excess_s": null,
      "selected_s_std": null,
      "failure_rate": 0.0,
      "n_failed": 0
    },
    "BS": {
      "method": "BS",
      "n_reps": 300,
      "target": 0.95,
      "coverage": 0.96,
      "coverage_lo": 0.9313957879613599,
      "coverage_hi": 0.9769726785120576,
      "coverage_gap": 0.010000000000000009,
      "meets_target": true,
      "significantly_below": false,
      "mean_obj": -7.228696171420571,
      "obj_se": 0.02032764155806573,
      "mean_oracle_gap": 0.4161495751443513,
      "oracle_gap_se": 0.022108522489713952,
      "mean_rel_oracle_gap": 0.053865059248367854,
      "mean_excess_s": null,
      "selected_s_std": null,
      "failure_rate": 0.0,
      "n_failed": 0
    },
    "Sectioning": {
      "method": "Sectioning",
      "n_reps": 300,
      "target": 0.95,
      "coverage": 0.9633333333333334,
      "coverage_lo": 0.9355461518281071,
      "coverage_hi": 0.979404694837147,
      "coverage_gap": 0.01333333333333342,
      "meets_target": true,
      "significantly_below": false,
      "mean_obj": -7.299059105815098,
      "obj_se": 0.020456304838915158,
      "mean_oracle_gap": 0.3460343365421767,
      "oracle_gap_se": 0.021395859502385015,
      "mean_rel_oracle_gap": 0.0447587469489211,
      "mean_excess_s": null,
      "selected_s_std": null,
      "failure_rate": 0.0,
      "n_failed": 0
    },
    "_n_replication_errors": 0
  }
}