{
  "config": "paper_saa",
  "n": 300,
  "split": 0.7,
  "d": 10,
  "reps": 300,
  "include_existing": true,
  "elapsed_s": 1894.224895954132,
  "summaries": {
    "NV": {
      "method": "NV",
      "n_reps": 300,
      "target": 0.95,
      "coverage": 0.4,
      "coverage_lo": 0.3461651905860969,
      "coverage_hi": 0.4563634036588123,
      "coverage_gap": -0.5499999999999999,
      "meets_target": false,
      "significantly_below": true,
      "mean_obj": -7.969444154861879,
      "obj_se": 0.014605107975025185,
      "mean_oracle_gap": -0.08370331888174301,
      "oracle_gap_se": 0.014456120448616763,
      "mean_rel_oracle_gap": -0.010618839774102246,
      "mean_excess_s": -0.0106,
      "selected_s_std": 0.026452456246473067,
      "failure_rate": 0.0,
      "n_failed": 0
    },
    "UG": {
      "method": "UG",
      "n_reps": 300,
      "target": 0.95,
      "coverage": 0.87,
      "coverage_lo": 0.8272195707065882,
      "coverage_hi": 0.9034246305872476,
      "coverage_gap": -0.07999999999999996,
      "meets_target": false,
      "significantly_below": true,
      "mean_obj": -7.562967784510965,
      "obj_se": 0.017961205443779337,
      "mean_oracle_gap": 0.32277305146916996,
      "oracle_gap_se": 0.017717355715863355,
      "mean_rel_oracle_gap": 0.04093895521129523,
      "mean_excess_s": 0.019586666666666672,
      "selected_s_std": 0.0224157095732986,
      "failure_rate": 0.0,
      "n_failed": 0
    },
    "NGS": {
      "method": "NGS",
      "n_reps": 300,
      "target": 0.95,
      "coverage": 0.9333333333333333,
      "coverage_lo": 0.899276940483885,
      "coverage_hi": 0.9564324844548417,
      "coverage_gap": -0.016666666666666607,
      "meets_target": false,
      "significantly_below": false,
      "mean_obj": -7.446144266151393,
      "obj_se": 0.018129546553288793,
      "mean_oracle_gap": 0.4395965698287434,
      "oracle_gap_se": 0.017878707789329092,
      "mean_rel_oracle_gap": 0.055754719416659645,
      "mean_excess_s": 0.026626666666666667,
      "selected_s_std": 0.019880090935596367,
      "failure_rate": 0.0,
      "n_failed": 0
    },
    "UNGS": {
      "method": "UNGS",
      "n_reps": 300,
      "target": 0.95,
      "coverage": 0.9633333333333334,
      "coverage_lo": 0.9355461518281071,
      "coverage_hi": 0.979404694837147,
      "coverage_gap": 0.01333333333333342,
      "meets_target": true,
      "significantly_below": false,
      "mean_obj": -7.229308016234869,
      "obj_se": 0.02012503359306784,
      "mean_oracle_gap": 0.656432819745266,
      "oracle_gap_se": 0.020020559555823755,
      "mean_rel_oracle_gap": 0.08324093141303386,
      "mean_excess_s": 0.035506666666666666,
      "selected_s_std": 0.016565970950535986,
      "failure_rate": 0.0,
      "n_failed": 0
    },
    "CV": {
      "method": "CV",
      "n_reps": 300,
      "target": 0.95,
      "coverage": 0.9733333333333334,
      "coverage_lo": 0.9482710570494102,
      "coverage_hi": 0.9864269301913529,
      "coverage_gap": 0.023333333333333428,
      "meets_target": true,
      "significantly_below": false,
      "mean_obj": -7.4043224588573535,
      "obj_se": 0.01632795012748166,
      "mean_oracle_gap": 0.48141837712278157,
      "oracle_gap_se": 0.016394136032485976,
      "mean_rel_oracle_gap": 0.06103099862139145,
      "mean_excess_s": null,
      "selected_s_std": null,
      "failure_rate": 0.0,
      "n_failed": 0
    },
    "BS": {
      "method": "BS",
      "n_reps": 300,
      "target": 0.95,
      "coverage": 0.9933333333333333,
      "coverage_lo": 0.9760224167496929,
      "coverage_hi": 0.998169851642088,
      "coverage_gap": 0.043333333333333335,
      "meets_target": true,
      "significantly_below": false,
      "mean_obj": -7.299038566804904,
      "obj_se": 0.015841562812906412,
      "mean_oracle_gap": 0.5867022691752316,
      "oracle_gap_se": 0.015929816826183572,
      "mean_rel_oracle_gap": 0.07438122574177364,
      "mean_excess_s": null,
      "selected_s_std": null,
      "failure_rate": 0.0,
      "n_failed": 0
    },
    "Sectioning": {
      "method": "Sectioning",
      "n_reps": 300,
      "target": 0.95,
      "coverage": 0.9733333333333334,
      "coverage_lo": 0.9482710570494102,
      "coverage_hi": 0.9864269301913529,
      "coverage_gap": 0.023333333333333428,
      "meets_target": true,
      "significantly_below": false,
      "mean_obj": -7.181203966141579,
      "obj_se": 0.020391858499939648,
      "mean_oracle_gap": 0.7045368698385557,
      "oracle_gap_se": 0.020528844851743954,
      "mean_rel_oracle_gap": 0.0893176525845246,
      "mean_excess_s": null,
      "selected_s_std": null,
      "failure_rate": 0.0,
      "n_failed": 0
    },
    "_n_replication_errors": 0
  }
}