{
  "config": "paper_saa",
  "n": 100,
  "split": 0.7,
  "d": 10,
  "reps": 300,
  "include_existing": true,
  "elapsed_s": 51.111655473709106,
  "summaries": {
    "NV": {
      "method": "NV",
      "n_reps": 300,
      "target": 0.95,
      "coverage": 0.2633333333333333,
      "coverage_lo": 0.21671150294236005,
      "coverage_hi": 0.3159395034372583,
      "coverage_gap": -0.6866666666666666,
      "meets_target": false,
      "significantly_below": true,
      "mean_obj": -8.07345202947908,
      "obj_se": 0.020198901371969814,
      "mean_oracle_gap": -0.29343258512330195,
      "oracle_gap_se": 0.022440320790467715,
      "mean_rel_oracle_gap": -0.03812421141086159,
      "mean_excess_s": -0.026805970149253736,
      "selected_s_std": 0.031902023923801176,
      "failure_rate": 0.0,
      "n_failed": 0
    },
    "UG": {
      "method": "UG",
      "n_reps": 300,
      "target": 0.95,
      "coverage": 0.5766666666666667,
      "coverage_lo": 0.5201332672229635,
      "coverage_hi": 0.6312614771892728,
      "coverage_gap": -0.3733333333333333,
      "meets_target": false,
      "significantly_below": true,
      "mean_obj": -7.792024384906763,
      "obj_se": 0.023102138669098285,
      "mean_oracle_gap": 0.012713468542266569,
      "oracle_gap_se": 0.023655928709659126,
      "mean_rel_oracle_gap": 0.001454714504270233,
      "mean_excess_s": -0.002567164179104478,
      "selected_s_std": 0.026977921523373388,
      "failure_rate": 0.0,
      "n_failed": 0
    },
    "NGS": {
      "method": "NGS",
      "n_reps": 300,
      "target": 0.95,
      "coverage": 0.6,
      "coverage_lo": 0.5436365963411878,
      "coverage_hi": 0.653834809413903,
      "coverage_gap": -0.35,
      "meets_target": false,
      "significantly_below": true,
      "mean_obj": -7.764522950234775,
      "obj_se": 0.023721778595373555,
      "mean_oracle_gap": 0.043498656607924374,
      "oracle_gap_se": 0.02438344276928655,
      "mean_rel_oracle_gap": 0.005401792400745984,
      "mean_excess_s": -0.00064179104477612,
      "selected_s_std": 0.02642406592019362,
      "failure_rate": 0.0,
      "n_failed": 0
    },
    "UNGS": {
      "method": "UNGS",
      "n_reps": 300,
      "target": 0.95,
      "coverage": 0.6133333333333333,
      "coverage_lo": 0.5571245198072374,
      "coverage_hi": 0.6666764067151987,
      "coverage_gap": -0.33666666666666667,
      "meets_target": false,
      "significantly_below": true,
      "mean_obj": -7.747879628698366,
      "obj_se": 0.023863980482302354,
      "mean_oracle_gap": 0.062129240417335224,
      "oracle_gap_se": 0.02446403661928445,
      "mean_rel_oracle_gap": 0.007798351851154888,
      "mean_excess_s": 0.0008059701492537305,
      "selected_s_std": 0.025280856285682784,
      "failure_rate": 0.0,
      "n_failed": 0
    },
    "CV": {
      "method": "CV",
      "n_reps": 300,
      "target": 0.95,
      "coverage": 0.7933333333333333,
      "coverage_lo": 0.743944983244025,
      "coverage_hi": 0.8353044736375745,
      "coverage_gap": -0.15666666666666662,
      "meets_target": false,
      "significantly_below": true,
      "mean_obj": -7.604782674071013,
      "obj_se": 0.02088595727337075,
      "mean_oracle_gap": 0.1763924290311048,
      "oracle_gap_se": 0.02315456565629106,
      "mean_rel_oracle_gap": 0.022442207881868844,
      "mean_excess_s": NaN,
      "selected_s_std": NaN,
      "failure_rate": 0.0,
      "n_failed": 0
    },
    "BS": {
      "method": "BS",
      "n_reps": 300,
      "target": 0.95,
      "coverage": 0.94,
      "coverage_lo": 0.9071605548470915,
      "coverage_hi": 0.9617136304753079,
      "coverage_gap": -0.010000000000000009,
      "meets_target": false,
      "significantly_below": false,
      "mean_obj": -7.424460018479616,
      "obj_se": 0.017882222019036716,
      "mean_oracle_gap": 0.3602568279497918,
      "oracle_gap_se": 0.02019592005739354,
      "mean_rel_oracle_gap": 0.04613583062093718,
      "mean_excess_s": NaN,
      "selected_s_std": NaN,
      "failure_rate": 0.0,
      "n_failed": 0
    },
    "Sectioning": {
      "method": "Sectioning",
      "n_reps": 300,
      "target": 0.95,
      "coverage": 0.6133333333333333,
      "coverage_lo": 0.5571245198072374,
      "coverage_hi": 0.6666764067151987,
      "coverage_gap": -0.33666666666666667,
      "meets_target": false,
      "significantly_below": true,
      "mean_obj": -7.744375370007981,
      "obj_se": 0.02414002912456211,
      "mean_oracle_gap": 0.03821131737564435,
      "oracle_gap_se": 0.026037126148082432,
      "mean_rel_oracle_gap": 0.0046159419853420815,
      "mean_excess_s": NaN,
      "selected_s_std": NaN,
      "failure_rate": 0.0,
      "n_failed": 0
    },
    "_n_replication_errors": 0
  }
}