{
  "key": "paper_ro_ellipsoid_n5000_s0.7_d10",
  "config": "paper_ro_ellipsoid",
  "n": 5000,
  "split": 0.7,
  "d": 10,
  "reps": 300,
  "alpha": null,
  "beta": null,
  "dgp_params": null,
  "folds": null,
  "mesh_p": null,
  "elapsed_s": 0.48081493377685547,
  "summaries": {
    "NV": {
      "method": "NV",
      "n_reps": 300,
      "target": 0.95,
      "coverage": 0.9366666666666666,
      "coverage_lo": 0.9032086875144784,
      "coverage_hi": 0.9590831176160847,
      "coverage_gap": -0.013333333333333308,
      "meets_target": false,
      "significantly_below": false,
      "mean_obj": -7.4775232718854445,
      "obj_se": 0.009199087985337188,
      "mean_oracle_gap": -0.043291813764234854,
      "oracle_gap_se": 0.009628735308932216,
      "mean_rel_oracle_gap": -0.0058541859928964626,
      "mean_excess_s": -0.09120344929032657,
      "selected_s_std": 0.3509710635391516,
      "failure_rate": 0.0,
      "n_failed": 0
    },
    "UG": {
      "method": "UG",
      "n_reps": 300,
      "target": 0.95,
      "coverage": 0.9966666666666667,
      "coverage_lo": 0.9813633063054688,
      "coverage_hi": 0.9994113422781488,
      "coverage_gap": 0.046666666666666745,
      "meets_target": true,
      "significantly_below": false,
      "mean_obj": -7.436525764530752,
      "obj_se": 0.0027919989231681105,
      "mean_oracle_gap": -0.0022943064095430365,
      "oracle_gap_se": 0.0022943064095430478,
      "mean_rel_oracle_gap": -0.00031055280787079724,
      "mean_excess_s": -0.004821585098334988,
      "selected_s_std": 0.08328508412618653,
      "failure_rate": 0.0,
      "n_failed": 0
    },
    "NGS": {
      "method": "NGS",
      "n_reps": 300,
      "target": 0.95,
      "coverage": 1.0,
      "coverage_lo": 0.9873570287754538,
      "coverage_hi": 0.9999999999999998,
      "coverage_gap": 0.050000000000000044,
      "meets_target": true,
      "significantly_below": false,
      "mean_obj": -7.434231458121209,
      "obj_se": 0.001801044607805325,
      "mean_oracle_gap": 5.921189464667502e-18,
      "oracle_gap_se": 3.978543970938781e-17,
      "mean_rel_oracle_gap": 7.54864120037626e-19,
      "mean_excess_s": 0.0,
      "selected_s_std": 0.010242767581979572,
      "failure_rate": 0.0,
      "n_failed": 0
    },
    "UNGS": {
      "method": "UNGS",
      "n_reps": 300,
      "target": 0.95,
      "coverage": 0.9966666666666667,
      "coverage_lo": 0.9813633063054688,
      "coverage_hi": 0.9994113422781488,
      "coverage_gap": 0.046666666666666745,
      "meets_target": true,
      "significantly_below": false,
      "mean_obj": -7.436525764530752,
      "obj_se": 0.0027919989231681105,
      "mean_oracle_gap": -0.0022943064095430365,
      "oracle_gap_se": 0.0022943064095430478,
      "mean_rel_oracle_gap": -0.00031055280787079724,
      "mean_excess_s": -0.004821585098334988,
      "selected_s_std": 0.08328508412618653,
      "failure_rate": 0.0,
      "n_failed": 0
    },
    "benchmark": {
      "method": "benchmark",
      "n_reps": 300,
      "target": 0.95,
      "coverage": 1.0,
      "coverage_lo": 0.9873570287754538,
      "coverage_hi": 0.9999999999999998,
      "coverage_gap": 0.050000000000000044,
      "meets_target": true,
      "significantly_below": false,
      "mean_obj": -6.901634398385974,
      "obj_se": 0.0,
      "mean_oracle_gap": 0.532597059735237,
      "oracle_gap_se": 0.0018010446078053292,
      "mean_rel_oracle_gap": 0.07162489689909841,
      "mean_excess_s": null,
      "selected_s_std": null,
      "failure_rate": 0.0,
      "n_failed": 0
    },
    "_n_replication_errors": 0
  }
}