{
  "key": "paper_so_n5000_s0.05_d10",
  "config": "paper_so",
  "n": 5000,
  "split": 0.05,
  "d": 10,
  "reps": 300,
  "alpha": null,
  "beta": null,
  "dgp_params": null,
  "folds": null,
  "mesh_p": 60,
  "elapsed_s": 3.421431064605713,
  "summaries": {
    "NV": {
      "method": "NV",
      "n_reps": 300,
      "target": 0.95,
      "coverage": 0.94,
      "coverage_lo": 0.9071605548470915,
      "coverage_hi": 0.9617136304753079,
      "coverage_gap": -0.010000000000000009,
      "meets_target": false,
      "significantly_below": false,
      "mean_obj": -7.610073796615573,
      "obj_se": 0.014062670450253348,
      "mean_oracle_gap": 0.005557095149603939,
      "oracle_gap_se": 0.005793670057985193,
      "mean_rel_oracle_gap": 0.0006478382171948763,
      "mean_excess_s": 0.37666666666666665,
      "selected_s_std": 24.25398954643581,
      "failure_rate": 0.0,
      "n_failed": 0
    },
    "UG": {
      "method": "UG",
      "n_reps": 300,
      "target": 0.95,
      "coverage": 0.9933333333333333,
      "coverage_lo": 0.9760224167496929,
      "coverage_hi": 0.998169851642088,
      "coverage_gap": 0.043333333333333335,
      "meets_target": true,
      "significantly_below": false,
      "mean_obj": -7.5690097186982594,
      "obj_se": 0.013579163353428765,
      "mean_oracle_gap": 0.04662117306691826,
      "oracle_gap_se": 0.007115783749394191,
      "mean_rel_oracle_gap": 0.005966202041203975,
      "mean_excess_s": 4.61,
      "selected_s_std": 26.47510010002941,
      "failure_rate": 0.0,
      "n_failed": 0
    },
    "NGS": {
      "method": "NGS",
      "n_reps": 300,
      "target": 0.95,
      "coverage": 1.0,
      "coverage_lo": 0.9873570287754538,
      "coverage_hi": 0.9999999999999998,
      "coverage_gap": 0.050000000000000044,
      "meets_target": true,
      "significantly_below": false,
      "mean_obj": -7.543134858407812,
      "obj_se": 0.013360006633266319,
      "mean_oracle_gap": 0.07249603335736507,
      "oracle_gap_se": 0.008716452805378907,
      "mean_rel_oracle_gap": 0.009285332294091448,
      "mean_excess_s": 7.633333333333334,
      "selected_s_std": 28.704557222698465,
      "failure_rate": 0.0,
      "n_failed": 0
    },
    "UNGS": {
      "method": "UNGS",
      "n_reps": 300,
      "target": 0.95,
      "coverage": 1.0,
      "coverage_lo": 0.9873570287754538,
      "coverage_hi": 0.9999999999999998,
      "coverage_gap": 0.050000000000000044,
      "meets_target": true,
      "significantly_below": false,
      "mean_obj": -7.5223785532552725,
      "obj_se": 0.013114168797940903,
      "mean_oracle_gap": 0.09325233850990401,
      "oracle_gap_se": 0.009483671534340241,
      "mean_rel_oracle_gap": 0.011959271839109178,
      "mean_excess_s": 9.9,
      "selected_s_std": 30.80920879722911,
      "failure_rate": 0.0,
      "n_failed": 0
    },
    "benchmark": {
      "method": "benchmark",
      "n_reps": 300,
      "target": 0.95,
      "coverage": 1.0,
      "coverage_lo": 0.9873570287754538,
      "coverage_hi": 0.9999999999999998,
      "coverage_gap": 0.050000000000000044,
      "meets_target": true,
      "significantly_below": false,
      "mean_obj": -5.963673309760387,
      "obj_se": 0.006709143007349723,
      "mean_oracle_gap": 1.6519575820047898,
      "oracle_gap_se": 0.014998957261774816,
      "mean_rel_oracle_gap": 0.21612755567552816,
      "mean_excess_s": null,
      "selected_s_std": null,
      "failure_rate": 0.0,
      "n_failed": 0
    },
    "_n_replication_errors": 0
  }
}