{
  "key": "paper_so_n5000_s0.7_d10",
  "config": "paper_so",
  "n": 5000,
  "split": 0.7,
  "d": 10,
  "reps": 300,
  "alpha": null,
  "beta": null,
  "dgp_params": null,
  "folds": null,
  "mesh_p": 60,
  "elapsed_s": 12.774762630462646,
  "summaries": {
    "NV": {
      "method": "NV",
      "n_reps": 300,
      "target": 0.95,
      "coverage": 0.97,
      "coverage_lo": 0.9439774608583589,
      "coverage_hi": 0.9841381461905676,
      "coverage_gap": 0.020000000000000018,
      "meets_target": true,
      "significantly_below": false,
      "mean_obj": -7.4331731496150555,
      "obj_se": 0.016236853159184588,
      "mean_oracle_gap": -0.005408833032829905,
      "oracle_gap_se": 0.006488940360867197,
      "mean_rel_oracle_gap": -0.0008206641506044811,
      "mean_excess_s": -0.3933333333333333,
      "selected_s_std": 21.75883833544234,
      "failure_rate": 0.0,
      "n_failed": 0
    },
    "UG": {
      "method": "UG",
      "n_reps": 300,
      "target": 0.95,
      "coverage": 1.0,
      "coverage_lo": 0.9873570287754538,
      "coverage_hi": 0.9999999999999998,
      "coverage_gap": 0.050000000000000044,
      "meets_target": true,
      "significantly_below": false,
      "mean_obj": -7.382578761582286,
      "obj_se": 0.014673126352336512,
      "mean_oracle_gap": 0.04518555499994071,
      "oracle_gap_se": 0.008553448451406398,
      "mean_rel_oracle_gap": 0.00579114603084776,
      "mean_excess_s": 7.48,
      "selected_s_std": 31.057704412021206,
      "failure_rate": 0.0,
      "n_failed": 0
    },
    "NGS": {
      "method": "NGS",
      "n_reps": 300,
      "target": 0.95,
      "coverage": 1.0,
      "coverage_lo": 0.9873570287754538,
      "coverage_hi": 0.9999999999999998,
      "coverage_gap": 0.050000000000000044,
      "meets_target": true,
      "significantly_below": false,
      "mean_obj": -7.351277650795503,
      "obj_se": 0.014185196855652534,
      "mean_oracle_gap": 0.07648666578672278,
      "oracle_gap_se": 0.010812416269938724,
      "mean_rel_oracle_gap": 0.009854639716190145,
      "mean_excess_s": 11.81,
      "selected_s_std": 35.061509734792416,
      "failure_rate": 0.0,
      "n_failed": 0
    },
    "UNGS": {
      "method": "UNGS",
      "n_reps": 300,
      "target": 0.95,
      "coverage": 1.0,
      "coverage_lo": 0.9873570287754538,
      "coverage_hi": 0.9999999999999998,
      "coverage_gap": 0.050000000000000044,
      "meets_target": true,
      "significantly_below": false,
      "mean_obj": -7.334911023601818,
      "obj_se": 0.013924736994087028,
      "mean_oracle_gap": 0.09285329298040762,
      "oracle_gap_se": 0.011833695410188215,
      "mean_rel_oracle_gap": 0.011979165875361106,
      "mean_excess_s": 14.366666666666667,
      "selected_s_std": 37.24986528523446,
      "failure_rate": 0.0,
      "n_failed": 0
    },
    "benchmark": {
      "method": "benchmark",
      "n_reps": 300,
      "target": 0.95,
      "coverage": 1.0,
      "coverage_lo": 0.9873570287754538,
      "coverage_hi": 0.9999999999999998,
      "coverage_gap": 0.050000000000000044,
      "meets_target": true,
      "significantly_below": false,
      "mean_obj": -5.976242271642397,
      "obj_se": 0.007408667921051541,
      "mean_oracle_gap": 1.4515220449398294,
      "oracle_gap_se": 0.01751567775832618,
      "mean_rel_oracle_gap": 0.19427355341483524,
      "mean_excess_s": NaN,
      "selected_s_std": NaN,
      "failure_rate": 0.0,
      "n_failed": 0
    },
    "_n_replication_errors": 0
  }
}