{
  "key": "paper_ro_ellipsoid_n5000_d10",
  "config": "paper_ro_ellipsoid",
  "n": 5000,
  "split": 0.5,
  "d": 10,
  "reps": 300,
  "alpha": null,
  "beta": null,
  "dgp_params": null,
  "folds": null,
  "mesh_p": null,
  "elapsed_s": 0.49503326416015625,
  "summaries": {
    "NV": {
      "method": "NV",
      "n_reps": 300,
      "target": 0.95,
      "coverage": 0.9866666666666667,
      "coverage_lo": 0.9662244697474675,
      "coverage_hi": 0.9948030382606411,
      "coverage_gap": 0.036666666666666736,
      "meets_target": true,
      "significantly_below": false,
      "mean_obj": -7.443063585472537,
      "obj_se": 0.0046887779013221826,
      "mean_oracle_gap": -0.009169868319637254,
      "oracle_gap_se": 0.00456222307212007,
      "mean_rel_oracle_gap": -0.001243916717990438,
      "mean_excess_s": -0.01929919517562998,
      "selected_s_std": 0.16475499014787237,
      "failure_rate": 0.0,
      "n_failed": 0
    },
    "UG": {
      "method": "UG",
      "n_reps": 300,
      "target": 0.95,
      "coverage": 1.0,
      "coverage_lo": 0.9873570287754538,
      "coverage_hi": 0.9999999999999998,
      "coverage_gap": 0.050000000000000044,
      "meets_target": true,
      "significantly_below": false,
      "mean_obj": -7.433893717152897,
      "obj_se": 0.0022271354595307514,
      "mean_oracle_gap": -1.4802973661668754e-17,
      "oracle_gap_se": 3.922108390361276e-17,
      "mean_rel_oracle_gap": -1.9930036072864223e-18,
      "mean_excess_s": 0.0,
      "selected_s_std": 0.012487330582868689,
      "failure_rate": 0.0,
      "n_failed": 0
    },
    "NGS": {
      "method": "NGS",
      "n_reps": 300,
      "target": 0.95,
      "coverage": 1.0,
      "coverage_lo": 0.9873570287754538,
      "coverage_hi": 0.9999999999999998,
      "coverage_gap": 0.050000000000000044,
      "meets_target": true,
      "significantly_below": false,
      "mean_obj": -7.433893717152897,
      "obj_se": 0.0022271354595307514,
      "mean_oracle_gap": -1.4802973661668754e-17,
      "oracle_gap_se": 3.922108390361276e-17,
      "mean_rel_oracle_gap": -1.9930036072864223e-18,
      "mean_excess_s": 0.0,
      "selected_s_std": 0.012487330582868689,
      "failure_rate": 0.0,
      "n_failed": 0
    },
    "UNGS": {
      "method": "UNGS",
      "n_reps": 300,
      "target": 0.95,
      "coverage": 1.0,
      "coverage_lo": 0.9873570287754538,
      "coverage_hi": 0.9999999999999998,
      "coverage_gap": 0.050000000000000044,
      "meets_target": true,
      "significantly_below": false,
      "mean_obj": -7.433893717152897,
      "obj_se": 0.0022271354595307514,
      "mean_oracle_gap": -1.4802973661668754e-17,
      "oracle_gap_se": 3.922108390361276e-17,
      "mean_rel_oracle_gap": -1.9930036072864223e-18,
      "mean_excess_s": 0.0,
      "selected_s_std": 0.012487330582868689,
      "failure_rate": 0.0,
      "n_failed": 0
    },
    "benchmark": {
      "method": "benchmark",
      "n_reps": 300,
      "target": 0.95,
      "coverage": 1.0,
      "coverage_lo": 0.9873570287754538,
      "coverage_hi": 0.9999999999999998,
      "coverage_gap": 0.050000000000000044,
      "meets_target": true,
      "significantly_below": false,
      "mean_obj": -6.901634398385974,
      "obj_se": 0.0,
      "mean_oracle_gap": 0.5322593187669247,
      "oracle_gap_se": 0.002227135459530752,
      "mean_rel_oracle_gap": 0.07157406365684904,
      "mean_excess_s": null,
      "selected_s_std": null,
      "failure_rate": 0.0,
      "n_failed": 0
    },
    "_n_replication_errors": 0
  }
}