{
  "key": "paper_ro_ellipsoid_n5000_s0.05_d10",
  "config": "paper_ro_ellipsoid",
  "n": 5000,
  "split": 0.05,
  "d": 10,
  "reps": 300,
  "alpha": null,
  "beta": null,
  "dgp_params": null,
  "folds": null,
  "mesh_p": null,
  "elapsed_s": 0.4913315773010254,
  "summaries": {
    "NV": {
      "method": "NV",
      "n_reps": 300,
      "target": 0.95,
      "coverage": 0.99,
      "coverage_lo": 0.9710165066376601,
      "coverage_hi": 0.9965933815622847,
      "coverage_gap": 0.040000000000000036,
      "meets_target": true,
      "significantly_below": false,
      "mean_obj": -7.529240364900119,
      "obj_se": 0.00854905104159856,
      "mean_oracle_gap": -0.002088191840519163,
      "oracle_gap_se": 0.005006464041093095,
      "mean_rel_oracle_gap": -0.0003329803553986446,
      "mean_excess_s": -0.0046967041862435175,
      "selected_s_std": 0.2935831840882942,
      "failure_rate": 0.0,
      "n_failed": 0
    },
    "UG": {
      "method": "UG",
      "n_reps": 300,
      "target": 0.95,
      "coverage": 1.0,
      "coverage_lo": 0.9873570287754538,
      "coverage_hi": 0.9999999999999998,
      "coverage_gap": 0.050000000000000044,
      "meets_target": true,
      "significantly_below": false,
      "mean_obj": -7.502641405365557,
      "obj_se": 0.007542023387224145,
      "mean_oracle_gap": 0.024510767694043388,
      "oracle_gap_se": 0.007270149875128825,
      "mean_rel_oracle_gap": 0.0030926959987391243,
      "mean_excess_s": 0.05249689815820916,
      "selected_s_std": 0.08944258581426498,
      "failure_rate": 0.0,
      "n_failed": 0
    },
    "NGS": {
      "method": "NGS",
      "n_reps": 300,
      "target": 0.95,
      "coverage": 1.0,
      "coverage_lo": 0.9873570287754538,
      "coverage_hi": 0.9999999999999998,
      "coverage_gap": 0.050000000000000044,
      "meets_target": true,
      "significantly_below": false,
      "mean_obj": -7.501190041962832,
      "obj_se": 0.007442295332166429,
      "mean_oracle_gap": 0.025962131096768717,
      "oracle_gap_se": 0.007397538884495793,
      "mean_rel_oracle_gap": 0.0032770300810703317,
      "mean_excess_s": 0.05723412666624562,
      "selected_s_std": 0.1208814484960028,
      "failure_rate": 0.0,
      "n_failed": 0
    },
    "UNGS": {
      "method": "UNGS",
      "n_reps": 300,
      "target": 0.95,
      "coverage": 1.0,
      "coverage_lo": 0.9873570287754538,
      "coverage_hi": 0.9999999999999998,
      "coverage_gap": 0.050000000000000044,
      "meets_target": true,
      "significantly_below": false,
      "mean_obj": -7.501190041962832,
      "obj_se": 0.007442295332166429,
      "mean_oracle_gap": 0.025962131096768717,
      "oracle_gap_se": 0.007397538884495793,
      "mean_rel_oracle_gap": 0.0032770300810703317,
      "mean_excess_s": 0.05723412666624562,
      "selected_s_std": 0.1208814484960028,
      "failure_rate": 0.0,
      "n_failed": 0
    },
    "benchmark": {
      "method": "benchmark",
      "n_reps": 300,
      "target": 0.95,
      "coverage": 1.0,
      "coverage_lo": 0.9873570287754538,
      "coverage_hi": 0.9999999999999998,
      "coverage_gap": 0.050000000000000044,
      "meets_target": true,
      "significantly_below": false,
      "mean_obj": -6.901634398385974,
      "obj_se": 0.0,
      "mean_oracle_gap": 0.6255177746736259,
      "oracle_gap_se": 0.008326215015311111,
      "mean_rel_oracle_gap": 0.08277068695460758,
      "mean_excess_s": NaN,
      "selected_s_std": NaN,
      "failure_rate": 0.0,
      "n_failed": 0
    },
    "_n_replication_errors": 0
  }
}