{
  "key": "paper_ro_ellipsoid_n5000_s0.3_d10",
  "config": "paper_ro_ellipsoid",
  "n": 5000,
  "split": 0.3,
  "d": 10,
  "reps": 300,
  "alpha": null,
  "beta": null,
  "dgp_params": null,
  "folds": null,
  "mesh_p": null,
  "elapsed_s": 0.49431586265563965,
  "summaries": {
    "NV": {
      "method": "NV",
      "n_reps": 300,
      "target": 0.95,
      "coverage": 0.99,
      "coverage_lo": 0.9710165066376601,
      "coverage_hi": 0.9965933815622847,
      "coverage_gap": 0.040000000000000036,
      "meets_target": true,
      "significantly_below": false,
      "mean_obj": -7.440748425402311,
      "obj_se": 0.004238959464434309,
      "mean_oracle_gap": -0.006815332495949707,
      "oracle_gap_se": 0.003921733929621115,
      "mean_rel_oracle_gap": -0.0009291860735748816,
      "mean_excess_s": -0.014367417736146209,
      "selected_s_std": 0.14434381715889696,
      "failure_rate": 0.0,
      "n_failed": 0
    },
    "UG": {
      "method": "UG",
      "n_reps": 300,
      "target": 0.95,
      "coverage": 0.9966666666666667,
      "coverage_lo": 0.9813633063054688,
      "coverage_hi": 0.9994113422781488,
      "coverage_gap": 0.046666666666666745,
      "meets_target": true,
      "significantly_below": false,
      "mean_obj": -7.436224640181669,
      "obj_se": 0.0032394447157222247,
      "mean_oracle_gap": -0.0022915472753076067,
      "oracle_gap_se": 0.002291547275307577,
      "mean_rel_oracle_gap": -0.0003133882809402661,
      "mean_excess_s": -0.0048296303407037704,
      "selected_s_std": 0.08387455716881825,
      "failure_rate": 0.0,
      "n_failed": 0
    },
    "NGS": {
      "method": "NGS",
      "n_reps": 300,
      "target": 0.95,
      "coverage": 0.9966666666666667,
      "coverage_lo": 0.9813633063054688,
      "coverage_hi": 0.9994113422781488,
      "coverage_gap": 0.046666666666666745,
      "meets_target": true,
      "significantly_below": false,
      "mean_obj": -7.436224640181669,
      "obj_se": 0.0032394447157222247,
      "mean_oracle_gap": -0.0022915472753076067,
      "oracle_gap_se": 0.002291547275307577,
      "mean_rel_oracle_gap": -0.0003133882809402661,
      "mean_excess_s": -0.0048296303407037704,
      "selected_s_std": 0.08387455716881825,
      "failure_rate": 0.0,
      "n_failed": 0
    },
    "UNGS": {
      "method": "UNGS",
      "n_reps": 300,
      "target": 0.95,
      "coverage": 0.9966666666666667,
      "coverage_lo": 0.9813633063054688,
      "coverage_hi": 0.9994113422781488,
      "coverage_gap": 0.046666666666666745,
      "meets_target": true,
      "significantly_below": false,
      "mean_obj": -7.436224640181669,
      "obj_se": 0.0032394447157222247,
      "mean_oracle_gap": -0.0022915472753076067,
      "oracle_gap_se": 0.002291547275307577,
      "mean_rel_oracle_gap": -0.0003133882809402661,
      "mean_excess_s": -0.0048296303407037704,
      "selected_s_std": 0.08387455716881825,
      "failure_rate": 0.0,
      "n_failed": 0
    },
    "benchmark": {
      "method": "benchmark",
      "n_reps": 300,
      "target": 0.95,
      "coverage": 1.0,
      "coverage_lo": 0.9873570287754538,
      "coverage_hi": 0.9999999999999998,
      "coverage_gap": 0.050000000000000044,
      "meets_target": true,
      "significantly_below": false,
      "mean_obj": -6.901634398385974,
      "obj_se": 0.0,
      "mean_oracle_gap": 0.5322986945203874,
      "oracle_gap_se": 0.002666319815674495,
      "mean_rel_oracle_gap": 0.07156820146057045,
      "mean_excess_s": NaN,
      "selected_s_std": NaN,
      "failure_rate": 0.0,
      "n_failed": 0
    },
    "_n_replication_errors": 0
  }
}