{
  "key": "paper_so_n2000_d500",
  "config": "paper_so",
  "n": 2000,
  "split": 0.5,
  "d": 500,
  "reps": 300,
  "alpha": null,
  "beta": null,
  "dgp_params": null,
  "folds": null,
  "mesh_p": 60,
  "elapsed_s": 257.3248357772827,
  "summaries": {
    "NV": {
      "method": "NV",
      "n_reps": 300,
      "target": 0.95,
      "coverage": 1.0,
      "coverage_lo": 0.9873570287754538,
      "coverage_hi": 0.9999999999999998,
      "coverage_gap": 0.050000000000000044,
      "meets_target": true,
      "significantly_below": false,
      "mean_obj": -498.65717658504735,
      "obj_se": 0.14070964738464406,
      "mean_oracle_gap": 1.1168860676972665,
      "oracle_gap_se": 0.13703478242689957,
      "mean_rel_oracle_gap": 0.0022337808623003417,
      "mean_excess_s": 5.576666666666667,
      "selected_s_std": 11.332499313531542,
      "failure_rate": 0.0,
      "n_failed": 0
    },
    "UG": {
      "method": "UG",
      "n_reps": 300,
      "target": 0.95,
      "coverage": 1.0,
      "coverage_lo": 0.9873570287754538,
      "coverage_hi": 0.9999999999999998,
      "coverage_gap": 0.050000000000000044,
      "meets_target": true,
      "significantly_below": false,
      "mean_obj": -496.3235085483718,
      "obj_se": 0.15039048278639863,
      "mean_oracle_gap": 3.4505541043728623,
      "oracle_gap_se": 0.15797938870867462,
      "mean_rel_oracle_gap": 0.00690121635019097,
      "mean_excess_s": 20.726666666666667,
      "selected_s_std": 16.80515793836325,
      "failure_rate": 0.0,
      "n_failed": 0
    },
    "NGS": {
      "method": "NGS",
      "n_reps": 300,
      "target": 0.95,
      "coverage": 1.0,
      "coverage_lo": 0.9873570287754538,
      "coverage_hi": 0.9999999999999998,
      "coverage_gap": 0.050000000000000044,
      "meets_target": true,
      "significantly_below": false,
      "mean_obj": -495.7027071144024,
      "obj_se": 0.14056221047828382,
      "mean_oracle_gap": 4.071355538342212,
      "oracle_gap_se": 0.15033119591239538,
      "mean_rel_oracle_gap": 0.008143080912343314,
      "mean_excess_s": 26.356666666666666,
      "selected_s_std": 21.499695624093167,
      "failure_rate": 0.0,
      "n_failed": 0
    },
    "UNGS": {
      "method": "UNGS",
      "n_reps": 300,
      "target": 0.95,
      "coverage": 1.0,
      "coverage_lo": 0.9873570287754538,
      "coverage_hi": 0.9999999999999998,
      "coverage_gap": 0.050000000000000044,
      "meets_target": true,
      "significantly_below": false,
      "mean_obj": -496.18095014356135,
      "obj_se": 0.14975109610615206,
      "mean_oracle_gap": 3.5931125091832232,
      "oracle_gap_se": 0.15800618895773685,
      "mean_rel_oracle_gap": 0.0071863421887802485,
      "mean_excess_s": 22.35,
      "selected_s_std": 19.24548767858643,
      "failure_rate": 0.0,
      "n_failed": 0
    },
    "benchmark": {
      "method": "benchmark",
      "n_reps": 300,
      "target": 0.95,
      "coverage": 1.0,
      "coverage_lo": 0.9873570287754538,
      "coverage_hi": 0.9999999999999998,
      "coverage_gap": 0.050000000000000044,
      "meets_target": true,
      "significantly_below": false,
      "mean_obj": -482.25971202177277,
      "obj_se": 0.09837018011599172,
      "mean_oracle_gap": 17.514350630971844,
      "oracle_gap_se": 0.10489784493264352,
      "mean_rel_oracle_gap": 0.03504222382623704,
      "mean_excess_s": null,
      "selected_s_std": null,
      "failure_rate": 0.0,
      "n_failed": 0
    },
    "_n_replication_errors": 0
  }
}