{
  "key": "paper_ro_ellipsoid_n5000_s0.1_d10",
  "config": "paper_ro_ellipsoid",
  "n": 5000,
  "split": 0.1,
  "d": 10,
  "reps": 300,
  "alpha": null,
  "beta": null,
  "dgp_params": null,
  "folds": null,
  "mesh_p": null,
  "elapsed_s": 0.5122532844543457,
  "summaries": {
    "NV": {
      "method": "NV",
      "n_reps": 300,
      "target": 0.95,
      "coverage": 0.97,
      "coverage_lo": 0.9439774608583589,
      "coverage_hi": 0.9841381461905676,
      "coverage_gap": 0.020000000000000018,
      "meets_target": true,
      "significantly_below": false,
      "mean_obj": -7.480635871732102,
      "obj_se": 0.007545685065502414,
      "mean_oracle_gap": -0.011708675016247796,
      "oracle_gap_se": 0.00818131925965551,
      "mean_rel_oracle_gap": -0.0016984853719645165,
      "mean_excess_s": -0.024268093627454218,
      "selected_s_std": 0.28081995695299916,
      "failure_rate": 0.0,
      "n_failed": 0
    },
    "UG": {
      "method": "UG",
      "n_reps": 300,
      "target": 0.95,
      "coverage": 1.0,
      "coverage_lo": 0.9873570287754538,
      "coverage_hi": 0.9999999999999998,
      "coverage_gap": 0.050000000000000044,
      "meets_target": true,
      "significantly_below": false,
      "mean_obj": -7.455452693741155,
      "obj_se": 0.005214714601105287,
      "mean_oracle_gap": 0.01347450297469882,
      "oracle_gap_se": 0.005455510894511311,
      "mean_rel_oracle_gap": 0.0016967439052518762,
      "mean_excess_s": 0.028744182035610404,
      "selected_s_std": 0.08687940474442697,
      "failure_rate": 0.0,
      "n_failed": 0
    },
    "NGS": {
      "method": "NGS",
      "n_reps": 300,
      "target": 0.95,
      "coverage": 1.0,
      "coverage_lo": 0.9873570287754538,
      "coverage_hi": 0.9999999999999998,
      "coverage_gap": 0.050000000000000044,
      "meets_target": true,
      "significantly_below": false,
      "mean_obj": -7.455452693741155,
      "obj_se": 0.005214714601105287,
      "mean_oracle_gap": 0.01347450297469882,
      "oracle_gap_se": 0.005455510894511311,
      "mean_rel_oracle_gap": 0.0016967439052518762,
      "mean_excess_s": 0.028744182035610404,
      "selected_s_std": 0.08687940474442697,
      "failure_rate": 0.0,
      "n_failed": 0
    },
    "UNGS": {
      "method": "UNGS",
      "n_reps": 300,
      "target": 0.95,
      "coverage": 1.0,
      "coverage_lo": 0.9873570287754538,
      "coverage_hi": 0.9999999999999998,
      "coverage_gap": 0.050000000000000044,
      "meets_target": true,
      "significantly_below": false,
      "mean_obj": -7.455452693741155,
      "obj_se": 0.005214714601105287,
      "mean_oracle_gap": 0.01347450297469882,
      "oracle_gap_se": 0.005455510894511311,
      "mean_rel_oracle_gap": 0.0016967439052518762,
      "mean_excess_s": 0.028744182035610404,
      "selected_s_std": 0.08687940474442697,
      "failure_rate": 0.0,
      "n_failed": 0
    },
    "benchmark": {
      "method": "benchmark",
      "n_reps": 300,
      "target": 0.95,
      "coverage": 1.0,
      "coverage_lo": 0.9873570287754538,
      "coverage_hi": 0.9999999999999998,
      "coverage_gap": 0.050000000000000044,
      "meets_target": true,
      "significantly_below": false,
      "mean_obj": -6.901634398385974,
      "obj_se": 0.0,
      "mean_oracle_gap": 0.5672927983298802,
      "oracle_gap_se": 0.006326301769702534,
      "mean_rel_oracle_gap": 0.07575999389931043,
      "mean_excess_s": NaN,
      "selected_s_std": NaN,
      "failure_rate": 0.0,
      "n_failed": 0
    },
    "_n_replication_errors": 0
  }
}