{
  "key": "paper_so_n10000_d10",
  "config": "paper_so",
  "n": 10000,
  "split": 0.5,
  "d": 10,
  "reps": 300,
  "alpha": null,
  "beta": null,
  "dgp_params": null,
  "folds": null,
  "mesh_p": 60,
  "elapsed_s": 13.282034635543823,
  "summaries": {
    "NV": {
      "method": "NV",
      "n_reps": 300,
      "target": 0.95,
      "coverage": 1.0,
      "coverage_lo": 0.9873570287754538,
      "coverage_hi": 0.9999999999999998,
      "coverage_gap": 0.050000000000000044,
      "meets_target": true,
      "significantly_below": false,
      "mean_obj": -7.338006064152032,
      "obj_se": 0.018079188548511392,
      "mean_oracle_gap": 0.0028931784634086575,
      "oracle_gap_se": 0.0023828751692807986,
      "mean_rel_oracle_gap": 0.0003697166500200435,
      "mean_excess_s": 0.85,
      "selected_s_std": 20.862367906084618,
      "failure_rate": 0.0,
      "n_failed": 0
    },
    "UG": {
      "method": "UG",
      "n_reps": 300,
      "target": 0.95,
      "coverage": 1.0,
      "coverage_lo": 0.9873570287754538,
      "coverage_hi": 0.9999999999999998,
      "coverage_gap": 0.050000000000000044,
      "meets_target": true,
      "significantly_below": false,
      "mean_obj": -7.3292160219193985,
      "obj_se": 0.017807329750553595,
      "mean_oracle_gap": 0.011683220696042194,
      "oracle_gap_se": 0.004841674490609904,
      "mean_rel_oracle_gap": 0.001495363643352017,
      "mean_excess_s": 2.2666666666666666,
      "selected_s_std": 23.245253168588956,
      "failure_rate": 0.0,
      "n_failed": 0
    },
    "NGS": {
      "method": "NGS",
      "n_reps": 300,
      "target": 0.95,
      "coverage": 1.0,
      "coverage_lo": 0.9873570287754538,
      "coverage_hi": 0.9999999999999998,
      "coverage_gap": 0.050000000000000044,
      "meets_target": true,
      "significantly_below": false,
      "mean_obj": -7.3089181598423165,
      "obj_se": 0.017314133151790225,
      "mean_oracle_gap": 0.0319810827731241,
      "oracle_gap_se": 0.008529894060057944,
      "mean_rel_oracle_gap": 0.004087273224905826,
      "mean_excess_s": 4.816666666666666,
      "selected_s_std": 26.82124318225564,
      "failure_rate": 0.0,
      "n_failed": 0
    },
    "UNGS": {
      "method": "UNGS",
      "n_reps": 300,
      "target": 0.95,
      "coverage": 1.0,
      "coverage_lo": 0.9873570287754538,
      "coverage_hi": 0.9999999999999998,
      "coverage_gap": 0.050000000000000044,
      "meets_target": true,
      "significantly_below": false,
      "mean_obj": -7.308365716017512,
      "obj_se": 0.01727362023691141,
      "mean_oracle_gap": 0.032533526597928845,
      "oracle_gap_se": 0.008387885083748029,
      "mean_rel_oracle_gap": 0.00416475168262522,
      "mean_excess_s": 5.1,
      "selected_s_std": 27.174742970604054,
      "failure_rate": 0.0,
      "n_failed": 0
    },
    "benchmark": {
      "method": "benchmark",
      "n_reps": 300,
      "target": 0.95,
      "coverage": 1.0,
      "coverage_lo": 0.9873570287754538,
      "coverage_hi": 0.9999999999999998,
      "coverage_gap": 0.050000000000000044,
      "meets_target": true,
      "significantly_below": false,
      "mean_obj": -5.805774653981549,
      "obj_se": 0.006675053170816071,
      "mean_oracle_gap": 1.535124588633891,
      "oracle_gap_se": 0.01875936066596817,
      "mean_rel_oracle_gap": 0.2076953120998981,
      "mean_excess_s": null,
      "selected_s_std": null,
      "failure_rate": 0.0,
      "n_failed": 0
    },
    "_n_replication_errors": 0
  }
}