{
  "key": "paper_ro_ellipsoid_n10000_d10",
  "config": "paper_ro_ellipsoid",
  "n": 10000,
  "split": 0.5,
  "d": 10,
  "reps": 300,
  "alpha": null,
  "beta": null,
  "dgp_params": null,
  "folds": null,
  "mesh_p": null,
  "elapsed_s": 0.5327460765838623,
  "summaries": {
    "NV": {
      "method": "NV",
      "n_reps": 300,
      "target": 0.95,
      "coverage": 0.9933333333333333,
      "coverage_lo": 0.9760224167496929,
      "coverage_hi": 0.998169851642088,
      "coverage_gap": 0.043333333333333335,
      "meets_target": true,
      "significantly_below": false,
      "mean_obj": -7.4353260702726995,
      "obj_se": 0.0033543660746467173,
      "mean_oracle_gap": -0.00456123877910333,
      "oracle_gap_se": 0.0032199022814511737,
      "mean_rel_oracle_gap": -0.0006182585123636711,
      "mean_excess_s": -0.009561749889869567,
      "selected_s_std": 0.11796805303871091,
      "failure_rate": 0.0,
      "n_failed": 0
    },
    "UG": {
      "method": "UG",
      "n_reps": 300,
      "target": 0.95,
      "coverage": 1.0,
      "coverage_lo": 0.9873570287754538,
      "coverage_hi": 0.9999999999999998,
      "coverage_gap": 0.050000000000000044,
      "meets_target": true,
      "significantly_below": false,
      "mean_obj": -7.4307648314935975,
      "obj_se": 0.00158344610277575,
      "mean_oracle_gap": -1.1842378929335004e-17,
      "oracle_gap_se": 4.193349680796881e-17,
      "mean_rel_oracle_gap": -1.6163622731035497e-18,
      "mean_excess_s": 0.0,
      "selected_s_std": 0.008019599863683585,
      "failure_rate": 0.0,
      "n_failed": 0
    },
    "NGS": {
      "method": "NGS",
      "n_reps": 300,
      "target": 0.95,
      "coverage": 1.0,
      "coverage_lo": 0.9873570287754538,
      "coverage_hi": 0.9999999999999998,
      "coverage_gap": 0.050000000000000044,
      "meets_target": true,
      "significantly_below": false,
      "mean_obj": -7.4307648314935975,
      "obj_se": 0.00158344610277575,
      "mean_oracle_gap": -1.1842378929335004e-17,
      "oracle_gap_se": 4.193349680796881e-17,
      "mean_rel_oracle_gap": -1.6163622731035497e-18,
      "mean_excess_s": 0.0,
      "selected_s_std": 0.008019599863683585,
      "failure_rate": 0.0,
      "n_failed": 0
    },
    "UNGS": {
      "method": "UNGS",
      "n_reps": 300,
      "target": 0.95,
      "coverage": 1.0,
      "coverage_lo": 0.9873570287754538,
      "coverage_hi": 0.9999999999999998,
      "coverage_gap": 0.050000000000000044,
      "meets_target": true,
      "significantly_below": false,
      "mean_obj": -7.4307648314935975,
      "obj_se": 0.00158344610277575,
      "mean_oracle_gap": -1.1842378929335004e-17,
      "oracle_gap_se": 4.193349680796881e-17,
      "mean_rel_oracle_gap": -1.6163622731035497e-18,
      "mean_excess_s": 0.0,
      "selected_s_std": 0.008019599863683585,
      "failure_rate": 0.0,
      "n_failed": 0
    },
    "benchmark": {
      "method": "benchmark",
      "n_reps": 300,
      "target": 0.95,
      "coverage": 1.0,
      "coverage_lo": 0.9873570287754538,
      "coverage_hi": 0.9999999999999998,
      "coverage_gap": 0.050000000000000044,
      "meets_target": true,
      "significantly_below": false,
      "mean_obj": -6.901634398385974,
      "obj_se": 0.0,
      "mean_oracle_gap": 0.5291304331076238,
      "oracle_gap_se": 0.0015834461027757526,
      "mean_rel_oracle_gap": 0.07119545310057544,
      "mean_excess_s": NaN,
      "selected_s_std": NaN,
      "failure_rate": 0.0,
      "n_failed": 0
    },
    "_n_replication_errors": 0
  }
}