{
  "key": "paper_so_n5000_s0.3_d10",
  "config": "paper_so",
  "n": 5000,
  "split": 0.3,
  "d": 10,
  "reps": 300,
  "alpha": null,
  "beta": null,
  "dgp_params": null,
  "folds": null,
  "mesh_p": 60,
  "elapsed_s": 10.51607632637024,
  "summaries": {
    "NV": {
      "method": "NV",
      "n_reps": 300,
      "target": 0.95,
      "coverage": 0.9666666666666667,
      "coverage_lo": 0.9397381741959452,
      "coverage_hi": 0.9817950526611452,
      "coverage_gap": 0.01666666666666672,
      "meets_target": true,
      "significantly_below": false,
      "mean_obj": -7.533766323310127,
      "obj_se": 0.015516012063703094,
      "mean_oracle_gap": 0.011062792243992692,
      "oracle_gap_se": 0.007755158236449899,
      "mean_rel_oracle_gap": 0.0013584017487738168,
      "mean_excess_s": 1.3566666666666667,
      "selected_s_std": 25.38288207318344,
      "failure_rate": 0.0,
      "n_failed": 0
    },
    "UG": {
      "method": "UG",
      "n_reps": 300,
      "target": 0.95,
      "coverage": 1.0,
      "coverage_lo": 0.9873570287754538,
      "coverage_hi": 0.9999999999999998,
      "coverage_gap": 0.050000000000000044,
      "meets_target": true,
      "significantly_below": false,
      "mean_obj": -7.479329494515126,
      "obj_se": 0.014448552642381773,
      "mean_oracle_gap": 0.06549962103899373,
      "oracle_gap_se": 0.009925363721396597,
      "mean_rel_oracle_gap": 0.008395178570979251,
      "mean_excess_s": 6.883333333333334,
      "selected_s_std": 27.628729816257472,
      "failure_rate": 0.0,
      "n_failed": 0
    },
    "NGS": {
      "method": "NGS",
      "n_reps": 300,
      "target": 0.95,
      "coverage": 1.0,
      "coverage_lo": 0.9873570287754538,
      "coverage_hi": 0.9999999999999998,
      "coverage_gap": 0.050000000000000044,
      "meets_target": true,
      "significantly_below": false,
      "mean_obj": -7.447503078882085,
      "obj_se": 0.014106028700371094,
      "mean_oracle_gap": 0.09732603667203439,
      "oracle_gap_se": 0.011555298524303174,
      "mean_rel_oracle_gap": 0.012499284555044586,
      "mean_excess_s": 10.103333333333333,
      "selected_s_std": 28.481088407546572,
      "failure_rate": 0.0,
      "n_failed": 0
    },
    "UNGS": {
      "method": "UNGS",
      "n_reps": 300,
      "target": 0.95,
      "coverage": 1.0,
      "coverage_lo": 0.9873570287754538,
      "coverage_hi": 0.9999999999999998,
      "coverage_gap": 0.050000000000000044,
      "meets_target": true,
      "significantly_below": false,
      "mean_obj": -7.433818215932054,
      "obj_se": 0.013878271409983009,
      "mean_oracle_gap": 0.1110108996220651,
      "oracle_gap_se": 0.01218964546449655,
      "mean_rel_oracle_gap": 0.014258643023553752,
      "mean_excess_s": 11.46,
      "selected_s_std": 29.04157075058256,
      "failure_rate": 0.0,
      "n_failed": 0
    },
    "benchmark": {
      "method": "benchmark",
      "n_reps": 300,
      "target": 0.95,
      "coverage": 1.0,
      "coverage_lo": 0.9873570287754538,
      "coverage_hi": 0.9999999999999998,
      "coverage_gap": 0.050000000000000044,
      "meets_target": true,
      "significantly_below": false,
      "mean_obj": -5.982827597864025,
      "obj_se": 0.006846180364052258,
      "mean_oracle_gap": 1.5620015176900945,
      "oracle_gap_se": 0.01606988364132524,
      "mean_rel_oracle_gap": 0.2060835820576122,
      "mean_excess_s": NaN,
      "selected_s_std": NaN,
      "failure_rate": 0.0,
      "n_failed": 0
    },
    "_n_replication_errors": 0
  }
}