{
  "key": "paper_ro_ellipsoid_n5000_s0.2_d10",
  "config": "paper_ro_ellipsoid",
  "n": 5000,
  "split": 0.2,
  "d": 10,
  "reps": 300,
  "alpha": null,
  "beta": null,
  "dgp_params": null,
  "folds": null,
  "mesh_p": null,
  "elapsed_s": 0.5049290657043457,
  "summaries": {
    "NV": {
      "method": "NV",
      "n_reps": 300,
      "target": 0.95,
      "coverage": 0.99,
      "coverage_lo": 0.9710165066376601,
      "coverage_hi": 0.9965933815622847,
      "coverage_gap": 0.040000000000000036,
      "meets_target": true,
      "significantly_below": false,
      "mean_obj": -7.45678919176786,
      "obj_se": 0.005436298261976549,
      "mean_oracle_gap": -0.004697645154886742,
      "oracle_gap_se": 0.0046130962683471775,
      "mean_rel_oracle_gap": -0.0006679766281427185,
      "mean_excess_s": -0.009582124796362335,
      "selected_s_std": 0.1848677452851257,
      "failure_rate": 0.0,
      "n_failed": 0
    },
    "UG": {
      "method": "UG",
      "n_reps": 300,
      "target": 0.95,
      "coverage": 1.0,
      "coverage_lo": 0.9873570287754538,
      "coverage_hi": 0.9999999999999998,
      "coverage_gap": 0.050000000000000044,
      "meets_target": true,
      "significantly_below": false,
      "mean_obj": -7.445255789992057,
      "obj_se": 0.0038348594499605084,
      "mean_oracle_gap": 0.0068357566209164425,
      "oracle_gap_se": 0.003933468852027277,
      "mean_rel_oracle_gap": 0.0008583988616710422,
      "mean_excess_s": 0.014394055725161004,
      "selected_s_std": 0.018196785633281372,
      "failure_rate": 0.0,
      "n_failed": 0
    },
    "NGS": {
      "method": "NGS",
      "n_reps": 300,
      "target": 0.95,
      "coverage": 1.0,
      "coverage_lo": 0.9873570287754538,
      "coverage_hi": 0.9999999999999998,
      "coverage_gap": 0.050000000000000044,
      "meets_target": true,
      "significantly_below": false,
      "mean_obj": -7.445255789992057,
      "obj_se": 0.0038348594499605084,
      "mean_oracle_gap": 0.0068357566209164425,
      "oracle_gap_se": 0.003933468852027277,
      "mean_rel_oracle_gap": 0.0008583988616710422,
      "mean_excess_s": 0.014394055725161004,
      "selected_s_std": 0.018196785633281372,
      "failure_rate": 0.0,
      "n_failed": 0
    },
    "UNGS": {
      "method": "UNGS",
      "n_reps": 300,
      "target": 0.95,
      "coverage": 1.0,
      "coverage_lo": 0.9873570287754538,
      "coverage_hi": 0.9999999999999998,
      "coverage_gap": 0.050000000000000044,
      "meets_target": true,
      "significantly_below": false,
      "mean_obj": -7.445255789992057,
      "obj_se": 0.0038348594499605084,
      "mean_oracle_gap": 0.0068357566209164425,
      "oracle_gap_se": 0.003933468852027277,
      "mean_rel_oracle_gap": 0.0008583988616710422,
      "mean_excess_s": 0.014394055725161004,
      "selected_s_std": 0.018196785633281372,
      "failure_rate": 0.0,
      "n_failed": 0
    },
    "benchmark": {
      "method": "benchmark",
      "n_reps": 300,
      "target": 0.95,
      "coverage": 1.0,
      "coverage_lo": 0.9873570287754538,
      "coverage_hi": 0.9999999999999998,
      "coverage_gap": 0.050000000000000044,
      "meets_target": true,
      "significantly_below": false,
      "mean_obj": -6.901634398385974,
      "obj_se": 0.0,
      "mean_oracle_gap": 0.5504571482269993,
      "oracle_gap_se": 0.004755320618845025,
      "mean_rel_oracle_gap": 0.0737560884742342,
      "mean_excess_s": null,
      "selected_s_std": null,
      "failure_rate": 0.0,
      "n_failed": 0
    },
    "_n_replication_errors": 0
  }
}