{
  "key": "paper_so_n5000_s0.1_d10",
  "config": "paper_so",
  "n": 5000,
  "split": 0.1,
  "d": 10,
  "reps": 300,
  "alpha": null,
  "beta": null,
  "dgp_params": null,
  "folds": null,
  "mesh_p": 60,
  "elapsed_s": 4.7619524002075195,
  "summaries": {
    "NV": {
      "method": "NV",
      "n_reps": 300,
      "target": 0.95,
      "coverage": 0.9233333333333333,
      "coverage_lo": 0.8875898961498251,
      "coverage_hi": 0.9483723882133924,
      "coverage_gap": -0.026666666666666616,
      "meets_target": false,
      "significantly_below": true,
      "mean_obj": -7.603561070180895,
      "obj_se": 0.014372700148476579,
      "mean_oracle_gap": -0.009923961434943687,
      "oracle_gap_se": 0.004539535786891,
      "mean_rel_oracle_gap": -0.0013425598545213756,
      "mean_excess_s": -0.25333333333333335,
      "selected_s_std": 23.26393829453924,
      "failure_rate": 0.0,
      "n_failed": 0
    },
    "UG": {
      "method": "UG",
      "n_reps": 300,
      "target": 0.95,
      "coverage": 0.9966666666666667,
      "coverage_lo": 0.9813633063054688,
      "coverage_hi": 0.9994113422781488,
      "coverage_gap": 0.046666666666666745,
      "meets_target": true,
      "significantly_below": false,
      "mean_obj": -7.548151755917437,
      "obj_se": 0.013616685662764208,
      "mean_oracle_gap": 0.04548535282851359,
      "oracle_gap_se": 0.00711912673229153,
      "mean_rel_oracle_gap": 0.005826709820778498,
      "mean_excess_s": 5.0633333333333335,
      "selected_s_std": 25.30267522352355,
      "failure_rate": 0.0,
      "n_failed": 0
    },
    "NGS": {
      "method": "NGS",
      "n_reps": 300,
      "target": 0.95,
      "coverage": 1.0,
      "coverage_lo": 0.9873570287754538,
      "coverage_hi": 0.9999999999999998,
      "coverage_gap": 0.050000000000000044,
      "meets_target": true,
      "significantly_below": false,
      "mean_obj": -7.526129689408161,
      "obj_se": 0.012922043746600416,
      "mean_oracle_gap": 0.06750741933779027,
      "oracle_gap_se": 0.00788765517063153,
      "mean_rel_oracle_gap": 0.008651252675320067,
      "mean_excess_s": 7.586666666666667,
      "selected_s_std": 27.132458234650844,
      "failure_rate": 0.0,
      "n_failed": 0
    },
    "UNGS": {
      "method": "UNGS",
      "n_reps": 300,
      "target": 0.95,
      "coverage": 1.0,
      "coverage_lo": 0.9873570287754538,
      "coverage_hi": 0.9999999999999998,
      "coverage_gap": 0.050000000000000044,
      "meets_target": true,
      "significantly_below": false,
      "mean_obj": -7.510270204622431,
      "obj_se": 0.012686418686210971,
      "mean_oracle_gap": 0.0833669041235194,
      "oracle_gap_se": 0.008702454804799226,
      "mean_rel_oracle_gap": 0.01069045084102621,
      "mean_excess_s": 8.913333333333334,
      "selected_s_std": 28.22603678753584,
      "failure_rate": 0.0,
      "n_failed": 0
    },
    "benchmark": {
      "method": "benchmark",
      "n_reps": 300,
      "target": 0.95,
      "coverage": 1.0,
      "coverage_lo": 0.9873570287754538,
      "coverage_hi": 0.9999999999999998,
      "coverage_gap": 0.050000000000000044,
      "meets_target": true,
      "significantly_below": false,
      "mean_obj": -5.970448263561475,
      "obj_se": 0.007285817337085658,
      "mean_oracle_gap": 1.6231888451844756,
      "oracle_gap_se": 0.015408514223482998,
      "mean_rel_oracle_gap": 0.21294660793292844,
      "mean_excess_s": NaN,
      "selected_s_std": NaN,
      "failure_rate": 0.0,
      "n_failed": 0
    },
    "_n_replication_errors": 0
  }
}