{
  "key": "paper_so_n2000_d200",
  "config": "paper_so",
  "n": 2000,
  "split": 0.5,
  "d": 200,
  "reps": 300,
  "alpha": null,
  "beta": null,
  "dgp_params": null,
  "folds": null,
  "mesh_p": 60,
  "elapsed_s": 105.52393341064453,
  "summaries": {
    "NV": {
      "method": "NV",
      "n_reps": 300,
      "target": 0.95,
      "coverage": 0.9066666666666666,
      "coverage_lo": 0.8684146029829267,
      "coverage_hi": 0.934635780421109,
      "coverage_gap": -0.043333333333333335,
      "meets_target": false,
      "significantly_below": true,
      "mean_obj": -193.76946216159072,
      "obj_se": 0.08927145483227658,
      "mean_oracle_gap": -0.021499136877381583,
      "oracle_gap_se": 0.04733487490618873,
      "mean_rel_oracle_gap": -0.0001199014545990625,
      "mean_excess_s": -0.2833333333333333,
      "selected_s_std": 25.522852679875296,
      "failure_rate": 0.0,
      "n_failed": 0
    },
    "UG": {
      "method": "UG",
      "n_reps": 300,
      "target": 0.95,
      "coverage": 0.9933333333333333,
      "coverage_lo": 0.9760224167496929,
      "coverage_hi": 0.998169851642088,
      "coverage_gap": 0.043333333333333335,
      "meets_target": true,
      "significantly_below": false,
      "mean_obj": -193.069376272482,
      "obj_se": 0.08455600014719748,
      "mean_oracle_gap": 0.6785867522313377,
      "oracle_gap_se": 0.06522291301572826,
      "mean_rel_oracle_gap": 0.00348238383611016,
      "mean_excess_s": 15.353333333333333,
      "selected_s_std": 36.058872182851474,
      "failure_rate": 0.0,
      "n_failed": 0
    },
    "NGS": {
      "method": "NGS",
      "n_reps": 300,
      "target": 0.95,
      "coverage": 1.0,
      "coverage_lo": 0.9873570287754538,
      "coverage_hi": 0.9999999999999998,
      "coverage_gap": 0.050000000000000044,
      "meets_target": true,
      "significantly_below": false,
      "mean_obj": -192.6761839577423,
      "obj_se": 0.08030617978906891,
      "mean_oracle_gap": 1.0717790669710696,
      "oracle_gap_se": 0.07568449480210578,
      "mean_rel_oracle_gap": 0.005503178308024295,
      "mean_excess_s": 24.473333333333333,
      "selected_s_std": 41.191087318380625,
      "failure_rate": 0.0,
      "n_failed": 0
    },
    "UNGS": {
      "method": "UNGS",
      "n_reps": 300,
      "target": 0.95,
      "coverage": 1.0,
      "coverage_lo": 0.9873570287754538,
      "coverage_hi": 0.9999999999999998,
      "coverage_gap": 0.050000000000000044,
      "meets_target": true,
      "significantly_below": false,
      "mean_obj": -192.66550736720538,
      "obj_se": 0.07886786600436263,
      "mean_oracle_gap": 1.0824556575079842,
      "oracle_gap_se": 0.07358601633889492,
      "mean_rel_oracle_gap": 0.00555861732629506,
      "mean_excess_s": 26.4,
      "selected_s_std": 43.33507041368685,
      "failure_rate": 0.0,
      "n_failed": 0
    },
    "benchmark": {
      "method": "benchmark",
      "n_reps": 300,
      "target": 0.95,
      "coverage": 1.0,
      "coverage_lo": 0.9873570287754538,
      "coverage_hi": 0.9999999999999998,
      "coverage_gap": 0.050000000000000044,
      "meets_target": true,
      "significantly_below": false,
      "mean_obj": -185.16402116150894,
      "obj_se": 0.0575854033380202,
      "mean_oracle_gap": 8.583941863204425,
      "oracle_gap_se": 0.10063542009875245,
      "mean_rel_oracle_gap": 0.044247937739392465,
      "mean_excess_s": NaN,
      "selected_s_std": NaN,
      "failure_rate": 0.0,
      "n_failed": 0
    },
    "_n_replication_errors": 0
  }
}