{
  "key": "paper_ro_ellipsoid_n5000_d500",
  "config": "paper_ro_ellipsoid",
  "n": 5000,
  "split": 0.5,
  "d": 500,
  "reps": 300,
  "alpha": null,
  "beta": null,
  "dgp_params": null,
  "folds": null,
  "mesh_p": null,
  "elapsed_s": 221.07294011116028,
  "summaries": {
    "NV": {
      "method": "NV",
      "n_reps": 300,
      "target": 0.95,
      "coverage": 1.0,
      "coverage_lo": 0.9873570287754538,
      "coverage_hi": 0.9999999999999998,
      "coverage_gap": 0.050000000000000044,
      "meets_target": true,
      "significantly_below": false,
      "mean_obj": -453.4001825471048,
      "obj_se": 0.050093291657229005,
      "mean_oracle_gap": -5.684341886080802e-15,
      "oracle_gap_se": 4.827653701258625e-15,
      "mean_rel_oracle_gap": -1.2545983576413725e-17,
      "mean_excess_s": 0.0,
      "selected_s_std": 0.03225637518307147,
      "failure_rate": 0.0,
      "n_failed": 0
    },
    "UG": {
      "method": "UG",
      "n_reps": 300,
      "target": 0.95,
      "coverage": 1.0,
      "coverage_lo": 0.9873570287754538,
      "coverage_hi": 0.9999999999999998,
      "coverage_gap": 0.050000000000000044,
      "meets_target": true,
      "significantly_below": false,
      "mean_obj": -453.4001825471048,
      "obj_se": 0.050093291657229005,
      "mean_oracle_gap": -5.684341886080802e-15,
      "oracle_gap_se": 4.827653701258625e-15,
      "mean_rel_oracle_gap": -1.2545983576413725e-17,
      "mean_excess_s": 0.0,
      "selected_s_std": 0.03225637518307147,
      "failure_rate": 0.0,
      "n_failed": 0
    },
    "NGS": {
      "method": "NGS",
      "n_reps": 300,
      "target": 0.95,
      "coverage": 1.0,
      "coverage_lo": 0.9873570287754538,
      "coverage_hi": 0.9999999999999998,
      "coverage_gap": 0.050000000000000044,
      "meets_target": true,
      "significantly_below": false,
      "mean_obj": -453.4001825471048,
      "obj_se": 0.050093291657229005,
      "mean_oracle_gap": -5.684341886080802e-15,
      "oracle_gap_se": 4.827653701258625e-15,
      "mean_rel_oracle_gap": -1.2545983576413725e-17,
      "mean_excess_s": 0.0,
      "selected_s_std": 0.03225637518307147,
      "failure_rate": 0.0,
      "n_failed": 0
    },
    "UNGS": {
      "method": "UNGS",
      "n_reps": 300,
      "target": 0.95,
      "coverage": 1.0,
      "coverage_lo": 0.9873570287754538,
      "coverage_hi": 0.9999999999999998,
      "coverage_gap": 0.050000000000000044,
      "meets_target": true,
      "significantly_below": false,
      "mean_obj": -453.4001825471048,
      "obj_se": 0.050093291657229005,
      "mean_oracle_gap": -5.684341886080802e-15,
      "oracle_gap_se": 4.827653701258625e-15,
      "mean_rel_oracle_gap": -1.2545983576413725e-17,
      "mean_excess_s": 0.0,
      "selected_s_std": 0.03225637518307147,
      "failure_rate": 0.0,
      "n_failed": 0
    },
    "benchmark": {
      "method": "benchmark",
      "n_reps": 300,
      "target": 0.95,
      "coverage": 1.0,
      "coverage_lo": 0.9873570287754538,
      "coverage_hi": 0.9999999999999998,
      "coverage_gap": 0.050000000000000044,
      "meets_target": true,
      "significantly_below": false,
      "mean_obj": -486.71520163255843,
      "obj_se": 3.2873397911216682e-15,
      "mean_oracle_gap": -33.31501908545374,
      "oracle_gap_se": 0.05009329165722913,
      "mean_rel_oracle_gap": -0.07348209446204312,
      "mean_excess_s": NaN,
      "selected_s_std": NaN,
      "failure_rate": 0.0,
      "n_failed": 0
    },
    "_n_replication_errors": 0
  }
}