{
  "key": "paper_so_n5000_s0.2_d10",
  "config": "paper_so",
  "n": 5000,
  "split": 0.2,
  "d": 10,
  "reps": 300,
  "alpha": null,
  "beta": null,
  "dgp_params": null,
  "folds": null,
  "mesh_p": 60,
  "elapsed_s": 7.6128411293029785,
  "summaries": {
    "NV": {
      "method": "NV",
      "n_reps": 300,
      "target": 0.95,
      "coverage": 0.9533333333333334,
      "coverage_lo": 0.923202639772079,
      "coverage_hi": 0.9720010663176659,
      "coverage_gap": 0.0033333333333334103,
      "meets_target": true,
      "significantly_below": false,
      "mean_obj": -7.591872442819619,
      "obj_se": 0.013789081101138925,
      "mean_oracle_gap": 0.0011084570739292854,
      "oracle_gap_se": 0.006364820237019883,
      "mean_rel_oracle_gap": 4.0239811027862645e-05,
      "mean_excess_s": -0.056666666666666664,
      "selected_s_std": 25.687447103293543,
      "failure_rate": 0.0,
      "n_failed": 0
    },
    "UG": {
      "method": "UG",
      "n_reps": 300,
      "target": 0.95,
      "coverage": 0.9933333333333333,
      "coverage_lo": 0.9760224167496929,
      "coverage_hi": 0.998169851642088,
      "coverage_gap": 0.043333333333333335,
      "meets_target": true,
      "significantly_below": false,
      "mean_obj": -7.541131858019092,
      "obj_se": 0.013196547552930961,
      "mean_oracle_gap": 0.05184904187445606,
      "oracle_gap_se": 0.008860380851084208,
      "mean_rel_oracle_gap": 0.006588382130267297,
      "mean_excess_s": 5.61,
      "selected_s_std": 29.470445297659882,
      "failure_rate": 0.0,
      "n_failed": 0
    },
    "NGS": {
      "method": "NGS",
      "n_reps": 300,
      "target": 0.95,
      "coverage": 1.0,
      "coverage_lo": 0.9873570287754538,
      "coverage_hi": 0.9999999999999998,
      "coverage_gap": 0.050000000000000044,
      "meets_target": true,
      "significantly_below": false,
      "mean_obj": -7.502796902172724,
      "obj_se": 0.013612590539314228,
      "mean_oracle_gap": 0.09018399772082382,
      "oracle_gap_se": 0.010918219070062702,
      "mean_rel_oracle_gap": 0.011563987093699601,
      "mean_excess_s": 8.726666666666667,
      "selected_s_std": 31.13727938057659,
      "failure_rate": 0.0,
      "n_failed": 0
    },
    "UNGS": {
      "method": "UNGS",
      "n_reps": 300,
      "target": 0.95,
      "coverage": 1.0,
      "coverage_lo": 0.9873570287754538,
      "coverage_hi": 0.9999999999999998,
      "coverage_gap": 0.050000000000000044,
      "meets_target": true,
      "significantly_below": false,
      "mean_obj": -7.490227934997504,
      "obj_se": 0.013358684552553958,
      "mean_oracle_gap": 0.10275296489604299,
      "oracle_gap_se": 0.011187190494046304,
      "mean_rel_oracle_gap": 0.01318696518104149,
      "mean_excess_s": 10.03,
      "selected_s_std": 31.799339335318976,
      "failure_rate": 0.0,
      "n_failed": 0
    },
    "benchmark": {
      "method": "benchmark",
      "n_reps": 300,
      "target": 0.95,
      "coverage": 1.0,
      "coverage_lo": 0.9873570287754538,
      "coverage_hi": 0.9999999999999998,
      "coverage_gap": 0.050000000000000044,
      "meets_target": true,
      "significantly_below": false,
      "mean_obj": -5.968694232911842,
      "obj_se": 0.007518994708381905,
      "mean_oracle_gap": 1.6242866669817055,
      "oracle_gap_se": 0.015517029918621267,
      "mean_rel_oracle_gap": 0.2131201533534564,
      "mean_excess_s": null,
      "selected_s_std": null,
      "failure_rate": 0.0,
      "n_failed": 0
    },
    "_n_replication_errors": 0
  }
}