{
  "key": "paper_ro_ellipsoid_n2000_d500",
  "config": "paper_ro_ellipsoid",
  "n": 2000,
  "split": 0.5,
  "d": 500,
  "reps": 300,
  "alpha": null,
  "beta": null,
  "dgp_params": null,
  "folds": null,
  "mesh_p": null,
  "elapsed_s": 221.81877732276917,
  "summaries": {
    "NV": {
      "method": "NV",
      "n_reps": 300,
      "target": 0.95,
      "coverage": 1.0,
      "coverage_lo": 0.9873570287754538,
      "coverage_hi": 0.9999999999999998,
      "coverage_gap": 0.050000000000000044,
      "meets_target": true,
      "significantly_below": false,
      "mean_obj": -456.2444434288701,
      "obj_se": 0.07797090718196502,
      "mean_oracle_gap": 1.8947806286936005e-15,
      "oracle_gap_se": 4.955300521796706e-15,
      "mean_rel_oracle_gap": 4.117541805185306e-18,
      "mean_excess_s": 0.0,
      "selected_s_std": 0.03868006919129641,
      "failure_rate": 0.0,
      "n_failed": 0
    },
    "UG": {
      "method": "UG",
      "n_reps": 300,
      "target": 0.95,
      "coverage": 1.0,
      "coverage_lo": 0.9873570287754538,
      "coverage_hi": 0.9999999999999998,
      "coverage_gap": 0.050000000000000044,
      "meets_target": true,
      "significantly_below": false,
      "mean_obj": -456.2444434288701,
      "obj_se": 0.07797090718196502,
      "mean_oracle_gap": 1.8947806286936005e-15,
      "oracle_gap_se": 4.955300521796706e-15,
      "mean_rel_oracle_gap": 4.117541805185306e-18,
      "mean_excess_s": 0.0,
      "selected_s_std": 0.03868006919129641,
      "failure_rate": 0.0,
      "n_failed": 0
    },
    "NGS": {
      "method": "NGS",
      "n_reps": 300,
      "target": 0.95,
      "coverage": 1.0,
      "coverage_lo": 0.9873570287754538,
      "coverage_hi": 0.9999999999999998,
      "coverage_gap": 0.050000000000000044,
      "meets_target": true,
      "significantly_below": false,
      "mean_obj": -456.2444434288701,
      "obj_se": 0.07797090718196502,
      "mean_oracle_gap": 1.8947806286936005e-15,
      "oracle_gap_se": 4.955300521796706e-15,
      "mean_rel_oracle_gap": 4.117541805185306e-18,
      "mean_excess_s": 0.0,
      "selected_s_std": 0.03868006919129641,
      "failure_rate": 0.0,
      "n_failed": 0
    },
    "UNGS": {
      "method": "UNGS",
      "n_reps": 300,
      "target": 0.95,
      "coverage": 1.0,
      "coverage_lo": 0.9873570287754538,
      "coverage_hi": 0.9999999999999998,
      "coverage_gap": 0.050000000000000044,
      "meets_target": true,
      "significantly_below": false,
      "mean_obj": -456.2444434288701,
      "obj_se": 0.07797090718196502,
      "mean_oracle_gap": 1.8947806286936005e-15,
      "oracle_gap_se": 4.955300521796706e-15,
      "mean_rel_oracle_gap": 4.117541805185306e-18,
      "mean_excess_s": 0.0,
      "selected_s_std": 0.03868006919129641,
      "failure_rate": 0.0,
      "n_failed": 0
    },
    "benchmark": {
      "method": "benchmark",
      "n_reps": 300,
      "target": 0.95,
      "coverage": 1.0,
      "coverage_lo": 0.9873570287754538,
      "coverage_hi": 0.9999999999999998,
      "coverage_gap": 0.050000000000000044,
      "meets_target": true,
      "significantly_below": false,
      "mean_obj": -486.71520163255843,
      "obj_se": 3.2873397911216682e-15,
      "mean_oracle_gap": -30.47075820368834,
      "oracle_gap_se": 0.07797090718196535,
      "mean_rel_oracle_gap": -0.0667953542291462,
      "mean_excess_s": null,
      "selected_s_std": null,
      "failure_rate": 0.0,
      "n_failed": 0
    },
    "_n_replication_errors": 0
  }
}