{
  "key": "paper_so_n5000_d10",
  "config": "paper_so",
  "n": 5000,
  "split": 0.5,
  "d": 10,
  "reps": 300,
  "alpha": null,
  "beta": null,
  "dgp_params": null,
  "folds": null,
  "mesh_p": 60,
  "elapsed_s": 14.709429264068604,
  "summaries": {
    "NV": {
      "method": "NV",
      "n_reps": 300,
      "target": 0.95,
      "coverage": 0.96,
      "coverage_lo": 0.9313957879613599,
      "coverage_hi": 0.9769726785120576,
      "coverage_gap": 0.010000000000000009,
      "meets_target": true,
      "significantly_below": false,
      "mean_obj": -7.500312495173175,
      "obj_se": 0.016058344864838377,
      "mean_oracle_gap": -0.0068121032419610145,
      "oracle_gap_se": 0.007382366962181555,
      "mean_rel_oracle_gap": -0.0010630883563773827,
      "mean_excess_s": 0.15,
      "selected_s_std": 26.781822984319675,
      "failure_rate": 0.0,
      "n_failed": 0
    },
    "UG": {
      "method": "UG",
      "n_reps": 300,
      "target": 0.95,
      "coverage": 0.9966666666666667,
      "coverage_lo": 0.9813633063054688,
      "coverage_hi": 0.9994113422781488,
      "coverage_gap": 0.046666666666666745,
      "meets_target": true,
      "significantly_below": false,
      "mean_obj": -7.432651701152811,
      "obj_se": 0.015116571945467594,
      "mean_oracle_gap": 0.0608486907784036,
      "oracle_gap_se": 0.009560349068611394,
      "mean_rel_oracle_gap": 0.007809398927704323,
      "mean_excess_s": 8.47,
      "selected_s_std": 32.02914572920574,
      "failure_rate": 0.0,
      "n_failed": 0
    },
    "NGS": {
      "method": "NGS",
      "n_reps": 300,
      "target": 0.95,
      "coverage": 1.0,
      "coverage_lo": 0.9873570287754538,
      "coverage_hi": 0.9999999999999998,
      "coverage_gap": 0.050000000000000044,
      "meets_target": true,
      "significantly_below": false,
      "mean_obj": -7.404908365711259,
      "obj_se": 0.014495458382466042,
      "mean_oracle_gap": 0.08859202621995359,
      "oracle_gap_se": 0.010897219439182088,
      "mean_rel_oracle_gap": 0.011394108670160077,
      "mean_excess_s": 12.566666666666666,
      "selected_s_std": 34.491034008548056,
      "failure_rate": 0.0,
      "n_failed": 0
    },
    "UNGS": {
      "method": "UNGS",
      "n_reps": 300,
      "target": 0.95,
      "coverage": 1.0,
      "coverage_lo": 0.9873570287754538,
      "coverage_hi": 0.9999999999999998,
      "coverage_gap": 0.050000000000000044,
      "meets_target": true,
      "significantly_below": false,
      "mean_obj": -7.392356324195848,
      "obj_se": 0.014178175490499025,
      "mean_oracle_gap": 0.10114406773536531,
      "oracle_gap_se": 0.011308355796474176,
      "mean_rel_oracle_gap": 0.013022125086447048,
      "mean_excess_s": 14.25,
      "selected_s_std": 34.82302829864912,
      "failure_rate": 0.0,
      "n_failed": 0
    },
    "benchmark": {
      "method": "benchmark",
      "n_reps": 300,
      "target": 0.95,
      "coverage": 1.0,
      "coverage_lo": 0.9873570287754538,
      "coverage_hi": 0.9999999999999998,
      "coverage_gap": 0.050000000000000044,
      "meets_target": true,
      "significantly_below": false,
      "mean_obj": -5.966886754708771,
      "obj_se": 0.007179641573033448,
      "mean_oracle_gap": 1.5266136372224428,
      "oracle_gap_se": 0.016355916213982427,
      "mean_rel_oracle_gap": 0.2027008349209689,
      "mean_excess_s": NaN,
      "selected_s_std": NaN,
      "failure_rate": 0.0,
      "n_failed": 0
    },
    "_n_replication_errors": 0
  }
}