{
  "key": "paper_ro_ellipsoid_n5000_d200",
  "config": "paper_ro_ellipsoid",
  "n": 5000,
  "split": 0.5,
  "d": 200,
  "reps": 300,
  "alpha": null,
  "beta": null,
  "dgp_params": null,
  "folds": null,
  "mesh_p": null,
  "elapsed_s": 17.355426788330078,
  "summaries": {
    "NV": {
      "method": "NV",
      "n_reps": 300,
      "target": 0.95,
      "coverage": 1.0,
      "coverage_lo": 0.9873570287754538,
      "coverage_hi": 0.9999999999999998,
      "coverage_gap": 0.050000000000000044,
      "meets_target": true,
      "significantly_below": false,
      "mean_obj": -179.6492040695156,
      "obj_se": 0.023178247895688908,
      "mean_oracle_gap": 2.1789977229976404e-15,
      "oracle_gap_se": 2.0336314593273032e-15,
      "mean_rel_oracle_gap": 1.2125467298198559e-17,
      "mean_excess_s": 0.0,
      "selected_s_std": 0.02153910034915625,
      "failure_rate": 0.0,
      "n_failed": 0
    },
    "UG": {
      "method": "UG",
      "n_reps": 300,
      "target": 0.95,
      "coverage": 1.0,
      "coverage_lo": 0.9873570287754538,
      "coverage_hi": 0.9999999999999998,
      "coverage_gap": 0.050000000000000044,
      "meets_target": true,
      "significantly_below": false,
      "mean_obj": -179.6492040695156,
      "obj_se": 0.023178247895688908,
      "mean_oracle_gap": 2.1789977229976404e-15,
      "oracle_gap_se": 2.0336314593273032e-15,
      "mean_rel_oracle_gap": 1.2125467298198559e-17,
      "mean_excess_s": 0.0,
      "selected_s_std": 0.02153910034915625,
      "failure_rate": 0.0,
      "n_failed": 0
    },
    "NGS": {
      "method": "NGS",
      "n_reps": 300,
      "target": 0.95,
      "coverage": 1.0,
      "coverage_lo": 0.9873570287754538,
      "coverage_hi": 0.9999999999999998,
      "coverage_gap": 0.050000000000000044,
      "meets_target": true,
      "significantly_below": false,
      "mean_obj": -179.6492040695156,
      "obj_se": 0.023178247895688908,
      "mean_oracle_gap": 2.1789977229976404e-15,
      "oracle_gap_se": 2.0336314593273032e-15,
      "mean_rel_oracle_gap": 1.2125467298198559e-17,
      "mean_excess_s": 0.0,
      "selected_s_std": 0.02153910034915625,
      "failure_rate": 0.0,
      "n_failed": 0
    },
    "UNGS": {
      "method": "UNGS",
      "n_reps": 300,
      "target": 0.95,
      "coverage": 1.0,
      "coverage_lo": 0.9873570287754538,
      "coverage_hi": 0.9999999999999998,
      "coverage_gap": 0.050000000000000044,
      "meets_target": true,
      "significantly_below": false,
      "mean_obj": -179.6492040695156,
      "obj_se": 0.023178247895688908,
      "mean_oracle_gap": 2.1789977229976404e-15,
      "oracle_gap_se": 2.0336314593273032e-15,
      "mean_rel_oracle_gap": 1.2125467298198559e-17,
      "mean_excess_s": 0.0,
      "selected_s_std": 0.02153910034915625,
      "failure_rate": 0.0,
      "n_failed": 0
    },
    "benchmark": {
      "method": "benchmark",
      "n_reps": 300,
      "target": 0.95,
      "coverage": 1.0,
      "coverage_lo": 0.9873570287754538,
      "coverage_hi": 0.9999999999999998,
      "coverage_gap": 0.050000000000000044,
      "meets_target": true,
      "significantly_below": false,
      "mean_obj": -187.32642765065637,
      "obj_se": 1.6436698955608341e-15,
      "mean_oracle_gap": -7.677223581140737,
      "oracle_gap_se": 0.023178247895688925,
      "mean_rel_oracle_gap": -0.04273971520169615,
      "mean_excess_s": null,
      "selected_s_std": null,
      "failure_rate": 0.0,
      "n_failed": 0
    },
    "_n_replication_errors": 0
  }
}