{
  "key": "paper_so_n5000_d200",
  "config": "paper_so",
  "n": 5000,
  "split": 0.5,
  "d": 200,
  "reps": 300,
  "alpha": null,
  "beta": null,
  "dgp_params": null,
  "folds": null,
  "mesh_p": 60,
  "elapsed_s": 230.97847652435303,
  "summaries": {
    "NV": {
      "method": "NV",
      "n_reps": 300,
      "target": 0.95,
      "coverage": 0.9533333333333334,
      "coverage_lo": 0.923202639772079,
      "coverage_hi": 0.9720010663176659,
      "coverage_gap": 0.0033333333333334103,
      "meets_target": true,
      "significantly_below": false,
      "mean_obj": -193.30056328194433,
      "obj_se": 0.08961870910283885,
      "mean_oracle_gap": -0.030511355776105045,
      "oracle_gap_se": 0.033752841982552545,
      "mean_rel_oracle_gap": -0.00016094033032444804,
      "mean_excess_s": -1.1366666666666667,
      "selected_s_std": 27.98370205717914,
      "failure_rate": 0.0,
      "n_failed": 0
    },
    "UG": {
      "method": "UG",
      "n_reps": 300,
      "target": 0.95,
      "coverage": 1.0,
      "coverage_lo": 0.9873570287754538,
      "coverage_hi": 0.9999999999999998,
      "coverage_gap": 0.050000000000000044,
      "meets_target": true,
      "significantly_below": false,
      "mean_obj": -192.94612415712126,
      "obj_se": 0.08008561289266689,
      "mean_oracle_gap": 0.32392776904694776,
      "oracle_gap_se": 0.04867324963665103,
      "mean_rel_oracle_gap": 0.0016616832796298264,
      "mean_excess_s": 8.183333333333334,
      "selected_s_std": 35.99055927246344,
      "failure_rate": 0.0,
      "n_failed": 0
    },
    "NGS": {
      "method": "NGS",
      "n_reps": 300,
      "target": 0.95,
      "coverage": 1.0,
      "coverage_lo": 0.9873570287754538,
      "coverage_hi": 0.9999999999999998,
      "coverage_gap": 0.050000000000000044,
      "meets_target": true,
      "significantly_below": false,
      "mean_obj": -192.79541992824457,
      "obj_se": 0.07801263174665073,
      "mean_oracle_gap": 0.47463199792367483,
      "oracle_gap_se": 0.058172629653595986,
      "mean_rel_oracle_gap": 0.002436108101656985,
      "mean_excess_s": 12.843333333333334,
      "selected_s_std": 40.88566105398844,
      "failure_rate": 0.0,
      "n_failed": 0
    },
    "UNGS": {
      "method": "UNGS",
      "n_reps": 300,
      "target": 0.95,
      "coverage": 1.0,
      "coverage_lo": 0.9873570287754538,
      "coverage_hi": 0.9999999999999998,
      "coverage_gap": 0.050000000000000044,
      "meets_target": true,
      "significantly_below": false,
      "mean_obj": -192.81836773034394,
      "obj_se": 0.07812977799320106,
      "mean_oracle_gap": 0.4516841958242847,
      "oracle_gap_se": 0.0566715792510873,
      "mean_rel_oracle_gap": 0.0023181315841799698,
      "mean_excess_s": 12.28,
      "selected_s_std": 40.831591344545735,
      "failure_rate": 0.0,
      "n_failed": 0
    },
    "benchmark": {
      "method": "benchmark",
      "n_reps": 300,
      "target": 0.95,
      "coverage": 1.0,
      "coverage_lo": 0.9873570287754538,
      "coverage_hi": 0.9999999999999998,
      "coverage_gap": 0.050000000000000044,
      "meets_target": true,
      "significantly_below": false,
      "mean_obj": -183.16698291248895,
      "obj_se": 0.04578685952906001,
      "mean_oracle_gap": 10.103069013679278,
      "oracle_gap_se": 0.09555953517884178,
      "mean_rel_oracle_gap": 0.052218154265429945,
      "mean_excess_s": null,
      "selected_s_std": null,
      "failure_rate": 0.0,
      "n_failed": 0
    },
    "_n_replication_errors": 0
  }
}