{
  "key": "port_n500_d10_t6",
  "n": 500,
  "split": 0.5,
  "d": 10,
  "gamma": 0.15,
  "dgp": "multivariate_t",
  "df": 6,
  "reps": 500,
  "elapsed_s": 4.09677791595459,
  "summaries": {
    "NV": {
      "method": "NV",
      "n_reps": 500,
      "target": 0.95,
      "coverage": 0.57,
      "coverage_lo": 0.5262342399257419,
      "coverage_hi": 0.6126983524096407,
      "coverage_gap": -0.38,
      "meets_target": false,
      "significantly_below": true,
      "mean_obj": -0.12303227933431182,
      "obj_se": 0.0002284687473831255,
      "mean_oracle_gap": null,
      "oracle_gap_se": null,
      "mean_rel_oracle_gap": null,
      "mean_excess_s": null,
      "selected_s_std": null,
      "failure_rate": 0.0,
      "mean_return": 0.12303227933431182,
      "mean_true_cvar": 0.14561824915510987
    },
    "UG": {
      "method": "UG",
      "n_reps": 500,
      "target": 0.95,
      "coverage": 0.924,
      "coverage_lo": 0.8974035863260316,
      "coverage_hi": 0.9441309729625723,
      "coverage_gap": -0.025999999999999912,
      "meets_target": false,
      "significantly_below": true,
      "mean_obj": -0.11708548872497315,
      "obj_se": 0.00019827509125874417,
      "mean_oracle_gap": null,
      "oracle_gap_se": null,
      "mean_rel_oracle_gap": null,
      "mean_excess_s": null,
      "selected_s_std": null,
      "failure_rate": 0.0,
      "mean_return": 0.11708548872497315,
      "mean_true_cvar": 0.12242595102845623
    },
    "NGS": {
      "method": "NGS",
      "n_reps": 500,
      "target": 0.95,
      "coverage": 0.946,
      "coverage_lo": 0.9225734384893529,
      "coverage_hi": 0.9626256498189425,
      "coverage_gap": -0.0040000000000000036,
      "meets_target": false,
      "significantly_below": false,
      "mean_obj": -0.11656473847133114,
      "obj_se": 0.0001838212391674559,
      "mean_oracle_gap": null,
      "oracle_gap_se": null,
      "mean_rel_oracle_gap": null,
      "mean_excess_s": null,
      "selected_s_std": null,
      "failure_rate": 0.0,
      "mean_return": 0.11656473847133114,
      "mean_true_cvar": 0.12058793750813447
    },
    "UNGS": {
      "method": "UNGS",
      "n_reps": 500,
      "target": 0.95,
      "coverage": 0.952,
      "coverage_lo": 0.92957280316411,
      "coverage_hi": 0.9675347930586469,
      "coverage_gap": 0.0020000000000000018,
      "meets_target": true,
      "significantly_below": false,
      "mean_obj": -0.11618158358834618,
      "obj_se": 0.00017521094625311454,
      "mean_oracle_gap": null,
      "oracle_gap_se": null,
      "mean_rel_oracle_gap": null,
      "mean_excess_s": null,
      "selected_s_std": null,
      "failure_rate": 0.0,
      "mean_return": 0.11618158358834618,
      "mean_true_cvar": 0.11936927180049756
    },
    "benchmark": {
      "method": "benchmark",
      "n_reps": 500,
      "target": 0.95,
      "coverage": 0.112,
      "coverage_lo": 0.08726280019410226,
      "coverage_hi": 0.1426536880040623,
      "coverage_gap": -0.838,
      "meets_target": false,
      "significantly_below": true,
      "mean_obj": -0.12850461111528824,
      "obj_se": 0.00019021621375302694,
      "mean_oracle_gap": null,
      "oracle_gap_se": null,
      "mean_rel_oracle_gap": null,
      "mean_excess_s": null,
      "selected_s_std": null,
      "failure_rate": 0.0,
      "mean_return": 0.12850461111528824,
      "mean_true_cvar": 0.1764235125085606
    },
    "_n_replication_errors": 0
  },
  "_provenance": {
    "git_commit": "d34ff2286f94f415327062e8df3721cd49ec3996",
    "git_dirty": true,
    "versions": {
      "numpy": "2.5.1",
      "scipy": "1.18.0",
      "cvxpy": "1.9.2",
      "gurobipy": "13.0.2"
    },
    "timestamp": null
  }
}