{
  "key": "port_n500_d10_t10",
  "n": 500,
  "split": 0.5,
  "d": 10,
  "gamma": 0.15,
  "dgp": "multivariate_t",
  "df": 10,
  "reps": 500,
  "elapsed_s": 4.106293201446533,
  "summaries": {
    "NV": {
      "method": "NV",
      "n_reps": 500,
      "target": 0.95,
      "coverage": 0.592,
      "coverage_lo": 0.5483795122858897,
      "coverage_hi": 0.6342176090691847,
      "coverage_gap": -0.358,
      "meets_target": false,
      "significantly_below": true,
      "mean_obj": -0.12371003410141117,
      "obj_se": 0.0002033875148634384,
      "mean_oracle_gap": null,
      "oracle_gap_se": null,
      "mean_rel_oracle_gap": null,
      "mean_excess_s": null,
      "selected_s_std": null,
      "failure_rate": 0.0,
      "mean_return": 0.12371003410141117,
      "mean_true_cvar": 0.14611414388811
    },
    "UG": {
      "method": "UG",
      "n_reps": 500,
      "target": 0.95,
      "coverage": 0.918,
      "coverage_lo": 0.8906451408426114,
      "coverage_hi": 0.9389809105315311,
      "coverage_gap": -0.03199999999999992,
      "meets_target": false,
      "significantly_below": true,
      "mean_obj": -0.11778006434533961,
      "obj_se": 0.00020501585546021594,
      "mean_oracle_gap": null,
      "oracle_gap_se": null,
      "mean_rel_oracle_gap": null,
      "mean_excess_s": null,
      "selected_s_std": null,
      "failure_rate": 0.0,
      "mean_return": 0.11778006434533961,
      "mean_true_cvar": 0.12333844670281417
    },
    "NGS": {
      "method": "NGS",
      "n_reps": 500,
      "target": 0.95,
      "coverage": 0.954,
      "coverage_lo": 0.9319222072317267,
      "coverage_hi": 0.9691548916291838,
      "coverage_gap": 0.0040000000000000036,
      "meets_target": true,
      "significantly_below": false,
      "mean_obj": -0.1170800495602971,
      "obj_se": 0.0001911784962668357,
      "mean_oracle_gap": null,
      "oracle_gap_se": null,
      "mean_rel_oracle_gap": null,
      "mean_excess_s": null,
      "selected_s_std": null,
      "failure_rate": 0.0,
      "mean_return": 0.1170800495602971,
      "mean_true_cvar": 0.12080108587837134
    },
    "UNGS": {
      "method": "UNGS",
      "n_reps": 500,
      "target": 0.95,
      "coverage": 0.954,
      "coverage_lo": 0.9319222072317267,
      "coverage_hi": 0.9691548916291838,
      "coverage_gap": 0.0040000000000000036,
      "meets_target": true,
      "significantly_below": false,
      "mean_obj": -0.11662087478445345,
      "obj_se": 0.00018602797929343805,
      "mean_oracle_gap": null,
      "oracle_gap_se": null,
      "mean_rel_oracle_gap": null,
      "mean_excess_s": null,
      "selected_s_std": null,
      "failure_rate": 0.0,
      "mean_return": 0.11662087478445345,
      "mean_true_cvar": 0.11941686273633738
    },
    "benchmark": {
      "method": "benchmark",
      "n_reps": 500,
      "target": 0.95,
      "coverage": 0.118,
      "coverage_lo": 0.09259300825150649,
      "coverage_hi": 0.14923198786111944,
      "coverage_gap": -0.832,
      "meets_target": false,
      "significantly_below": true,
      "mean_obj": -0.12854939992615722,
      "obj_se": 0.0001676316214558132,
      "mean_oracle_gap": null,
      "oracle_gap_se": null,
      "mean_rel_oracle_gap": null,
      "mean_excess_s": null,
      "selected_s_std": null,
      "failure_rate": 0.0,
      "mean_return": 0.12854939992615722,
      "mean_true_cvar": 0.17337057781936677
    },
    "_n_replication_errors": 0
  },
  "_provenance": {
    "git_commit": "d34ff2286f94f415327062e8df3721cd49ec3996",
    "git_dirty": true,
    "versions": {
      "numpy": "2.5.1",
      "scipy": "1.18.0",
      "cvxpy": "1.9.2",
      "gurobipy": "13.0.2"
    },
    "timestamp": null
  }
}