{
  "key": "port_n500_d10_t3",
  "n": 500,
  "split": 0.5,
  "d": 10,
  "gamma": 0.15,
  "dgp": "multivariate_t",
  "df": 3,
  "reps": 500,
  "elapsed_s": 4.1051881313323975,
  "summaries": {
    "NV": {
      "method": "NV",
      "n_reps": 497,
      "target": 0.95,
      "coverage": 0.5472837022132797,
      "coverage_lo": 0.5033264750208395,
      "coverage_hi": 0.5905155965014912,
      "coverage_gap": -0.40271629778672025,
      "meets_target": false,
      "significantly_below": true,
      "mean_obj": -0.12559066256074922,
      "obj_se": 0.0002900734456883233,
      "mean_oracle_gap": null,
      "oracle_gap_se": null,
      "mean_rel_oracle_gap": null,
      "mean_excess_s": null,
      "selected_s_std": null,
      "failure_rate": 0.0,
      "mean_return": 0.12559066256074922,
      "mean_true_cvar": 0.14592116853151074
    },
    "UG": {
      "method": "UG",
      "n_reps": 497,
      "target": 0.95,
      "coverage": 0.8953722334004024,
      "coverage_lo": 0.8653632769205694,
      "coverage_hi": 0.9193161721916848,
      "coverage_gap": -0.05462776659959756,
      "meets_target": false,
      "significantly_below": true,
      "mean_obj": -0.11947353691137479,
      "obj_se": 0.0002617946362746394,
      "mean_oracle_gap": null,
      "oracle_gap_se": null,
      "mean_rel_oracle_gap": null,
      "mean_excess_s": null,
      "selected_s_std": null,
      "failure_rate": 0.0,
      "mean_return": 0.11947353691137479,
      "mean_true_cvar": 0.11804679689795591
    },
    "NGS": {
      "method": "NGS",
      "n_reps": 497,
      "target": 0.95,
      "coverage": 0.93158953722334,
      "coverage_lo": 0.9059236740125505,
      "coverage_hi": 0.9506348086061698,
      "coverage_gap": -0.01841046277665992,
      "meets_target": false,
      "significantly_below": false,
      "mean_obj": -0.1186210878364483,
      "obj_se": 0.0002427296206711246,
      "mean_oracle_gap": null,
      "oracle_gap_se": null,
      "mean_rel_oracle_gap": null,
      "mean_excess_s": null,
      "selected_s_std": null,
      "failure_rate": 0.0,
      "mean_return": 0.1186210878364483,
      "mean_true_cvar": 0.1147353509056795
    },
    "UNGS": {
      "method": "UNGS",
      "n_reps": 497,
      "target": 0.95,
      "coverage": 0.9416498993963782,
      "coverage_lo": 0.9174560383048499,
      "coverage_hi": 0.9590688425101109,
      "coverage_gap": -0.008350100603621735,
      "meets_target": false,
      "significantly_below": false,
      "mean_obj": -0.11778707044893125,
      "obj_se": 0.00022621072536395363,
      "mean_oracle_gap": null,
      "oracle_gap_se": null,
      "mean_rel_oracle_gap": null,
      "mean_excess_s": null,
      "selected_s_std": null,
      "failure_rate": 0.0,
      "mean_return": 0.11778707044893125,
      "mean_true_cvar": 0.11188523066847453
    },
    "benchmark": {
      "method": "benchmark",
      "n_reps": 497,
      "target": 0.95,
      "coverage": 0.13078470824949698,
      "coverage_lo": 0.10395269597463656,
      "coverage_hi": 0.16328049022333474,
      "coverage_gap": -0.819215291750503,
      "meets_target": false,
      "significantly_below": true,
      "mean_obj": -0.1315139118686411,
      "obj_se": 0.00020898486865464935,
      "mean_oracle_gap": null,
      "oracle_gap_se": null,
      "mean_rel_oracle_gap": null,
      "mean_excess_s": null,
      "selected_s_std": null,
      "failure_rate": 0.0,
      "mean_return": 0.1315139118686411,
      "mean_true_cvar": 0.18478194907544312
    },
    "_n_replication_errors": 3
  },
  "_provenance": {
    "git_commit": "d34ff2286f94f415327062e8df3721cd49ec3996",
    "git_dirty": true,
    "versions": {
      "numpy": "2.5.1",
      "scipy": "1.18.0",
      "cvxpy": "1.9.2",
      "gurobipy": "13.0.2"
    },
    "timestamp": null
  }
}