{
  "key": "port_n500_d10_t4",
  "n": 500,
  "split": 0.5,
  "d": 10,
  "gamma": 0.15,
  "dgp": "multivariate_t",
  "df": 4,
  "reps": 500,
  "elapsed_s": 4.012981414794922,
  "summaries": {
    "NV": {
      "method": "NV",
      "n_reps": 498,
      "target": 0.95,
      "coverage": 0.5682730923694779,
      "coverage_lo": 0.5244114187585415,
      "coverage_hi": 0.6110895423613251,
      "coverage_gap": -0.3817269076305221,
      "meets_target": false,
      "significantly_below": true,
      "mean_obj": -0.12356037688521661,
      "obj_se": 0.0002577680465905619,
      "mean_oracle_gap": null,
      "oracle_gap_se": null,
      "mean_rel_oracle_gap": null,
      "mean_excess_s": null,
      "selected_s_std": null,
      "failure_rate": 0.0,
      "mean_return": 0.12356037688521661,
      "mean_true_cvar": 0.14748209064106577
    },
    "UG": {
      "method": "UG",
      "n_reps": 498,
      "target": 0.95,
      "coverage": 0.9156626506024096,
      "coverage_lo": 0.8879603327897944,
      "coverage_hi": 0.9370014010870403,
      "coverage_gap": -0.034337349397590367,
      "meets_target": false,
      "significantly_below": true,
      "mean_obj": -0.11754649534438913,
      "obj_se": 0.00022929813695771038,
      "mean_oracle_gap": null,
      "oracle_gap_se": null,
      "mean_rel_oracle_gap": null,
      "mean_excess_s": null,
      "selected_s_std": null,
      "failure_rate": 0.0,
      "mean_return": 0.11754649534438913,
      "mean_true_cvar": 0.1230020465576649
    },
    "NGS": {
      "method": "NGS",
      "n_reps": 498,
      "target": 0.95,
      "coverage": 0.9357429718875502,
      "coverage_lo": 0.9106959761187927,
      "coverage_hi": 0.9541189816168263,
      "coverage_gap": -0.014257028112449777,
      "meets_target": false,
      "significantly_below": false,
      "mean_obj": -0.11675518514678843,
      "obj_se": 0.00021904583419546055,
      "mean_oracle_gap": null,
      "oracle_gap_se": null,
      "mean_rel_oracle_gap": null,
      "mean_excess_s": null,
      "selected_s_std": null,
      "failure_rate": 0.0,
      "mean_return": 0.11675518514678843,
      "mean_true_cvar": 0.12039715453291418
    },
    "UNGS": {
      "method": "UNGS",
      "n_reps": 498,
      "target": 0.95,
      "coverage": 0.9538152610441767,
      "coverage_lo": 0.9316526291555287,
      "coverage_hi": 0.969030230052996,
      "coverage_gap": 0.003815261044176732,
      "meets_target": true,
      "significantly_below": false,
      "mean_obj": -0.11599641281571166,
      "obj_se": 0.00020291405537198402,
      "mean_oracle_gap": null,
      "oracle_gap_se": null,
      "mean_rel_oracle_gap": null,
      "mean_excess_s": null,
      "selected_s_std": null,
      "failure_rate": 0.0,
      "mean_return": 0.11599641281571166,
      "mean_true_cvar": 0.11785041631043568
    },
    "benchmark": {
      "method": "benchmark",
      "n_reps": 498,
      "target": 0.95,
      "coverage": 0.13052208835341367,
      "coverage_lo": 0.10374115623418907,
      "coverage_hi": 0.16295952476418007,
      "coverage_gap": -0.8194779116465862,
      "meets_target": false,
      "significantly_below": true,
      "mean_obj": -0.12918541332064742,
      "obj_se": 0.00022752754479414577,
      "mean_oracle_gap": null,
      "oracle_gap_se": null,
      "mean_rel_oracle_gap": null,
      "mean_excess_s": null,
      "selected_s_std": null,
      "failure_rate": 0.0,
      "mean_return": 0.12918541332064742,
      "mean_true_cvar": 0.18149820151227852
    },
    "_n_replication_errors": 2
  },
  "_provenance": {
    "git_commit": "d34ff2286f94f415327062e8df3721cd49ec3996",
    "git_dirty": true,
    "versions": {
      "numpy": "2.5.1",
      "scipy": "1.18.0",
      "cvxpy": "1.9.2",
      "gurobipy": "13.0.2"
    },
    "timestamp": null
  }
}