{
  "config": "paper_saa",
  "n": 400,
  "split": 0.3,
  "d": 10,
  "reps": 1000,
  "include_existing": false,
  "elapsed_s": 27.26939034461975,
  "summaries": {
    "NV": {
      "method": "NV",
      "n_reps": 1000,
      "target": 0.95,
      "coverage": 0.565,
      "coverage_lo": 0.5340823279157767,
      "coverage_hi": 0.595420193481101,
      "coverage_gap": -0.385,
      "meets_target": false,
      "significantly_below": true,
      "mean_obj": -7.865652923193839,
      "obj_se": 0.006041469550610413,
      "mean_oracle_gap": -0.037723038167129776,
      "oracle_gap_se": 0.00621067589552249,
      "mean_rel_oracle_gap": -0.004882388237172385,
      "mean_excess_s": -0.004209255533199195,
      "selected_s_std": 0.021327152257707156,
      "failure_rate": 0.0,
      "n_failed": 0
    },
    "UG": {
      "method": "UG",
      "n_reps": 1000,
      "target": 0.95,
      "coverage": 0.948,
      "coverage_lo": 0.93244426068072,
      "coverage_hi": 0.9601269637162226,
      "coverage_gap": -0.0020000000000000018,
      "meets_target": false,
      "significantly_below": false,
      "mean_obj": -7.562485623354993,
      "obj_se": 0.007196620896116537,
      "mean_oracle_gap": 0.2671471096231897,
      "oracle_gap_se": 0.00741111527257614,
      "mean_rel_oracle_gap": 0.03405687645465442,
      "mean_excess_s": 0.016490945674044265,
      "selected_s_std": 0.016137975655523162,
      "failure_rate": 0.0,
      "n_failed": 0
    },
    "NGS": {
      "method": "NGS",
      "n_reps": 1000,
      "target": 0.95,
      "coverage": 0.982,
      "coverage_lo": 0.9717267448294926,
      "coverage_hi": 0.9885842599904322,
      "coverage_gap": 0.03200000000000003,
      "meets_target": true,
      "significantly_below": false,
      "mean_obj": -7.489509962053361,
      "obj_se": 0.007299649504914466,
      "mean_oracle_gap": 0.3405632678743282,
      "oracle_gap_se": 0.007573004228853011,
      "mean_rel_oracle_gap": 0.04342659854186299,
      "mean_excess_s": 0.020466800804828975,
      "selected_s_std": 0.013811291604182999,
      "failure_rate": 0.0,
      "n_failed": 0
    },
    "UNGS": {
      "method": "UNGS",
      "n_reps": 1000,
      "target": 0.95,
      "coverage": 0.988,
      "coverage_lo": 0.9791427315245017,
      "coverage_hi": 0.9931223521935965,
      "coverage_gap": 0.038000000000000034,
      "meets_target": true,
      "significantly_below": false,
      "mean_obj": -7.403733143623774,
      "obj_se": 0.00788405046588157,
      "mean_oracle_gap": 0.42685785381958796,
      "oracle_gap_se": 0.00797571437935945,
      "mean_rel_oracle_gap": 0.0544705890191478,
      "mean_excess_s": 0.02412877263581489,
      "selected_s_std": 0.012621150400713772,
      "failure_rate": 0.0,
      "n_failed": 0
    },
    "_n_replication_errors": 0
  }
}