{
  "config": "paper_so",
  "n": 500,
  "split": 0.5,
  "d": 10,
  "reps": 300,
  "include_existing": false,
  "elapsed_s": 22.925742864608765,
  "summaries": {
    "NV": {
      "method": "NV",
      "n_reps": 300,
      "target": 0.95,
      "coverage": 0.7133333333333334,
      "coverage_lo": 0.6597183711272249,
      "coverage_hi": 0.7615539611503023,
      "coverage_gap": -0.23666666666666658,
      "meets_target": false,
      "significantly_below": true,
      "mean_obj": -7.684141260219612,
      "obj_se": 0.015871248295703515,
      "mean_oracle_gap": -0.035124483304088336,
      "oracle_gap_se": 0.012508417864607248,
      "mean_rel_oracle_gap": -0.004839820195935182,
      "mean_excess_s": -0.41333333333333333,
      "selected_s_std": 29.32316688118848,
      "failure_rate": 0.0,
      "n_failed": 0
    },
    "UG": {
      "method": "UG",
      "n_reps": 300,
      "target": 0.95,
      "coverage": 0.97,
      "coverage_lo": 0.9439774608583589,
      "coverage_hi": 0.9841381461905676,
      "coverage_gap": 0.020000000000000018,
      "meets_target": true,
      "significantly_below": false,
      "mean_obj": -7.463748453393464,
      "obj_se": 0.014792632788882447,
      "mean_oracle_gap": 0.18526832352205838,
      "oracle_gap_se": 0.013624663571751844,
      "mean_rel_oracle_gap": 0.02383525484744996,
      "mean_excess_s": 25.343333333333334,
      "selected_s_std": 43.54244447039095,
      "failure_rate": 0.0,
      "n_failed": 0
    },
    "NGS": {
      "method": "NGS",
      "n_reps": 300,
      "target": 0.95,
      "coverage": 0.9933333333333333,
      "coverage_lo": 0.9760224167496929,
      "coverage_hi": 0.998169851642088,
      "coverage_gap": 0.043333333333333335,
      "meets_target": true,
      "significantly_below": false,
      "mean_obj": -7.353299559464887,
      "obj_se": 0.014312626688918662,
      "mean_oracle_gap": 0.29571721745063684,
      "oracle_gap_se": 0.015108009734214797,
      "mean_rel_oracle_gap": 0.03813571327149846,
      "mean_excess_s": 40.443333333333335,
      "selected_s_std": 48.20533688194592,
      "failure_rate": 0.0,
      "n_failed": 0
    },
    "UNGS": {
      "method": "UNGS",
      "n_reps": 300,
      "target": 0.95,
      "coverage": 0.9966666666666667,
      "coverage_lo": 0.9813633063054688,
      "coverage_hi": 0.9994113422781488,
      "coverage_gap": 0.046666666666666745,
      "meets_target": true,
      "significantly_below": false,
      "mean_obj": -7.176082431039455,
      "obj_se": 0.013366475500376597,
      "mean_oracle_gap": 0.4729343458760681,
      "oracle_gap_se": 0.014729419690226377,
      "mean_rel_oracle_gap": 0.061283958038976724,
      "mean_excess_s": 79.41,
      "selected_s_std": 59.21553878370791,
      "failure_rate": 0.0,
      "n_failed": 0
    },
    "benchmark": {
      "method": "benchmark",
      "n_reps": 300,
      "target": 0.95,
      "coverage": 1.0,
      "coverage_lo": 0.9873570287754538,
      "coverage_hi": 0.9999999999999998,
      "coverage_gap": 0.050000000000000044,
      "meets_target": true,
      "significantly_below": false,
      "mean_obj": -6.6531201210189135,
      "obj_se": 0.010517982416953064,
      "mean_oracle_gap": 0.9958966558966111,
      "oracle_gap_se": 0.013772937262602404,
      "mean_rel_oracle_gap": 0.12960386625082518,
      "mean_excess_s": NaN,
      "selected_s_std": NaN,
      "failure_rate": 0.0,
      "n_failed": 0
    },
    "_n_replication_errors": 0
  }
}