{
  "config": "paper_so",
  "n": 500,
  "split": 0.1,
  "d": 10,
  "reps": 1000,
  "include_existing": false,
  "elapsed_s": 3.280656099319458,
  "summaries": {
    "NV": {
      "method": "NV",
      "n_reps": 1000,
      "target": 0.95,
      "coverage": 0.603,
      "coverage_lo": 0.572336273352678,
      "coverage_hi": 0.6328754143992976,
      "coverage_gap": -0.347,
      "meets_target": false,
      "significantly_below": true,
      "mean_obj": -7.758241756886307,
      "obj_se": 0.01001242686708836,
      "mean_oracle_gap": -0.021457766011171726,
      "oracle_gap_se": 0.0060296454383641845,
      "mean_rel_oracle_gap": -0.0029524549757698336,
      "mean_excess_s": -0.1994572591587517,
      "selected_s_std": 13.992052513249567,
      "failure_rate": 0.0,
      "n_failed": 0
    },
    "UG": {
      "method": "UG",
      "n_reps": 1000,
      "target": 0.95,
      "coverage": 0.72,
      "coverage_lo": 0.6913699270789491,
      "coverage_hi": 0.7469462991874067,
      "coverage_gap": -0.22999999999999998,
      "meets_target": false,
      "significantly_below": true,
      "mean_obj": -7.68792820726811,
      "obj_se": 0.010551805282348543,
      "mean_oracle_gap": 0.07314202769231277,
      "oracle_gap_se": 0.005194263304000189,
      "mean_rel_oracle_gap": 0.00945777095155581,
      "mean_excess_s": 5.184531886024423,
      "selected_s_std": 13.088207370460331,
      "failure_rate": 0.0,
      "n_failed": 0
    },
    "NGS": {
      "method": "NGS",
      "n_reps": 1000,
      "target": 0.95,
      "coverage": 0.723,
      "coverage_lo": 0.6944497560637553,
      "coverage_hi": 0.7498435096516871,
      "coverage_gap": -0.22699999999999998,
      "meets_target": false,
      "significantly_below": true,
      "mean_obj": -7.677474509030745,
      "obj_se": 0.010722739224894315,
      "mean_oracle_gap": 0.08731574521867075,
      "oracle_gap_se": 0.005503503025906109,
      "mean_rel_oracle_gap": 0.011305126342118641,
      "mean_excess_s": 6.364993215739484,
      "selected_s_std": 12.810155154215543,
      "failure_rate": 0.0,
      "n_failed": 0
    },
    "UNGS": {
      "method": "UNGS",
      "n_reps": 1000,
      "target": 0.95,
      "coverage": 0.725,
      "coverage_lo": 0.6965038327040266,
      "coverage_hi": 0.7517741259774736,
      "coverage_gap": -0.22499999999999998,
      "meets_target": false,
      "significantly_below": true,
      "mean_obj": -7.6555848387567185,
      "obj_se": 0.0112562925822728,
      "mean_oracle_gap": 0.11702719527900324,
      "oracle_gap_se": 0.006237806301941482,
      "mean_rel_oracle_gap": 0.015212099587099749,
      "mean_excess_s": 8.541383989145183,
      "selected_s_std": 11.980781699460604,
      "failure_rate": 0.0,
      "n_failed": 0
    },
    "benchmark": {
      "method": "benchmark",
      "n_reps": 1000,
      "target": 0.95,
      "coverage": 1.0,
      "coverage_lo": 0.996173241514445,
      "coverage_hi": 1.0,
      "coverage_gap": 0.050000000000000044,
      "meets_target": true,
      "significantly_below": false,
      "mean_obj": -6.645208578325784,
      "obj_se": 0.006157609880840088,
      "mean_oracle_gap": 0.9809831464952863,
      "oracle_gap_se": 0.010196925887975196,
      "mean_rel_oracle_gap": 0.12804648736862406,
      "mean_excess_s": null,
      "selected_s_std": null,
      "failure_rate": 0.0,
      "n_failed": 0
    },
    "_n_replication_errors": 0
  }
}