{
  "config": "paper_so",
  "n": 500,
  "split": 0.3,
  "d": 10,
  "reps": 300,
  "include_existing": false,
  "elapsed_s": 11.034183979034424,
  "summaries": {
    "NV": {
      "method": "NV",
      "n_reps": 300,
      "target": 0.95,
      "coverage": 0.7533333333333333,
      "coverage_lo": 0.7015546972961404,
      "coverage_hi": 0.7987061972834228,
      "coverage_gap": -0.19666666666666666,
      "meets_target": false,
      "significantly_below": true,
      "mean_obj": -7.681843334652942,
      "obj_se": 0.014422070446986726,
      "mean_oracle_gap": -0.02587560850366426,
      "oracle_gap_se": 0.010656718523401285,
      "mean_rel_oracle_gap": -0.0035240178677352894,
      "mean_excess_s": -1.160535117056856,
      "selected_s_std": 26.659691116642417,
      "failure_rate": 0.0,
      "n_failed": 0
    },
    "UG": {
      "method": "UG",
      "n_reps": 300,
      "target": 0.95,
      "coverage": 0.97,
      "coverage_lo": 0.9439774608583589,
      "coverage_hi": 0.9841381461905676,
      "coverage_gap": 0.020000000000000018,
      "meets_target": true,
      "significantly_below": false,
      "mean_obj": -7.491349556304883,
      "obj_se": 0.013517820946753573,
      "mean_oracle_gap": 0.16525527278201485,
      "oracle_gap_se": 0.012665970804449858,
      "mean_rel_oracle_gap": 0.02126936544593732,
      "mean_excess_s": 17.622073578595316,
      "selected_s_std": 34.716254518009244,
      "failure_rate": 0.0,
      "n_failed": 0
    },
    "NGS": {
      "method": "NGS",
      "n_reps": 300,
      "target": 0.95,
      "coverage": 0.99,
      "coverage_lo": 0.9710165066376601,
      "coverage_hi": 0.9965933815622847,
      "coverage_gap": 0.040000000000000036,
      "meets_target": true,
      "significantly_below": false,
      "mean_obj": -7.424361304366773,
      "obj_se": 0.012944607409542928,
      "mean_oracle_gap": 0.23246756569650498,
      "oracle_gap_se": 0.013279431381557077,
      "mean_rel_oracle_gap": 0.029970831407278166,
      "mean_excess_s": 26.755852842809364,
      "selected_s_std": 36.291611414841334,
      "failure_rate": 0.0,
      "n_failed": 0
    },
    "UNGS": {
      "method": "UNGS",
      "n_reps": 300,
      "target": 0.95,
      "coverage": 0.9966666666666667,
      "coverage_lo": 0.9813633063054688,
      "coverage_hi": 0.9994113422781488,
      "coverage_gap": 0.046666666666666745,
      "meets_target": true,
      "significantly_below": false,
      "mean_obj": -7.283750398717566,
      "obj_se": 0.013186263286371876,
      "mean_oracle_gap": 0.3735487419331679,
      "oracle_gap_se": 0.014539685893207133,
      "mean_rel_oracle_gap": 0.048330522070025445,
      "mean_excess_s": 46.93311036789298,
      "selected_s_std": 38.76771001777506,
      "failure_rate": 0.0,
      "n_failed": 0
    },
    "benchmark": {
      "method": "benchmark",
      "n_reps": 300,
      "target": 0.95,
      "coverage": 1.0,
      "coverage_lo": 0.9873570287754538,
      "coverage_hi": 0.9999999999999998,
      "coverage_gap": 0.050000000000000044,
      "meets_target": true,
      "significantly_below": false,
      "mean_obj": -6.658006858487277,
      "obj_se": 0.012335789348636958,
      "mean_oracle_gap": 0.9975844159547488,
      "oracle_gap_se": 0.01615912255315508,
      "mean_rel_oracle_gap": 0.12973986474560165,
      "mean_excess_s": NaN,
      "selected_s_std": NaN,
      "failure_rate": 0.0,
      "n_failed": 0
    },
    "_n_replication_errors": 0
  }
}