{
  "config": "paper_saa",
  "n": 400,
  "split": 0.2,
  "d": 10,
  "reps": 1000,
  "include_existing": false,
  "elapsed_s": 8.777754068374634,
  "summaries": {
    "NV": {
      "method": "NV",
      "n_reps": 1000,
      "target": 0.95,
      "coverage": 0.624,
      "coverage_lo": 0.5935575899582508,
      "coverage_hi": 0.6534933739373314,
      "coverage_gap": -0.32599999999999996,
      "meets_target": false,
      "significantly_below": true,
      "mean_obj": -7.8011652711625175,
      "obj_se": 0.007626738384351719,
      "mean_oracle_gap": -0.02568107885423095,
      "oracle_gap_se": 0.0074239238383844485,
      "mean_rel_oracle_gap": -0.0034530281903014824,
      "mean_excess_s": -0.0028553054662379417,
      "selected_s_std": 0.02278937954003618,
      "failure_rate": 0.0,
      "n_failed": 0
    },
    "UG": {
      "method": "UG",
      "n_reps": 1000,
      "target": 0.95,
      "coverage": 0.886,
      "coverage_lo": 0.8648073995463684,
      "coverage_hi": 0.904238342902783,
      "coverage_gap": -0.06399999999999995,
      "meets_target": false,
      "significantly_below": true,
      "mean_obj": -7.5931404592949585,
      "obj_se": 0.008427883229326588,
      "mean_oracle_gap": 0.19635668136296122,
      "oracle_gap_se": 0.008055085768898868,
      "mean_rel_oracle_gap": 0.025128849170285787,
      "mean_excess_s": 0.011639871382636655,
      "selected_s_std": 0.016395011326510157,
      "failure_rate": 0.0,
      "n_failed": 0
    },
    "NGS": {
      "method": "NGS",
      "n_reps": 1000,
      "target": 0.95,
      "coverage": 0.909,
      "coverage_lo": 0.88957441593046,
      "coverage_hi": 0.9252952956283559,
      "coverage_gap": -0.040999999999999925,
      "meets_target": false,
      "significantly_below": true,
      "mean_obj": -7.530803862113181,
      "obj_se": 0.008662917030005907,
      "mean_oracle_gap": 0.26298816848857215,
      "oracle_gap_se": 0.008253965507114817,
      "mean_rel_oracle_gap": 0.033693825007392576,
      "mean_excess_s": 0.01572990353697749,
      "selected_s_std": 0.012990779821102362,
      "failure_rate": 0.0,
      "n_failed": 0
    },
    "UNGS": {
      "method": "UNGS",
      "n_reps": 1000,
      "target": 0.95,
      "coverage": 0.914,
      "coverage_lo": 0.8949999687497208,
      "coverage_hi": 0.9298314752242396,
      "coverage_gap": -0.03599999999999992,
      "meets_target": false,
      "significantly_below": true,
      "mean_obj": -7.492136163779165,
      "obj_se": 0.009314259272622647,
      "mean_oracle_gap": 0.30443264687444205,
      "oracle_gap_se": 0.008807565412451058,
      "mean_rel_oracle_gap": 0.039043013732635835,
      "mean_excess_s": 0.017376205787781346,
      "selected_s_std": 0.012360098544754245,
      "failure_rate": 0.0,
      "n_failed": 0
    },
    "_n_replication_errors": 0
  }
}