{
  "config": "paper_so",
  "n": 500,
  "split": 0.3,
  "d": 10,
  "reps": 1000,
  "include_existing": false,
  "elapsed_s": 15.084386110305786,
  "summaries": {
    "NV": {
      "method": "NV",
      "n_reps": 1000,
      "target": 0.95,
      "coverage": 0.761,
      "coverage_lo": 0.7336003718062974,
      "coverage_hi": 0.7864020602642429,
      "coverage_gap": -0.18899999999999995,
      "meets_target": false,
      "significantly_below": true,
      "mean_obj": -7.67272477323941,
      "obj_se": 0.008022037395565097,
      "mean_oracle_gap": -0.027648092140652468,
      "oracle_gap_se": 0.006220526886558558,
      "mean_rel_oracle_gap": -0.0038337313662063256,
      "mean_excess_s": -0.8128128128128128,
      "selected_s_std": 25.92217311606145,
      "failure_rate": 0.0,
      "n_failed": 0
    },
    "UG": {
      "method": "UG",
      "n_reps": 1000,
      "target": 0.95,
      "coverage": 0.982,
      "coverage_lo": 0.9717267448294926,
      "coverage_hi": 0.9885842599904322,
      "coverage_gap": 0.03200000000000003,
      "meets_target": true,
      "significantly_below": false,
      "mean_obj": -7.475251013662632,
      "obj_se": 0.00723392114356923,
      "mean_oracle_gap": 0.17002333886713322,
      "oracle_gap_se": 0.006995417754058512,
      "mean_rel_oracle_gap": 0.02184743946618861,
      "mean_excess_s": 18.45245245245245,
      "selected_s_std": 33.7553261878188,
      "failure_rate": 0.0,
      "n_failed": 0
    },
    "NGS": {
      "method": "NGS",
      "n_reps": 1000,
      "target": 0.95,
      "coverage": 0.996,
      "coverage_lo": 0.9897604437227377,
      "coverage_hi": 0.9984434118595916,
      "coverage_gap": 0.04600000000000004,
      "meets_target": true,
      "significantly_below": false,
      "mean_obj": -7.404456704534379,
      "obj_se": 0.007233183406222242,
      "mean_oracle_gap": 0.24088851316968823,
      "oracle_gap_se": 0.007337404382744581,
      "mean_rel_oracle_gap": 0.031085547079783216,
      "mean_excess_s": 27.55155155155155,
      "selected_s_std": 37.25784469062846,
      "failure_rate": 0.0,
      "n_failed": 0
    },
    "UNGS": {
      "method": "UNGS",
      "n_reps": 1000,
      "target": 0.95,
      "coverage": 0.998,
      "coverage_lo": 0.9927371921365079,
      "coverage_hi": 0.9994513564118793,
      "coverage_gap": 0.04800000000000004,
      "meets_target": true,
      "significantly_below": false,
      "mean_obj": -7.277177563638215,
      "obj_se": 0.007448623505637395,
      "mean_oracle_gap": 0.3682950606132962,
      "oracle_gap_se": 0.008176358820418455,
      "mean_rel_oracle_gap": 0.04767336046568054,
      "mean_excess_s": 45.745745745745744,
      "selected_s_std": 40.08581680231437,
      "failure_rate": 0.0,
      "n_failed": 0
    },
    "benchmark": {
      "method": "benchmark",
      "n_reps": 1000,
      "target": 0.95,
      "coverage": 1.0,
      "coverage_lo": 0.996173241514445,
      "coverage_hi": 1.0,
      "coverage_gap": 0.050000000000000044,
      "meets_target": true,
      "significantly_below": false,
      "mean_obj": -6.635673493968203,
      "obj_se": 0.006644964983595879,
      "mean_oracle_gap": 1.0093037434294916,
      "oracle_gap_se": 0.00883485154641443,
      "mean_rel_oracle_gap": 0.1313946218616471,
      "mean_excess_s": NaN,
      "selected_s_std": NaN,
      "failure_rate": 0.0,
      "n_failed": 0
    },
    "_n_replication_errors": 0
  }
}