{
  "config": "paper_so",
  "n": 500,
  "split": 0.8,
  "d": 10,
  "reps": 1000,
  "include_existing": false,
  "elapsed_s": 96.62704682350159,
  "summaries": {
    "NV": {
      "method": "NV",
      "n_reps": 1000,
      "target": 0.95,
      "coverage": 0.646,
      "coverage_lo": 0.6158536169290485,
      "coverage_hi": 0.6750289695931695,
      "coverage_gap": -0.30399999999999994,
      "meets_target": false,
      "significantly_below": true,
      "mean_obj": -7.723891880127039,
      "obj_se": 0.010104194371311978,
      "mean_oracle_gap": -0.07866252428014164,
      "oracle_gap_se": 0.009078323885675338,
      "mean_rel_oracle_gap": -0.010588996210199212,
      "mean_excess_s": -1.591,
      "selected_s_std": 29.153732456001514,
      "failure_rate": 0.0,
      "n_failed": 0
    },
    "UG": {
      "method": "UG",
      "n_reps": 1000,
      "target": 0.95,
      "coverage": 0.945,
      "coverage_lo": 0.9290916123226243,
      "coverage_hi": 0.9575025726252315,
      "coverage_gap": -0.0050000000000000044,
      "meets_target": false,
      "significantly_below": false,
      "mean_obj": -7.399081997410786,
      "obj_se": 0.009202242354770362,
      "mean_oracle_gap": 0.2461473584361119,
      "oracle_gap_se": 0.009603554576128152,
      "mean_rel_oracle_gap": 0.0316905288447501,
      "mean_excess_s": 37.87,
      "selected_s_std": 59.59419618737398,
      "failure_rate": 0.0,
      "n_failed": 0
    },
    "NGS": {
      "method": "NGS",
      "n_reps": 1000,
      "target": 0.95,
      "coverage": 0.987,
      "coverage_lo": 0.9778855576244203,
      "coverage_hi": 0.9923871796106489,
      "coverage_gap": 0.03700000000000003,
      "meets_target": true,
      "significantly_below": false,
      "mean_obj": -7.19735912678494,
      "obj_se": 0.00891433312705738,
      "mean_oracle_gap": 0.4478702290619565,
      "oracle_gap_se": 0.009990125290690426,
      "mean_rel_oracle_gap": 0.057989497125922766,
      "mean_excess_s": 82.101,
      "selected_s_std": 86.19838969717698,
      "failure_rate": 0.0,
      "n_failed": 0
    },
    "UNGS": {
      "method": "UNGS",
      "n_reps": 1000,
      "target": 0.95,
      "coverage": 1.0,
      "coverage_lo": 0.996173241514445,
      "coverage_hi": 1.0,
      "coverage_gap": 0.050000000000000044,
      "meets_target": true,
      "significantly_below": false,
      "mean_obj": -6.907737197945986,
      "obj_se": 0.008547542941732517,
      "mean_oracle_gap": 0.7374921579009105,
      "oracle_gap_se": 0.01015903492803268,
      "mean_rel_oracle_gap": 0.09581198468021491,
      "mean_excess_s": 182.14,
      "selected_s_std": 104.44255779555994,
      "failure_rate": 0.0,
      "n_failed": 0
    },
    "benchmark": {
      "method": "benchmark",
      "n_reps": 1000,
      "target": 0.95,
      "coverage": 1.0,
      "coverage_lo": 0.996173241514445,
      "coverage_hi": 1.0,
      "coverage_gap": 0.050000000000000044,
      "meets_target": true,
      "significantly_below": false,
      "mean_obj": -6.641833194791258,
      "obj_se": 0.006450171256435195,
      "mean_oracle_gap": 1.003396161055639,
      "oracle_gap_se": 0.008580584904810796,
      "mean_rel_oracle_gap": 0.13060576037755342,
      "mean_excess_s": NaN,
      "selected_s_std": NaN,
      "failure_rate": 0.0,
      "n_failed": 0
    },
    "_n_replication_errors": 0
  }
}