{
  "config": "paper_saa",
  "n": 400,
  "split": 0.9,
  "d": 10,
  "reps": 1000,
  "include_existing": false,
  "elapsed_s": 597.4064154624939,
  "summaries": {
    "NV": {
      "method": "NV",
      "n_reps": 1000,
      "target": 0.95,
      "coverage": 0.316,
      "coverage_lo": 0.28793562210416745,
      "coverage_hi": 0.34547262501851683,
      "coverage_gap": -0.6339999999999999,
      "meets_target": false,
      "significantly_below": true,
      "mean_obj": -8.010297225225308,
      "obj_se": 0.008141076997084462,
      "mean_oracle_gap": -0.10416067796561794,
      "oracle_gap_se": 0.008174131577778302,
      "mean_rel_oracle_gap": -0.013187238748552528,
      "mean_excess_s": -0.013452000000000002,
      "selected_s_std": 0.0246316283894735,
      "failure_rate": 0.0,
      "n_failed": 0
    },
    "UG": {
      "method": "UG",
      "n_reps": 1000,
      "target": 0.95,
      "coverage": 0.886,
      "coverage_lo": 0.8648073995463684,
      "coverage_hi": 0.904238342902783,
      "coverage_gap": -0.06399999999999995,
      "meets_target": false,
      "significantly_below": true,
      "mean_obj": -7.43445597971357,
      "obj_se": 0.012532708539637888,
      "mean_oracle_gap": 0.47168056754612114,
      "oracle_gap_se": 0.012512118397194282,
      "mean_rel_oracle_gap": 0.05965706934022053,
      "mean_excess_s": 0.030760000000000003,
      "selected_s_std": 0.025950945022244327,
      "failure_rate": 0.0,
      "n_failed": 0
    },
    "NGS": {
      "method": "NGS",
      "n_reps": 1000,
      "target": 0.95,
      "coverage": 0.886,
      "coverage_lo": 0.8648073995463684,
      "coverage_hi": 0.904238342902783,
      "coverage_gap": -0.06399999999999995,
      "meets_target": false,
      "significantly_below": true,
      "mean_obj": -7.434584666937828,
      "obj_se": 0.012526295496270207,
      "mean_oracle_gap": 0.4715518803218633,
      "oracle_gap_se": 0.012505539369431534,
      "mean_rel_oracle_gap": 0.059640823467019176,
      "mean_excess_s": 0.030756,
      "selected_s_std": 0.025946601359756582,
      "failure_rate": 0.0,
      "n_failed": 0
    },
    "UNGS": {
      "method": "UNGS",
      "n_reps": 1000,
      "target": 0.95,
      "coverage": 0.934,
      "coverage_lo": 0.9168907240940241,
      "coverage_hi": 0.9477876495405142,
      "coverage_gap": -0.015999999999999903,
      "meets_target": false,
      "significantly_below": true,
      "mean_obj": -7.2422100811464984,
      "obj_se": 0.012831491549245013,
      "mean_oracle_gap": 0.6639264661131921,
      "oracle_gap_se": 0.01283487551037919,
      "mean_rel_oracle_gap": 0.08396867988442645,
      "mean_excess_s": 0.04068800000000001,
      "selected_s_std": 0.02344366023480986,
      "failure_rate": 0.0,
      "n_failed": 0
    },
    "_n_replication_errors": 0
  }
}