{
  "config": "paper_so",
  "n": 500,
  "split": 0.4,
  "d": 10,
  "reps": 300,
  "include_existing": false,
  "elapsed_s": 16.681822061538696,
  "summaries": {
    "NV": {
      "method": "NV",
      "n_reps": 300,
      "target": 0.95,
      "coverage": 0.73,
      "coverage_lo": 0.6770882626256942,
      "coverage_hi": 0.7770959706110145,
      "coverage_gap": -0.21999999999999997,
      "meets_target": false,
      "significantly_below": true,
      "mean_obj": -7.690256924215127,
      "obj_se": 0.014108307312574167,
      "mean_oracle_gap": -0.02281370772575646,
      "oracle_gap_se": 0.012263336000359852,
      "mean_rel_oracle_gap": -0.003233472549010438,
      "mean_excess_s": -1.3333333333333333,
      "selected_s_std": 25.845221488730964,
      "failure_rate": 0.0,
      "n_failed": 0
    },
    "UG": {
      "method": "UG",
      "n_reps": 300,
      "target": 0.95,
      "coverage": 0.9833333333333333,
      "coverage_lo": 0.9615846051669054,
      "coverage_hi": 0.9928605226493666,
      "coverage_gap": 0.033333333333333326,
      "meets_target": true,
      "significantly_below": false,
      "mean_obj": -7.461882315395081,
      "obj_se": 0.012552795349498947,
      "mean_oracle_gap": 0.20556090109429095,
      "oracle_gap_se": 0.012180913544247114,
      "mean_rel_oracle_gap": 0.026471628533162792,
      "mean_excess_s": 24.163333333333334,
      "selected_s_std": 41.287676486506285,
      "failure_rate": 0.0,
      "n_failed": 0
    },
    "NGS": {
      "method": "NGS",
      "n_reps": 300,
      "target": 0.95,
      "coverage": 1.0,
      "coverage_lo": 0.9873570287754538,
      "coverage_hi": 0.9999999999999998,
      "coverage_gap": 0.050000000000000044,
      "meets_target": true,
      "significantly_below": false,
      "mean_obj": -7.381051572658547,
      "obj_se": 0.011766495479196944,
      "mean_oracle_gap": 0.2863916438308234,
      "oracle_gap_se": 0.012725148947183499,
      "mean_rel_oracle_gap": 0.03693362546177017,
      "mean_excess_s": 36.78333333333333,
      "selected_s_std": 46.56081421420651,
      "failure_rate": 0.0,
      "n_failed": 0
    },
    "UNGS": {
      "method": "UNGS",
      "n_reps": 300,
      "target": 0.95,
      "coverage": 1.0,
      "coverage_lo": 0.9873570287754538,
      "coverage_hi": 0.9999999999999998,
      "coverage_gap": 0.050000000000000044,
      "meets_target": true,
      "significantly_below": false,
      "mean_obj": -7.2231916118075,
      "obj_se": 0.012161421862949986,
      "mean_oracle_gap": 0.4442516046818714,
      "oracle_gap_se": 0.014497231366177608,
      "mean_rel_oracle_gap": 0.0574332952112277,
      "mean_excess_s": 65.60333333333334,
      "selected_s_std": 53.17315051170113,
      "failure_rate": 0.0,
      "n_failed": 0
    },
    "benchmark": {
      "method": "benchmark",
      "n_reps": 300,
      "target": 0.95,
      "coverage": 1.0,
      "coverage_lo": 0.9873570287754538,
      "coverage_hi": 0.9999999999999998,
      "coverage_gap": 0.050000000000000044,
      "meets_target": true,
      "significantly_below": false,
      "mean_obj": -6.651006463645009,
      "obj_se": 0.011472100178829728,
      "mean_oracle_gap": 1.0164367528443623,
      "oracle_gap_se": 0.0154458600219411,
      "mean_rel_oracle_gap": 0.13199271074583394,
      "mean_excess_s": NaN,
      "selected_s_std": NaN,
      "failure_rate": 0.0,
      "n_failed": 0
    },
    "_n_replication_errors": 0
  }
}