{
  "config": "paper_so",
  "n": 500,
  "split": 0.8,
  "d": 10,
  "reps": 300,
  "include_existing": false,
  "elapsed_s": 64.96126389503479,
  "summaries": {
    "NV": {
      "method": "NV",
      "n_reps": 300,
      "target": 0.95,
      "coverage": 0.63,
      "coverage_lo": 0.5740445552913591,
      "coverage_hi": 0.6826682721902588,
      "coverage_gap": -0.31999999999999995,
      "meets_target": false,
      "significantly_below": true,
      "mean_obj": -7.718927707785733,
      "obj_se": 0.019767807451045175,
      "mean_oracle_gap": -0.09197554307415923,
      "oracle_gap_se": 0.015085478333322478,
      "mean_rel_oracle_gap": -0.012107267933054812,
      "mean_excess_s": -2.3266666666666667,
      "selected_s_std": 25.597539205515954,
      "failure_rate": 0.0,
      "n_failed": 0
    },
    "UG": {
      "method": "UG",
      "n_reps": 300,
      "target": 0.95,
      "coverage": 0.9333333333333333,
      "coverage_lo": 0.899276940483885,
      "coverage_hi": 0.9564324844548417,
      "coverage_gap": -0.016666666666666607,
      "meets_target": false,
      "significantly_below": false,
      "mean_obj": -7.411128983298001,
      "obj_se": 0.016962415421880404,
      "mean_oracle_gap": 0.21582318141357068,
      "oracle_gap_se": 0.016465896238894818,
      "mean_rel_oracle_gap": 0.02789031853082363,
      "mean_excess_s": 33.26,
      "selected_s_std": 54.802754754218874,
      "failure_rate": 0.0,
      "n_failed": 0
    },
    "NGS": {
      "method": "NGS",
      "n_reps": 300,
      "target": 0.95,
      "coverage": 0.9866666666666667,
      "coverage_lo": 0.9662244697474675,
      "coverage_hi": 0.9948030382606411,
      "coverage_gap": 0.036666666666666736,
      "meets_target": true,
      "significantly_below": false,
      "mean_obj": -7.227224284148,
      "obj_se": 0.016088633143727268,
      "mean_oracle_gap": 0.399727880563573,
      "oracle_gap_se": 0.017652301113864247,
      "mean_rel_oracle_gap": 0.05183589910281218,
      "mean_excess_s": 75.74333333333334,
      "selected_s_std": 85.0152636305224,
      "failure_rate": 0.0,
      "n_failed": 0
    },
    "UNGS": {
      "method": "UNGS",
      "n_reps": 300,
      "target": 0.95,
      "coverage": 1.0,
      "coverage_lo": 0.9873570287754538,
      "coverage_hi": 0.9999999999999998,
      "coverage_gap": 0.050000000000000044,
      "meets_target": true,
      "significantly_below": false,
      "mean_obj": -6.9355247807864755,
      "obj_se": 0.01557081554999777,
      "mean_oracle_gap": 0.6914273839250976,
      "oracle_gap_se": 0.01841465975335223,
      "mean_rel_oracle_gap": 0.08999263609384928,
      "mean_excess_s": 171.98666666666668,
      "selected_s_std": 106.86827131380431,
      "failure_rate": 0.0,
      "n_failed": 0
    },
    "benchmark": {
      "method": "benchmark",
      "n_reps": 300,
      "target": 0.95,
      "coverage": 1.0,
      "coverage_lo": 0.9873570287754538,
      "coverage_hi": 0.9999999999999998,
      "coverage_gap": 0.050000000000000044,
      "meets_target": true,
      "significantly_below": false,
      "mean_obj": -6.652771700665492,
      "obj_se": 0.010952872638901188,
      "mean_oracle_gap": 0.9741804640460799,
      "oracle_gap_se": 0.01590208225865208,
      "mean_rel_oracle_gap": 0.12700229515369785,
      "mean_excess_s": NaN,
      "selected_s_std": NaN,
      "failure_rate": 0.0,
      "n_failed": 0
    },
    "_n_replication_errors": 0
  }
}