{
  "config": "paper_saa",
  "n": 400,
  "split": 0.1,
  "d": 10,
  "reps": 1000,
  "include_existing": false,
  "elapsed_s": 1.7765858173370361,
  "summaries": {
    "NV": {
      "method": "NV",
      "n_reps": 1000,
      "target": 0.95,
      "coverage": 0.489,
      "coverage_lo": 0.4581191521232714,
      "coverage_hi": 0.5199650365634109,
      "coverage_gap": -0.46099999999999997,
      "meets_target": false,
      "significantly_below": true,
      "mean_obj": -7.8593856230654815,
      "obj_se": 0.011027893406786102,
      "mean_oracle_gap": -0.04316559558192653,
      "oracle_gap_se": 0.008833751865864221,
      "mean_rel_oracle_gap": -0.0060232608138233446,
      "mean_excess_s": -0.0008386023294509144,
      "selected_s_std": 0.019834428162680683,
      "failure_rate": 0.0,
      "n_failed": 0
    },
    "UG": {
      "method": "UG",
      "n_reps": 1000,
      "target": 0.95,
      "coverage": 0.583,
      "coverage_lo": 0.5521794617220657,
      "coverage_hi": 0.6131852963693321,
      "coverage_gap": -0.367,
      "meets_target": false,
      "significantly_below": true,
      "mean_obj": -7.778819737588824,
      "obj_se": 0.01253103433075522,
      "mean_oracle_gap": 0.08952856227600085,
      "oracle_gap_se": 0.00834495167019003,
      "mean_rel_oracle_gap": 0.011471467847881783,
      "mean_excess_s": 0.0093044925124792,
      "selected_s_std": 0.01264626142098636,
      "failure_rate": 0.0,
      "n_failed": 0
    },
    "NGS": {
      "method": "NGS",
      "n_reps": 1000,
      "target": 0.95,
      "coverage": 0.589,
      "coverage_lo": 0.5582210567913957,
      "coverage_hi": 0.6190977801981754,
      "coverage_gap": -0.361,
      "meets_target": false,
      "significantly_below": true,
      "mean_obj": -7.767573731730957,
      "obj_se": 0.012799074541372378,
      "mean_oracle_gap": 0.10824071844549528,
      "oracle_gap_se": 0.008469693675286702,
      "mean_rel_oracle_gap": 0.013936239648395896,
      "mean_excess_s": 0.010582362728785356,
      "selected_s_std": 0.01152453864547258,
      "failure_rate": 0.0,
      "n_failed": 0
    },
    "UNGS": {
      "method": "UNGS",
      "n_reps": 1000,
      "target": 0.95,
      "coverage": 0.591,
      "coverage_lo": 0.560235954911328,
      "coverage_hi": 0.6210675750443009,
      "coverage_gap": -0.359,
      "meets_target": false,
      "significantly_below": true,
      "mean_obj": -7.762812846402442,
      "obj_se": 0.012937414442563957,
      "mean_oracle_gap": 0.11616232464934825,
      "oracle_gap_se": 0.008431142082001802,
      "mean_rel_oracle_gap": 0.014997750777569345,
      "mean_excess_s": 0.010821963394342762,
      "selected_s_std": 0.011290215807192215,
      "failure_rate": 0.0,
      "n_failed": 0
    },
    "_n_replication_errors": 0
  }
}