{
  "config": "paper_saa",
  "n": 400,
  "split": 0.8,
  "d": 10,
  "reps": 1000,
  "include_existing": false,
  "elapsed_s": 1204.0849056243896,
  "summaries": {
    "NV": {
      "method": "NV",
      "n_reps": 1000,
      "target": 0.95,
      "coverage": 0.392,
      "coverage_lo": 0.3622102251883648,
      "coverage_hi": 0.42261635464451514,
      "coverage_gap": -0.5579999999999999,
      "meets_target": false,
      "significantly_below": true,
      "mean_obj": -7.971661820137617,
      "obj_se": 0.007314056684933003,
      "mean_oracle_gap": -0.06856776591067065,
      "oracle_gap_se": 0.007375979316966451,
      "mean_rel_oracle_gap": -0.008693066471656612,
      "mean_excess_s": -0.009204,
      "selected_s_std": 0.02382938218786747,
      "failure_rate": 0.0,
      "n_failed": 0
    },
    "UG": {
      "method": "UG",
      "n_reps": 1000,
      "target": 0.95,
      "coverage": 0.906,
      "coverage_lo": 0.8863268456834931,
      "coverage_hi": 0.9225658264262363,
      "coverage_gap": -0.04399999999999993,
      "meets_target": false,
      "significantly_below": true,
      "mean_obj": -7.516517448421113,
      "obj_se": 0.009757392848318207,
      "mean_oracle_gap": 0.386576605805834,
      "oracle_gap_se": 0.009815806542041956,
      "mean_rel_oracle_gap": 0.04889679571863816,
      "mean_excess_s": 0.026524000000000002,
      "selected_s_std": 0.021924796388945022,
      "failure_rate": 0.0,
      "n_failed": 0
    },
    "NGS": {
      "method": "NGS",
      "n_reps": 1000,
      "target": 0.95,
      "coverage": 0.969,
      "coverage_lo": 0.9563345039877078,
      "coverage_hi": 0.9780759965528414,
      "coverage_gap": 0.019000000000000017,
      "meets_target": true,
      "significantly_below": false,
      "mean_obj": -7.3628605664653275,
      "obj_se": 0.010055968037059796,
      "mean_oracle_gap": 0.5402334877616183,
      "oracle_gap_se": 0.01013259842978035,
      "mean_rel_oracle_gap": 0.06833653860226378,
      "mean_excess_s": 0.035444,
      "selected_s_std": 0.018897584996996803,
      "failure_rate": 0.0,
      "n_failed": 0
    },
    "UNGS": {
      "method": "UNGS",
      "n_reps": 1000,
      "target": 0.95,
      "coverage": 0.981,
      "coverage_lo": 0.9705155440876868,
      "coverage_hi": 0.9878031142492091,
      "coverage_gap": 0.031000000000000028,
      "meets_target": true,
      "significantly_below": false,
      "mean_obj": -7.1720417545941,
      "obj_se": 0.010907619217448981,
      "mean_oracle_gap": 0.7310522996328473,
      "oracle_gap_se": 0.010958445214484913,
      "mean_rel_oracle_gap": 0.0924853412756129,
      "mean_excess_s": 0.04384400000000001,
      "selected_s_std": 0.017502798289072176,
      "failure_rate": 0.0,
      "n_failed": 0
    },
    "_n_replication_errors": 0
  }
}