{
  "config": "paper_saa",
  "n": 400,
  "split": 0.7,
  "d": 10,
  "reps": 1000,
  "include_existing": false,
  "elapsed_s": 735.1438453197479,
  "summaries": {
    "NV": {
      "method": "NV",
      "n_reps": 1000,
      "target": 0.95,
      "coverage": 0.364,
      "coverage_lo": 0.33475165091277503,
      "coverage_hi": 0.3942892273952959,
      "coverage_gap": -0.586,
      "meets_target": false,
      "significantly_below": true,
      "mean_obj": -7.973815480763327,
      "obj_se": 0.006538519445402948,
      "mean_oracle_gap": -0.07460277384710365,
      "oracle_gap_se": 0.006626533144418994,
      "mean_rel_oracle_gap": -0.009463849187885849,
      "mean_excess_s": -0.009596,
      "selected_s_std": 0.022853147055281697,
      "failure_rate": 0.0,
      "n_failed": 0
    },
    "UG": {
      "method": "UG",
      "n_reps": 1000,
      "target": 0.95,
      "coverage": 0.909,
      "coverage_lo": 0.88957441593046,
      "coverage_hi": 0.9252952956283559,
      "coverage_gap": -0.040999999999999925,
      "meets_target": false,
      "significantly_below": true,
      "mean_obj": -7.580409560857583,
      "obj_se": 0.008248017666277752,
      "mean_oracle_gap": 0.31880314605864185,
      "oracle_gap_se": 0.008345570060078623,
      "mean_rel_oracle_gap": 0.040336608493184545,
      "mean_excess_s": 0.023068,
      "selected_s_std": 0.01989988958777424,
      "failure_rate": 0.0,
      "n_failed": 0
    },
    "NGS": {
      "method": "NGS",
      "n_reps": 1000,
      "target": 0.95,
      "coverage": 0.965,
      "coverage_lo": 0.9517133776255466,
      "coverage_hi": 0.9747277369828871,
      "coverage_gap": 0.015000000000000013,
      "meets_target": true,
      "significantly_below": false,
      "mean_obj": -7.45542053238483,
      "obj_se": 0.008634310333281384,
      "mean_oracle_gap": 0.4437921745313938,
      "oracle_gap_se": 0.008736745797503272,
      "mean_rel_oracle_gap": 0.05615859659612071,
      "mean_excess_s": 0.03072,
      "selected_s_std": 0.01779912427129,
      "failure_rate": 0.0,
      "n_failed": 0
    },
    "UNGS": {
      "method": "UNGS",
      "n_reps": 1000,
      "target": 0.95,
      "coverage": 0.98,
      "coverage_lo": 0.9693099947702822,
      "coverage_hi": 0.987016317083585,
      "coverage_gap": 0.030000000000000027,
      "meets_target": true,
      "significantly_below": false,
      "mean_obj": -7.260744119707319,
      "obj_se": 0.009980300989238605,
      "mean_oracle_gap": 0.6384685872089049,
      "oracle_gap_se": 0.01006005855532928,
      "mean_rel_oracle_gap": 0.08080564506157852,
      "mean_excess_s": 0.03999200000000001,
      "selected_s_std": 0.017020921707586102,
      "failure_rate": 0.0,
      "n_failed": 0
    },
    "_n_replication_errors": 0
  }
}