{
  "config": "paper_saa",
  "n": 400,
  "split": 0.4,
  "d": 10,
  "reps": 300,
  "include_existing": false,
  "elapsed_s": 106.79458808898926,
  "summaries": {
    "NV": {
      "method": "NV",
      "n_reps": 300,
      "target": 0.95,
      "coverage": 0.49666666666666665,
      "coverage_lo": 0.4404895596001963,
      "coverage_hi": 0.5529280602079671,
      "coverage_gap": -0.4533333333333333,
      "meets_target": false,
      "significantly_below": true,
      "mean_obj": -7.899596465133664,
      "obj_se": 0.01030504895703348,
      "mean_oracle_gap": -0.04531567729024186,
      "oracle_gap_se": 0.01047588672902618,
      "mean_rel_oracle_gap": -0.005807233432470753,
      "mean_excess_s": -0.00476,
      "selected_s_std": 0.022031512851559427,
      "failure_rate": 0.0,
      "n_failed": 0
    },
    "UG": {
      "method": "UG",
      "n_reps": 300,
      "target": 0.95,
      "coverage": 0.9366666666666666,
      "coverage_lo": 0.9032086875144784,
      "coverage_hi": 0.9590831176160847,
      "coverage_gap": -0.013333333333333308,
      "meets_target": false,
      "significantly_below": false,
      "mean_obj": -7.607646155436495,
      "obj_se": 0.012070232541204774,
      "mean_oracle_gap": 0.24663463240692665,
      "oracle_gap_se": 0.012291814120999885,
      "mean_rel_oracle_gap": 0.0313607783962271,
      "mean_excess_s": 0.0164,
      "selected_s_std": 0.018170990147571592,
      "failure_rate": 0.0,
      "n_failed": 0
    },
    "NGS": {
      "method": "NGS",
      "n_reps": 300,
      "target": 0.95,
      "coverage": 0.9833333333333333,
      "coverage_lo": 0.9615846051669054,
      "coverage_hi": 0.9928605226493666,
      "coverage_gap": 0.033333333333333326,
      "meets_target": true,
      "significantly_below": false,
      "mean_obj": -7.476411025377447,
      "obj_se": 0.013960128560071209,
      "mean_oracle_gap": 0.3778697624659756,
      "oracle_gap_se": 0.014234907467043421,
      "mean_rel_oracle_gap": 0.04806461689043227,
      "mean_excess_s": 0.023520000000000003,
      "selected_s_std": 0.01567948193806651,
      "failure_rate": 0.0,
      "n_failed": 0
    },
    "UNGS": {
      "method": "UNGS",
      "n_reps": 300,
      "target": 0.95,
      "coverage": 0.9833333333333333,
      "coverage_lo": 0.9615846051669054,
      "coverage_hi": 0.9928605226493666,
      "coverage_gap": 0.033333333333333326,
      "meets_target": true,
      "significantly_below": false,
      "mean_obj": -7.372411911144818,
      "obj_se": 0.01638427908633835,
      "mean_oracle_gap": 0.48186887669860207,
      "oracle_gap_se": 0.01663956699130458,
      "mean_rel_oracle_gap": 0.061304831630647635,
      "mean_excess_s": 0.027573333333333335,
      "selected_s_std": 0.01595075476209482,
      "failure_rate": 0.0,
      "n_failed": 0
    },
    "_n_replication_errors": 0
  }
}