{
  "config": "paper_saa",
  "n": 400,
  "split": 0.4,
  "d": 10,
  "reps": 1000,
  "include_existing": false,
  "elapsed_s": 66.60945844650269,
  "summaries": {
    "NV": {
      "method": "NV",
      "n_reps": 1000,
      "target": 0.95,
      "coverage": 0.504,
      "coverage_lo": 0.4730552793350446,
      "coverage_hi": 0.5349141065970708,
      "coverage_gap": -0.44599999999999995,
      "meets_target": false,
      "significantly_below": true,
      "mean_obj": -7.902410301352833,
      "obj_se": 0.005812070870817296,
      "mean_oracle_gap": -0.042624675749890005,
      "oracle_gap_se": 0.005851608611023271,
      "mean_rel_oracle_gap": -0.005453960336575808,
      "mean_excess_s": -0.005124,
      "selected_s_std": 0.022405767525760383,
      "failure_rate": 0.0,
      "n_failed": 0
    },
    "UG": {
      "method": "UG",
      "n_reps": 1000,
      "target": 0.95,
      "coverage": 0.938,
      "coverage_lo": 0.9213119396866343,
      "coverage_hi": 0.9513358198800193,
      "coverage_gap": -0.01200000000000001,
      "meets_target": false,
      "significantly_below": false,
      "mean_obj": -7.606035234567339,
      "obj_se": 0.0068525834059329225,
      "mean_oracle_gap": 0.253750391035604,
      "oracle_gap_se": 0.006907819128252483,
      "mean_rel_oracle_gap": 0.03225315890404999,
      "mean_excess_s": 0.016916000000000004,
      "selected_s_std": 0.01827779192565879,
      "failure_rate": 0.0,
      "n_failed": 0
    },
    "NGS": {
      "method": "NGS",
      "n_reps": 1000,
      "target": 0.95,
      "coverage": 0.978,
      "coverage_lo": 0.9669143266526004,
      "coverage_hi": 0.985427292235209,
      "coverage_gap": 0.028000000000000025,
      "meets_target": true,
      "significantly_below": false,
      "mean_obj": -7.480443368326945,
      "obj_se": 0.007173214353905643,
      "mean_oracle_gap": 0.3793422572759963,
      "oracle_gap_se": 0.0072632911677413215,
      "mean_rel_oracle_gap": 0.04822849888804735,
      "mean_excess_s": 0.024144000000000002,
      "selected_s_std": 0.01529523717633304,
      "failure_rate": 0.0,
      "n_failed": 0
    },
    "UNGS": {
      "method": "UNGS",
      "n_reps": 1000,
      "target": 0.95,
      "coverage": 0.985,
      "coverage_lo": 0.9753990230730932,
      "coverage_hi": 0.9908890211959184,
      "coverage_gap": 0.03500000000000003,
      "meets_target": true,
      "significantly_below": false,
      "mean_obj": -7.386336518199503,
      "obj_se": 0.008055820037585917,
      "mean_oracle_gap": 0.4734491074034386,
      "oracle_gap_se": 0.008086655847004152,
      "mean_rel_oracle_gap": 0.06020889971418519,
      "mean_excess_s": 0.028252000000000003,
      "selected_s_std": 0.01528846235175667,
      "failure_rate": 0.0,
      "n_failed": 0
    },
    "_n_replication_errors": 0
  }
}