{
  "config": "paper_saa",
  "n": 400,
  "split": 0.6,
  "d": 10,
  "reps": 1000,
  "include_existing": false,
  "elapsed_s": 360.85247683525085,
  "summaries": {
    "NV": {
      "method": "NV",
      "n_reps": 1000,
      "target": 0.95,
      "coverage": 0.386,
      "coverage_lo": 0.35631736299485905,
      "coverage_hi": 0.41655513793984755,
      "coverage_gap": -0.564,
      "meets_target": false,
      "significantly_below": true,
      "mean_obj": -7.969105109948682,
      "obj_se": 0.005994606114459448,
      "mean_oracle_gap": -0.07510765923373575,
      "oracle_gap_se": 0.006018046164422199,
      "mean_rel_oracle_gap": -0.009527167562646635,
      "mean_excess_s": -0.008748,
      "selected_s_std": 0.0217654597755076,
      "failure_rate": 0.0,
      "n_failed": 0
    },
    "UG": {
      "method": "UG",
      "n_reps": 1000,
      "target": 0.95,
      "coverage": 0.928,
      "coverage_lo": 0.9102882164172793,
      "coverage_hi": 0.9424360783190856,
      "coverage_gap": -0.02199999999999991,
      "meets_target": false,
      "significantly_below": true,
      "mean_obj": -7.5852509964877175,
      "obj_se": 0.007540702242475158,
      "mean_oracle_gap": 0.3087464542272297,
      "oracle_gap_se": 0.007525791948750812,
      "mean_rel_oracle_gap": 0.0391039755836716,
      "mean_excess_s": 0.021180000000000004,
      "selected_s_std": 0.017713681449955866,
      "failure_rate": 0.0,
      "n_failed": 0
    },
    "NGS": {
      "method": "NGS",
      "n_reps": 1000,
      "target": 0.95,
      "coverage": 0.979,
      "coverage_lo": 0.9681097049387625,
      "coverage_hi": 0.9862242604320758,
      "coverage_gap": 0.029000000000000026,
      "meets_target": true,
      "significantly_below": false,
      "mean_obj": -7.444482421606432,
      "obj_se": 0.007893086234042631,
      "mean_oracle_gap": 0.4495150291085144,
      "oracle_gap_se": 0.00789384045974073,
      "mean_rel_oracle_gap": 0.05693477806853673,
      "mean_excess_s": 0.029276000000000003,
      "selected_s_std": 0.015298545731588396,
      "failure_rate": 0.0,
      "n_failed": 0
    },
    "UNGS": {
      "method": "UNGS",
      "n_reps": 1000,
      "target": 0.95,
      "coverage": 0.985,
      "coverage_lo": 0.9753990230730932,
      "coverage_hi": 0.9908890211959184,
      "coverage_gap": 0.03500000000000003,
      "meets_target": true,
      "significantly_below": false,
      "mean_obj": -7.306467618783297,
      "obj_se": 0.009250731646694297,
      "mean_oracle_gap": 0.5875298319316501,
      "oracle_gap_se": 0.00928199643304495,
      "mean_rel_oracle_gap": 0.07441410324241327,
      "mean_excess_s": 0.034836,
      "selected_s_std": 0.015373602168771107,
      "failure_rate": 0.0,
      "n_failed": 0
    },
    "_n_replication_errors": 0
  }
}