{
  "config": "paper_saa",
  "n": 400,
  "split": 0.7,
  "d": 10,
  "reps": 300,
  "include_existing": false,
  "elapsed_s": 1071.2534828186035,
  "summaries": {
    "NV": {
      "method": "NV",
      "n_reps": 300,
      "target": 0.95,
      "coverage": 0.3566666666666667,
      "coverage_lo": 0.30458741740255907,
      "coverage_hi": 0.41237023434847747,
      "coverage_gap": -0.5933333333333333,
      "meets_target": false,
      "significantly_below": true,
      "mean_obj": -7.978206429275497,
      "obj_se": 0.011594529693468799,
      "mean_oracle_gap": -0.08172174210389267,
      "oracle_gap_se": 0.011624161080359699,
      "mean_rel_oracle_gap": -0.010362111683737206,
      "mean_excess_s": -0.010333333333333333,
      "selected_s_std": 0.0226542034067751,
      "failure_rate": 0.0,
      "n_failed": 0
    },
    "UG": {
      "method": "UG",
      "n_reps": 300,
      "target": 0.95,
      "coverage": 0.9133333333333333,
      "coverage_lo": 0.8760440413057516,
      "coverage_hi": 0.9401711024819569,
      "coverage_gap": -0.036666666666666625,
      "meets_target": false,
      "significantly_below": true,
      "mean_obj": -7.585847910826269,
      "obj_se": 0.014650200181800245,
      "mean_oracle_gap": 0.3106367763453344,
      "oracle_gap_se": 0.014671673878121126,
      "mean_rel_oracle_gap": 0.03932684504263077,
      "mean_excess_s": 0.022706666666666667,
      "selected_s_std": 0.0198837917107934,
      "failure_rate": 0.0,
      "n_failed": 0
    },
    "NGS": {
      "method": "NGS",
      "n_reps": 300,
      "target": 0.95,
      "coverage": 0.9566666666666667,
      "coverage_lo": 0.9272825343659885,
      "coverage_hi": 0.9745035519155927,
      "coverage_gap": 0.00666666666666671,
      "meets_target": true,
      "significantly_below": false,
      "mean_obj": -7.472590686472392,
      "obj_se": 0.015260281082633567,
      "mean_oracle_gap": 0.4238940006992134,
      "oracle_gap_se": 0.01537217638290662,
      "mean_rel_oracle_gap": 0.053663169392868706,
      "mean_excess_s": 0.030160000000000006,
      "selected_s_std": 0.01773900211989354,
      "failure_rate": 0.0,
      "n_failed": 0
    },
    "UNGS": {
      "method": "UNGS",
      "n_reps": 300,
      "target": 0.95,
      "coverage": 0.9766666666666667,
      "coverage_lo": 0.9526280277317246,
      "coverage_hi": 0.9886523397008747,
      "coverage_gap": 0.026666666666666727,
      "meets_target": true,
      "significantly_below": false,
      "mean_obj": -7.274148642184273,
      "obj_se": 0.018869877040545407,
      "mean_oracle_gap": 0.62233604498733,
      "oracle_gap_se": 0.018867829350036686,
      "mean_rel_oracle_gap": 0.07880270639557647,
      "mean_excess_s": 0.03930666666666667,
      "selected_s_std": 0.01797097126617594,
      "failure_rate": 0.0,
      "n_failed": 0
    },
    "_n_replication_errors": 0
  }
}