{
  "config": "paper_so",
  "n": 500,
  "split": 0.7,
  "d": 10,
  "reps": 1000,
  "include_existing": false,
  "elapsed_s": 76.17264294624329,
  "summaries": {
    "NV": {
      "method": "NV",
      "n_reps": 1000,
      "target": 0.95,
      "coverage": 0.668,
      "coverage_lo": 0.6382178440412442,
      "coverage_hi": 0.6964963651076094,
      "coverage_gap": -0.2819999999999999,
      "meets_target": false,
      "significantly_below": true,
      "mean_obj": -7.702050878773367,
      "obj_se": 0.0091716239768256,
      "mean_oracle_gap": -0.05143089278520091,
      "oracle_gap_se": 0.007478162936588556,
      "mean_rel_oracle_gap": -0.006885550516932678,
      "mean_excess_s": -1.72,
      "selected_s_std": 27.07699946264172,
      "failure_rate": 0.0,
      "n_failed": 0
    },
    "UG": {
      "method": "UG",
      "n_reps": 1000,
      "target": 0.95,
      "coverage": 0.975,
      "coverage_lo": 0.9633547107321566,
      "coverage_hi": 0.9830098687065659,
      "coverage_gap": 0.025000000000000022,
      "meets_target": true,
      "significantly_below": false,
      "mean_obj": -7.3840548579094625,
      "obj_se": 0.007701366149469652,
      "mean_oracle_gap": 0.26656512807870353,
      "oracle_gap_se": 0.008013903006212261,
      "mean_rel_oracle_gap": 0.034421304958832166,
      "mean_excess_s": 37.63,
      "selected_s_std": 52.12142053396548,
      "failure_rate": 0.0,
      "n_failed": 0
    },
    "NGS": {
      "method": "NGS",
      "n_reps": 1000,
      "target": 0.95,
      "coverage": 0.991,
      "coverage_lo": 0.982984183834662,
      "coverage_hi": 0.9952579393325229,
      "coverage_gap": 0.041000000000000036,
      "meets_target": true,
      "significantly_below": false,
      "mean_obj": -7.305400866505775,
      "obj_se": 0.007699209806231337,
      "mean_oracle_gap": 0.34521911948239087,
      "oracle_gap_se": 0.008523287711799159,
      "mean_rel_oracle_gap": 0.04463469481139248,
      "mean_excess_s": 51.935,
      "selected_s_std": 60.796862167791595,
      "failure_rate": 0.0,
      "n_failed": 0
    },
    "UNGS": {
      "method": "UNGS",
      "n_reps": 1000,
      "target": 0.95,
      "coverage": 0.998,
      "coverage_lo": 0.9927371921365079,
      "coverage_hi": 0.9994513564118793,
      "coverage_gap": 0.04800000000000004,
      "meets_target": true,
      "significantly_below": false,
      "mean_obj": -7.004183567522115,
      "obj_se": 0.007817239699708232,
      "mean_oracle_gap": 0.6464364184660517,
      "oracle_gap_se": 0.009614524016957096,
      "mean_rel_oracle_gap": 0.08387637436524487,
      "mean_excess_s": 141.102,
      "selected_s_std": 90.9878221949937,
      "failure_rate": 0.0,
      "n_failed": 0
    },
    "benchmark": {
      "method": "benchmark",
      "n_reps": 1000,
      "target": 0.95,
      "coverage": 1.0,
      "coverage_lo": 0.996173241514445,
      "coverage_hi": 1.0,
      "coverage_gap": 0.050000000000000044,
      "meets_target": true,
      "significantly_below": false,
      "mean_obj": -6.644861797938979,
      "obj_se": 0.00616923642542295,
      "mean_oracle_gap": 1.0057581880491875,
      "oracle_gap_se": 0.00822611309045376,
      "mean_rel_oracle_gap": 0.13089470095933137,
      "mean_excess_s": NaN,
      "selected_s_std": NaN,
      "failure_rate": 0.0,
      "n_failed": 0
    },
    "_n_replication_errors": 0
  }
}