{
  "config": "paper_so",
  "n": 500,
  "split": 0.9,
  "d": 10,
  "reps": 1000,
  "include_existing": false,
  "elapsed_s": 121.83931541442871,
  "summaries": {
    "NV": {
      "method": "NV",
      "n_reps": 1000,
      "target": 0.95,
      "coverage": 0.539,
      "coverage_lo": 0.5080142294521902,
      "coverage_hi": 0.5696872833859367,
      "coverage_gap": -0.4109999999999999,
      "meets_target": false,
      "significantly_below": true,
      "mean_obj": -7.778292816165986,
      "obj_se": 0.012650182551470478,
      "mean_oracle_gap": -0.14466449019764388,
      "oracle_gap_se": 0.012305121739737338,
      "mean_rel_oracle_gap": -0.01942565092375979,
      "mean_excess_s": -2.168,
      "selected_s_std": 33.58363507044085,
      "failure_rate": 0.0,
      "n_failed": 0
    },
    "UG": {
      "method": "UG",
      "n_reps": 1000,
      "target": 0.95,
      "coverage": 0.931,
      "coverage_lo": 0.9135852797713628,
      "coverage_hi": 0.9451160544140889,
      "coverage_gap": -0.018999999999999906,
      "meets_target": false,
      "significantly_below": true,
      "mean_obj": -7.296429324527122,
      "obj_se": 0.011472069980448495,
      "mean_oracle_gap": 0.33719900144121984,
      "oracle_gap_se": 0.011572306635374188,
      "mean_rel_oracle_gap": 0.04367785775585118,
      "mean_excess_s": 67.038,
      "selected_s_std": 89.2207079927902,
      "failure_rate": 0.0,
      "n_failed": 0
    },
    "NGS": {
      "method": "NGS",
      "n_reps": 1000,
      "target": 0.95,
      "coverage": 0.975,
      "coverage_lo": 0.9633547107321566,
      "coverage_hi": 0.9830098687065659,
      "coverage_gap": 0.025000000000000022,
      "meets_target": true,
      "significantly_below": false,
      "mean_obj": -7.119994100466305,
      "obj_se": 0.01075089622393444,
      "mean_oracle_gap": 0.513634225502037,
      "oracle_gap_se": 0.011374389495822269,
      "mean_rel_oracle_gap": 0.0667055949552973,
      "mean_excess_s": 114.061,
      "selected_s_std": 108.54197561990233,
      "failure_rate": 0.0,
      "n_failed": 0
    },
    "UNGS": {
      "method": "UNGS",
      "n_reps": 1000,
      "target": 0.95,
      "coverage": 0.992,
      "coverage_lo": 0.9842936654690199,
      "coverage_hi": 0.995940804181194,
      "coverage_gap": 0.04200000000000004,
      "meets_target": true,
      "significantly_below": false,
      "mean_obj": -6.981884561404297,
      "obj_se": 0.009759940952870177,
      "mean_oracle_gap": 0.6517437645640444,
      "oracle_gap_se": 0.010764690613026933,
      "mean_rel_oracle_gap": 0.08475208891914925,
      "mean_excess_s": 161.868,
      "selected_s_std": 115.89562414386359,
      "failure_rate": 0.0,
      "n_failed": 0
    },
    "benchmark": {
      "method": "benchmark",
      "n_reps": 1000,
      "target": 0.95,
      "coverage": 1.0,
      "coverage_lo": 0.996173241514445,
      "coverage_hi": 1.0,
      "coverage_gap": 0.050000000000000044,
      "meets_target": true,
      "significantly_below": false,
      "mean_obj": -6.650380862769218,
      "obj_se": 0.006461721520110135,
      "mean_oracle_gap": 0.9832474631991243,
      "oracle_gap_se": 0.008463954608301086,
      "mean_rel_oracle_gap": 0.12813650418152178,
      "mean_excess_s": null,
      "selected_s_std": null,
      "failure_rate": 0.0,
      "n_failed": 0
    },
    "_n_replication_errors": 0
  }
}