{
  "config": "paper_saa",
  "n": 400,
  "split": 0.2,
  "d": 10,
  "reps": 300,
  "include_existing": false,
  "elapsed_s": 8.524430274963379,
  "summaries": {
    "NV": {
      "method": "NV",
      "n_reps": 300,
      "target": 0.95,
      "coverage": 0.6,
      "coverage_lo": 0.5436365963411878,
      "coverage_hi": 0.653834809413903,
      "coverage_gap": -0.35,
      "meets_target": false,
      "significantly_below": true,
      "mean_obj": -7.815560403784163,
      "obj_se": 0.012471790973444289,
      "mean_oracle_gap": -0.038650702891589034,
      "oracle_gap_se": 0.012315470975853176,
      "mean_rel_oracle_gap": -0.0051240436951076815,
      "mean_excess_s": -0.00345985401459854,
      "selected_s_std": 0.02198220015707753,
      "failure_rate": 0.0,
      "n_failed": 0
    },
    "UG": {
      "method": "UG",
      "n_reps": 300,
      "target": 0.95,
      "coverage": 0.86,
      "coverage_lo": 0.8161683876490509,
      "coverage_hi": 0.8947286730692758,
      "coverage_gap": -0.08999999999999997,
      "meets_target": false,
      "significantly_below": true,
      "mean_obj": -7.604422354086139,
      "obj_se": 0.015652075134082555,
      "mean_oracle_gap": 0.19129187720428587,
      "oracle_gap_se": 0.015105461296479508,
      "mean_rel_oracle_gap": 0.024494443778770306,
      "mean_excess_s": 0.010554744525547444,
      "selected_s_std": 0.016123403708807594,
      "failure_rate": 0.0,
      "n_failed": 0
    },
    "NGS": {
      "method": "NGS",
      "n_reps": 300,
      "target": 0.95,
      "coverage": 0.8833333333333333,
      "coverage_lo": 0.8420668566758442,
      "coverage_hi": 0.9149068653853369,
      "coverage_gap": -0.06666666666666665,
      "meets_target": false,
      "significantly_below": true,
      "mean_obj": -7.5419900271757765,
      "obj_se": 0.01599721777427041,
      "mean_oracle_gap": 0.25903011946533216,
      "oracle_gap_se": 0.015404872463933626,
      "mean_rel_oracle_gap": 0.03319497022137037,
      "mean_excess_s": 0.015109489051094886,
      "selected_s_std": 0.011786120741807635,
      "failure_rate": 0.0,
      "n_failed": 0
    },
    "UNGS": {
      "method": "UNGS",
      "n_reps": 300,
      "target": 0.95,
      "coverage": 0.89,
      "coverage_lo": 0.8495437677561146,
      "coverage_hi": 0.9205947146887394,
      "coverage_gap": -0.05999999999999994,
      "meets_target": false,
      "significantly_below": true,
      "mean_obj": -7.508312617649108,
      "obj_se": 0.01720664597643619,
      "mean_oracle_gap": 0.29590319558942274,
      "oracle_gap_se": 0.016347227167111192,
      "mean_rel_oracle_gap": 0.037963896804037535,
      "mean_excess_s": 0.016554744525547442,
      "selected_s_std": 0.01154898249438098,
      "failure_rate": 0.0,
      "n_failed": 0
    },
    "_n_replication_errors": 0
  }
}