{
  "key": "paper_saa_n400_d10_t4",
  "config": "paper_saa",
  "n": 400,
  "split": 0.5,
  "d": 10,
  "reps": 500,
  "alpha": null,
  "beta": null,
  "dgp_params": {
    "kind": "multivariate_t",
    "df": 4
  },
  "folds": null,
  "mesh_p": null,
  "elapsed_s": 31.6151704788208,
  "summaries": {
    "NV": {
      "method": "NV",
      "n_reps": 500,
      "target": 0.95,
      "coverage": 0.446,
      "coverage_lo": 0.4030063915853302,
      "coverage_hi": 0.4898170371845176,
      "coverage_gap": -0.504,
      "meets_target": false,
      "significantly_below": true,
      "mean_obj": -8.237272132693175,
      "obj_se": 0.00918536638181472,
      "mean_oracle_gap": -0.0486886254306758,
      "oracle_gap_se": 0.009378419593898055,
      "mean_rel_oracle_gap": -0.00597535929975676,
      "mean_excess_s": -0.005880000000000001,
      "selected_s_std": 0.022656951668700617,
      "failure_rate": 0.0,
      "n_failed": 0
    },
    "UG": {
      "method": "UG",
      "n_reps": 500,
      "target": 0.95,
      "coverage": 0.912,
      "coverage_lo": 0.8839235279346099,
      "coverage_hi": 0.9337940155250711,
      "coverage_gap": -0.03799999999999992,
      "meets_target": false,
      "significantly_below": true,
      "mean_obj": -7.878708874688711,
      "obj_se": 0.012318484268195607,
      "mean_oracle_gap": 0.309874632573789,
      "oracle_gap_se": 0.01244724902741839,
      "mean_rel_oracle_gap": 0.037815868173107066,
      "mean_excess_s": 0.018552,
      "selected_s_std": 0.020469274496102533,
      "failure_rate": 0.0,
      "n_failed": 0
    },
    "NGS": {
      "method": "NGS",
      "n_reps": 500,
      "target": 0.95,
      "coverage": 0.992,
      "coverage_lo": 0.9796129641658948,
      "coverage_hi": 0.9968846848199377,
      "coverage_gap": 0.04200000000000004,
      "meets_target": true,
      "significantly_below": false,
      "mean_obj": -7.645286644753523,
      "obj_se": 0.014633749404874271,
      "mean_oracle_gap": 0.5432968625089755,
      "oracle_gap_se": 0.014776100700916586,
      "mean_rel_oracle_gap": 0.06631887860850377,
      "mean_excess_s": 0.029592000000000004,
      "selected_s_std": 0.016590475090468473,
      "failure_rate": 0.0,
      "n_failed": 0
    },
    "UNGS": {
      "method": "UNGS",
      "n_reps": 500,
      "target": 0.95,
      "coverage": 0.99,
      "coverage_lo": 0.9768069002442693,
      "coverage_hi": 0.9957212461034096,
      "coverage_gap": 0.040000000000000036,
      "meets_target": true,
      "significantly_below": false,
      "mean_obj": -7.5020761423495275,
      "obj_se": 0.017099280776296102,
      "mean_oracle_gap": 0.6865073649129724,
      "oracle_gap_se": 0.01722643801373651,
      "mean_rel_oracle_gap": 0.08380776222735886,
      "mean_excess_s": 0.033896,
      "selected_s_std": 0.017441560482483447,
      "failure_rate": 0.0,
      "n_failed": 0
    },
    "_n_replication_errors": 0
  }
}