{
  "key": "paper_saa_n400_d10_t3",
  "config": "paper_saa",
  "n": 400,
  "split": 0.5,
  "d": 10,
  "reps": 500,
  "alpha": null,
  "beta": null,
  "dgp_params": {
    "kind": "multivariate_t",
    "df": 3
  },
  "folds": null,
  "mesh_p": null,
  "elapsed_s": 21.675349235534668,
  "summaries": {
    "NV": {
      "method": "NV",
      "n_reps": 500,
      "target": 0.95,
      "coverage": 0.486,
      "coverage_lo": 0.4424649931129956,
      "coverage_hi": 0.5297484884199279,
      "coverage_gap": -0.46399999999999997,
      "meets_target": false,
      "significantly_below": true,
      "mean_obj": -8.46165634664203,
      "obj_se": 0.009326895153182671,
      "mean_oracle_gap": -0.030799831045115286,
      "oracle_gap_se": 0.00956024229845159,
      "mean_rel_oracle_gap": -0.0036823628571946206,
      "mean_excess_s": -0.004384000000000001,
      "selected_s_std": 0.022491111582142863,
      "failure_rate": 0.0,
      "n_failed": 0
    },
    "UG": {
      "method": "UG",
      "n_reps": 500,
      "target": 0.95,
      "coverage": 0.928,
      "coverage_lo": 0.9019315959830375,
      "coverage_hi": 0.9475419685818739,
      "coverage_gap": -0.02199999999999991,
      "meets_target": false,
      "significantly_below": true,
      "mean_obj": -8.083198171509382,
      "obj_se": 0.01412215269240771,
      "mean_oracle_gap": 0.34765834408753166,
      "oracle_gap_se": 0.014283006247424271,
      "mean_rel_oracle_gap": 0.04120791490697677,
      "mean_excess_s": 0.021384,
      "selected_s_std": 0.02144745211918678,
      "failure_rate": 0.0,
      "n_failed": 0
    },
    "NGS": {
      "method": "NGS",
      "n_reps": 500,
      "target": 0.95,
      "coverage": 0.982,
      "coverage_lo": 0.9661483290912607,
      "coverage_hi": 0.990501806703803,
      "coverage_gap": 0.03200000000000003,
      "meets_target": true,
      "significantly_below": false,
      "mean_obj": -7.8687686785452104,
      "obj_se": 0.015256582754685721,
      "mean_oracle_gap": 0.5620878370517041,
      "oracle_gap_se": 0.015426629932768133,
      "mean_rel_oracle_gap": 0.06664019811925204,
      "mean_excess_s": 0.031928000000000005,
      "selected_s_std": 0.017953703990373347,
      "failure_rate": 0.0,
      "n_failed": 0
    },
    "UNGS": {
      "method": "UNGS",
      "n_reps": 500,
      "target": 0.95,
      "coverage": 0.986,
      "coverage_lo": 0.9713869308622147,
      "coverage_hi": 0.9932022102091564,
      "coverage_gap": 0.03600000000000003,
      "meets_target": true,
      "significantly_below": false,
      "mean_obj": -7.715446699146575,
      "obj_se": 0.019070852980943357,
      "mean_oracle_gap": 0.715409816450339,
      "oracle_gap_se": 0.019083845462841437,
      "mean_rel_oracle_gap": 0.08484317067677193,
      "mean_excess_s": 0.036128,
      "selected_s_std": 0.019441243269908422,
      "failure_rate": 0.0,
      "n_failed": 0
    },
    "_n_replication_errors": 0
  }
}