{
  "key": "paper_saa_n400_d10_t30",
  "config": "paper_saa",
  "n": 400,
  "split": 0.5,
  "d": 10,
  "reps": 500,
  "alpha": null,
  "beta": null,
  "dgp_params": {
    "kind": "multivariate_t",
    "df": 30
  },
  "folds": null,
  "mesh_p": null,
  "elapsed_s": 43.541216135025024,
  "summaries": {
    "NV": {
      "method": "NV",
      "n_reps": 500,
      "target": 0.95,
      "coverage": 0.5,
      "coverage_lo": 0.4563412653024843,
      "coverage_hi": 0.5436587346975157,
      "coverage_gap": -0.44999999999999996,
      "meets_target": false,
      "significantly_below": true,
      "mean_obj": -7.9478495745876385,
      "obj_se": 0.009232632236842848,
      "mean_oracle_gap": -0.043815662864639934,
      "oracle_gap_se": 0.00944880943943309,
      "mean_rel_oracle_gap": -0.0055764399925786546,
      "mean_excess_s": -0.006408,
      "selected_s_std": 0.02418931876437551,
      "failure_rate": 0.0,
      "n_failed": 0
    },
    "UG": {
      "method": "UG",
      "n_reps": 500,
      "target": 0.95,
      "coverage": 0.894,
      "coverage_lo": 0.8639490699892671,
      "coverage_hi": 0.9180429497270297,
      "coverage_gap": -0.05599999999999994,
      "meets_target": false,
      "significantly_below": true,
      "mean_obj": -7.651386221787712,
      "obj_se": 0.010498276864186928,
      "mean_oracle_gap": 0.2526476899352869,
      "oracle_gap_se": 0.010653823938642646,
      "mean_rel_oracle_gap": 0.03193570344740496,
      "mean_excess_s": 0.017064,
      "selected_s_std": 0.020734257132525278,
      "failure_rate": 0.0,
      "n_failed": 0
    },
    "NGS": {
      "method": "NGS",
      "n_reps": 500,
      "target": 0.95,
      "coverage": 0.978,
      "coverage_lo": 0.9610391387886836,
      "coverage_hi": 0.9876719917300725,
      "coverage_gap": 0.028000000000000025,
      "meets_target": true,
      "significantly_below": false,
      "mean_obj": -7.470138440525348,
      "obj_se": 0.011385503131428387,
      "mean_oracle_gap": 0.43389547119764993,
      "oracle_gap_se": 0.011540638626655863,
      "mean_rel_oracle_gap": 0.05486655253206819,
      "mean_excess_s": 0.027840000000000004,
      "selected_s_std": 0.016985163394889733,
      "failure_rate": 0.0,
      "n_failed": 0
    },
    "UNGS": {
      "method": "UNGS",
      "n_reps": 500,
      "target": 0.95,
      "coverage": 0.984,
      "coverage_lo": 0.9687488914666058,
      "coverage_hi": 0.9918707469666117,
      "coverage_gap": 0.03400000000000003,
      "meets_target": true,
      "significantly_below": false,
      "mean_obj": -7.345224708184702,
      "obj_se": 0.013342766618134608,
      "mean_oracle_gap": 0.5588092035382979,
      "oracle_gap_se": 0.013473969364158813,
      "mean_rel_oracle_gap": 0.070670985916912,
      "mean_excess_s": 0.0326,
      "selected_s_std": 0.016799992365682012,
      "failure_rate": 0.0,
      "n_failed": 0
    },
    "_n_replication_errors": 0
  }
}