{
  "key": "paper_saa_n400_d10_t10",
  "config": "paper_saa",
  "n": 400,
  "split": 0.5,
  "d": 10,
  "reps": 500,
  "alpha": null,
  "beta": null,
  "dgp_params": {
    "kind": "multivariate_t",
    "df": 10
  },
  "folds": null,
  "mesh_p": null,
  "elapsed_s": 38.290696144104004,
  "summaries": {
    "NV": {
      "method": "NV",
      "n_reps": 500,
      "target": 0.95,
      "coverage": 0.404,
      "coverage_lo": 0.36187922469306827,
      "coverage_hi": 0.44758464867554987,
      "coverage_gap": -0.5459999999999999,
      "meets_target": false,
      "significantly_below": true,
      "mean_obj": -8.032026062702718,
      "obj_se": 0.008449057390414875,
      "mean_oracle_gap": -0.07027844068420362,
      "oracle_gap_se": 0.008578520297444124,
      "mean_rel_oracle_gap": -0.00884961703445581,
      "mean_excess_s": -0.0077280000000000005,
      "selected_s_std": 0.022214200805675405,
      "failure_rate": 0.0,
      "n_failed": 0
    },
    "UG": {
      "method": "UG",
      "n_reps": 500,
      "target": 0.95,
      "coverage": 0.912,
      "coverage_lo": 0.8839235279346099,
      "coverage_hi": 0.9337940155250711,
      "coverage_gap": -0.03799999999999992,
      "meets_target": false,
      "significantly_below": true,
      "mean_obj": -7.703312984609469,
      "obj_se": 0.010785597318206663,
      "mean_oracle_gap": 0.2584346374090454,
      "oracle_gap_se": 0.010759855248613573,
      "mean_rel_oracle_gap": 0.03244893670399608,
      "mean_excess_s": 0.016975999999999998,
      "selected_s_std": 0.019357223670155615,
      "failure_rate": 0.0,
      "n_failed": 0
    },
    "NGS": {
      "method": "NGS",
      "n_reps": 500,
      "target": 0.95,
      "coverage": 0.986,
      "coverage_lo": 0.9713869308622147,
      "coverage_hi": 0.9932022102091564,
      "coverage_gap": 0.03600000000000003,
      "meets_target": true,
      "significantly_below": false,
      "mean_obj": -7.510506144050008,
      "obj_se": 0.011937159353938466,
      "mean_oracle_gap": 0.4512414779685066,
      "oracle_gap_se": 0.011985155740497426,
      "mean_rel_oracle_gap": 0.056659495394600044,
      "mean_excess_s": 0.027584000000000004,
      "selected_s_std": 0.015980049686279196,
      "failure_rate": 0.0,
      "n_failed": 0
    },
    "UNGS": {
      "method": "UNGS",
      "n_reps": 500,
      "target": 0.95,
      "coverage": 0.982,
      "coverage_lo": 0.9661483290912607,
      "coverage_hi": 0.990501806703803,
      "coverage_gap": 0.03200000000000003,
      "meets_target": true,
      "significantly_below": false,
      "mean_obj": -7.370780306058479,
      "obj_se": 0.013756137983467403,
      "mean_oracle_gap": 0.5909673159600343,
      "oracle_gap_se": 0.013760091061610491,
      "mean_rel_oracle_gap": 0.0742137000762606,
      "mean_excess_s": 0.032504000000000005,
      "selected_s_std": 0.01636935599317403,
      "failure_rate": 0.0,
      "n_failed": 0
    },
    "_n_replication_errors": 0
  }
}