{
  "key": "paper_dro_wasserstein_n200_d10_t4",
  "config": "paper_dro_wasserstein",
  "n": 200,
  "split": 0.5,
  "d": 10,
  "reps": 500,
  "alpha": null,
  "beta": null,
  "dgp_params": {
    "kind": "multivariate_t",
    "df": 4
  },
  "folds": null,
  "mesh_p": null,
  "elapsed_s": 80.27969765663147,
  "summaries": {
    "NV": {
      "method": "NV",
      "n_reps": 500,
      "target": 0.95,
      "coverage": 0.45,
      "coverage_lo": 0.4069396517813318,
      "coverage_hi": 0.4938227822648235,
      "coverage_gap": -0.49999999999999994,
      "meets_target": false,
      "significantly_below": true,
      "mean_obj": -8.189546818054811,
      "obj_se": 0.014704256063101771,
      "mean_oracle_gap": -0.07909427022831333,
      "oracle_gap_se": 0.015235054844311135,
      "mean_rel_oracle_gap": -0.009889714397689275,
      "mean_excess_s": -0.0007892372987562675,
      "selected_s_std": 0.02166349225626066,
      "failure_rate": 0.0,
      "n_failed": 0
    },
    "UG": {
      "method": "UG",
      "n_reps": 500,
      "target": 0.95,
      "coverage": 0.918,
      "coverage_lo": 0.8906451408426114,
      "coverage_hi": 0.9389809105315311,
      "coverage_gap": -0.03199999999999992,
      "meets_target": false,
      "significantly_below": true,
      "mean_obj": -7.635500033051442,
      "obj_se": 0.01933168888789519,
      "mean_oracle_gap": 0.4749525147750577,
      "oracle_gap_se": 0.01971348514095673,
      "mean_rel_oracle_gap": 0.05843764815346179,
      "mean_excess_s": 0.03570085219812782,
      "selected_s_std": 0.040992169568087246,
      "failure_rate": 0.0,
      "n_failed": 0
    },
    "NGS": {
      "method": "NGS",
      "n_reps": 500,
      "target": 0.95,
      "coverage": 0.968,
      "coverage_lo": 0.9486551309545582,
      "coverage_hi": 0.9802084863734289,
      "coverage_gap": 0.018000000000000016,
      "meets_target": true,
      "significantly_below": false,
      "mean_obj": -7.329053425894522,
      "obj_se": 0.02325427447563412,
      "mean_oracle_gap": 0.7813991219319772,
      "oracle_gap_se": 0.02342485622650738,
      "mean_rel_oracle_gap": 0.09625377794354438,
      "mean_excess_s": 0.06631502354295944,
      "selected_s_std": 0.06753592159418186,
      "failure_rate": 0.0,
      "n_failed": 0
    },
    "UNGS": {
      "method": "UNGS",
      "n_reps": 500,
      "target": 0.95,
      "coverage": 0.976,
      "coverage_lo": 0.9585229425360993,
      "coverage_hi": 0.986218685344503,
      "coverage_gap": 0.026000000000000023,
      "meets_target": true,
      "significantly_below": false,
      "mean_obj": -6.8836943732218785,
      "obj_se": 0.031385550513857365,
      "mean_oracle_gap": 1.2267581746046208,
      "oracle_gap_se": 0.031422033167381104,
      "mean_rel_oracle_gap": 0.15119500201514602,
      "mean_excess_s": 0.12914998448045945,
      "selected_s_std": 0.11687065130144622,
      "failure_rate": 0.0,
      "n_failed": 0
    },
    "_n_replication_errors": 0
  }
}