{
  "key": "paper_so_n500_d10_t6",
  "config": "paper_so",
  "n": 500,
  "split": 0.5,
  "d": 10,
  "reps": 500,
  "alpha": null,
  "beta": null,
  "dgp_params": {
    "kind": "multivariate_t",
    "df": 6
  },
  "folds": null,
  "mesh_p": 60,
  "elapsed_s": 4.209441423416138,
  "summaries": {
    "NV": {
      "method": "NV",
      "n_reps": 500,
      "target": 0.95,
      "coverage": 0.796,
      "coverage_lo": 0.758484663357909,
      "coverage_hi": 0.8290017270888521,
      "coverage_gap": -0.15399999999999991,
      "meets_target": false,
      "significantly_below": true,
      "mean_obj": -7.764416287456352,
      "obj_se": 0.01604767840078293,
      "mean_oracle_gap": -0.03359264252736532,
      "oracle_gap_se": 0.013320434225720339,
      "mean_rel_oracle_gap": -0.004910968620766706,
      "mean_excess_s": -0.188,
      "selected_s_std": 24.381545963435837,
      "failure_rate": 0.0,
      "n_failed": 0
    },
    "UG": {
      "method": "UG",
      "n_reps": 500,
      "target": 0.95,
      "coverage": 0.988,
      "coverage_lo": 0.9740696388835527,
      "coverage_hi": 0.9944890048259724,
      "coverage_gap": 0.038000000000000034,
      "meets_target": true,
      "significantly_below": false,
      "mean_obj": -7.494236565264682,
      "obj_se": 0.014897472221832178,
      "mean_oracle_gap": 0.2365870796643042,
      "oracle_gap_se": 0.013630616116023009,
      "mean_rel_oracle_gap": 0.029929528437366217,
      "mean_excess_s": 21.956,
      "selected_s_std": 38.079049726274846,
      "failure_rate": 0.0,
      "n_failed": 0
    },
    "NGS": {
      "method": "NGS",
      "n_reps": 500,
      "target": 0.95,
      "coverage": 0.998,
      "coverage_lo": 0.9887592932948532,
      "coverage_hi": 0.9996468636054407,
      "coverage_gap": 0.04800000000000004,
      "meets_target": true,
      "significantly_below": false,
      "mean_obj": -7.350069942219746,
      "obj_se": 0.014286858863372316,
      "mean_oracle_gap": 0.38075370270924025,
      "oracle_gap_se": 0.015397943688471818,
      "mean_rel_oracle_gap": 0.04830079953028039,
      "mean_excess_s": 37.512,
      "selected_s_std": 47.40714438433678,
      "failure_rate": 0.0,
      "n_failed": 0
    },
    "UNGS": {
      "method": "UNGS",
      "n_reps": 500,
      "target": 0.95,
      "coverage": 0.998,
      "coverage_lo": 0.9887592932948532,
      "coverage_hi": 0.9996468636054407,
      "coverage_gap": 0.04800000000000004,
      "meets_target": true,
      "significantly_below": false,
      "mean_obj": -7.136005518230179,
      "obj_se": 0.014692777187239478,
      "mean_oracle_gap": 0.5948181266988071,
      "oracle_gap_se": 0.01746385028360578,
      "mean_rel_oracle_gap": 0.07578330621543924,
      "mean_excess_s": 71.394,
      "selected_s_std": 63.593231985083264,
      "failure_rate": 0.0,
      "n_failed": 0
    },
    "benchmark": {
      "method": "benchmark",
      "n_reps": 500,
      "target": 0.95,
      "coverage": 1.0,
      "coverage_lo": 0.9923756595384479,
      "coverage_hi": 1.0,
      "coverage_gap": 0.050000000000000044,
      "meets_target": true,
      "significantly_below": false,
      "mean_obj": -6.317031223261162,
      "obj_se": 0.014920944484132172,
      "mean_oracle_gap": 1.4137924216678255,
      "oracle_gap_se": 0.018728856619136158,
      "mean_rel_oracle_gap": 0.181720231221375,
      "mean_excess_s": null,
      "selected_s_std": null,
      "failure_rate": 0.0,
      "n_failed": 0
    },
    "_n_replication_errors": 0
  }
}