{
  "key": "paper_ro_ellipsoid_n500_d10_t10",
  "config": "paper_ro_ellipsoid",
  "n": 500,
  "split": 0.5,
  "d": 10,
  "reps": 500,
  "alpha": null,
  "beta": null,
  "dgp_params": {
    "kind": "multivariate_t",
    "df": 10
  },
  "folds": null,
  "mesh_p": null,
  "elapsed_s": 1.5316417217254639,
  "summaries": {
    "NV": {
      "method": "NV",
      "n_reps": 500,
      "target": 0.95,
      "coverage": 0.812,
      "coverage_lo": 0.775422375686958,
      "coverage_hi": 0.8438200358650336,
      "coverage_gap": -0.1379999999999999,
      "meets_target": false,
      "significantly_below": true,
      "mean_obj": -7.679796120934071,
      "obj_se": 0.01354135617026347,
      "mean_oracle_gap": -0.07436279332827866,
      "oracle_gap_se": 0.015577551557209789,
      "mean_rel_oracle_gap": -0.010480631108017741,
      "mean_excess_s": -0.16557224722363478,
      "selected_s_std": 0.7547092234722355,
      "failure_rate": 0.0,
      "n_failed": 0
    },
    "UG": {
      "method": "UG",
      "n_reps": 500,
      "target": 0.95,
      "coverage": 0.982,
      "coverage_lo": 0.9661483290912607,
      "coverage_hi": 0.990501806703803,
      "coverage_gap": 0.03200000000000003,
      "meets_target": true,
      "significantly_below": false,
      "mean_obj": -7.44005535015474,
      "obj_se": 0.008938533503962606,
      "mean_oracle_gap": 0.16537797745105223,
      "oracle_gap_se": 0.014135261757478307,
      "mean_rel_oracle_gap": 0.020815914801279457,
      "mean_excess_s": 0.3925791688904385,
      "selected_s_std": 0.541916205429653,
      "failure_rate": 0.0,
      "n_failed": 0
    },
    "NGS": {
      "method": "NGS",
      "n_reps": 500,
      "target": 0.95,
      "coverage": 0.99,
      "coverage_lo": 0.9768069002442693,
      "coverage_hi": 0.9957212461034096,
      "coverage_gap": 0.040000000000000036,
      "meets_target": true,
      "significantly_below": false,
      "mean_obj": -7.390464332721698,
      "obj_se": 0.008792271230680992,
      "mean_oracle_gap": 0.21496899488409427,
      "oracle_gap_se": 0.01439541145583523,
      "mean_rel_oracle_gap": 0.027298673979750297,
      "mean_excess_s": 0.5362854847886415,
      "selected_s_std": 0.6062844494607544,
      "failure_rate": 0.0,
      "n_failed": 0
    },
    "UNGS": {
      "method": "UNGS",
      "n_reps": 500,
      "target": 0.95,
      "coverage": 0.982,
      "coverage_lo": 0.9661483290912607,
      "coverage_hi": 0.990501806703803,
      "coverage_gap": 0.03200000000000003,
      "meets_target": true,
      "significantly_below": false,
      "mean_obj": -7.39603458227554,
      "obj_se": 0.01031082778434515,
      "mean_oracle_gap": 0.20939874533025216,
      "oracle_gap_se": 0.01471861789466306,
      "mean_rel_oracle_gap": 0.026647442441781872,
      "mean_excess_s": 0.5449013533517193,
      "selected_s_std": 0.7446754738137051,
      "failure_rate": 0.0,
      "n_failed": 0
    },
    "benchmark": {
      "method": "benchmark",
      "n_reps": 500,
      "target": 0.95,
      "coverage": 1.0,
      "coverage_lo": 0.9923756595384479,
      "coverage_hi": 1.0,
      "coverage_gap": 0.050000000000000044,
      "meets_target": true,
      "significantly_below": false,
      "mean_obj": -6.901634398385975,
      "obj_se": 7.95206533574069e-17,
      "mean_oracle_gap": 0.7037989292198186,
      "oracle_gap_se": 0.010246992816131334,
      "mean_rel_oracle_gap": 0.09173256198685731,
      "mean_excess_s": null,
      "selected_s_std": null,
      "failure_rate": 0.0,
      "n_failed": 0
    },
    "_n_replication_errors": 0
  }
}