{
  "key": "paper_so_n500_d10_t10",
  "config": "paper_so",
  "n": 500,
  "split": 0.5,
  "d": 10,
  "reps": 500,
  "alpha": null,
  "beta": null,
  "dgp_params": {
    "kind": "multivariate_t",
    "df": 10
  },
  "folds": null,
  "mesh_p": 60,
  "elapsed_s": 4.031507253646851,
  "summaries": {
    "NV": {
      "method": "NV",
      "n_reps": 500,
      "target": 0.95,
      "coverage": 0.812,
      "coverage_lo": 0.775422375686958,
      "coverage_hi": 0.8438200358650336,
      "coverage_gap": -0.1379999999999999,
      "meets_target": false,
      "significantly_below": true,
      "mean_obj": -7.6748247218173145,
      "obj_se": 0.014714339866248913,
      "mean_oracle_gap": -0.01927546838752701,
      "oracle_gap_se": 0.012615386745089528,
      "mean_rel_oracle_gap": -0.0030644942333374462,
      "mean_excess_s": 0.904,
      "selected_s_std": 27.602023973884776,
      "failure_rate": 0.0,
      "n_failed": 0
    },
    "UG": {
      "method": "UG",
      "n_reps": 500,
      "target": 0.95,
      "coverage": 0.982,
      "coverage_lo": 0.9661483290912607,
      "coverage_hi": 0.990501806703803,
      "coverage_gap": 0.03200000000000003,
      "meets_target": true,
      "significantly_below": false,
      "mean_obj": -7.435475791189271,
      "obj_se": 0.01437660920513584,
      "mean_oracle_gap": 0.22007346224051674,
      "oracle_gap_se": 0.013552408619963019,
      "mean_rel_oracle_gap": 0.028115150250337947,
      "mean_excess_s": 21.814,
      "selected_s_std": 39.77822543096756,
      "failure_rate": 0.0,
      "n_failed": 0
    },
    "NGS": {
      "method": "NGS",
      "n_reps": 500,
      "target": 0.95,
      "coverage": 0.994,
      "coverage_lo": 0.9825097478959467,
      "coverage_hi": 0.9979574037280398,
      "coverage_gap": 0.04400000000000004,
      "meets_target": true,
      "significantly_below": false,
      "mean_obj": -7.326250462966484,
      "obj_se": 0.01358444157993281,
      "mean_oracle_gap": 0.32929879046330485,
      "oracle_gap_se": 0.014257672708380376,
      "mean_rel_oracle_gap": 0.04221294383514916,
      "mean_excess_s": 36.724,
      "selected_s_std": 46.987324261789645,
      "failure_rate": 0.0,
      "n_failed": 0
    },
    "UNGS": {
      "method": "UNGS",
      "n_reps": 500,
      "target": 0.95,
      "coverage": 1.0,
      "coverage_lo": 0.9923756595384479,
      "coverage_hi": 1.0,
      "coverage_gap": 0.050000000000000044,
      "meets_target": true,
      "significantly_below": false,
      "mean_obj": -7.124455183086016,
      "obj_se": 0.01319000097126249,
      "mean_oracle_gap": 0.5310940703437722,
      "oracle_gap_se": 0.015523511011578348,
      "mean_rel_oracle_gap": 0.06838618116181609,
      "mean_excess_s": 71.066,
      "selected_s_std": 60.74799652798707,
      "failure_rate": 0.0,
      "n_failed": 0
    },
    "benchmark": {
      "method": "benchmark",
      "n_reps": 500,
      "target": 0.95,
      "coverage": 1.0,
      "coverage_lo": 0.9923756595384479,
      "coverage_hi": 1.0,
      "coverage_gap": 0.050000000000000044,
      "meets_target": true,
      "significantly_below": false,
      "mean_obj": -6.471395861272288,
      "obj_se": 0.012449132498958753,
      "mean_oracle_gap": 1.1841533921575,
      "oracle_gap_se": 0.016135859503656442,
      "mean_rel_oracle_gap": 0.1536311347372418,
      "mean_excess_s": NaN,
      "selected_s_std": NaN,
      "failure_rate": 0.0,
      "n_failed": 0
    },
    "_n_replication_errors": 0
  }
}