{
  "key": "paper_dro_wasserstein_n200_d10_t10",
  "config": "paper_dro_wasserstein",
  "n": 200,
  "split": 0.5,
  "d": 10,
  "reps": 500,
  "alpha": null,
  "beta": null,
  "dgp_params": {
    "kind": "multivariate_t",
    "df": 10
  },
  "folds": null,
  "mesh_p": null,
  "elapsed_s": 90.53654932975769,
  "summaries": {
    "NV": {
      "method": "NV",
      "n_reps": 500,
      "target": 0.95,
      "coverage": 0.538,
      "coverage_lo": 0.494176845283715,
      "coverage_hi": 0.581243704841207,
      "coverage_gap": -0.4119999999999999,
      "meets_target": false,
      "significantly_below": true,
      "mean_obj": -7.919755990329024,
      "obj_se": 0.015154732954382593,
      "mean_oracle_gap": -0.0453142094434935,
      "oracle_gap_se": 0.01562723546956679,
      "mean_rel_oracle_gap": -0.005898067312339384,
      "mean_excess_s": 0.0007084998381862807,
      "selected_s_std": 0.023622849972182385,
      "failure_rate": 0.0,
      "n_failed": 0
    },
    "UG": {
      "method": "UG",
      "n_reps": 500,
      "target": 0.95,
      "coverage": 0.936,
      "coverage_lo": 0.911047591162316,
      "coverage_hi": 0.9543039839552107,
      "coverage_gap": -0.013999999999999901,
      "meets_target": false,
      "significantly_below": false,
      "mean_obj": -7.4183849031839415,
      "obj_se": 0.017594346264374044,
      "mean_oracle_gap": 0.45605687770159004,
      "oracle_gap_se": 0.01787406572797492,
      "mean_rel_oracle_gap": 0.05780158915311303,
      "mean_excess_s": 0.035843660293672544,
      "selected_s_std": 0.04105874536473913,
      "failure_rate": 0.0,
      "n_failed": 0
    },
    "NGS": {
      "method": "NGS",
      "n_reps": 500,
      "target": 0.95,
      "coverage": 0.974,
      "coverage_lo": 0.9560285091657758,
      "coverage_hi": 0.9847436160766728,
      "coverage_gap": 0.02400000000000002,
      "meets_target": true,
      "significantly_below": false,
      "mean_obj": -7.21345337344911,
      "obj_se": 0.018184960324861926,
      "mean_oracle_gap": 0.66098840743642,
      "oracle_gap_se": 0.01844940922812948,
      "mean_rel_oracle_gap": 0.08383180635626579,
      "mean_excess_s": 0.055625665175323545,
      "selected_s_std": 0.04905067457848379,
      "failure_rate": 0.0,
      "n_failed": 0
    },
    "UNGS": {
      "method": "UNGS",
      "n_reps": 500,
      "target": 0.95,
      "coverage": 0.992,
      "coverage_lo": 0.9796129641658948,
      "coverage_hi": 0.9968846848199377,
      "coverage_gap": 0.04200000000000004,
      "meets_target": true,
      "significantly_below": false,
      "mean_obj": -6.791008489438474,
      "obj_se": 0.025100009562971686,
      "mean_oracle_gap": 1.0834332914470566,
      "oracle_gap_se": 0.024701684086909727,
      "mean_rel_oracle_gap": 0.137608337238379,
      "mean_excess_s": 0.11494075372969773,
      "selected_s_std": 0.09994315946979675,
      "failure_rate": 0.0,
      "n_failed": 0
    },
    "_n_replication_errors": 0
  }
}