{
  "key": "paper_so_n500_d10_t3",
  "config": "paper_so",
  "n": 500,
  "split": 0.5,
  "d": 10,
  "reps": 500,
  "alpha": null,
  "beta": null,
  "dgp_params": {
    "kind": "multivariate_t",
    "df": 3
  },
  "folds": null,
  "mesh_p": 60,
  "elapsed_s": 4.194643497467041,
  "summaries": {
    "NV": {
      "method": "NV",
      "n_reps": 500,
      "target": 0.95,
      "coverage": 0.84,
      "coverage_lo": 0.8052918208363085,
      "coverage_hi": 0.8695236276498359,
      "coverage_gap": -0.10999999999999999,
      "meets_target": false,
      "significantly_below": true,
      "mean_obj": -8.052106767177193,
      "obj_se": 0.020438745618435884,
      "mean_oracle_gap": -0.009419522989710076,
      "oracle_gap_se": 0.014450497782212827,
      "mean_rel_oracle_gap": -0.0016762553060774325,
      "mean_excess_s": 0.596,
      "selected_s_std": 21.360863113317585,
      "failure_rate": 0.0,
      "n_failed": 0
    },
    "UG": {
      "method": "UG",
      "n_reps": 500,
      "target": 0.95,
      "coverage": 0.99,
      "coverage_lo": 0.9768069002442693,
      "coverage_hi": 0.9957212461034096,
      "coverage_gap": 0.040000000000000036,
      "meets_target": true,
      "significantly_below": false,
      "mean_obj": -7.791541893456504,
      "obj_se": 0.019019857411496744,
      "mean_oracle_gap": 0.251145350730978,
      "oracle_gap_se": 0.016487479817889953,
      "mean_rel_oracle_gap": 0.030333276377376393,
      "mean_excess_s": 16.344,
      "selected_s_std": 31.642368985745364,
      "failure_rate": 0.0,
      "n_failed": 0
    },
    "NGS": {
      "method": "NGS",
      "n_reps": 500,
      "target": 0.95,
      "coverage": 1.0,
      "coverage_lo": 0.9923756595384479,
      "coverage_hi": 1.0,
      "coverage_gap": 0.050000000000000044,
      "meets_target": true,
      "significantly_below": false,
      "mean_obj": -7.647836240161989,
      "obj_se": 0.018538179733761234,
      "mean_oracle_gap": 0.39485100402549395,
      "oracle_gap_se": 0.018744670084811458,
      "mean_rel_oracle_gap": 0.04784277462057636,
      "mean_excess_s": 30.212,
      "selected_s_std": 43.0690051243909,
      "failure_rate": 0.0,
      "n_failed": 0
    },
    "UNGS": {
      "method": "UNGS",
      "n_reps": 500,
      "target": 0.95,
      "coverage": 1.0,
      "coverage_lo": 0.9923756595384479,
      "coverage_hi": 1.0,
      "coverage_gap": 0.050000000000000044,
      "meets_target": true,
      "significantly_below": false,
      "mean_obj": -7.391930422038281,
      "obj_se": 0.019754883440728514,
      "mean_oracle_gap": 0.6507568221492014,
      "oracle_gap_se": 0.022907477924672612,
      "mean_rel_oracle_gap": 0.0792064029463333,
      "mean_excess_s": 55.744,
      "selected_s_std": 57.43929998149986,
      "failure_rate": 0.0,
      "n_failed": 0
    },
    "benchmark": {
      "method": "benchmark",
      "n_reps": 500,
      "target": 0.95,
      "coverage": 1.0,
      "coverage_lo": 0.9923756595384479,
      "coverage_hi": 1.0,
      "coverage_gap": 0.050000000000000044,
      "meets_target": true,
      "significantly_below": false,
      "mean_obj": -6.195260320564563,
      "obj_se": 0.022284011652695807,
      "mean_oracle_gap": 1.847426923622919,
      "oracle_gap_se": 0.02593022721867768,
      "mean_rel_oracle_gap": 0.228195694894126,
      "mean_excess_s": null,
      "selected_s_std": null,
      "failure_rate": 0.0,
      "n_failed": 0
    },
    "_n_replication_errors": 0
  }
}