{
  "key": "paper_so_n500_d10_t4",
  "config": "paper_so",
  "n": 500,
  "split": 0.5,
  "d": 10,
  "reps": 500,
  "alpha": null,
  "beta": null,
  "dgp_params": {
    "kind": "multivariate_t",
    "df": 4
  },
  "folds": null,
  "mesh_p": 60,
  "elapsed_s": 4.141735076904297,
  "summaries": {
    "NV": {
      "method": "NV",
      "n_reps": 500,
      "target": 0.95,
      "coverage": 0.776,
      "coverage_lo": 0.7374303353251315,
      "coverage_hi": 0.8103610287400917,
      "coverage_gap": -0.17399999999999993,
      "meets_target": false,
      "significantly_below": true,
      "mean_obj": -7.855692944239553,
      "obj_se": 0.019198141773733007,
      "mean_oracle_gap": -0.0354960547156753,
      "oracle_gap_se": 0.015060489416064936,
      "mean_rel_oracle_gap": -0.005315388610257812,
      "mean_excess_s": 0.26,
      "selected_s_std": 25.383667211855826,
      "failure_rate": 0.0,
      "n_failed": 0
    },
    "UG": {
      "method": "UG",
      "n_reps": 500,
      "target": 0.95,
      "coverage": 0.976,
      "coverage_lo": 0.9585229425360993,
      "coverage_hi": 0.986218685344503,
      "coverage_gap": 0.026000000000000023,
      "meets_target": true,
      "significantly_below": false,
      "mean_obj": -7.551552517019391,
      "obj_se": 0.01816114889881278,
      "mean_oracle_gap": 0.26864437250448825,
      "oracle_gap_se": 0.016740685881888265,
      "mean_rel_oracle_gap": 0.03332493442216787,
      "mean_excess_s": 19.472,
      "selected_s_std": 39.92018585223463,
      "failure_rate": 0.0,
      "n_failed": 0
    },
    "NGS": {
      "method": "NGS",
      "n_reps": 500,
      "target": 0.95,
      "coverage": 0.996,
      "coverage_lo": 0.9855342847848231,
      "coverage_hi": 0.9989023694773173,
      "coverage_gap": 0.04600000000000004,
      "meets_target": true,
      "significantly_below": false,
      "mean_obj": -7.4120093016357265,
      "obj_se": 0.017225359120627635,
      "mean_oracle_gap": 0.40818758788815146,
      "oracle_gap_se": 0.018552362440048393,
      "mean_rel_oracle_gap": 0.05079109633247397,
      "mean_excess_s": 34.02,
      "selected_s_std": 49.39355166306411,
      "failure_rate": 0.0,
      "n_failed": 0
    },
    "UNGS": {
      "method": "UNGS",
      "n_reps": 500,
      "target": 0.95,
      "coverage": 0.998,
      "coverage_lo": 0.9887592932948532,
      "coverage_hi": 0.9996468636054407,
      "coverage_gap": 0.04800000000000004,
      "meets_target": true,
      "significantly_below": false,
      "mean_obj": -7.211183488756698,
      "obj_se": 0.017938738349793006,
      "mean_oracle_gap": 0.6090134007671792,
      "oracle_gap_se": 0.021148797748270633,
      "mean_rel_oracle_gap": 0.07617900902730262,
      "mean_excess_s": 60.93,
      "selected_s_std": 61.887385604774,
      "failure_rate": 0.0,
      "n_failed": 0
    },
    "benchmark": {
      "method": "benchmark",
      "n_reps": 500,
      "target": 0.95,
      "coverage": 1.0,
      "coverage_lo": 0.9923756595384479,
      "coverage_hi": 1.0,
      "coverage_gap": 0.050000000000000044,
      "meets_target": true,
      "significantly_below": false,
      "mean_obj": -6.179241937477505,
      "obj_se": 0.02096290903818609,
      "mean_oracle_gap": 1.6409549520463738,
      "oracle_gap_se": 0.024873018685277616,
      "mean_rel_oracle_gap": 0.20822800454405826,
      "mean_excess_s": null,
      "selected_s_std": null,
      "failure_rate": 0.0,
      "n_failed": 0
    },
    "_n_replication_errors": 0
  }
}