{
  "key": "paper_ro_ellipsoid_n500_d10_t6",
  "config": "paper_ro_ellipsoid",
  "n": 500,
  "split": 0.5,
  "d": 10,
  "reps": 500,
  "alpha": null,
  "beta": null,
  "dgp_params": {
    "kind": "multivariate_t",
    "df": 6
  },
  "folds": null,
  "mesh_p": null,
  "elapsed_s": 1.5913050174713135,
  "summaries": {
    "NV": {
      "method": "NV",
      "n_reps": 500,
      "target": 0.95,
      "coverage": 0.85,
      "coverage_lo": 0.8160389193683016,
      "coverage_hi": 0.8786240423086119,
      "coverage_gap": -0.09999999999999998,
      "meets_target": false,
      "significantly_below": true,
      "mean_obj": -7.774727627291895,
      "obj_se": 0.013615345056540143,
      "mean_oracle_gap": -0.011197005543291073,
      "oracle_gap_se": 0.016184240635265804,
      "mean_rel_oracle_gap": -0.002222262566506758,
      "mean_excess_s": -0.023431974342868256,
      "selected_s_std": 0.8181156053648042,
      "failure_rate": 0.0,
      "n_failed": 0
    },
    "UG": {
      "method": "UG",
      "n_reps": 500,
      "target": 0.95,
      "coverage": 0.986,
      "coverage_lo": 0.9713869308622147,
      "coverage_hi": 0.9932022102091564,
      "coverage_gap": 0.03600000000000003,
      "meets_target": true,
      "significantly_below": false,
      "mean_obj": -7.4941981522354775,
      "obj_se": 0.010723042289385601,
      "mean_oracle_gap": 0.2693324695131263,
      "oracle_gap_se": 0.01567159719156633,
      "mean_rel_oracle_gap": 0.033724005047620194,
      "mean_excess_s": 0.6426963867553811,
      "selected_s_std": 0.6859774921428101,
      "failure_rate": 0.0,
      "n_failed": 0
    },
    "NGS": {
      "method": "NGS",
      "n_reps": 500,
      "target": 0.95,
      "coverage": 0.996,
      "coverage_lo": 0.9855342847848231,
      "coverage_hi": 0.9989023694773173,
      "coverage_gap": 0.04600000000000004,
      "meets_target": true,
      "significantly_below": false,
      "mean_obj": -7.417908330003694,
      "obj_se": 0.010026340695599444,
      "mean_oracle_gap": 0.3456222917449095,
      "oracle_gap_se": 0.015541238436424125,
      "mean_rel_oracle_gap": 0.04351530259740991,
      "mean_excess_s": 0.8511027579297603,
      "selected_s_std": 0.6955658266346499,
      "failure_rate": 0.0,
      "n_failed": 0
    },
    "UNGS": {
      "method": "UNGS",
      "n_reps": 500,
      "target": 0.95,
      "coverage": 0.986,
      "coverage_lo": 0.9713869308622147,
      "coverage_hi": 0.9932022102091564,
      "coverage_gap": 0.03600000000000003,
      "meets_target": true,
      "significantly_below": false,
      "mean_obj": -7.459709535575348,
      "obj_se": 0.011623382586101448,
      "mean_oracle_gap": 0.30382108617325637,
      "oracle_gap_se": 0.015980021078810476,
      "mean_rel_oracle_gap": 0.03821206308268782,
      "mean_excess_s": 0.7617109651926238,
      "selected_s_std": 0.8322445493232881,
      "failure_rate": 0.0,
      "n_failed": 0
    },
    "benchmark": {
      "method": "benchmark",
      "n_reps": 500,
      "target": 0.95,
      "coverage": 1.0,
      "coverage_lo": 0.9923756595384479,
      "coverage_hi": 1.0,
      "coverage_gap": 0.050000000000000044,
      "meets_target": true,
      "significantly_below": false,
      "mean_obj": -6.901634398385975,
      "obj_se": 7.95206533574069e-17,
      "mean_oracle_gap": 0.8618962233626305,
      "oracle_gap_se": 0.010539089964965435,
      "mean_rel_oracle_gap": 0.11020026725695231,
      "mean_excess_s": null,
      "selected_s_std": null,
      "failure_rate": 0.0,
      "n_failed": 0
    },
    "_n_replication_errors": 0
  }
}