{
  "key": "paper_saa_n400_d10_t6",
  "config": "paper_saa",
  "n": 400,
  "split": 0.5,
  "d": 10,
  "reps": 500,
  "alpha": null,
  "beta": null,
  "dgp_params": {
    "kind": "multivariate_t",
    "df": 6
  },
  "folds": null,
  "mesh_p": null,
  "elapsed_s": 32.46239638328552,
  "summaries": {
    "NV": {
      "method": "NV",
      "n_reps": 500,
      "target": 0.95,
      "coverage": 0.476,
      "coverage_lo": 0.43257418943321424,
      "coverage_hi": 0.5197917789089403,
      "coverage_gap": -0.474,
      "meets_target": false,
      "significantly_below": true,
      "mean_obj": -8.068561033066457,
      "obj_se": 0.009129111705126728,
      "mean_oracle_gap": -0.026346275612599824,
      "oracle_gap_se": 0.009347033875563949,
      "mean_rel_oracle_gap": -0.0033141686224107455,
      "mean_excess_s": -0.003688,
      "selected_s_std": 0.02301500286146901,
      "failure_rate": 0.0,
      "n_failed": 0
    },
    "UG": {
      "method": "UG",
      "n_reps": 500,
      "target": 0.95,
      "coverage": 0.942,
      "coverage_lo": 0.917943812143745,
      "coverage_hi": 0.9593162708882429,
      "coverage_gap": -0.008000000000000007,
      "meets_target": false,
      "significantly_below": false,
      "mean_obj": -7.724099536726092,
      "obj_se": 0.011838775121209425,
      "mean_oracle_gap": 0.3181152207277653,
      "oracle_gap_se": 0.011968753758419296,
      "mean_rel_oracle_gap": 0.03952351858164998,
      "mean_excess_s": 0.019832000000000002,
      "selected_s_std": 0.019285479393337926,
      "failure_rate": 0.0,
      "n_failed": 0
    },
    "NGS": {
      "method": "NGS",
      "n_reps": 500,
      "target": 0.95,
      "coverage": 0.984,
      "coverage_lo": 0.9687488914666058,
      "coverage_hi": 0.9918707469666117,
      "coverage_gap": 0.03400000000000003,
      "meets_target": true,
      "significantly_below": false,
      "mean_obj": -7.526397316812805,
      "obj_se": 0.012944213748658376,
      "mean_oracle_gap": 0.5158174406410524,
      "oracle_gap_se": 0.013125963730592905,
      "mean_rel_oracle_gap": 0.0641009474577453,
      "mean_excess_s": 0.029856,
      "selected_s_std": 0.016149410606144474,
      "failure_rate": 0.0,
      "n_failed": 0
    },
    "UNGS": {
      "method": "UNGS",
      "n_reps": 500,
      "target": 0.95,
      "coverage": 0.988,
      "coverage_lo": 0.9740696388835527,
      "coverage_hi": 0.9944890048259724,
      "coverage_gap": 0.038000000000000034,
      "meets_target": true,
      "significantly_below": false,
      "mean_obj": -7.393991073147662,
      "obj_se": 0.014741042079341488,
      "mean_oracle_gap": 0.6482236843061956,
      "oracle_gap_se": 0.014899015828849688,
      "mean_rel_oracle_gap": 0.08056560051084317,
      "mean_excess_s": 0.03419200000000001,
      "selected_s_std": 0.016259940569838174,
      "failure_rate": 0.0,
      "n_failed": 0
    },
    "_n_replication_errors": 0
  }
}