{
  "config": "paper_so",
  "n": 100,
  "split": 0.5,
  "d": 10,
  "reps": 300,
  "include_existing": false,
  "elapsed_s": 1.9548711776733398,
  "summaries": {
    "NV": {
      "method": "NV",
      "n_reps": 300,
      "target": 0.95,
      "coverage": 0.43,
      "coverage_lo": 0.3752111767337645,
      "coverage_hi": 0.48655883923767185,
      "coverage_gap": -0.52,
      "meets_target": false,
      "significantly_below": true,
      "mean_obj": -7.85376497409914,
      "obj_se": 0.02332607295154687,
      "mean_oracle_gap": -0.13455287031705235,
      "oracle_gap_se": 0.022034469261113132,
      "mean_rel_oracle_gap": -0.017953819569463465,
      "mean_excess_s": -4.5504587155963305,
      "selected_s_std": 14.153266401533461,
      "failure_rate": 0.0,
      "n_failed": 0
    },
    "UG": {
      "method": "UG",
      "n_reps": 300,
      "target": 0.95,
      "coverage": 0.5833333333333334,
      "coverage_lo": 0.5268355964602695,
      "coverage_hi": 0.6377239083356395,
      "coverage_gap": -0.3666666666666666,
      "meets_target": false,
      "significantly_below": true,
      "mean_obj": -7.737054500463586,
      "obj_se": 0.023434373169850253,
      "mean_oracle_gap": 0.0149616621674882,
      "oracle_gap_se": 0.01663244224703326,
      "mean_rel_oracle_gap": 0.0018617329968401972,
      "mean_excess_s": 2.2155963302752295,
      "selected_s_std": 13.552367155533924,
      "failure_rate": 0.0,
      "n_failed": 0
    },
    "NGS": {
      "method": "NGS",
      "n_reps": 300,
      "target": 0.95,
      "coverage": 0.6166666666666667,
      "coverage_lo": 0.5605031391673366,
      "coverage_hi": 0.669880167546936,
      "coverage_gap": -0.33333333333333326,
      "meets_target": false,
      "significantly_below": true,
      "mean_obj": -7.716967470561652,
      "obj_se": 0.02332877040573169,
      "mean_oracle_gap": 0.04085582175440284,
      "oracle_gap_se": 0.015095857151083395,
      "mean_rel_oracle_gap": 0.005296712474576428,
      "mean_excess_s": 3.4954128440366974,
      "selected_s_std": 13.188983528331168,
      "failure_rate": 0.0,
      "n_failed": 0
    },
    "UNGS": {
      "method": "UNGS",
      "n_reps": 300,
      "target": 0.95,
      "coverage": 0.62,
      "coverage_lo": 0.5638844388564824,
      "coverage_hi": 0.6730812480496265,
      "coverage_gap": -0.32999999999999996,
      "meets_target": false,
      "significantly_below": true,
      "mean_obj": -7.712398286568205,
      "obj_se": 0.023621027002679814,
      "mean_oracle_gap": 0.04905838091076575,
      "oracle_gap_se": 0.015197288321653162,
      "mean_rel_oracle_gap": 0.006374751210897647,
      "mean_excess_s": 4.009174311926605,
      "selected_s_std": 13.160277721195577,
      "failure_rate": 0.0,
      "n_failed": 0
    },
    "benchmark": {
      "method": "benchmark",
      "n_reps": 300,
      "target": 0.95,
      "coverage": 0.97,
      "coverage_lo": 0.9439774608583589,
      "coverage_hi": 0.9841381461905676,
      "coverage_gap": 0.020000000000000018,
      "meets_target": true,
      "significantly_below": false,
      "mean_obj": -7.309348339126604,
      "obj_se": 0.018098964453357364,
      "mean_oracle_gap": 0.37630776848449443,
      "oracle_gap_se": 0.017417354829795572,
      "mean_rel_oracle_gap": 0.049048639752156134,
      "mean_excess_s": NaN,
      "selected_s_std": NaN,
      "failure_rate": 0.0,
      "n_failed": 0
    },
    "_n_replication_errors": 0
  }
}