{
  "config": "paper_ro_ellipsoid",
  "n": 200,
  "split": 0.5,
  "d": 10,
  "reps": 300,
  "include_existing": false,
  "elapsed_s": 2.831429958343506,
  "summaries": {
    "NV": {
      "method": "NV",
      "n_reps": 300,
      "target": 0.95,
      "coverage": 0.7733333333333333,
      "coverage_lo": 0.7226746795338672,
      "coverage_hi": 0.8170804961967142,
      "coverage_gap": -0.17666666666666664,
      "meets_target": false,
      "significantly_below": true,
      "mean_obj": -7.697644321666251,
      "obj_se": 0.016881998723869564,
      "mean_oracle_gap": -0.10033457903128298,
      "oracle_gap_se": 0.019020623200225847,
      "mean_rel_oracle_gap": -0.01363038923603435,
      "mean_excess_s": -0.17645672163318799,
      "selected_s_std": 0.8458041663345341,
      "failure_rate": 0.0,
      "n_failed": 0
    },
    "UG": {
      "method": "UG",
      "n_reps": 300,
      "target": 0.95,
      "coverage": 0.97,
      "coverage_lo": 0.9439774608583589,
      "coverage_hi": 0.9841381461905676,
      "coverage_gap": 0.020000000000000018,
      "meets_target": true,
      "significantly_below": false,
      "mean_obj": -7.357380339003057,
      "obj_se": 0.015224137277243246,
      "mean_oracle_gap": 0.23992940363191195,
      "oracle_gap_se": 0.017636872777629535,
      "mean_rel_oracle_gap": 0.031171812152286798,
      "mean_excess_s": 0.8010565082111242,
      "selected_s_std": 1.0185938166676018,
      "failure_rate": 0.0,
      "n_failed": 0
    },
    "NGS": {
      "method": "NGS",
      "n_reps": 300,
      "target": 0.95,
      "coverage": 0.9866666666666667,
      "coverage_lo": 0.9662244697474675,
      "coverage_hi": 0.9948030382606411,
      "coverage_gap": 0.036666666666666736,
      "meets_target": true,
      "significantly_below": false,
      "mean_obj": -7.267334151958591,
      "obj_se": 0.015560373338716656,
      "mean_oracle_gap": 0.3299755906763777,
      "oracle_gap_se": 0.01811617228312487,
      "mean_rel_oracle_gap": 0.04301109147921082,
      "mean_excess_s": 1.1253976394562957,
      "selected_s_std": 1.1473673140823153,
      "failure_rate": 0.0,
      "n_failed": 0
    },
    "UNGS": {
      "method": "UNGS",
      "n_reps": 300,
      "target": 0.95,
      "coverage": 0.98,
      "coverage_lo": 0.9570603791821394,
      "coverage_hi": 0.9908023684422963,
      "coverage_gap": 0.030000000000000027,
      "meets_target": true,
      "significantly_below": false,
      "mean_obj": -7.129147180794695,
      "obj_se": 0.01984415756214345,
      "mean_oracle_gap": 0.468162561840273,
      "oracle_gap_se": 0.022688464809621858,
      "mean_rel_oracle_gap": 0.06111810950592627,
      "mean_excess_s": 1.722778603142461,
      "selected_s_std": 1.6433641549592362,
      "failure_rate": 0.0,
      "n_failed": 0
    },
    "benchmark": {
      "method": "benchmark",
      "n_reps": 300,
      "target": 0.95,
      "coverage": 1.0,
      "coverage_lo": 0.9873570287754538,
      "coverage_hi": 0.9999999999999998,
      "coverage_gap": 0.050000000000000044,
      "meets_target": true,
      "significantly_below": false,
      "mean_obj": -6.901634398397179,
      "obj_se": 5.1364684236276066e-17,
      "mean_oracle_gap": 0.6956753442377883,
      "oracle_gap_se": 0.00920913599422472,
      "mean_rel_oracle_gap": 0.09116986134618883,
      "mean_excess_s": NaN,
      "selected_s_std": NaN,
      "failure_rate": 0.0,
      "n_failed": 0
    },
    "_n_replication_errors": 0
  }
}