{
  "config": "paper_so",
  "n": 200,
  "split": 0.5,
  "d": 10,
  "reps": 300,
  "include_existing": false,
  "elapsed_s": 4.60520601272583,
  "summaries": {
    "NV": {
      "method": "NV",
      "n_reps": 300,
      "target": 0.95,
      "coverage": 0.6033333333333334,
      "coverage_lo": 0.5470046178899679,
      "coverage_hi": 0.6570491680569592,
      "coverage_gap": -0.34666666666666657,
      "meets_target": false,
      "significantly_below": true,
      "mean_obj": -7.720297393984495,
      "obj_se": 0.01997937534608998,
      "mean_oracle_gap": -0.08765848420548684,
      "oracle_gap_se": 0.017378268006501683,
      "mean_rel_oracle_gap": -0.01180328185511872,
      "mean_excess_s": -4.1313131313131315,
      "selected_s_std": 23.721134192062983,
      "failure_rate": 0.0,
      "n_failed": 0
    },
    "UG": {
      "method": "UG",
      "n_reps": 300,
      "target": 0.95,
      "coverage": 0.9133333333333333,
      "coverage_lo": 0.8760440413057516,
      "coverage_hi": 0.9401711024819569,
      "coverage_gap": -0.036666666666666625,
      "meets_target": false,
      "significantly_below": true,
      "mean_obj": -7.484001029168238,
      "obj_se": 0.018011377323626104,
      "mean_oracle_gap": 0.1510247125786114,
      "oracle_gap_se": 0.015372264481046378,
      "mean_rel_oracle_gap": 0.019460555352733562,
      "mean_excess_s": 14.35016835016835,
      "selected_s_std": 27.327310427596842,
      "failure_rate": 0.0,
      "n_failed": 0
    },
    "NGS": {
      "method": "NGS",
      "n_reps": 300,
      "target": 0.95,
      "coverage": 0.94,
      "coverage_lo": 0.9071605548470915,
      "coverage_hi": 0.9617136304753079,
      "coverage_gap": -0.010000000000000009,
      "meets_target": false,
      "significantly_below": false,
      "mean_obj": -7.40855399866013,
      "obj_se": 0.01882854147348472,
      "mean_oracle_gap": 0.22723383430397165,
      "oracle_gap_se": 0.01584677674809825,
      "mean_rel_oracle_gap": 0.029495883527161672,
      "mean_excess_s": 21.235690235690235,
      "selected_s_std": 26.443884971707135,
      "failure_rate": 0.0,
      "n_failed": 0
    },
    "UNGS": {
      "method": "UNGS",
      "n_reps": 300,
      "target": 0.95,
      "coverage": 0.9466666666666667,
      "coverage_lo": 0.9151308582251686,
      "coverage_hi": 0.9669080874809034,
      "coverage_gap": -0.0033333333333332993,
      "meets_target": false,
      "significantly_below": false,
      "mean_obj": -7.354070995710797,
      "obj_se": 0.0194650844293263,
      "mean_oracle_gap": 0.28226717061643175,
      "oracle_gap_se": 0.016454995607659725,
      "mean_rel_oracle_gap": 0.0367229874800267,
      "mean_excess_s": 26.912457912457914,
      "selected_s_std": 24.45904615238509,
      "failure_rate": 0.0,
      "n_failed": 0
    },
    "benchmark": {
      "method": "benchmark",
      "n_reps": 300,
      "target": 0.95,
      "coverage": 1.0,
      "coverage_lo": 0.9873570287754538,
      "coverage_hi": 0.9999999999999998,
      "coverage_gap": 0.050000000000000044,
      "meets_target": true,
      "significantly_below": false,
      "mean_obj": -6.983303512567286,
      "obj_se": 0.015185227169481143,
      "mean_oracle_gap": 0.6497600517128427,
      "oracle_gap_se": 0.015849711919386746,
      "mean_rel_oracle_gap": 0.08464489202099025,
      "mean_excess_s": NaN,
      "selected_s_std": NaN,
      "failure_rate": 0.0,
      "n_failed": 0
    },
    "_n_replication_errors": 0
  }
}