{
  "config": "paper_so",
  "n": 800,
  "split": 0.5,
  "d": 10,
  "reps": 300,
  "include_existing": false,
  "elapsed_s": 58.45731806755066,
  "summaries": {
    "NV": {
      "method": "NV",
      "n_reps": 300,
      "target": 0.95,
      "coverage": 0.7466666666666667,
      "coverage_lo": 0.6945458844004171,
      "coverage_hi": 0.7925502497954735,
      "coverage_gap": -0.20333333333333325,
      "meets_target": false,
      "significantly_below": true,
      "mean_obj": -7.676010704152686,
      "obj_se": 0.013729725399722288,
      "mean_oracle_gap": -0.022523588466992876,
      "oracle_gap_se": 0.009539919304892243,
      "mean_rel_oracle_gap": -0.003082495728566037,
      "mean_excess_s": -1.01,
      "selected_s_std": 25.145146320921608,
      "failure_rate": 0.0,
      "n_failed": 0
    },
    "UG": {
      "method": "UG",
      "n_reps": 300,
      "target": 0.95,
      "coverage": 0.97,
      "coverage_lo": 0.9439774608583589,
      "coverage_hi": 0.9841381461905676,
      "coverage_gap": 0.020000000000000018,
      "meets_target": true,
      "significantly_below": false,
      "mean_obj": -7.493059241657811,
      "obj_se": 0.013077354577326098,
      "mean_oracle_gap": 0.1604278740278822,
      "oracle_gap_se": 0.01261967343673521,
      "mean_rel_oracle_gap": 0.02061589272065392,
      "mean_excess_s": 15.893333333333333,
      "selected_s_std": 35.71748991518993,
      "failure_rate": 0.0,
      "n_failed": 0
    },
    "NGS": {
      "method": "NGS",
      "n_reps": 300,
      "target": 0.95,
      "coverage": 0.9966666666666667,
      "coverage_lo": 0.9813633063054688,
      "coverage_hi": 0.9994113422781488,
      "coverage_gap": 0.046666666666666745,
      "meets_target": true,
      "significantly_below": false,
      "mean_obj": -7.383068148495845,
      "obj_se": 0.01288020656771686,
      "mean_oracle_gap": 0.27041896718984715,
      "oracle_gap_se": 0.014567638561647566,
      "mean_rel_oracle_gap": 0.034844987932181035,
      "mean_excess_s": 29.583333333333332,
      "selected_s_std": 45.13698646764265,
      "failure_rate": 0.0,
      "n_failed": 0
    },
    "UNGS": {
      "method": "UNGS",
      "n_reps": 300,
      "target": 0.95,
      "coverage": 1.0,
      "coverage_lo": 0.9873570287754538,
      "coverage_hi": 0.9999999999999998,
      "coverage_gap": 0.050000000000000044,
      "meets_target": true,
      "significantly_below": false,
      "mean_obj": -7.249345149815899,
      "obj_se": 0.012635451591534157,
      "mean_oracle_gap": 0.40414196586979223,
      "oracle_gap_se": 0.015565836524578252,
      "mean_rel_oracle_gap": 0.05223142133779145,
      "mean_excess_s": 56.31,
      "selected_s_std": 65.27377990714785,
      "failure_rate": 0.0,
      "n_failed": 0
    },
    "benchmark": {
      "method": "benchmark",
      "n_reps": 300,
      "target": 0.95,
      "coverage": 1.0,
      "coverage_lo": 0.9873570287754538,
      "coverage_hi": 0.9999999999999998,
      "coverage_gap": 0.050000000000000044,
      "meets_target": true,
      "significantly_below": false,
      "mean_obj": -6.498010064608469,
      "obj_se": 0.010759564659320616,
      "mean_oracle_gap": 1.1554770510772228,
      "oracle_gap_se": 0.015417835919903066,
      "mean_rel_oracle_gap": 0.15037017771117395,
      "mean_excess_s": NaN,
      "selected_s_std": NaN,
      "failure_rate": 0.0,
      "n_failed": 0
    },
    "_n_replication_errors": 0
  }
}