{
  "config": "paper_so",
  "n": 300,
  "split": 0.5,
  "d": 10,
  "reps": 300,
  "include_existing": false,
  "elapsed_s": 8.959450006484985,
  "summaries": {
    "NV": {
      "method": "NV",
      "n_reps": 300,
      "target": 0.95,
      "coverage": 0.72,
      "coverage_lo": 0.666656114789153,
      "coverage_hi": 0.7677809778720466,
      "coverage_gap": -0.22999999999999998,
      "meets_target": false,
      "significantly_below": true,
      "mean_obj": -7.679950057705704,
      "obj_se": 0.01830014079709329,
      "mean_oracle_gap": -0.05127078692761635,
      "oracle_gap_se": 0.013214182220504312,
      "mean_rel_oracle_gap": -0.006862369091068971,
      "mean_excess_s": -0.6733333333333333,
      "selected_s_std": 27.45846341170597,
      "failure_rate": 0.0,
      "n_failed": 0
    },
    "UG": {
      "method": "UG",
      "n_reps": 300,
      "target": 0.95,
      "coverage": 0.9866666666666667,
      "coverage_lo": 0.9662244697474675,
      "coverage_hi": 0.9948030382606411,
      "coverage_gap": 0.036666666666666736,
      "meets_target": true,
      "significantly_below": false,
      "mean_obj": -7.3673387263584225,
      "obj_se": 0.016119559226182308,
      "mean_oracle_gap": 0.2613405444196637,
      "oracle_gap_se": 0.015096685808761032,
      "mean_rel_oracle_gap": 0.03380861472494155,
      "mean_excess_s": 32.18,
      "selected_s_std": 38.87533673191869,
      "failure_rate": 0.0,
      "n_failed": 0
    },
    "NGS": {
      "method": "NGS",
      "n_reps": 300,
      "target": 0.95,
      "coverage": 0.99,
      "coverage_lo": 0.9710165066376601,
      "coverage_hi": 0.9965933815622847,
      "coverage_gap": 0.040000000000000036,
      "meets_target": true,
      "significantly_below": false,
      "mean_obj": -7.316109894175261,
      "obj_se": 0.015458084602219119,
      "mean_oracle_gap": 0.3125693766028249,
      "oracle_gap_se": 0.015243575014284041,
      "mean_rel_oracle_gap": 0.04046166433112109,
      "mean_excess_s": 39.23,
      "selected_s_std": 39.77688611362535,
      "failure_rate": 0.0,
      "n_failed": 0
    },
    "UNGS": {
      "method": "UNGS",
      "n_reps": 300,
      "target": 0.95,
      "coverage": 0.9966666666666667,
      "coverage_lo": 0.9813633063054688,
      "coverage_hi": 0.9994113422781488,
      "coverage_gap": 0.046666666666666745,
      "meets_target": true,
      "significantly_below": false,
      "mean_obj": -7.19009542434074,
      "obj_se": 0.016615035961669244,
      "mean_oracle_gap": 0.4385838464373461,
      "oracle_gap_se": 0.016808090514016317,
      "mean_rel_oracle_gap": 0.056960211792020085,
      "mean_excess_s": 57.63333333333333,
      "selected_s_std": 39.015055693815526,
      "failure_rate": 0.0,
      "n_failed": 0
    },
    "benchmark": {
      "method": "benchmark",
      "n_reps": 300,
      "target": 0.95,
      "coverage": 1.0,
      "coverage_lo": 0.9873570287754538,
      "coverage_hi": 0.9999999999999998,
      "coverage_gap": 0.050000000000000044,
      "meets_target": true,
      "significantly_below": false,
      "mean_obj": -6.812607529258279,
      "obj_se": 0.014048614978870782,
      "mean_oracle_gap": 0.8160717415198074,
      "oracle_gap_se": 0.017168568167409477,
      "mean_rel_oracle_gap": 0.10624857781267939,
      "mean_excess_s": NaN,
      "selected_s_std": NaN,
      "failure_rate": 0.0,
      "n_failed": 0
    },
    "_n_replication_errors": 0
  }
}