{
  "config": "paper_so",
  "n": 500,
  "split": 0.7,
  "d": 10,
  "reps": 300,
  "include_existing": false,
  "elapsed_s": 43.540955781936646,
  "summaries": {
    "NV": {
      "method": "NV",
      "n_reps": 300,
      "target": 0.95,
      "coverage": 0.6433333333333333,
      "coverage_lo": 0.5876297656515226,
      "coverage_hi": 0.6954125825974409,
      "coverage_gap": -0.30666666666666664,
      "meets_target": false,
      "significantly_below": true,
      "mean_obj": -7.707593331723886,
      "obj_se": 0.017009648493147424,
      "mean_oracle_gap": -0.05701962446653571,
      "oracle_gap_se": 0.013570012962368259,
      "mean_rel_oracle_gap": -0.007561534531612382,
      "mean_excess_s": -1.9066666666666667,
      "selected_s_std": 26.46675182304074,
      "failure_rate": 0.0,
      "n_failed": 0
    },
    "UG": {
      "method": "UG",
      "n_reps": 300,
      "target": 0.95,
      "coverage": 0.9566666666666667,
      "coverage_lo": 0.9272825343659885,
      "coverage_hi": 0.9745035519155927,
      "coverage_gap": 0.00666666666666671,
      "meets_target": true,
      "significantly_below": false,
      "mean_obj": -7.406748783580645,
      "obj_se": 0.013586670769483717,
      "mean_oracle_gap": 0.24382492367670372,
      "oracle_gap_se": 0.013989373052330287,
      "mean_rel_oracle_gap": 0.031483591255677276,
      "mean_excess_s": 34.17,
      "selected_s_std": 49.80980145584033,
      "failure_rate": 0.0,
      "n_failed": 0
    },
    "NGS": {
      "method": "NGS",
      "n_reps": 300,
      "target": 0.95,
      "coverage": 0.9833333333333333,
      "coverage_lo": 0.9615846051669054,
      "coverage_hi": 0.9928605226493666,
      "coverage_gap": 0.033333333333333326,
      "meets_target": true,
      "significantly_below": false,
      "mean_obj": -7.338117766700213,
      "obj_se": 0.013113941524593525,
      "mean_oracle_gap": 0.3124559405571362,
      "oracle_gap_se": 0.014361144711639828,
      "mean_rel_oracle_gap": 0.04039897518574783,
      "mean_excess_s": 47.153333333333336,
      "selected_s_std": 56.99805185506899,
      "failure_rate": 0.0,
      "n_failed": 0
    },
    "UNGS": {
      "method": "UNGS",
      "n_reps": 300,
      "target": 0.95,
      "coverage": 0.9966666666666667,
      "coverage_lo": 0.9813633063054688,
      "coverage_hi": 0.9994113422781488,
      "coverage_gap": 0.046666666666666745,
      "meets_target": true,
      "significantly_below": false,
      "mean_obj": -7.0129083337224305,
      "obj_se": 0.014348011905902737,
      "mean_oracle_gap": 0.63766537353492,
      "oracle_gap_se": 0.01670439415086023,
      "mean_rel_oracle_gap": 0.08283409616953002,
      "mean_excess_s": 144.22666666666666,
      "selected_s_std": 92.19560049912107,
      "failure_rate": 0.0,
      "n_failed": 0
    },
    "benchmark": {
      "method": "benchmark",
      "n_reps": 300,
      "target": 0.95,
      "coverage": 1.0,
      "coverage_lo": 0.9873570287754538,
      "coverage_hi": 0.9999999999999998,
      "coverage_gap": 0.050000000000000044,
      "meets_target": true,
      "significantly_below": false,
      "mean_obj": -6.6440391831836605,
      "obj_se": 0.010941010925109643,
      "mean_oracle_gap": 1.0065345240736903,
      "oracle_gap_se": 0.014288465777103557,
      "mean_rel_oracle_gap": 0.13105430545692456,
      "mean_excess_s": NaN,
      "selected_s_std": NaN,
      "failure_rate": 0.0,
      "n_failed": 0
    },
    "_n_replication_errors": 0
  }
}