{
  "config": "paper_so",
  "n": 500,
  "split": 0.1,
  "d": 10,
  "reps": 300,
  "include_existing": false,
  "elapsed_s": 2.400913953781128,
  "summaries": {
    "NV": {
      "method": "NV",
      "n_reps": 300,
      "target": 0.95,
      "coverage": 0.5566666666666666,
      "coverage_lo": 0.5000873808268701,
      "coverage_hi": 0.6118130824343481,
      "coverage_gap": -0.3933333333333333,
      "meets_target": false,
      "significantly_below": true,
      "mean_obj": -7.783346875803127,
      "obj_se": 0.01651962437965762,
      "mean_oracle_gap": -0.0378246550189092,
      "oracle_gap_se": 0.01209760895438142,
      "mean_rel_oracle_gap": -0.005164118663596657,
      "mean_excess_s": -1.2731481481481481,
      "selected_s_std": 13.521491213534148,
      "failure_rate": 0.0,
      "n_failed": 0
    },
    "UG": {
      "method": "UG",
      "n_reps": 300,
      "target": 0.95,
      "coverage": 0.6966666666666667,
      "coverage_lo": 0.642431561442127,
      "coverage_hi": 0.7459288698762181,
      "coverage_gap": -0.2533333333333333,
      "meets_target": false,
      "significantly_below": true,
      "mean_obj": -7.705401509891124,
      "obj_se": 0.018270759226445176,
      "mean_oracle_gap": 0.0692172791379768,
      "oracle_gap_se": 0.010282219425801353,
      "mean_rel_oracle_gap": 0.008949524546857794,
      "mean_excess_s": 4.5,
      "selected_s_std": 12.082054558866787,
      "failure_rate": 0.0,
      "n_failed": 0
    },
    "NGS": {
      "method": "NGS",
      "n_reps": 300,
      "target": 0.95,
      "coverage": 0.7,
      "coverage_lo": 0.6458824752950584,
      "coverage_hi": 0.749060336215123,
      "coverage_gap": -0.25,
      "meets_target": false,
      "significantly_below": true,
      "mean_obj": -7.694006724240018,
      "obj_se": 0.018752149565387736,
      "mean_oracle_gap": 0.08504337032006956,
      "oracle_gap_se": 0.011074091743778314,
      "mean_rel_oracle_gap": 0.011016596608065508,
      "mean_excess_s": 5.467592592592593,
      "selected_s_std": 11.903899850935094,
      "failure_rate": 0.0,
      "n_failed": 0
    },
    "UNGS": {
      "method": "UNGS",
      "n_reps": 300,
      "target": 0.95,
      "coverage": 0.7033333333333334,
      "coverage_lo": 0.6493365822398648,
      "coverage_hi": 0.7521886094621532,
      "coverage_gap": -0.2466666666666666,
      "meets_target": false,
      "significantly_below": true,
      "mean_obj": -7.67106821462733,
      "obj_se": 0.01966718064735127,
      "mean_oracle_gap": 0.11690241144880273,
      "oracle_gap_se": 0.012112668412606272,
      "mean_rel_oracle_gap": 0.015190694065331566,
      "mean_excess_s": 8.050925925925926,
      "selected_s_std": 10.7947941538953,
      "failure_rate": 0.0,
      "n_failed": 0
    },
    "benchmark": {
      "method": "benchmark",
      "n_reps": 300,
      "target": 0.95,
      "coverage": 1.0,
      "coverage_lo": 0.9873570287754538,
      "coverage_hi": 0.9999999999999998,
      "coverage_gap": 0.050000000000000044,
      "meets_target": true,
      "significantly_below": false,
      "mean_obj": -6.644212040052769,
      "obj_se": 0.01101954894432828,
      "mean_oracle_gap": 0.9938193263685873,
      "oracle_gap_se": 0.017599472363087263,
      "mean_rel_oracle_gap": 0.12963848211104992,
      "mean_excess_s": NaN,
      "selected_s_std": NaN,
      "failure_rate": 0.0,
      "n_failed": 0
    },
    "_n_replication_errors": 0
  }
}