{
  "config": "paper_saa",
  "n": 400,
  "split": 0.5,
  "d": 10,
  "reps": 300,
  "include_existing": false,
  "elapsed_s": 276.72405195236206,
  "summaries": {
    "NV": {
      "method": "NV",
      "n_reps": 300,
      "target": 0.95,
      "coverage": 0.4266666666666667,
      "coverage_lo": 0.3719735758386311,
      "coverage_hi": 0.4832140599409689,
      "coverage_gap": -0.5233333333333332,
      "meets_target": false,
      "significantly_below": true,
      "mean_obj": -7.936486428510246,
      "obj_se": 0.010680610200250984,
      "mean_oracle_gap": -0.05141212802311497,
      "oracle_gap_se": 0.010889380406253573,
      "mean_rel_oracle_gap": -0.006544723031159006,
      "mean_excess_s": -0.005960000000000001,
      "selected_s_std": 0.02174193016531114,
      "failure_rate": 0.0,
      "n_failed": 0
    },
    "UG": {
      "method": "UG",
      "n_reps": 300,
      "target": 0.95,
      "coverage": 0.9333333333333333,
      "coverage_lo": 0.899276940483885,
      "coverage_hi": 0.9564324844548417,
      "coverage_gap": -0.016666666666666607,
      "meets_target": false,
      "significantly_below": false,
      "mean_obj": -7.64176297577905,
      "obj_se": 0.01209201961461624,
      "mean_oracle_gap": 0.24331132470807978,
      "oracle_gap_se": 0.01229467761073269,
      "mean_rel_oracle_gap": 0.03083256187469348,
      "mean_excess_s": 0.017800000000000003,
      "selected_s_std": 0.018780188332430555,
      "failure_rate": 0.0,
      "n_failed": 0
    },
    "NGS": {
      "method": "NGS",
      "n_reps": 300,
      "target": 0.95,
      "coverage": 0.9966666666666667,
      "coverage_lo": 0.9813633063054688,
      "coverage_hi": 0.9994113422781488,
      "coverage_gap": 0.046666666666666745,
      "meets_target": true,
      "significantly_below": false,
      "mean_obj": -7.456441221763583,
      "obj_se": 0.01252439413506781,
      "mean_oracle_gap": 0.428633078723549,
      "oracle_gap_se": 0.01279659752500545,
      "mean_rel_oracle_gap": 0.05433132997142925,
      "mean_excess_s": 0.028920000000000005,
      "selected_s_std": 0.015163618961919891,
      "failure_rate": 0.0,
      "n_failed": 0
    },
    "UNGS": {
      "method": "UNGS",
      "n_reps": 300,
      "target": 0.95,
      "coverage": 0.9966666666666667,
      "coverage_lo": 0.9813633063054688,
      "coverage_hi": 0.9994113422781488,
      "coverage_gap": 0.046666666666666745,
      "meets_target": true,
      "significantly_below": false,
      "mean_obj": -7.3356286607306975,
      "obj_se": 0.015470580811797535,
      "mean_oracle_gap": 0.5494456397564337,
      "oracle_gap_se": 0.01564371994094266,
      "mean_rel_oracle_gap": 0.06965703375916177,
      "mean_excess_s": 0.0334,
      "selected_s_std": 0.01551125890220799,
      "failure_rate": 0.0,
      "n_failed": 0
    },
    "_n_replication_errors": 0
  }
}