{
  "config": "paper_ro_ellipsoid",
  "n": 500,
  "split": 0.5,
  "d": 100,
  "reps": 1000,
  "include_existing": false,
  "elapsed_s": 462.2383601665497,
  "summaries": {
    "NV": {
      "method": "NV",
      "n_reps": 1000,
      "target": 0.95,
      "coverage": 1.0,
      "coverage_lo": 0.996173241514445,
      "coverage_hi": 1.0,
      "coverage_gap": 0.050000000000000044,
      "meets_target": true,
      "significantly_below": false,
      "mean_obj": -90.1412654711221,
      "obj_se": 0.020799109294094547,
      "mean_oracle_gap": 2.7000623958883806e-16,
      "oracle_gap_se": 4.3975571925229614e-16,
      "mean_rel_oracle_gap": 3.054685655832202e-18,
      "mean_excess_s": 0.0,
      "selected_s_std": 0.03837789877563311,
      "failure_rate": 0.0,
      "n_failed": 0
    },
    "UG": {
      "method": "UG",
      "n_reps": 1000,
      "target": 0.95,
      "coverage": 1.0,
      "coverage_lo": 0.996173241514445,
      "coverage_hi": 1.0,
      "coverage_gap": 0.050000000000000044,
      "meets_target": true,
      "significantly_below": false,
      "mean_obj": -90.1412654711221,
      "obj_se": 0.020799109294094547,
      "mean_oracle_gap": 2.7000623958883806e-16,
      "oracle_gap_se": 4.3975571925229614e-16,
      "mean_rel_oracle_gap": 3.054685655832202e-18,
      "mean_excess_s": 0.0,
      "selected_s_std": 0.03837789877563311,
      "failure_rate": 0.0,
      "n_failed": 0
    },
    "NGS": {
      "method": "NGS",
      "n_reps": 1000,
      "target": 0.95,
      "coverage": 1.0,
      "coverage_lo": 0.996173241514445,
      "coverage_hi": 1.0,
      "coverage_gap": 0.050000000000000044,
      "meets_target": true,
      "significantly_below": false,
      "mean_obj": -90.1412654711221,
      "obj_se": 0.020799109294094547,
      "mean_oracle_gap": 2.7000623958883806e-16,
      "oracle_gap_se": 4.3975571925229614e-16,
      "mean_rel_oracle_gap": 3.054685655832202e-18,
      "mean_excess_s": 0.0,
      "selected_s_std": 0.03837789877563311,
      "failure_rate": 0.0,
      "n_failed": 0
    },
    "UNGS": {
      "method": "UNGS",
      "n_reps": 1000,
      "target": 0.95,
      "coverage": 1.0,
      "coverage_lo": 0.996173241514445,
      "coverage_hi": 1.0,
      "coverage_gap": 0.050000000000000044,
      "meets_target": true,
      "significantly_below": false,
      "mean_obj": -90.1412654711221,
      "obj_se": 0.020799109294094547,
      "mean_oracle_gap": 2.7000623958883806e-16,
      "oracle_gap_se": 4.3975571925229614e-16,
      "mean_rel_oracle_gap": 3.054685655832202e-18,
      "mean_excess_s": 0.0,
      "selected_s_std": 0.03837789877563311,
      "failure_rate": 0.0,
      "n_failed": 0
    },
    "benchmark": {
      "method": "benchmark",
      "n_reps": 1000,
      "target": 0.95,
      "coverage": 1.0,
      "coverage_lo": 0.996173241514445,
      "coverage_hi": 1.0,
      "coverage_gap": 0.050000000000000044,
      "meets_target": true,
      "significantly_below": false,
      "mean_obj": -89.83596171629073,
      "obj_se": 0.0,
      "mean_oracle_gap": 0.3053037548313668,
      "oracle_gap_se": 0.020799109294094523,
      "mean_rel_oracle_gap": 0.003333947216733742,
      "mean_excess_s": null,
      "selected_s_std": null,
      "failure_rate": 0.0,
      "n_failed": 0
    },
    "_n_replication_errors": 0
  }
}