{
  "config": "paper_ro_ellipsoid",
  "n": 500,
  "split": 0.5,
  "d": 20,
  "reps": 1000,
  "include_existing": false,
  "elapsed_s": 12.595916986465454,
  "summaries": {
    "NV": {
      "method": "NV",
      "n_reps": 1000,
      "target": 0.95,
      "coverage": 0.87,
      "coverage_lo": 0.8477319733455312,
      "coverage_hi": 0.8894362253751581,
      "coverage_gap": -0.07999999999999996,
      "meets_target": false,
      "significantly_below": true,
      "mean_obj": -16.551078689138716,
      "obj_se": 0.016500797888868195,
      "mean_oracle_gap": 0.0019134081032725003,
      "oracle_gap_se": 0.019399751652327633,
      "mean_rel_oracle_gap": -0.00045113980250065445,
      "mean_excess_s": 0.0004149558075669155,
      "selected_s_std": 0.9453029169474332,
      "failure_rate": 0.0,
      "n_failed": 0
    },
    "UG": {
      "method": "UG",
      "n_reps": 1000,
      "target": 0.95,
      "coverage": 0.99,
      "coverage_lo": 0.9816905311296853,
      "coverage_hi": 0.9945592455544707,
      "coverage_gap": 0.040000000000000036,
      "meets_target": true,
      "significantly_below": false,
      "mean_obj": -16.010890609360757,
      "obj_se": 0.01243186421931606,
      "mean_oracle_gap": 0.5421014878812327,
      "oracle_gap_se": 0.019702762093971867,
      "mean_rel_oracle_gap": 0.031969517045700495,
      "mean_excess_s": 0.8647566701386699,
      "selected_s_std": 0.6634077331508301,
      "failure_rate": 0.0,
      "n_failed": 0
    },
    "NGS": {
      "method": "NGS",
      "n_reps": 1000,
      "target": 0.95,
      "coverage": 0.996,
      "coverage_lo": 0.9897604437227377,
      "coverage_hi": 0.9984434118595916,
      "coverage_gap": 0.04600000000000004,
      "meets_target": true,
      "significantly_below": false,
      "mean_obj": -15.913838442309979,
      "obj_se": 0.010456667717642044,
      "mean_oracle_gap": 0.6391536549320102,
      "oracle_gap_se": 0.019467761374535254,
      "mean_rel_oracle_gap": 0.03777031062653623,
      "mean_excess_s": 1.0315216785062384,
      "selected_s_std": 0.5639395448214943,
      "failure_rate": 0.0,
      "n_failed": 0
    },
    "UNGS": {
      "method": "UNGS",
      "n_reps": 1000,
      "target": 0.95,
      "coverage": 0.99,
      "coverage_lo": 0.9816905311296853,
      "coverage_hi": 0.9945592455544707,
      "coverage_gap": 0.040000000000000036,
      "meets_target": true,
      "significantly_below": false,
      "mean_obj": -15.981616642568646,
      "obj_se": 0.012787260489538984,
      "mean_oracle_gap": 0.5713754546733416,
      "oracle_gap_se": 0.0198326794364922,
      "mean_rel_oracle_gap": 0.033746171620292725,
      "mean_excess_s": 0.9296391325287836,
      "selected_s_std": 0.7428677612455054,
      "failure_rate": 0.0,
      "n_failed": 0
    },
    "benchmark": {
      "method": "benchmark",
      "n_reps": 1000,
      "target": 0.95,
      "coverage": 1.0,
      "coverage_lo": 0.996173241514445,
      "coverage_hi": 1.0,
      "coverage_gap": 0.050000000000000044,
      "meets_target": true,
      "significantly_below": false,
      "mean_obj": -15.324547637443258,
      "obj_se": 1.1240288649509236e-16,
      "mean_oracle_gap": 1.228444459798734,
      "oracle_gap_se": 0.014295071536059642,
      "mean_rel_oracle_gap": 0.07351710325831323,
      "mean_excess_s": null,
      "selected_s_std": null,
      "failure_rate": 0.0,
      "n_failed": 0
    },
    "_n_replication_errors": 0
  }
}