{
  "config": "paper_ro_ellipsoid",
  "n": 500,
  "split": 0.5,
  "d": 5,
  "reps": 1000,
  "include_existing": false,
  "elapsed_s": 6.105828762054443,
  "summaries": {
    "NV": {
      "method": "NV",
      "n_reps": 1000,
      "target": 0.95,
      "coverage": 0.943,
      "coverage_lo": 0.9268629323405141,
      "coverage_hi": 0.9557465596412841,
      "coverage_gap": -0.007000000000000006,
      "meets_target": false,
      "significantly_below": false,
      "mean_obj": -3.463113397256321,
      "obj_se": 0.003235693762326728,
      "mean_oracle_gap": -0.007333743500996983,
      "oracle_gap_se": 0.0033587912556552963,
      "mean_rel_oracle_gap": -0.002347077617223614,
      "mean_excess_s": -0.002653705341844045,
      "selected_s_std": 0.4022662545959165,
      "failure_rate": 0.0,
      "n_failed": 0
    },
    "UG": {
      "method": "UG",
      "n_reps": 1000,
      "target": 0.95,
      "coverage": 0.997,
      "coverage_lo": 0.9912169859464969,
      "coverage_hi": 0.9989792161188614,
      "coverage_gap": 0.04700000000000004,
      "meets_target": true,
      "significantly_below": false,
      "mean_obj": -3.3655949677412207,
      "obj_se": 0.003420957993115394,
      "mean_oracle_gap": 0.0901846860141032,
      "oracle_gap_se": 0.0039261359568124364,
      "mean_rel_oracle_gap": 0.02576340776795571,
      "mean_excess_s": 0.4291002901735592,
      "selected_s_std": 0.5890434491437876,
      "failure_rate": 0.0,
      "n_failed": 0
    },
    "NGS": {
      "method": "NGS",
      "n_reps": 1000,
      "target": 0.95,
      "coverage": 0.999,
      "coverage_lo": 0.9943574414020421,
      "coverage_hi": 0.9998234536293739,
      "coverage_gap": 0.049000000000000044,
      "meets_target": true,
      "significantly_below": false,
      "mean_obj": -3.322259691092076,
      "obj_se": 0.003532894702935523,
      "mean_oracle_gap": 0.1335199626632479,
      "oracle_gap_se": 0.004160800112948884,
      "mean_rel_oracle_gap": 0.038260166195105194,
      "mean_excess_s": 0.6396652785525324,
      "selected_s_std": 0.6443770177316475,
      "failure_rate": 0.0,
      "n_failed": 0
    },
    "UNGS": {
      "method": "UNGS",
      "n_reps": 1000,
      "target": 0.95,
      "coverage": 0.998,
      "coverage_lo": 0.9927371921365079,
      "coverage_hi": 0.9994513564118793,
      "coverage_gap": 0.04800000000000004,
      "meets_target": true,
      "significantly_below": false,
      "mean_obj": -3.299931935634475,
      "obj_se": 0.00360314239440549,
      "mean_oracle_gap": 0.1558477181208487,
      "oracle_gap_se": 0.004258326827366148,
      "mean_rel_oracle_gap": 0.04470985224006185,
      "mean_excess_s": 0.753968736435361,
      "selected_s_std": 0.6760701083033059,
      "failure_rate": 0.0,
      "n_failed": 0
    },
    "benchmark": {
      "method": "benchmark",
      "n_reps": 1000,
      "target": 0.95,
      "coverage": 1.0,
      "coverage_lo": 0.996173241514445,
      "coverage_hi": 1.0,
      "coverage_gap": 0.050000000000000044,
      "meets_target": true,
      "significantly_below": false,
      "mean_obj": -3.025999410968635,
      "obj_se": 0.0,
      "mean_oracle_gap": 0.4297802427866893,
      "oracle_gap_se": 0.002127019578655342,
      "mean_rel_oracle_gap": 0.12403370102405444,
      "mean_excess_s": NaN,
      "selected_s_std": NaN,
      "failure_rate": 0.0,
      "n_failed": 0
    },
    "_n_replication_errors": 0
  }
}