{
  "config": "paper_ro_ellipsoid",
  "n": 500,
  "split": 0.5,
  "d": 50,
  "reps": 1000,
  "include_existing": false,
  "elapsed_s": 86.05852437019348,
  "summaries": {
    "NV": {
      "method": "NV",
      "n_reps": 1000,
      "target": 0.95,
      "coverage": 1.0,
      "coverage_lo": 0.996173241514445,
      "coverage_hi": 1.0,
      "coverage_gap": 0.050000000000000044,
      "meets_target": true,
      "significantly_below": false,
      "mean_obj": -44.245732874282304,
      "obj_se": 0.012968828599485114,
      "mean_oracle_gap": 0.014669945700576512,
      "oracle_gap_se": 0.005975685331387328,
      "mean_rel_oracle_gap": 0.0003265127107008711,
      "mean_excess_s": 0.01949266655461214,
      "selected_s_std": 0.25299022716738634,
      "failure_rate": 0.0,
      "n_failed": 0
    },
    "UG": {
      "method": "UG",
      "n_reps": 1000,
      "target": 0.95,
      "coverage": 1.0,
      "coverage_lo": 0.996173241514445,
      "coverage_hi": 1.0,
      "coverage_gap": 0.050000000000000044,
      "meets_target": true,
      "significantly_below": false,
      "mean_obj": -44.03138348405113,
      "obj_se": 0.021688975670849445,
      "mean_oracle_gap": 0.22901933593174725,
      "oracle_gap_se": 0.022778522987237714,
      "mean_rel_oracle_gap": 0.005123997994028875,
      "mean_excess_s": 0.298099018622153,
      "selected_s_std": 0.9335699680969687,
      "failure_rate": 0.0,
      "n_failed": 0
    },
    "NGS": {
      "method": "NGS",
      "n_reps": 1000,
      "target": 0.95,
      "coverage": 1.0,
      "coverage_lo": 0.996173241514445,
      "coverage_hi": 1.0,
      "coverage_gap": 0.050000000000000044,
      "meets_target": true,
      "significantly_below": false,
      "mean_obj": -43.82656237298598,
      "obj_se": 0.027232956843208762,
      "mean_oracle_gap": 0.43384044699690694,
      "oracle_gap_se": 0.02992854424959353,
      "mean_rel_oracle_gap": 0.00972513490204663,
      "mean_excess_s": 0.5648443535727952,
      "selected_s_std": 1.2287355619552585,
      "failure_rate": 0.0,
      "n_failed": 0
    },
    "UNGS": {
      "method": "UNGS",
      "n_reps": 1000,
      "target": 0.95,
      "coverage": 1.0,
      "coverage_lo": 0.996173241514445,
      "coverage_hi": 1.0,
      "coverage_gap": 0.050000000000000044,
      "meets_target": true,
      "significantly_below": false,
      "mean_obj": -44.02144421007956,
      "obj_se": 0.021960494958198556,
      "mean_oracle_gap": 0.23895860990332377,
      "oracle_gap_se": 0.023215057139898642,
      "mean_rel_oracle_gap": 0.0053464892809139235,
      "mean_excess_s": 0.3111618098727698,
      "selected_s_std": 0.9521625352207991,
      "failure_rate": 0.0,
      "n_failed": 0
    },
    "benchmark": {
      "method": "benchmark",
      "n_reps": 1000,
      "target": 0.95,
      "coverage": 1.0,
      "coverage_lo": 0.996173241514445,
      "coverage_hi": 1.0,
      "coverage_gap": 0.050000000000000044,
      "meets_target": true,
      "significantly_below": false,
      "mean_obj": -42.46409155317787,
      "obj_se": 2.2480577299018473e-16,
      "mean_oracle_gap": 1.7963112668050012,
      "oracle_gap_se": 0.012334505644218365,
      "mean_rel_oracle_gap": 0.040510578732758616,
      "mean_excess_s": null,
      "selected_s_std": null,
      "failure_rate": 0.0,
      "n_failed": 0
    },
    "_n_replication_errors": 0
  }
}