{
  "config": "paper_ro_ellipsoid",
  "n": 500,
  "split": 0.5,
  "d": 10,
  "reps": 500,
  "include_existing": false,
  "elapsed_s": 4.817805051803589,
  "summaries": {
    "NV": {
      "method": "NV",
      "n_reps": 500,
      "target": 0.95,
      "coverage": 0.864,
      "coverage_lo": 0.8311649235512272,
      "coverage_hi": 0.8912845565927628,
      "coverage_gap": -0.08599999999999997,
      "meets_target": false,
      "significantly_below": true,
      "mean_obj": -7.596729316970925,
      "obj_se": 0.010292773941812609,
      "mean_oracle_gap": -0.08031526359889564,
      "oracle_gap_se": 0.011423386464616492,
      "mean_rel_oracle_gap": -0.010958333245151906,
      "mean_excess_s": -0.1629696523284407,
      "selected_s_std": 0.54115329375526,
      "failure_rate": 0.0
    },
    "UG": {
      "method": "UG",
      "n_reps": 500,
      "target": 0.95,
      "coverage": 0.99,
      "coverage_lo": 0.9768069002442693,
      "coverage_hi": 0.9957212461034096,
      "coverage_gap": 0.040000000000000036,
      "meets_target": true,
      "significantly_below": false,
      "mean_obj": -7.446982790786824,
      "obj_se": 0.00784130179752135,
      "mean_oracle_gap": 0.06943126258520502,
      "oracle_gap_se": 0.008730391020919727,
      "mean_rel_oracle_gap": 0.009017383397316113,
      "mean_excess_s": 0.20821650415101486,
      "selected_s_std": 0.5096001606771029,
      "failure_rate": 0.0
    },
    "NGS": {
      "method": "NGS",
      "n_reps": 500,
      "target": 0.95,
      "coverage": 0.996,
      "coverage_lo": 0.9855342847848231,
      "coverage_hi": 0.9989023694773173,
      "coverage_gap": 0.04600000000000004,
      "meets_target": true,
      "significantly_below": false,
      "mean_obj": -7.391494716509469,
      "obj_se": 0.008382393887726216,
      "mean_oracle_gap": 0.1249193368625601,
      "oracle_gap_se": 0.009867817368939496,
      "mean_rel_oracle_gap": 0.016347504155838855,
      "mean_excess_s": 0.3798835846080156,
      "selected_s_std": 0.6276317992952629,
      "failure_rate": 0.0
    },
    "UNGS": {
      "method": "UNGS",
      "n_reps": 500,
      "target": 0.95,
      "coverage": 0.992,
      "coverage_lo": 0.9796129641658948,
      "coverage_hi": 0.9968846848199377,
      "coverage_gap": 0.04200000000000004,
      "meets_target": true,
      "significantly_below": false,
      "mean_obj": -7.364286759736782,
      "obj_se": 0.009386573057034378,
      "mean_oracle_gap": 0.1521272936352471,
      "oracle_gap_se": 0.010858560845404453,
      "mean_rel_oracle_gap": 0.01995579764467541,
      "mean_excess_s": 0.47455570868221125,
      "selected_s_std": 0.723095462514605,
      "failure_rate": 0.0
    },
    "benchmark": {
      "method": "benchmark",
      "n_reps": 500,
      "target": 0.95,
      "coverage": 1.0,
      "coverage_lo": 0.9923756595384479,
      "coverage_hi": 1.0,
      "coverage_gap": 0.050000000000000044,
      "meets_target": true,
      "significantly_below": false,
      "mean_obj": -6.901634398397178,
      "obj_se": 7.95206533574069e-17,
      "mean_oracle_gap": 0.6147796549748491,
      "oracle_gap_se": 0.006064228609091299,
      "mean_rel_oracle_gap": 0.08149566905069687,
      "mean_excess_s": NaN,
      "selected_s_std": NaN,
      "failure_rate": 0.0
    }
  }
}