{
  "config": "paper_ro_ellipsoid",
  "n": 500,
  "split": 0.5,
  "d": 20,
  "reps": 500,
  "include_existing": false,
  "elapsed_s": 8.015466928482056,
  "summaries": {
    "NV": {
      "method": "NV",
      "n_reps": 500,
      "target": 0.95,
      "coverage": 0.856,
      "coverage_lo": 0.8225095437017246,
      "coverage_hi": 0.8840619258896502,
      "coverage_gap": -0.09399999999999997,
      "meets_target": false,
      "significantly_below": true,
      "mean_obj": -16.564405830562517,
      "obj_se": 0.023191996076580783,
      "mean_oracle_gap": -0.02380153700879373,
      "oracle_gap_se": 0.027671075823793644,
      "mean_rel_oracle_gap": -0.002019621247813203,
      "mean_excess_s": -0.04124427079121156,
      "selected_s_std": 0.9444507645478275,
      "failure_rate": 0.0
    },
    "UG": {
      "method": "UG",
      "n_reps": 500,
      "target": 0.95,
      "coverage": 0.986,
      "coverage_lo": 0.9713869308622147,
      "coverage_hi": 0.9932022102091564,
      "coverage_gap": 0.03600000000000003,
      "meets_target": true,
      "significantly_below": false,
      "mean_obj": -16.033228241792795,
      "obj_se": 0.018351733152450405,
      "mean_oracle_gap": 0.5073760517609281,
      "oracle_gap_se": 0.028101124674279873,
      "mean_rel_oracle_gap": 0.02991153764674452,
      "mean_excess_s": 0.8090912163741,
      "selected_s_std": 0.700799498060737,
      "failure_rate": 0.0
    },
    "NGS": {
      "method": "NGS",
      "n_reps": 500,
      "target": 0.95,
      "coverage": 0.994,
      "coverage_lo": 0.9825097478959467,
      "coverage_hi": 0.9979574037280398,
      "coverage_gap": 0.04400000000000004,
      "meets_target": true,
      "significantly_below": false,
      "mean_obj": -15.921896629392643,
      "obj_se": 0.015752730092633744,
      "mean_oracle_gap": 0.6187076641610808,
      "oracle_gap_se": 0.028025641511695665,
      "mean_rel_oracle_gap": 0.03656926708093619,
      "mean_excess_s": 1.000982112260541,
      "selected_s_std": 0.6068614963230503,
      "failure_rate": 0.0
    },
    "UNGS": {
      "method": "UNGS",
      "n_reps": 500,
      "target": 0.95,
      "coverage": 0.986,
      "coverage_lo": 0.9713869308622147,
      "coverage_hi": 0.9932022102091564,
      "coverage_gap": 0.03600000000000003,
      "meets_target": true,
      "significantly_below": false,
      "mean_obj": -15.99709760427197,
      "obj_se": 0.01899006817077442,
      "mean_oracle_gap": 0.543506689281754,
      "oracle_gap_se": 0.028573362662138103,
      "mean_rel_oracle_gap": 0.03209466646008047,
      "mean_excess_s": 0.8891280179162452,
      "selected_s_std": 0.7962405776904643,
      "failure_rate": 0.0
    },
    "benchmark": {
      "method": "benchmark",
      "n_reps": 500,
      "target": 0.95,
      "coverage": 1.0,
      "coverage_lo": 0.9923756595384479,
      "coverage_hi": 1.0,
      "coverage_gap": 0.050000000000000044,
      "meets_target": true,
      "significantly_below": false,
      "mean_obj": -15.324547637380713,
      "obj_se": 1.590413067148138e-16,
      "mean_oracle_gap": 1.2160566561730086,
      "oracle_gap_se": 0.020087786458321814,
      "mean_rel_oracle_gap": 0.07283264482088445,
      "mean_excess_s": NaN,
      "selected_s_std": NaN,
      "failure_rate": 0.0
    }
  }
}