{
  "config": "paper_ro_ellipsoid",
  "n": 1000,
  "split": 0.5,
  "d": 10,
  "reps": 300,
  "include_existing": false,
  "elapsed_s": 2.7245161533355713,
  "summaries": {
    "NV": {
      "method": "NV",
      "n_reps": 300,
      "target": 0.95,
      "coverage": 0.9133333333333333,
      "coverage_lo": 0.8760440413057516,
      "coverage_hi": 0.9401711024819569,
      "coverage_gap": -0.036666666666666625,
      "meets_target": false,
      "significantly_below": true,
      "mean_obj": -7.533755130976243,
      "obj_se": 0.011351857193013378,
      "mean_oracle_gap": -0.05308670874717103,
      "oracle_gap_se": 0.011771514848831818,
      "mean_rel_oracle_gap": -0.007227911899678113,
      "mean_excess_s": -0.11034485177685217,
      "selected_s_std": 0.4454495686171885,
      "failure_rate": 0.0,
      "n_failed": 0
    },
    "UG": {
      "method": "UG",
      "n_reps": 300,
      "target": 0.95,
      "coverage": 0.9966666666666667,
      "coverage_lo": 0.9813633063054688,
      "coverage_hi": 0.9994113422781488,
      "coverage_gap": 0.046666666666666745,
      "meets_target": true,
      "significantly_below": false,
      "mean_obj": -7.460227844266977,
      "obj_se": 0.005944576425252623,
      "mean_oracle_gap": 0.02044057796209598,
      "oracle_gap_se": 0.006970027438206607,
      "mean_rel_oracle_gap": 0.0025977350499327445,
      "mean_excess_s": 0.052483710326677945,
      "selected_s_std": 0.23489307273533114,
      "failure_rate": 0.0,
      "n_failed": 0
    },
    "NGS": {
      "method": "NGS",
      "n_reps": 300,
      "target": 0.95,
      "coverage": 1.0,
      "coverage_lo": 0.9873570287754538,
      "coverage_hi": 0.9999999999999998,
      "coverage_gap": 0.050000000000000044,
      "meets_target": true,
      "significantly_below": false,
      "mean_obj": -7.4451207957757,
      "obj_se": 0.0061615426268358565,
      "mean_oracle_gap": 0.035547626453374344,
      "oracle_gap_se": 0.007867526356496922,
      "mean_rel_oracle_gap": 0.004590265871415636,
      "mean_excess_s": 0.09551750131249738,
      "selected_s_std": 0.29227262111555447,
      "failure_rate": 0.0,
      "n_failed": 0
    },
    "UNGS": {
      "method": "UNGS",
      "n_reps": 300,
      "target": 0.95,
      "coverage": 1.0,
      "coverage_lo": 0.9873570287754538,
      "coverage_hi": 0.9999999999999998,
      "coverage_gap": 0.050000000000000044,
      "meets_target": true,
      "significantly_below": false,
      "mean_obj": -7.44288457472751,
      "obj_se": 0.0065787764670460274,
      "mean_oracle_gap": 0.037783847501562565,
      "oracle_gap_se": 0.007935565751434764,
      "mean_rel_oracle_gap": 0.004899604098951601,
      "mean_excess_s": 0.10507232549754973,
      "selected_s_std": 0.3345671261147324,
      "failure_rate": 0.0,
      "n_failed": 0
    },
    "benchmark": {
      "method": "benchmark",
      "n_reps": 300,
      "target": 0.95,
      "coverage": 1.0,
      "coverage_lo": 0.9873570287754538,
      "coverage_hi": 0.9999999999999998,
      "coverage_gap": 0.050000000000000044,
      "meets_target": true,
      "significantly_below": false,
      "mean_obj": -6.901634398397179,
      "obj_se": 5.1364684236276066e-17,
      "mean_oracle_gap": 0.5790340238318942,
      "oracle_gap_se": 0.0063067200495257655,
      "mean_rel_oracle_gap": 0.07721287057523853,
      "mean_excess_s": NaN,
      "selected_s_std": NaN,
      "failure_rate": 0.0,
      "n_failed": 0
    },
    "_n_replication_errors": 0
  }
}