{
  "config": "paper_ro_ellipsoid",
  "n": 500,
  "split": 0.5,
  "d": 10,
  "reps": 1000,
  "include_existing": false,
  "elapsed_s": 8.516005992889404,
  "summaries": {
    "NV": {
      "method": "NV",
      "n_reps": 1000,
      "target": 0.95,
      "coverage": 0.867,
      "coverage_lo": 0.8445423199288764,
      "coverage_hi": 0.8866488393427261,
      "coverage_gap": -0.08299999999999996,
      "meets_target": false,
      "significantly_below": true,
      "mean_obj": -7.594451846753284,
      "obj_se": 0.007269826324625846,
      "mean_oracle_gap": -0.08046521355493103,
      "oracle_gap_se": 0.007887370326739673,
      "mean_rel_oracle_gap": -0.01094877399076572,
      "mean_excess_s": -0.16445058042652347,
      "selected_s_std": 0.5375869596762838,
      "failure_rate": 0.0,
      "n_failed": 0
    },
    "UG": {
      "method": "UG",
      "n_reps": 1000,
      "target": 0.95,
      "coverage": 0.993,
      "coverage_lo": 0.9856216845342334,
      "coverage_hi": 0.9966051315990092,
      "coverage_gap": 0.04300000000000004,
      "meets_target": true,
      "significantly_below": false,
      "mean_obj": -7.44052859499451,
      "obj_se": 0.005385450800493223,
      "mean_oracle_gap": 0.07345803820384239,
      "oracle_gap_se": 0.006074179188384688,
      "mean_rel_oracle_gap": 0.009558852684241496,
      "mean_excess_s": 0.21966602805543578,
      "selected_s_std": 0.5192479474252872,
      "failure_rate": 0.0,
      "n_failed": 0
    },
    "NGS": {
      "method": "NGS",
      "n_reps": 1000,
      "target": 0.95,
      "coverage": 0.998,
      "coverage_lo": 0.9927371921365079,
      "coverage_hi": 0.9994513564118793,
      "coverage_gap": 0.04800000000000004,
      "meets_target": true,
      "significantly_below": false,
      "mean_obj": -7.38948879253401,
      "obj_se": 0.005808029058499159,
      "mean_oracle_gap": 0.12449784066434222,
      "oracle_gap_se": 0.006907843465064213,
      "mean_rel_oracle_gap": 0.01630008877014302,
      "mean_excess_s": 0.3768842408781413,
      "selected_s_std": 0.6272994398272238,
      "failure_rate": 0.0,
      "n_failed": 0
    },
    "UNGS": {
      "method": "UNGS",
      "n_reps": 1000,
      "target": 0.95,
      "coverage": 0.994,
      "coverage_lo": 0.9869718317581478,
      "coverage_hi": 0.9972473308581237,
      "coverage_gap": 0.04400000000000004,
      "meets_target": true,
      "significantly_below": false,
      "mean_obj": -7.369719285622105,
      "obj_se": 0.0064847322970196545,
      "mean_oracle_gap": 0.1442673475762471,
      "oracle_gap_se": 0.007475984354567917,
      "mean_rel_oracle_gap": 0.018932105865253884,
      "mean_excess_s": 0.4485468974069885,
      "selected_s_std": 0.7137066309362107,
      "failure_rate": 0.0,
      "n_failed": 0
    },
    "benchmark": {
      "method": "benchmark",
      "n_reps": 1000,
      "target": 0.95,
      "coverage": 1.0,
      "coverage_lo": 0.996173241514445,
      "coverage_hi": 1.0,
      "coverage_gap": 0.050000000000000044,
      "meets_target": true,
      "significantly_below": false,
      "mean_obj": -6.901634398385977,
      "obj_se": 1.1240288649509236e-16,
      "mean_oracle_gap": 0.6123522348123789,
      "oracle_gap_se": 0.004189266110067012,
      "mean_rel_oracle_gap": 0.08121264997266449,
      "mean_excess_s": null,
      "selected_s_std": null,
      "failure_rate": 0.0,
      "n_failed": 0
    },
    "_n_replication_errors": 0
  }
}