{
  "config": "paper_so",
  "n": 200,
  "split": 0.5,
  "d": 10,
  "reps": 1000,
  "include_existing": false,
  "elapsed_s": 8.854837417602539,
  "summaries": {
    "NV": {
      "method": "NV",
      "n_reps": 1000,
      "target": 0.95,
      "coverage": 0.63,
      "coverage_lo": 0.5996317181277412,
      "coverage_hi": 0.6593733246660144,
      "coverage_gap": -0.31999999999999995,
      "meets_target": false,
      "significantly_below": true,
      "mean_obj": -7.723106779167479,
      "obj_se": 0.01076676057008734,
      "mean_oracle_gap": -0.09020393319120674,
      "oracle_gap_se": 0.009707146803791226,
      "mean_rel_oracle_gap": -0.012184037777829736,
      "mean_excess_s": -3.757330637007078,
      "selected_s_std": 23.70404779530032,
      "failure_rate": 0.0,
      "n_failed": 0
    },
    "UG": {
      "method": "UG",
      "n_reps": 1000,
      "target": 0.95,
      "coverage": 0.903,
      "coverage_lo": 0.8830847944509657,
      "coverage_hi": 0.9198308382096769,
      "coverage_gap": -0.04699999999999993,
      "meets_target": false,
      "significantly_below": true,
      "mean_obj": -7.482919510329598,
      "obj_se": 0.009752726237092137,
      "mean_oracle_gap": 0.15242543322672616,
      "oracle_gap_se": 0.008334667554052603,
      "mean_rel_oracle_gap": 0.019669383395558317,
      "mean_excess_s": 15.001011122345805,
      "selected_s_std": 27.040084414904573,
      "failure_rate": 0.0,
      "n_failed": 0
    },
    "NGS": {
      "method": "NGS",
      "n_reps": 1000,
      "target": 0.95,
      "coverage": 0.949,
      "coverage_lo": 0.9335645136552383,
      "coverage_hi": 0.9609990572247332,
      "coverage_gap": -0.0010000000000000009,
      "meets_target": false,
      "significantly_below": false,
      "mean_obj": -7.401721098906793,
      "obj_se": 0.009820119808704874,
      "mean_oracle_gap": 0.23452696146009777,
      "oracle_gap_se": 0.008498648477321244,
      "mean_rel_oracle_gap": 0.030418489438789942,
      "mean_excess_s": 22.856420626895854,
      "selected_s_std": 25.52017741818139,
      "failure_rate": 0.0,
      "n_failed": 0
    },
    "UNGS": {
      "method": "UNGS",
      "n_reps": 1000,
      "target": 0.95,
      "coverage": 0.958,
      "coverage_lo": 0.9437155747733968,
      "coverage_hi": 0.9687791144538346,
      "coverage_gap": 0.008000000000000007,
      "meets_target": true,
      "significantly_below": false,
      "mean_obj": -7.349208788989687,
      "obj_se": 0.01024853390330844,
      "mean_oracle_gap": 0.287623331447061,
      "oracle_gap_se": 0.008840337693564243,
      "mean_rel_oracle_gap": 0.03740250247392954,
      "mean_excess_s": 28.828109201213348,
      "selected_s_std": 23.749984963906517,
      "failure_rate": 0.0,
      "n_failed": 0
    },
    "benchmark": {
      "method": "benchmark",
      "n_reps": 1000,
      "target": 0.95,
      "coverage": 1.0,
      "coverage_lo": 0.996173241514445,
      "coverage_hi": 1.0,
      "coverage_gap": 0.050000000000000044,
      "meets_target": true,
      "significantly_below": false,
      "mean_obj": -6.970821810071617,
      "obj_se": 0.008050897698888995,
      "mean_oracle_gap": 0.6597888095260301,
      "oracle_gap_se": 0.008972432378815325,
      "mean_rel_oracle_gap": 0.08590039343037756,
      "mean_excess_s": NaN,
      "selected_s_std": NaN,
      "failure_rate": 0.0,
      "n_failed": 0
    },
    "_n_replication_errors": 0
  }
}