{
  "config": "paper_so",
  "n": 1000,
  "split": 0.5,
  "d": 10,
  "reps": 1000,
  "include_existing": false,
  "elapsed_s": 150.7882900238037,
  "summaries": {
    "NV": {
      "method": "NV",
      "n_reps": 1000,
      "target": 0.95,
      "coverage": 0.796,
      "coverage_lo": 0.769913574238833,
      "coverage_hi": 0.8198209847377185,
      "coverage_gap": -0.15399999999999991,
      "meets_target": false,
      "significantly_below": true,
      "mean_obj": -7.655880125845568,
      "obj_se": 0.008014551819608272,
      "mean_oracle_gap": -0.020842210933325944,
      "oracle_gap_se": 0.005977480753283435,
      "mean_rel_oracle_gap": -0.0029628400061645016,
      "mean_excess_s": -0.203,
      "selected_s_std": 24.623849779796373,
      "failure_rate": 0.0,
      "n_failed": 0
    },
    "UG": {
      "method": "UG",
      "n_reps": 1000,
      "target": 0.95,
      "coverage": 0.977,
      "coverage_lo": 0.9657235493377733,
      "coverage_hi": 0.9846257230670071,
      "coverage_gap": 0.027000000000000024,
      "meets_target": true,
      "significantly_below": false,
      "mean_obj": -7.491857072060129,
      "obj_se": 0.0076231462763974136,
      "mean_oracle_gap": 0.14318084285211388,
      "oracle_gap_se": 0.0070526656665949004,
      "mean_rel_oracle_gap": 0.018365633677168175,
      "mean_excess_s": 14.89,
      "selected_s_std": 34.08080427777813,
      "failure_rate": 0.0,
      "n_failed": 0
    },
    "NGS": {
      "method": "NGS",
      "n_reps": 1000,
      "target": 0.95,
      "coverage": 0.996,
      "coverage_lo": 0.9897604437227377,
      "coverage_hi": 0.9984434118595916,
      "coverage_gap": 0.04600000000000004,
      "meets_target": true,
      "significantly_below": false,
      "mean_obj": -7.3994547139526565,
      "obj_se": 0.0070483149065600605,
      "mean_oracle_gap": 0.23558320095958674,
      "oracle_gap_se": 0.007516278539600585,
      "mean_rel_oracle_gap": 0.030343267792528113,
      "mean_excess_s": 26.237,
      "selected_s_std": 40.636304867363044,
      "failure_rate": 0.0,
      "n_failed": 0
    },
    "UNGS": {
      "method": "UNGS",
      "n_reps": 1000,
      "target": 0.95,
      "coverage": 0.999,
      "coverage_lo": 0.9943574414020421,
      "coverage_hi": 0.9998234536293739,
      "coverage_gap": 0.049000000000000044,
      "meets_target": true,
      "significantly_below": false,
      "mean_obj": -7.301109641401494,
      "obj_se": 0.006698404690363589,
      "mean_oracle_gap": 0.33392827351074866,
      "oracle_gap_se": 0.008070412178779275,
      "mean_rel_oracle_gap": 0.043114330905355644,
      "mean_excess_s": 43.795,
      "selected_s_std": 51.87524404708805,
      "failure_rate": 0.0,
      "n_failed": 0
    },
    "benchmark": {
      "method": "benchmark",
      "n_reps": 1000,
      "target": 0.95,
      "coverage": 1.0,
      "coverage_lo": 0.996173241514445,
      "coverage_hi": 1.0,
      "coverage_gap": 0.050000000000000044,
      "meets_target": true,
      "significantly_below": false,
      "mean_obj": -6.4047529453600545,
      "obj_se": 0.00557743923039234,
      "mean_oracle_gap": 1.230284969552188,
      "oracle_gap_se": 0.008546123335917945,
      "mean_rel_oracle_gap": 0.1604241562232906,
      "mean_excess_s": null,
      "selected_s_std": null,
      "failure_rate": 0.0,
      "n_failed": 0
    },
    "_n_replication_errors": 0
  }
}