{
  "config": "paper_ro_ellipsoid",
  "n": 100,
  "split": 0.5,
  "d": 10,
  "reps": 1000,
  "include_existing": false,
  "elapsed_s": 9.268414497375488,
  "summaries": {
    "NV": {
      "method": "NV",
      "n_reps": 1000,
      "target": 0.95,
      "coverage": 0.707,
      "coverage_lo": 0.6780414921958111,
      "coverage_hi": 0.7343742297911691,
      "coverage_gap": -0.243,
      "meets_target": false,
      "significantly_below": true,
      "mean_obj": -7.715227555969021,
      "obj_se": 0.010797666718408837,
      "mean_oracle_gap": -0.0943031971400327,
      "oracle_gap_se": 0.011523148949334447,
      "mean_rel_oracle_gap": -0.01273794551893949,
      "mean_excess_s": -0.1561042298260027,
      "selected_s_std": 1.1971813618366896,
      "failure_rate": 0.0,
      "n_failed": 0
    },
    "UG": {
      "method": "UG",
      "n_reps": 1000,
      "target": 0.95,
      "coverage": 0.968,
      "coverage_lo": 0.9551752619162314,
      "coverage_hi": 0.9772428921412891,
      "coverage_gap": 0.018000000000000016,
      "meets_target": true,
      "significantly_below": false,
      "mean_obj": -7.206145643457654,
      "obj_se": 0.01149995559245214,
      "mean_oracle_gap": 0.4147787153713334,
      "oracle_gap_se": 0.012363634843131136,
      "mean_rel_oracle_gap": 0.05405285616573038,
      "mean_excess_s": 1.6676439404313814,
      "selected_s_std": 1.9438106203700105,
      "failure_rate": 0.0,
      "n_failed": 0
    },
    "NGS": {
      "method": "NGS",
      "n_reps": 1000,
      "target": 0.95,
      "coverage": 0.969,
      "coverage_lo": 0.9563345039877078,
      "coverage_hi": 0.9780759965528414,
      "coverage_gap": 0.019000000000000017,
      "meets_target": true,
      "significantly_below": false,
      "mean_obj": -7.135290031934344,
      "obj_se": 0.013626567252159565,
      "mean_oracle_gap": 0.48563432689464403,
      "oracle_gap_se": 0.014624970770088185,
      "mean_rel_oracle_gap": 0.0632888554576078,
      "mean_excess_s": 2.128004685939024,
      "selected_s_std": 2.662879662339758,
      "failure_rate": 0.0,
      "n_failed": 0
    },
    "UNGS": {
      "method": "UNGS",
      "n_reps": 1000,
      "target": 0.95,
      "coverage": 0.982,
      "coverage_lo": 0.9717267448294926,
      "coverage_hi": 0.9885842599904322,
      "coverage_gap": 0.03200000000000003,
      "meets_target": true,
      "significantly_below": false,
      "mean_obj": -6.703500094379226,
      "obj_se": 0.017486403762689107,
      "mean_oracle_gap": 0.9174242644497611,
      "oracle_gap_se": 0.01859501440550718,
      "mean_rel_oracle_gap": 0.11986861563696063,
      "mean_excess_s": 4.769794185709781,
      "selected_s_std": 4.471021671429099,
      "failure_rate": 0.0,
      "n_failed": 0
    },
    "benchmark": {
      "method": "benchmark",
      "n_reps": 1000,
      "target": 0.95,
      "coverage": 1.0,
      "coverage_lo": 0.996173241514445,
      "coverage_hi": 1.0,
      "coverage_gap": 0.050000000000000044,
      "meets_target": true,
      "significantly_below": false,
      "mean_obj": -6.901634398385977,
      "obj_se": 1.1240288649509236e-16,
      "mean_oracle_gap": 0.7192899604430144,
      "oracle_gap_se": 0.0050349022116299835,
      "mean_rel_oracle_gap": 0.09398602066703947,
      "mean_excess_s": NaN,
      "selected_s_std": NaN,
      "failure_rate": 0.0,
      "n_failed": 0
    },
    "_n_replication_errors": 0
  }
}