{
  "config": "paper_ro_ellipsoid",
  "n": 300,
  "split": 0.5,
  "d": 10,
  "reps": 1000,
  "include_existing": false,
  "elapsed_s": 8.990473985671997,
  "summaries": {
    "NV": {
      "method": "NV",
      "n_reps": 1000,
      "target": 0.95,
      "coverage": 0.829,
      "coverage_lo": 0.8044158480970535,
      "coverage_hi": 0.8510661448194513,
      "coverage_gap": -0.121,
      "meets_target": false,
      "significantly_below": true,
      "mean_obj": -7.646162832432492,
      "obj_se": 0.008263152472654306,
      "mean_oracle_gap": -0.09342886583116472,
      "oracle_gap_se": 0.008995159174387497,
      "mean_rel_oracle_gap": -0.012708347983702867,
      "mean_excess_s": -0.17896215267367035,
      "selected_s_std": 0.6592433097834397,
      "failure_rate": 0.0,
      "n_failed": 0
    },
    "UG": {
      "method": "UG",
      "n_reps": 1000,
      "target": 0.95,
      "coverage": 0.996,
      "coverage_lo": 0.9897604437227377,
      "coverage_hi": 0.9984434118595916,
      "coverage_gap": 0.04600000000000004,
      "meets_target": true,
      "significantly_below": false,
      "mean_obj": -7.361389093740745,
      "obj_se": 0.006868060527395319,
      "mean_oracle_gap": 0.19134487286058202,
      "oracle_gap_se": 0.007989708934875966,
      "mean_rel_oracle_gap": 0.024980656403155943,
      "mean_excess_s": 0.5945828898628676,
      "selected_s_std": 0.786913593571897,
      "failure_rate": 0.0,
      "n_failed": 0
    },
    "NGS": {
      "method": "NGS",
      "n_reps": 1000,
      "target": 0.95,
      "coverage": 0.996,
      "coverage_lo": 0.9897604437227377,
      "coverage_hi": 0.9984434118595916,
      "coverage_gap": 0.04600000000000004,
      "meets_target": true,
      "significantly_below": false,
      "mean_obj": -7.3063968112873825,
      "obj_se": 0.007312505406198089,
      "mean_oracle_gap": 0.24633715531394398,
      "oracle_gap_se": 0.008506538963152408,
      "mean_rel_oracle_gap": 0.032245208931003536,
      "mean_excess_s": 0.7783729473923237,
      "selected_s_std": 0.8703687650624681,
      "failure_rate": 0.0,
      "n_failed": 0
    },
    "UNGS": {
      "method": "UNGS",
      "n_reps": 1000,
      "target": 0.95,
      "coverage": 0.996,
      "coverage_lo": 0.9897604437227377,
      "coverage_hi": 0.9984434118595916,
      "coverage_gap": 0.04600000000000004,
      "meets_target": true,
      "significantly_below": false,
      "mean_obj": -7.263317974173158,
      "obj_se": 0.007873394293904209,
      "mean_oracle_gap": 0.2894159924281682,
      "oracle_gap_se": 0.009167283672347036,
      "mean_rel_oracle_gap": 0.03792389248905581,
      "mean_excess_s": 0.9364488922303665,
      "selected_s_std": 1.0009711361853992,
      "failure_rate": 0.0,
      "n_failed": 0
    },
    "benchmark": {
      "method": "benchmark",
      "n_reps": 1000,
      "target": 0.95,
      "coverage": 1.0,
      "coverage_lo": 0.996173241514445,
      "coverage_hi": 1.0,
      "coverage_gap": 0.050000000000000044,
      "meets_target": true,
      "significantly_below": false,
      "mean_obj": -6.901634398385977,
      "obj_se": 1.1240288649509236e-16,
      "mean_oracle_gap": 0.6510995682153532,
      "oracle_gap_se": 0.005050235371394222,
      "mean_rel_oracle_gap": 0.08580188018835011,
      "mean_excess_s": null,
      "selected_s_std": null,
      "failure_rate": 0.0,
      "n_failed": 0
    },
    "_n_replication_errors": 0
  }
}