{
  "config": "paper_ro_ellipsoid",
  "n": 1000,
  "split": 0.5,
  "d": 10,
  "reps": 1000,
  "include_existing": false,
  "elapsed_s": 9.257196426391602,
  "summaries": {
    "NV": {
      "method": "NV",
      "n_reps": 1000,
      "target": 0.95,
      "coverage": 0.895,
      "coverage_lo": 0.8744646434108284,
      "coverage_hi": 0.9125122173855832,
      "coverage_gap": -0.05499999999999994,
      "meets_target": false,
      "significantly_below": true,
      "mean_obj": -7.5461759443619645,
      "obj_se": 0.006644704241527014,
      "mean_oracle_gap": -0.06676438618140014,
      "oracle_gap_se": 0.006949852072223106,
      "mean_rel_oracle_gap": -0.009073547856837397,
      "mean_excess_s": -0.13930352164021106,
      "selected_s_std": 0.4702686630394427,
      "failure_rate": 0.0,
      "n_failed": 0
    },
    "UG": {
      "method": "UG",
      "n_reps": 1000,
      "target": 0.95,
      "coverage": 0.996,
      "coverage_lo": 0.9897604437227377,
      "coverage_hi": 0.9984434118595916,
      "coverage_gap": 0.04600000000000004,
      "meets_target": true,
      "significantly_below": false,
      "mean_obj": -7.460864491605074,
      "obj_se": 0.0032071380827765525,
      "mean_oracle_gap": 0.018547066575490056,
      "oracle_gap_se": 0.003826933947636679,
      "mean_rel_oracle_gap": 0.0023376164631185928,
      "mean_excess_s": 0.04597836106539827,
      "selected_s_std": 0.19863032377935919,
      "failure_rate": 0.0,
      "n_failed": 0
    },
    "NGS": {
      "method": "NGS",
      "n_reps": 1000,
      "target": 0.95,
      "coverage": 0.999,
      "coverage_lo": 0.9943574414020421,
      "coverage_hi": 0.9998234536293739,
      "coverage_gap": 0.049000000000000044,
      "meets_target": true,
      "significantly_below": false,
      "mean_obj": -7.448139689777043,
      "obj_se": 0.003360768020494749,
      "mean_oracle_gap": 0.031271868403521544,
      "oracle_gap_se": 0.0041956786154251306,
      "mean_rel_oracle_gap": 0.004022324291157075,
      "mean_excess_s": 0.08318244439841206,
      "selected_s_std": 0.2708093447951774,
      "failure_rate": 0.0,
      "n_failed": 0
    },
    "UNGS": {
      "method": "UNGS",
      "n_reps": 1000,
      "target": 0.95,
      "coverage": 0.997,
      "coverage_lo": 0.9912169859464969,
      "coverage_hi": 0.9989792161188614,
      "coverage_gap": 0.04700000000000004,
      "meets_target": true,
      "significantly_below": false,
      "mean_obj": -7.44793714467726,
      "obj_se": 0.0035534114100494686,
      "mean_oracle_gap": 0.03147441350330323,
      "oracle_gap_se": 0.004371267983513717,
      "mean_rel_oracle_gap": 0.004047503391928995,
      "mean_excess_s": 0.08607174471960324,
      "selected_s_std": 0.2994310911005026,
      "failure_rate": 0.0,
      "n_failed": 0
    },
    "benchmark": {
      "method": "benchmark",
      "n_reps": 1000,
      "target": 0.95,
      "coverage": 1.0,
      "coverage_lo": 0.996173241514445,
      "coverage_hi": 1.0,
      "coverage_gap": 0.050000000000000044,
      "meets_target": true,
      "significantly_below": false,
      "mean_obj": -6.901634398385977,
      "obj_se": 1.1240288649509236e-16,
      "mean_oracle_gap": 0.5777771597945907,
      "oracle_gap_se": 0.0035212094345520016,
      "mean_rel_oracle_gap": 0.07704945458199024,
      "mean_excess_s": NaN,
      "selected_s_std": NaN,
      "failure_rate": 0.0,
      "n_failed": 0
    },
    "_n_replication_errors": 0
  }
}