{
  "config": "paper_so",
  "n": 500,
  "split": 0.5,
  "d": 10,
  "reps": 1000,
  "include_existing": false,
  "elapsed_s": 47.81766724586487,
  "summaries": {
    "NV": {
      "method": "NV",
      "n_reps": 1000,
      "target": 0.95,
      "coverage": 0.704,
      "coverage_lo": 0.6749696568758727,
      "coverage_hi": 0.7314690256620207,
      "coverage_gap": -0.246,
      "meets_target": false,
      "significantly_below": true,
      "mean_obj": -7.683744794345232,
      "obj_se": 0.008454199324726411,
      "mean_oracle_gap": -0.0442456249655295,
      "oracle_gap_se": 0.007199326989829332,
      "mean_rel_oracle_gap": -0.006097165080333438,
      "mean_excess_s": -1.605,
      "selected_s_std": 26.233863737669424,
      "failure_rate": 0.0,
      "n_failed": 0
    },
    "UG": {
      "method": "UG",
      "n_reps": 1000,
      "target": 0.95,
      "coverage": 0.971,
      "coverage_lo": 0.9586616416633058,
      "coverage_hi": 0.9797335518433012,
      "coverage_gap": 0.02100000000000002,
      "meets_target": true,
      "significantly_below": false,
      "mean_obj": -7.451144185348343,
      "obj_se": 0.007832917643920996,
      "mean_oracle_gap": 0.1883549840313596,
      "oracle_gap_se": 0.007600985944836503,
      "mean_rel_oracle_gap": 0.024239754771878296,
      "mean_excess_s": 21.77,
      "selected_s_std": 39.83087388590055,
      "failure_rate": 0.0,
      "n_failed": 0
    },
    "NGS": {
      "method": "NGS",
      "n_reps": 1000,
      "target": 0.95,
      "coverage": 0.996,
      "coverage_lo": 0.9897604437227377,
      "coverage_hi": 0.9984434118595916,
      "coverage_gap": 0.04600000000000004,
      "meets_target": true,
      "significantly_below": false,
      "mean_obj": -7.341899834983031,
      "obj_se": 0.007503466906324445,
      "mean_oracle_gap": 0.2975993343966715,
      "oracle_gap_se": 0.00807163447987624,
      "mean_rel_oracle_gap": 0.03844399911360662,
      "mean_excess_s": 38.05,
      "selected_s_std": 46.62786134333692,
      "failure_rate": 0.0,
      "n_failed": 0
    },
    "UNGS": {
      "method": "UNGS",
      "n_reps": 1000,
      "target": 0.95,
      "coverage": 0.999,
      "coverage_lo": 0.9943574414020421,
      "coverage_hi": 0.9998234536293739,
      "coverage_gap": 0.049000000000000044,
      "meets_target": true,
      "significantly_below": false,
      "mean_obj": -7.1608287178587435,
      "obj_se": 0.007445545121572849,
      "mean_oracle_gap": 0.47867045152096066,
      "oracle_gap_se": 0.008796239680756122,
      "mean_rel_oracle_gap": 0.06204719565755022,
      "mean_excess_s": 78.207,
      "selected_s_std": 62.77735511564114,
      "failure_rate": 0.0,
      "n_failed": 0
    },
    "benchmark": {
      "method": "benchmark",
      "n_reps": 1000,
      "target": 0.95,
      "coverage": 1.0,
      "coverage_lo": 0.996173241514445,
      "coverage_hi": 1.0,
      "coverage_gap": 0.050000000000000044,
      "meets_target": true,
      "significantly_below": false,
      "mean_obj": -6.648868126103772,
      "obj_se": 0.006342013684595617,
      "mean_oracle_gap": 0.9906310432759314,
      "oracle_gap_se": 0.008068622206154756,
      "mean_rel_oracle_gap": 0.12909255474845716,
      "mean_excess_s": NaN,
      "selected_s_std": NaN,
      "failure_rate": 0.0,
      "n_failed": 0
    },
    "_n_replication_errors": 0
  }
}