{
  "config": "paper_ro_ellipsoid",
  "n": 100,
  "split": 0.5,
  "d": 10,
  "reps": 300,
  "include_existing": false,
  "elapsed_s": 2.655531167984009,
  "summaries": {
    "NV": {
      "method": "NV",
      "n_reps": 300,
      "target": 0.95,
      "coverage": 0.6933333333333334,
      "coverage_lo": 0.6389838112035251,
      "coverage_hi": 0.7427942399229839,
      "coverage_gap": -0.2566666666666666,
      "meets_target": false,
      "significantly_below": true,
      "mean_obj": -7.718568908764543,
      "obj_se": 0.02144267854040828,
      "mean_oracle_gap": -0.1034127487334655,
      "oracle_gap_se": 0.022664715612559456,
      "mean_rel_oracle_gap": -0.0139552920343202,
      "mean_excess_s": -0.1625968757636687,
      "selected_s_std": 1.2903422230702706,
      "failure_rate": 0.0,
      "n_failed": 0
    },
    "UG": {
      "method": "UG",
      "n_reps": 300,
      "target": 0.95,
      "coverage": 0.9466666666666667,
      "coverage_lo": 0.9151308582251686,
      "coverage_hi": 0.9669080874809034,
      "coverage_gap": -0.0033333333333332993,
      "meets_target": false,
      "significantly_below": false,
      "mean_obj": -7.22697099207088,
      "obj_se": 0.021846445523099237,
      "mean_oracle_gap": 0.3881851679601975,
      "oracle_gap_se": 0.02375253897477988,
      "mean_rel_oracle_gap": 0.05054351124913029,
      "mean_excess_s": 1.5991808908412748,
      "selected_s_std": 2.0517758914644455,
      "failure_rate": 0.0,
      "n_failed": 0
    },
    "NGS": {
      "method": "NGS",
      "n_reps": 300,
      "target": 0.95,
      "coverage": 0.9466666666666667,
      "coverage_lo": 0.9151308582251686,
      "coverage_hi": 0.9669080874809034,
      "coverage_gap": -0.0033333333333332993,
      "meets_target": false,
      "significantly_below": false,
      "mean_obj": -7.165736441074364,
      "obj_se": 0.025253413413820383,
      "mean_oracle_gap": 0.44941971895671456,
      "oracle_gap_se": 0.027416166539519414,
      "mean_rel_oracle_gap": 0.05851863718160434,
      "mean_excess_s": 1.9978027906059515,
      "selected_s_std": 2.656003874306994,
      "failure_rate": 0.0,
      "n_failed": 0
    },
    "UNGS": {
      "method": "UNGS",
      "n_reps": 300,
      "target": 0.95,
      "coverage": 0.9733333333333334,
      "coverage_lo": 0.9482710570494102,
      "coverage_hi": 0.9864269301913529,
      "coverage_gap": 0.023333333333333428,
      "meets_target": true,
      "significantly_below": false,
      "mean_obj": -6.742498851520257,
      "obj_se": 0.032082552754256116,
      "mean_oracle_gap": 0.872657308510821,
      "oracle_gap_se": 0.0346232561514362,
      "mean_rel_oracle_gap": 0.11397784957920563,
      "mean_excess_s": 4.51421712272205,
      "selected_s_std": 4.3237646182528,
      "failure_rate": 0.0,
      "n_failed": 0
    },
    "benchmark": {
      "method": "benchmark",
      "n_reps": 300,
      "target": 0.95,
      "coverage": 1.0,
      "coverage_lo": 0.9873570287754538,
      "coverage_hi": 0.9999999999999998,
      "coverage_gap": 0.050000000000000044,
      "meets_target": true,
      "significantly_below": false,
      "mean_obj": -6.901634398397179,
      "obj_se": 5.1364684236276066e-17,
      "mean_oracle_gap": 0.7135217616338981,
      "oracle_gap_se": 0.009446554149870908,
      "mean_rel_oracle_gap": 0.0932778608131352,
      "mean_excess_s": NaN,
      "selected_s_std": NaN,
      "failure_rate": 0.0,
      "n_failed": 0
    },
    "_n_replication_errors": 0
  }
}