{
  "config": "paper_ro_ellipsoid",
  "n": 200,
  "split": 0.5,
  "d": 10,
  "reps": 1000,
  "include_existing": false,
  "elapsed_s": 8.411844253540039,
  "summaries": {
    "NV": {
      "method": "NV",
      "n_reps": 1000,
      "target": 0.95,
      "coverage": 0.779,
      "coverage_lo": 0.7522428263299143,
      "coverage_hi": 0.803621842435146,
      "coverage_gap": -0.17099999999999993,
      "meets_target": false,
      "significantly_below": true,
      "mean_obj": -7.687923319783994,
      "obj_se": 0.008951282301467158,
      "mean_oracle_gap": -0.09740789524293994,
      "oracle_gap_se": 0.010336006026891898,
      "mean_rel_oracle_gap": -0.0133072228805569,
      "mean_excess_s": -0.17249357854313702,
      "selected_s_std": 0.826166187061813,
      "failure_rate": 0.0,
      "n_failed": 0
    },
    "UG": {
      "method": "UG",
      "n_reps": 1000,
      "target": 0.95,
      "coverage": 0.972,
      "coverage_lo": 0.9598298168024069,
      "coverage_hi": 0.9805577231872291,
      "coverage_gap": 0.02200000000000002,
      "meets_target": true,
      "significantly_below": false,
      "mean_obj": -7.355711878257872,
      "obj_se": 0.00845100087065451,
      "mean_oracle_gap": 0.23480354628318217,
      "oracle_gap_se": 0.009650538918874395,
      "mean_rel_oracle_gap": 0.03052515500194692,
      "mean_excess_s": 0.7812952826415939,
      "selected_s_std": 1.0233863331517943,
      "failure_rate": 0.0,
      "n_failed": 0
    },
    "NGS": {
      "method": "NGS",
      "n_reps": 1000,
      "target": 0.95,
      "coverage": 0.985,
      "coverage_lo": 0.9753990230730932,
      "coverage_hi": 0.9908890211959184,
      "coverage_gap": 0.03500000000000003,
      "meets_target": true,
      "significantly_below": false,
      "mean_obj": -7.2620582061830845,
      "obj_se": 0.008484733939090943,
      "mean_oracle_gap": 0.32845721835797,
      "oracle_gap_se": 0.009861973891531494,
      "mean_rel_oracle_gap": 0.042838013440129295,
      "mean_excess_s": 1.1082940676851472,
      "selected_s_std": 1.1371913123552921,
      "failure_rate": 0.0,
      "n_failed": 0
    },
    "UNGS": {
      "method": "UNGS",
      "n_reps": 1000,
      "target": 0.95,
      "coverage": 0.983,
      "coverage_lo": 0.9729440411597701,
      "coverage_hi": 0.9893593101431837,
      "coverage_gap": 0.03300000000000003,
      "meets_target": true,
      "significantly_below": false,
      "mean_obj": -7.115935223085155,
      "obj_se": 0.010395663396531614,
      "mean_oracle_gap": 0.4745802014558996,
      "oracle_gap_se": 0.01204783284876139,
      "mean_rel_oracle_gap": 0.061994669869974824,
      "mean_excess_s": 1.722607925313132,
      "selected_s_std": 1.5762141432939956,
      "failure_rate": 0.0,
      "n_failed": 0
    },
    "benchmark": {
      "method": "benchmark",
      "n_reps": 1000,
      "target": 0.95,
      "coverage": 1.0,
      "coverage_lo": 0.996173241514445,
      "coverage_hi": 1.0,
      "coverage_gap": 0.050000000000000044,
      "meets_target": true,
      "significantly_below": false,
      "mean_obj": -6.901634398385977,
      "obj_se": 1.1240288649509236e-16,
      "mean_oracle_gap": 0.688881026155081,
      "oracle_gap_se": 0.005209883900638319,
      "mean_rel_oracle_gap": 0.09032784393419659,
      "mean_excess_s": NaN,
      "selected_s_std": NaN,
      "failure_rate": 0.0,
      "n_failed": 0
    },
    "_n_replication_errors": 0
  }
}