{
  "config": "paper_so",
  "n": 800,
  "split": 0.5,
  "d": 10,
  "reps": 1000,
  "include_existing": false,
  "elapsed_s": 96.3794538974762,
  "summaries": {
    "NV": {
      "method": "NV",
      "n_reps": 1000,
      "target": 0.95,
      "coverage": 0.766,
      "coverage_lo": 0.7387721670475355,
      "coverage_hi": 0.7911919974381493,
      "coverage_gap": -0.18399999999999994,
      "meets_target": false,
      "significantly_below": true,
      "mean_obj": -7.6648792481905526,
      "obj_se": 0.007701273533448541,
      "mean_oracle_gap": -0.018962698189422738,
      "oracle_gap_se": 0.005897163553256714,
      "mean_rel_oracle_gap": -0.0026736317786673247,
      "mean_excess_s": -0.166,
      "selected_s_std": 26.690471188277144,
      "failure_rate": 0.0,
      "n_failed": 0
    },
    "UG": {
      "method": "UG",
      "n_reps": 1000,
      "target": 0.95,
      "coverage": 0.977,
      "coverage_lo": 0.9657235493377733,
      "coverage_hi": 0.9846257230670071,
      "coverage_gap": 0.027000000000000024,
      "meets_target": true,
      "significantly_below": false,
      "mean_obj": -7.486728175596252,
      "obj_se": 0.006931024861519371,
      "mean_oracle_gap": 0.15918837440487893,
      "oracle_gap_se": 0.006698491076580883,
      "mean_rel_oracle_gap": 0.020460232745383722,
      "mean_excess_s": 17.326,
      "selected_s_std": 36.561900217952946,
      "failure_rate": 0.0,
      "n_failed": 0
    },
    "NGS": {
      "method": "NGS",
      "n_reps": 1000,
      "target": 0.95,
      "coverage": 0.998,
      "coverage_lo": 0.9927371921365079,
      "coverage_hi": 0.9994513564118793,
      "coverage_gap": 0.04800000000000004,
      "meets_target": true,
      "significantly_below": false,
      "mean_obj": -7.3821134417062115,
      "obj_se": 0.006903658888306385,
      "mean_oracle_gap": 0.26380310829491826,
      "oracle_gap_se": 0.007744389246158683,
      "mean_rel_oracle_gap": 0.03401556114896041,
      "mean_excess_s": 30.986,
      "selected_s_std": 44.77303876218365,
      "failure_rate": 0.0,
      "n_failed": 0
    },
    "UNGS": {
      "method": "UNGS",
      "n_reps": 1000,
      "target": 0.95,
      "coverage": 1.0,
      "coverage_lo": 0.996173241514445,
      "coverage_hi": 1.0,
      "coverage_gap": 0.050000000000000044,
      "meets_target": true,
      "significantly_below": false,
      "mean_obj": -7.243213252556686,
      "obj_se": 0.006879599872051976,
      "mean_oracle_gap": 0.402703297444445,
      "oracle_gap_se": 0.008428602082972051,
      "mean_rel_oracle_gap": 0.052092747491762015,
      "mean_excess_s": 56.664,
      "selected_s_std": 62.86291862089715,
      "failure_rate": 0.0,
      "n_failed": 0
    },
    "benchmark": {
      "method": "benchmark",
      "n_reps": 1000,
      "target": 0.95,
      "coverage": 1.0,
      "coverage_lo": 0.996173241514445,
      "coverage_hi": 1.0,
      "coverage_gap": 0.050000000000000044,
      "meets_target": true,
      "significantly_below": false,
      "mean_obj": -6.486040200269283,
      "obj_se": 0.005847722909619438,
      "mean_oracle_gap": 1.1598763497318478,
      "oracle_gap_se": 0.008511277351263943,
      "mean_rel_oracle_gap": 0.15106882309507413,
      "mean_excess_s": null,
      "selected_s_std": null,
      "failure_rate": 0.0,
      "n_failed": 0
    },
    "_n_replication_errors": 0
  }
}