{
  "config": "paper_fast",
  "n": 200,
  "split": 0.5,
  "d": 10,
  "reps": 300,
  "include_existing": false,
  "elapsed_s": 1.4195308685302734,
  "summaries": {
    "NV": {
      "method": "NV",
      "n_reps": 300,
      "target": 0.95,
      "coverage": 0.9933333333333333,
      "coverage_lo": 0.9760224167496929,
      "coverage_hi": 0.998169851642088,
      "coverage_gap": 0.043333333333333335,
      "meets_target": true,
      "significantly_below": false,
      "mean_obj": -7.2488673783332915,
      "obj_se": 0.017933763540106302,
      "mean_oracle_gap": 0.03049338349527859,
      "oracle_gap_se": 0.010127766835890922,
      "mean_rel_oracle_gap": 0.003925925925925929,
      "mean_excess_s": 0.9953333333333332,
      "selected_s_std": 0.021127631471468886,
      "failure_rate": 0.0,
      "n_failed": 0
    },
    "UG": {
      "method": "UG",
      "n_reps": 300,
      "target": 0.95,
      "coverage": 1.0,
      "coverage_lo": 0.9873570287754538,
      "coverage_hi": 0.9999999999999998,
      "coverage_gap": 0.050000000000000044,
      "meets_target": true,
      "significantly_below": false,
      "mean_obj": -7.074850921210218,
      "obj_se": 0.020062334751956293,
      "mean_oracle_gap": 0.20450984061835195,
      "oracle_gap_se": 0.01929745301001852,
      "mean_rel_oracle_gap": 0.02733333333333333,
      "mean_excess_s": 0.9720000000000001,
      "selected_s_std": 0.044974909393087015,
      "failure_rate": 0.0,
      "n_failed": 0
    },
    "NGS": {
      "method": "NGS",
      "n_reps": 300,
      "target": 0.95,
      "coverage": 1.0,
      "coverage_lo": 0.9873570287754538,
      "coverage_hi": 0.9999999999999998,
      "coverage_gap": 0.050000000000000044,
      "meets_target": true,
      "significantly_below": false,
      "mean_obj": -6.9722887073834245,
      "obj_se": 0.021349887675907588,
      "mean_oracle_gap": 0.30707205444514746,
      "oracle_gap_se": 0.02148600882302352,
      "mean_rel_oracle_gap": 0.041333333333333326,
      "mean_excess_s": 0.9580000000000001,
      "selected_s_std": 0.05011024635039882,
      "failure_rate": 0.0,
      "n_failed": 0
    },
    "UNGS": {
      "method": "UNGS",
      "n_reps": 300,
      "target": 0.95,
      "coverage": 1.0,
      "coverage_lo": 0.9873570287754538,
      "coverage_hi": 0.9999999999999998,
      "coverage_gap": 0.050000000000000044,
      "meets_target": true,
      "significantly_below": false,
      "mean_obj": -7.023289105662652,
      "obj_se": 0.02138680590891409,
      "mean_oracle_gap": 0.2560716561659183,
      "oracle_gap_se": 0.021443593218763653,
      "mean_rel_oracle_gap": 0.034333333333333334,
      "mean_excess_s": 0.965,
      "selected_s_std": 0.04983249534162666,
      "failure_rate": 0.0,
      "n_failed": 0
    },
    "benchmark": {
      "method": "benchmark",
      "n_reps": 300,
      "target": 0.95,
      "coverage": 1.0,
      "coverage_lo": 0.9873570287754538,
      "coverage_hi": 0.9999999999999998,
      "coverage_gap": 0.050000000000000044,
      "meets_target": true,
      "significantly_below": false,
      "mean_obj": -6.005271757434213,
      "obj_se": 0.02926164229424994,
      "mean_oracle_gap": 1.2740890043943582,
      "oracle_gap_se": 0.026887042343483988,
      "mean_rel_oracle_gap": 0.17481915532291548,
      "mean_excess_s": NaN,
      "selected_s_std": NaN,
      "failure_rate": 0.0,
      "n_failed": 0
    },
    "_n_replication_errors": 0
  }
}