{
  "config": "paper_so",
  "n": 1000,
  "split": 0.5,
  "d": 10,
  "reps": 300,
  "include_existing": false,
  "elapsed_s": 89.32088708877563,
  "summaries": {
    "NV": {
      "method": "NV",
      "n_reps": 300,
      "target": 0.95,
      "coverage": 0.8,
      "coverage_lo": 0.7510710762322137,
      "coverage_hi": 0.8413431410330587,
      "coverage_gap": -0.1499999999999999,
      "meets_target": false,
      "significantly_below": true,
      "mean_obj": -7.645491753037395,
      "obj_se": 0.015835881002760028,
      "mean_oracle_gap": -0.02731662666219119,
      "oracle_gap_se": 0.010879823532027356,
      "mean_rel_oracle_gap": -0.0038025833501075697,
      "mean_excess_s": 0.16333333333333333,
      "selected_s_std": 24.549899358824835,
      "failure_rate": 0.0,
      "n_failed": 0
    },
    "UG": {
      "method": "UG",
      "n_reps": 300,
      "target": 0.95,
      "coverage": 0.9733333333333334,
      "coverage_lo": 0.9482710570494102,
      "coverage_hi": 0.9864269301913529,
      "coverage_gap": 0.023333333333333428,
      "meets_target": true,
      "significantly_below": false,
      "mean_obj": -7.489635411221293,
      "obj_se": 0.014486999727580371,
      "mean_oracle_gap": 0.1285397151539105,
      "oracle_gap_se": 0.012598177309944347,
      "mean_rel_oracle_gap": 0.016462467261049378,
      "mean_excess_s": 15.383333333333333,
      "selected_s_std": 33.648695105074246,
      "failure_rate": 0.0,
      "n_failed": 0
    },
    "NGS": {
      "method": "NGS",
      "n_reps": 300,
      "target": 0.95,
      "coverage": 1.0,
      "coverage_lo": 0.9873570287754538,
      "coverage_hi": 0.9999999999999998,
      "coverage_gap": 0.050000000000000044,
      "meets_target": true,
      "significantly_below": false,
      "mean_obj": -7.397777683663823,
      "obj_se": 0.0130067823866473,
      "mean_oracle_gap": 0.22039744271138284,
      "oracle_gap_se": 0.012858987691748319,
      "mean_rel_oracle_gap": 0.028405234737094047,
      "mean_excess_s": 25.873333333333335,
      "selected_s_std": 38.18718200607656,
      "failure_rate": 0.0,
      "n_failed": 0
    },
    "UNGS": {
      "method": "UNGS",
      "n_reps": 300,
      "target": 0.95,
      "coverage": 1.0,
      "coverage_lo": 0.9873570287754538,
      "coverage_hi": 0.9999999999999998,
      "coverage_gap": 0.050000000000000044,
      "meets_target": true,
      "significantly_below": false,
      "mean_obj": -7.286265378226008,
      "obj_se": 0.012166757733013485,
      "mean_oracle_gap": 0.3319097481491959,
      "oracle_gap_se": 0.01422099250350836,
      "mean_rel_oracle_gap": 0.04289987577021004,
      "mean_excess_s": 45.95666666666666,
      "selected_s_std": 51.150212149106,
      "failure_rate": 0.0,
      "n_failed": 0
    },
    "benchmark": {
      "method": "benchmark",
      "n_reps": 300,
      "target": 0.95,
      "coverage": 1.0,
      "coverage_lo": 0.9873570287754538,
      "coverage_hi": 0.9999999999999998,
      "coverage_gap": 0.050000000000000044,
      "meets_target": true,
      "significantly_below": false,
      "mean_obj": -6.40058808032987,
      "obj_se": 0.009892429812188654,
      "mean_oracle_gap": 1.217587046045334,
      "oracle_gap_se": 0.015911714469796362,
      "mean_rel_oracle_gap": 0.1590057769197356,
      "mean_excess_s": NaN,
      "selected_s_std": NaN,
      "failure_rate": 0.0,
      "n_failed": 0
    },
    "_n_replication_errors": 0
  }
}