{
  "config": "paper_ro_ellipsoid",
  "n": 500,
  "split": 0.5,
  "d": 10,
  "reps": 300,
  "include_existing": false,
  "elapsed_s": 2.8098151683807373,
  "summaries": {
    "NV": {
      "method": "NV",
      "n_reps": 300,
      "target": 0.95,
      "coverage": 0.85,
      "coverage_lo": 0.805182388854671,
      "coverage_hi": 0.8859675312881468,
      "coverage_gap": -0.09999999999999998,
      "meets_target": false,
      "significantly_below": true,
      "mean_obj": -7.60617092390651,
      "obj_se": 0.013923448179856954,
      "mean_oracle_gap": -0.0938687601050198,
      "oracle_gap_se": 0.01498748990464723,
      "mean_rel_oracle_gap": -0.01273967048195266,
      "mean_excess_s": -0.19010257648713821,
      "selected_s_std": 0.5585336190519704,
      "failure_rate": 0.0,
      "n_failed": 0
    },
    "UG": {
      "method": "UG",
      "n_reps": 300,
      "target": 0.95,
      "coverage": 0.99,
      "coverage_lo": 0.9710165066376601,
      "coverage_hi": 0.9965933815622847,
      "coverage_gap": 0.040000000000000036,
      "meets_target": true,
      "significantly_below": false,
      "mean_obj": -7.447556669793915,
      "obj_se": 0.00976541265507165,
      "mean_oracle_gap": 0.06474549400757645,
      "oracle_gap_se": 0.010830881156226864,
      "mean_rel_oracle_gap": 0.008407108989533093,
      "mean_excess_s": 0.20006199208625386,
      "selected_s_std": 0.5205301882453593,
      "failure_rate": 0.0,
      "n_failed": 0
    },
    "NGS": {
      "method": "NGS",
      "n_reps": 300,
      "target": 0.95,
      "coverage": 0.9933333333333333,
      "coverage_lo": 0.9760224167496929,
      "coverage_hi": 0.998169851642088,
      "coverage_gap": 0.043333333333333335,
      "meets_target": true,
      "significantly_below": false,
      "mean_obj": -7.39729527933959,
      "obj_se": 0.010548601373799994,
      "mean_oracle_gap": 0.11500688446189997,
      "oracle_gap_se": 0.012627261952326219,
      "mean_rel_oracle_gap": 0.01503076924884928,
      "mean_excess_s": 0.3574491897084668,
      "selected_s_std": 0.636013471453891,
      "failure_rate": 0.0,
      "n_failed": 0
    },
    "UNGS": {
      "method": "UNGS",
      "n_reps": 300,
      "target": 0.95,
      "coverage": 0.9933333333333333,
      "coverage_lo": 0.9760224167496929,
      "coverage_hi": 0.998169851642088,
      "coverage_gap": 0.043333333333333335,
      "meets_target": true,
      "significantly_below": false,
      "mean_obj": -7.370528779289593,
      "obj_se": 0.011545525903159059,
      "mean_oracle_gap": 0.14177338451189767,
      "oracle_gap_se": 0.013578591565981676,
      "mean_rel_oracle_gap": 0.018586466719954026,
      "mean_excess_s": 0.4483349926809467,
      "selected_s_std": 0.722926528762366,
      "failure_rate": 0.0,
      "n_failed": 0
    },
    "benchmark": {
      "method": "benchmark",
      "n_reps": 300,
      "target": 0.95,
      "coverage": 1.0,
      "coverage_lo": 0.9873570287754538,
      "coverage_hi": 0.9999999999999998,
      "coverage_gap": 0.050000000000000044,
      "meets_target": true,
      "significantly_below": false,
      "mean_obj": -6.901634398397179,
      "obj_se": 5.1364684236276066e-17,
      "mean_oracle_gap": 0.6106677654043106,
      "oracle_gap_se": 0.007771638245501256,
      "mean_rel_oracle_gap": 0.08099707049064882,
      "mean_excess_s": NaN,
      "selected_s_std": NaN,
      "failure_rate": 0.0,
      "n_failed": 0
    },
    "_n_replication_errors": 0
  }
}