{
  "config": "robust_dro_wasserstein_t",
  "n": 100,
  "split": 0.5,
  "d": 10,
  "reps": 200,
  "include_existing": false,
  "elapsed_s": 54.0164999961853,
  "summaries": {
    "NV": {
      "method": "NV",
      "n_reps": 200,
      "target": 0.95,
      "coverage": 0.455,
      "coverage_lo": 0.387482193098835,
      "coverage_hi": 0.524213886275119,
      "coverage_gap": -0.49499999999999994,
      "meets_target": false,
      "significantly_below": true,
      "mean_obj": -8.16974643403195,
      "obj_se": 0.03207054962611072,
      "mean_oracle_gap": -0.13235071481423002,
      "oracle_gap_se": 0.0320105862007431,
      "mean_rel_oracle_gap": -0.01659452613673859,
      "mean_excess_s": -0.0038911091120458485,
      "selected_s_std": 0.03867001304748519,
      "failure_rate": 0.0,
      "n_failed": 0
    },
    "UG": {
      "method": "UG",
      "n_reps": 200,
      "target": 0.95,
      "coverage": 0.89,
      "coverage_lo": 0.839073090026985,
      "coverage_hi": 0.926227555398747,
      "coverage_gap": -0.05999999999999994,
      "meets_target": false,
      "significantly_below": true,
      "mean_obj": -7.383818585950064,
      "obj_se": 0.04510424782018748,
      "mean_oracle_gap": 0.6535771332676547,
      "oracle_gap_se": 0.04506465256735608,
      "mean_rel_oracle_gap": 0.08121505186088457,
      "mean_excess_s": 0.06467210652318985,
      "selected_s_std": 0.08091400077248573,
      "failure_rate": 0.0,
      "n_failed": 0
    },
    "NGS": {
      "method": "NGS",
      "n_reps": 200,
      "target": 0.95,
      "coverage": 0.92,
      "coverage_lo": 0.874010511732856,
      "coverage_hi": 0.9501594141102401,
      "coverage_gap": -0.029999999999999916,
      "meets_target": false,
      "significantly_below": false,
      "mean_obj": -7.051048603234038,
      "obj_se": 0.056775889203841225,
      "mean_oracle_gap": 0.9863471159836825,
      "oracle_gap_se": 0.05634159910765434,
      "mean_rel_oracle_gap": 0.1226993624216053,
      "mean_excess_s": 0.11199561647362476,
      "selected_s_std": 0.12592325117706674,
      "failure_rate": 0.0,
      "n_failed": 0
    },
    "UNGS": {
      "method": "UNGS",
      "n_reps": 200,
      "target": 0.95,
      "coverage": 0.97,
      "coverage_lo": 0.9361057075454807,
      "coverage_hi": 0.9861796856598887,
      "coverage_gap": 0.020000000000000018,
      "meets_target": true,
      "significantly_below": false,
      "mean_obj": -4.966239205558475,
      "obj_se": 0.16305992060769853,
      "mean_oracle_gap": 3.0711565136592447,
      "oracle_gap_se": 0.16065587301207426,
      "mean_rel_oracle_gap": 0.38328802215733226,
      "mean_excess_s": 1.1614248473402335,
      "selected_s_std": 1.3386163375759108,
      "failure_rate": 0.0,
      "n_failed": 0
    },
    "_n_replication_errors": 0
  }
}