{
  "config": "robust_dro_wasserstein_t",
  "n": 200,
  "split": 0.5,
  "d": 10,
  "reps": 1000,
  "include_existing": false,
  "elapsed_s": 277.6353511810303,
  "summaries": {
    "NV": {
      "method": "NV",
      "n_reps": 1000,
      "target": 0.95,
      "coverage": 0.482,
      "coverage_lo": 0.4511584546689284,
      "coverage_hi": 0.5129793086365515,
      "coverage_gap": -0.46799999999999997,
      "meets_target": false,
      "significantly_below": true,
      "mean_obj": -8.179764829616449,
      "obj_se": 0.011012527522813037,
      "mean_oracle_gap": -0.06965663331540091,
      "oracle_gap_se": 0.01113565541162489,
      "mean_rel_oracle_gap": -0.008689621809918861,
      "mean_excess_s": -0.00010372401669733255,
      "selected_s_std": 0.023430906239398384,
      "failure_rate": 0.0,
      "n_failed": 0
    },
    "UG": {
      "method": "UG",
      "n_reps": 1000,
      "target": 0.95,
      "coverage": 0.888,
      "coverage_lo": 0.8669499763240903,
      "coverage_hi": 0.906080459091119,
      "coverage_gap": -0.061999999999999944,
      "meets_target": false,
      "significantly_below": true,
      "mean_obj": -7.657507683529964,
      "obj_se": 0.014212135362972559,
      "mean_oracle_gap": 0.4526005127710846,
      "oracle_gap_se": 0.014280146911783533,
      "mean_rel_oracle_gap": 0.05572213280087856,
      "mean_excess_s": 0.03432808217200457,
      "selected_s_std": 0.04301640935109422,
      "failure_rate": 0.0,
      "n_failed": 0
    },
    "NGS": {
      "method": "NGS",
      "n_reps": 1000,
      "target": 0.95,
      "coverage": 0.956,
      "coverage_lo": 0.9414482108495923,
      "coverage_hi": 0.9670617854115815,
      "coverage_gap": 0.006000000000000005,
      "meets_target": true,
      "significantly_below": false,
      "mean_obj": -7.397930481328769,
      "obj_se": 0.016090435255212903,
      "mean_oracle_gap": 0.7121777149722804,
      "oracle_gap_se": 0.016122004584656964,
      "mean_rel_oracle_gap": 0.08774087989165183,
      "mean_excess_s": 0.05911072045572842,
      "selected_s_std": 0.0596641090137434,
      "failure_rate": 0.0,
      "n_failed": 0
    },
    "UNGS": {
      "method": "UNGS",
      "n_reps": 1000,
      "target": 0.95,
      "coverage": 0.969,
      "coverage_lo": 0.9563345039877078,
      "coverage_hi": 0.9780759965528414,
      "coverage_gap": 0.019000000000000017,
      "meets_target": true,
      "significantly_below": false,
      "mean_obj": -6.960551069881418,
      "obj_se": 0.022320922442197064,
      "mean_oracle_gap": 1.1495571264196305,
      "oracle_gap_se": 0.02209070194020523,
      "mean_rel_oracle_gap": 0.141766646209196,
      "mean_excess_s": 0.11928599283460427,
      "selected_s_std": 0.11857143211871553,
      "failure_rate": 0.0,
      "n_failed": 0
    },
    "_n_replication_errors": 0
  }
}