{
  "config": "robust_ro_ellipsoid_t",
  "n": 500,
  "split": 0.5,
  "d": 10,
  "reps": 1000,
  "include_existing": false,
  "elapsed_s": 3.4332237243652344,
  "summaries": {
    "NV": {
      "method": "NV",
      "n_reps": 1000,
      "target": 0.95,
      "coverage": 0.911,
      "coverage_lo": 0.8917426484378812,
      "coverage_hi": 0.9271117560869926,
      "coverage_gap": -0.038999999999999924,
      "meets_target": false,
      "significantly_below": true,
      "mean_obj": -7.933184209990595,
      "obj_se": 0.00830323827190992,
      "mean_oracle_gap": 0.0215335616668282,
      "oracle_gap_se": 0.00967224012941735,
      "mean_rel_oracle_gap": 0.0021631890538330676,
      "mean_excess_s": 0.049623109991446014,
      "selected_s_std": 0.707419737879155,
      "failure_rate": 0.0,
      "n_failed": 0
    },
    "UG": {
      "method": "UG",
      "n_reps": 1000,
      "target": 0.95,
      "coverage": 0.993,
      "coverage_lo": 0.9856216845342334,
      "coverage_hi": 0.9966051315990092,
      "coverage_gap": 0.04300000000000004,
      "meets_target": true,
      "significantly_below": false,
      "mean_obj": -7.616750033507475,
      "obj_se": 0.008603331284721719,
      "mean_oracle_gap": 0.3379677381499488,
      "oracle_gap_se": 0.011120952509863976,
      "mean_rel_oracle_gap": 0.04177144459852678,
      "mean_excess_s": 0.8214174045343575,
      "selected_s_std": 0.8071303434950314,
      "failure_rate": 0.0,
      "n_failed": 0
    },
    "NGS": {
      "method": "NGS",
      "n_reps": 1000,
      "target": 0.95,
      "coverage": 0.997,
      "coverage_lo": 0.9912169859464969,
      "coverage_hi": 0.9989792161188614,
      "coverage_gap": 0.04700000000000004,
      "meets_target": true,
      "significantly_below": false,
      "mean_obj": -7.51973356880028,
      "obj_se": 0.008234507118187928,
      "mean_oracle_gap": 0.43498420285714373,
      "oracle_gap_se": 0.010782710611794515,
      "mean_rel_oracle_gap": 0.053983808346755126,
      "mean_excess_s": 1.0783152869272177,
      "selected_s_std": 0.8033367955026648,
      "failure_rate": 0.0,
      "n_failed": 0
    },
    "UNGS": {
      "method": "UNGS",
      "n_reps": 1000,
      "target": 0.95,
      "coverage": 0.993,
      "coverage_lo": 0.9856216845342334,
      "coverage_hi": 0.9966051315990092,
      "coverage_gap": 0.04300000000000004,
      "meets_target": true,
      "significantly_below": false,
      "mean_obj": -7.582256791012955,
      "obj_se": 0.008943944889059788,
      "mean_oracle_gap": 0.3724609806444693,
      "oracle_gap_se": 0.01124167568426068,
      "mean_rel_oracle_gap": 0.046137054200099156,
      "mean_excess_s": 0.9309299687922972,
      "selected_s_std": 0.9026081190086512,
      "failure_rate": 0.0,
      "n_failed": 0
    },
    "benchmark": {
      "method": "benchmark",
      "n_reps": 1000,
      "target": 0.95,
      "coverage": 1.0,
      "coverage_lo": 0.996173241514445,
      "coverage_hi": 1.0,
      "coverage_gap": 0.050000000000000044,
      "meets_target": true,
      "significantly_below": false,
      "mean_obj": -6.901634398385977,
      "obj_se": 1.1240288649509236e-16,
      "mean_oracle_gap": 1.0530833732714504,
      "oracle_gap_se": 0.006598440324688698,
      "mean_rel_oracle_gap": 0.13177976574292427,
      "mean_excess_s": null,
      "selected_s_std": null,
      "failure_rate": 0.0,
      "n_failed": 0
    },
    "_n_replication_errors": 0
  }
}