{
  "config": "robust_ro_ellipsoid_t",
  "n": 1000,
  "split": 0.5,
  "d": 10,
  "reps": 200,
  "include_existing": false,
  "elapsed_s": 3.169328212738037,
  "summaries": {
    "NV": {
      "method": "NV",
      "n_reps": 200,
      "target": 0.95,
      "coverage": 0.965,
      "coverage_lo": 0.9295293884777092,
      "coverage_hi": 0.9829444579914328,
      "coverage_gap": 0.015000000000000013,
      "meets_target": true,
      "significantly_below": false,
      "mean_obj": -7.9879275374328245,
      "obj_se": 0.01605643358735071,
      "mean_oracle_gap": 0.03581160591187548,
      "oracle_gap_se": 0.016671644985429272,
      "mean_rel_oracle_gap": 0.004228782154330688,
      "mean_excess_s": 0.08008381452339287,
      "selected_s_std": 0.5276607984942951,
      "failure_rate": 0.0,
      "n_failed": 0
    },
    "UG": {
      "method": "UG",
      "n_reps": 200,
      "target": 0.95,
      "coverage": 0.995,
      "coverage_lo": 0.9722262956021069,
      "coverage_hi": 0.9991168312843989,
      "coverage_gap": 0.04500000000000004,
      "meets_target": true,
      "significantly_below": false,
      "mean_obj": -7.72929150239246,
      "obj_se": 0.0219613071703566,
      "mean_oracle_gap": 0.2944476409522407,
      "oracle_gap_se": 0.02475315509826079,
      "mean_rel_oracle_gap": 0.03630459142132559,
      "mean_excess_s": 0.6863916396311502,
      "selected_s_std": 0.8065492533503447,
      "failure_rate": 0.0,
      "n_failed": 0
    },
    "NGS": {
      "method": "NGS",
      "n_reps": 200,
      "target": 0.95,
      "coverage": 1.0,
      "coverage_lo": 0.9811546736227335,
      "coverage_hi": 1.0,
      "coverage_gap": 0.050000000000000044,
      "meets_target": true,
      "significantly_below": false,
      "mean_obj": -7.5957430376895365,
      "obj_se": 0.02053162382852122,
      "mean_oracle_gap": 0.4279961056551643,
      "oracle_gap_se": 0.02381787504021712,
      "mean_rel_oracle_gap": 0.05292952799926986,
      "mean_excess_s": 1.003105885465016,
      "selected_s_std": 0.7632292376735069,
      "failure_rate": 0.0,
      "n_failed": 0
    },
    "UNGS": {
      "method": "UNGS",
      "n_reps": 200,
      "target": 0.95,
      "coverage": 1.0,
      "coverage_lo": 0.9811546736227335,
      "coverage_hi": 1.0,
      "coverage_gap": 0.050000000000000044,
      "meets_target": true,
      "significantly_below": false,
      "mean_obj": -7.685018474940136,
      "obj_se": 0.021736140024032197,
      "mean_oracle_gap": 0.33872066840456555,
      "oracle_gap_se": 0.024524359889020124,
      "mean_rel_oracle_gap": 0.0418269324110834,
      "mean_excess_s": 0.7904849481948024,
      "selected_s_std": 0.7971120121836824,
      "failure_rate": 0.0,
      "n_failed": 0
    },
    "benchmark": {
      "method": "benchmark",
      "n_reps": 200,
      "target": 0.95,
      "coverage": 1.0,
      "coverage_lo": 0.9811546736227335,
      "coverage_hi": 1.0,
      "coverage_gap": 0.050000000000000044,
      "meets_target": true,
      "significantly_below": false,
      "mean_obj": -6.90163439839718,
      "obj_se": 0.0,
      "mean_oracle_gap": 1.1221047449475205,
      "oracle_gap_se": 0.01135119419319581,
      "mean_rel_oracle_gap": 0.13949748053269675,
      "mean_excess_s": NaN,
      "selected_s_std": NaN,
      "failure_rate": 0.0,
      "n_failed": 0
    },
    "_n_replication_errors": 0
  }
}