{
  "config": "robust_ro_ellipsoid_t",
  "n": 200,
  "split": 0.5,
  "d": 10,
  "reps": 1000,
  "include_existing": false,
  "elapsed_s": 3.4646213054656982,
  "summaries": {
    "NV": {
      "method": "NV",
      "n_reps": 1000,
      "target": 0.95,
      "coverage": 0.816,
      "coverage_lo": 0.7907901792135869,
      "coverage_hi": 0.8387913094235423,
      "coverage_gap": -0.134,
      "meets_target": false,
      "significantly_below": true,
      "mean_obj": -7.929380912379138,
      "obj_se": 0.00977586634914169,
      "mean_oracle_gap": -0.04126433869796662,
      "oracle_gap_se": 0.011026865532918694,
      "mean_rel_oracle_gap": -0.005768970498382332,
      "mean_excess_s": -0.08945886964098819,
      "selected_s_std": 0.9022193711970627,
      "failure_rate": 0.0,
      "n_failed": 0
    },
    "UG": {
      "method": "UG",
      "n_reps": 1000,
      "target": 0.95,
      "coverage": 0.972,
      "coverage_lo": 0.9598298168024069,
      "coverage_hi": 0.9805577231872291,
      "coverage_gap": 0.02200000000000002,
      "meets_target": true,
      "significantly_below": false,
      "mean_obj": -7.5393475161723655,
      "obj_se": 0.011228426363203635,
      "mean_oracle_gap": 0.34876905750880705,
      "oracle_gap_se": 0.012385840279865022,
      "mean_rel_oracle_gap": 0.0436994561156624,
      "mean_excess_s": 1.094250858649765,
      "selected_s_std": 1.3870220111611928,
      "failure_rate": 0.0,
      "n_failed": 0
    },
    "NGS": {
      "method": "NGS",
      "n_reps": 1000,
      "target": 0.95,
      "coverage": 0.99,
      "coverage_lo": 0.9816905311296853,
      "coverage_hi": 0.9945592455544707,
      "coverage_gap": 0.040000000000000036,
      "meets_target": true,
      "significantly_below": false,
      "mean_obj": -7.405367942870178,
      "obj_se": 0.011960066271876848,
      "mean_oracle_gap": 0.48274863081099434,
      "oracle_gap_se": 0.013194919972023817,
      "mean_rel_oracle_gap": 0.06066470536425629,
      "mean_excess_s": 1.6066791087237386,
      "selected_s_std": 1.7094717690098171,
      "failure_rate": 0.0,
      "n_failed": 0
    },
    "UNGS": {
      "method": "UNGS",
      "n_reps": 1000,
      "target": 0.95,
      "coverage": 0.985,
      "coverage_lo": 0.9753990230730932,
      "coverage_hi": 0.9908890211959184,
      "coverage_gap": 0.03500000000000003,
      "meets_target": true,
      "significantly_below": false,
      "mean_obj": -7.317467995158584,
      "obj_se": 0.01466814260419624,
      "mean_oracle_gap": 0.5706485785225887,
      "oracle_gap_se": 0.015495448066914256,
      "mean_rel_oracle_gap": 0.07186436474853145,
      "mean_excess_s": 2.1426199803979866,
      "selected_s_std": 2.5275468130923717,
      "failure_rate": 0.0,
      "n_failed": 0
    },
    "benchmark": {
      "method": "benchmark",
      "n_reps": 1000,
      "target": 0.95,
      "coverage": 1.0,
      "coverage_lo": 0.996173241514445,
      "coverage_hi": 1.0,
      "coverage_gap": 0.050000000000000044,
      "meets_target": true,
      "significantly_below": false,
      "mean_obj": -6.901634398385977,
      "obj_se": 1.1240288649509236e-16,
      "mean_oracle_gap": 0.9864821752951984,
      "oracle_gap_se": 0.006372639488643755,
      "mean_rel_oracle_gap": 0.12448753877898751,
      "mean_excess_s": null,
      "selected_s_std": null,
      "failure_rate": 0.0,
      "n_failed": 0
    },
    "_n_replication_errors": 0
  }
}