{
  "config": "robust_ro_ellipsoid_t",
  "n": 1000,
  "split": 0.5,
  "d": 10,
  "reps": 1000,
  "include_existing": false,
  "elapsed_s": 3.5428524017333984,
  "summaries": {
    "NV": {
      "method": "NV",
      "n_reps": 1000,
      "target": 0.95,
      "coverage": 0.973,
      "coverage_lo": 0.9610012692469598,
      "coverage_hi": 0.9813786172257051,
      "coverage_gap": 0.02300000000000002,
      "meets_target": true,
      "significantly_below": false,
      "mean_obj": -7.968307628466992,
      "obj_se": 0.007123057144281623,
      "mean_oracle_gap": 0.05046964813467618,
      "oracle_gap_se": 0.007534986991561659,
      "mean_rel_oracle_gap": 0.006030135202001252,
      "mean_excess_s": 0.11818810094087695,
      "selected_s_std": 0.5738449480047806,
      "failure_rate": 0.0,
      "n_failed": 0
    },
    "UG": {
      "method": "UG",
      "n_reps": 1000,
      "target": 0.95,
      "coverage": 0.996,
      "coverage_lo": 0.9897604437227377,
      "coverage_hi": 0.9984434118595916,
      "coverage_gap": 0.04600000000000004,
      "meets_target": true,
      "significantly_below": false,
      "mean_obj": -7.717048797880472,
      "obj_se": 0.009381745336090428,
      "mean_oracle_gap": 0.30172847872119596,
      "oracle_gap_se": 0.010988264395794986,
      "mean_rel_oracle_gap": 0.037168117903894,
      "mean_excess_s": 0.7071666236502433,
      "selected_s_std": 0.8046646966400098,
      "failure_rate": 0.0,
      "n_failed": 0
    },
    "NGS": {
      "method": "NGS",
      "n_reps": 1000,
      "target": 0.95,
      "coverage": 0.998,
      "coverage_lo": 0.9927371921365079,
      "coverage_hi": 0.9994513564118793,
      "coverage_gap": 0.04800000000000004,
      "meets_target": true,
      "significantly_below": false,
      "mean_obj": -7.58369937612395,
      "obj_se": 0.008811481917655992,
      "mean_oracle_gap": 0.4350779004777183,
      "oracle_gap_se": 0.010664207608322781,
      "mean_rel_oracle_gap": 0.05377460345038169,
      "mean_excess_s": 1.019412324693161,
      "selected_s_std": 0.7438745881091301,
      "failure_rate": 0.0,
      "n_failed": 0
    },
    "UNGS": {
      "method": "UNGS",
      "n_reps": 1000,
      "target": 0.95,
      "coverage": 0.997,
      "coverage_lo": 0.9912169859464969,
      "coverage_hi": 0.9989792161188614,
      "coverage_gap": 0.04700000000000004,
      "meets_target": true,
      "significantly_below": false,
      "mean_obj": -7.69320270810416,
      "obj_se": 0.009359000529308879,
      "mean_oracle_gap": 0.32557456849750915,
      "oracle_gap_se": 0.011010736710679607,
      "mean_rel_oracle_gap": 0.04013562347743225,
      "mean_excess_s": 0.7636957005769446,
      "selected_s_std": 0.8039861022172657,
      "failure_rate": 0.0,
      "n_failed": 0
    },
    "benchmark": {
      "method": "benchmark",
      "n_reps": 1000,
      "target": 0.95,
      "coverage": 1.0,
      "coverage_lo": 0.996173241514445,
      "coverage_hi": 1.0,
      "coverage_gap": 0.050000000000000044,
      "meets_target": true,
      "significantly_below": false,
      "mean_obj": -6.901634398385977,
      "obj_se": 1.1240288649509236e-16,
      "mean_oracle_gap": 1.1171428782156945,
      "oracle_gap_se": 0.005252054246476962,
      "mean_rel_oracle_gap": 0.13893751479168542,
      "mean_excess_s": NaN,
      "selected_s_std": NaN,
      "failure_rate": 0.0,
      "n_failed": 0
    },
    "_n_replication_errors": 0
  }
}