{
  "config": "robust_dro_wasserstein_t",
  "n": 200,
  "split": 0.5,
  "d": 10,
  "reps": 200,
  "include_existing": false,
  "elapsed_s": 282.6584689617157,
  "summaries": {
    "NV": {
      "method": "NV",
      "n_reps": 200,
      "target": 0.95,
      "coverage": 0.515,
      "coverage_lo": 0.44610849192745716,
      "coverage_hi": 0.5833261482812249,
      "coverage_gap": -0.43499999999999994,
      "meets_target": false,
      "significantly_below": true,
      "mean_obj": -8.16526507999434,
      "obj_se": 0.023535009306259076,
      "mean_oracle_gap": -0.06492021512807407,
      "oracle_gap_se": 0.02282470870114174,
      "mean_rel_oracle_gap": -0.008048351521539463,
      "mean_excess_s": 4.611645232771425e-05,
      "selected_s_std": 0.023333635318915788,
      "failure_rate": 0.0,
      "n_failed": 0
    },
    "UG": {
      "method": "UG",
      "n_reps": 200,
      "target": 0.95,
      "coverage": 0.91,
      "coverage_lo": 0.8622342812328346,
      "coverage_hi": 0.9423125511378069,
      "coverage_gap": -0.039999999999999925,
      "meets_target": false,
      "significantly_below": true,
      "mean_obj": -7.598692966751653,
      "obj_se": 0.032052730118642805,
      "mean_oracle_gap": 0.5016518981146134,
      "oracle_gap_se": 0.03146545030400844,
      "mean_rel_oracle_gap": 0.06191443811788462,
      "mean_excess_s": 0.03903095663133122,
      "selected_s_std": 0.04607364536460072,
      "failure_rate": 0.0,
      "n_failed": 0
    },
    "NGS": {
      "method": "NGS",
      "n_reps": 200,
      "target": 0.95,
      "coverage": 0.97,
      "coverage_lo": 0.9361057075454807,
      "coverage_hi": 0.9861796856598887,
      "coverage_gap": 0.020000000000000018,
      "meets_target": true,
      "significantly_below": false,
      "mean_obj": -7.367464990959043,
      "obj_se": 0.033833472313882236,
      "mean_oracle_gap": 0.7328798739072238,
      "oracle_gap_se": 0.033551276211372286,
      "mean_rel_oracle_gap": 0.09043644253381763,
      "mean_excess_s": 0.06059583134764852,
      "selected_s_std": 0.059669048160271784,
      "failure_rate": 0.0,
      "n_failed": 0
    },
    "UNGS": {
      "method": "UNGS",
      "n_reps": 200,
      "target": 0.95,
      "coverage": 0.975,
      "coverage_lo": 0.942821659593358,
      "coverage_hi": 0.9892752803482386,
      "coverage_gap": 0.025000000000000022,
      "meets_target": true,
      "significantly_below": false,
      "mean_obj": -6.96499037232943,
      "obj_se": 0.04526145425338911,
      "mean_oracle_gap": 1.1353544925368353,
      "oracle_gap_se": 0.04512728761917993,
      "mean_rel_oracle_gap": 0.1401205531907877,
      "mean_excess_s": 0.11467378728045005,
      "selected_s_std": 0.10645636886228008,
      "failure_rate": 0.0,
      "n_failed": 0
    },
    "_n_replication_errors": 0
  }
}