{
  "config": "paper_so",
  "n": 200,
  "split": 0.7,
  "d": 10,
  "reps": 300,
  "mesh_p": 60,
  "include_existing": true,
  "folds": [
    3,
    5,
    10
  ],
  "elapsed_s": 136.30110621452332,
  "summaries": {
    "NV": {
      "method": "NV",
      "n_reps": 300,
      "target": 0.95,
      "coverage": 0.55,
      "coverage_lo": 0.4934256045239535,
      "coverage_hi": 0.6053100983535921,
      "coverage_gap": -0.3999999999999999,
      "meets_target": false,
      "significantly_below": true,
      "mean_obj": -7.779353505895567,
      "obj_se": 0.02217988752150809,
      "mean_oracle_gap": -0.1472991882037875,
      "oracle_gap_se": 0.020254128923976038,
      "mean_rel_oracle_gap": -0.019579676010645673,
      "mean_excess_s": -5.668896321070235,
      "selected_s_std": 27.704544057374036,
      "failure_rate": 0.0,
      "n_failed": 0
    },
    "UG": {
      "method": "UG",
      "n_reps": 300,
      "target": 0.95,
      "coverage": 0.9,
      "coverage_lo": 0.8608335376153785,
      "coverage_hi": 0.9290520854049847,
      "coverage_gap": -0.04999999999999993,
      "meets_target": false,
      "significantly_below": true,
      "mean_obj": -7.453198500181276,
      "obj_se": 0.01905947487080687,
      "mean_oracle_gap": 0.17994663692760687,
      "oracle_gap_se": 0.018015555084562332,
      "mean_rel_oracle_gap": 0.023214103911329862,
      "mean_excess_s": 24.82608695652174,
      "selected_s_std": 37.8279629719695,
      "failure_rate": 0.0,
      "n_failed": 0
    },
    "NGS": {
      "method": "NGS",
      "n_reps": 300,
      "target": 0.95,
      "coverage": 0.9433333333333334,
      "coverage_lo": 0.9111340419775253,
      "coverage_hi": 0.9643225235367106,
      "coverage_gap": -0.006666666666666599,
      "meets_target": false,
      "significantly_below": false,
      "mean_obj": -7.3643873496219445,
      "obj_se": 0.01862050428979631,
      "mean_oracle_gap": 0.2690548147463363,
      "oracle_gap_se": 0.017536420187437497,
      "mean_rel_oracle_gap": 0.03489998331682776,
      "mean_excess_s": 33.675585284280935,
      "selected_s_std": 38.74906493639319,
      "failure_rate": 0.0,
      "n_failed": 0
    },
    "UNGS": {
      "method": "UNGS",
      "n_reps": 300,
      "target": 0.95,
      "coverage": 0.9733333333333334,
      "coverage_lo": 0.9482710570494102,
      "coverage_hi": 0.9864269301913529,
      "coverage_gap": 0.023333333333333428,
      "meets_target": true,
      "significantly_below": false,
      "mean_obj": -7.282881464202384,
      "obj_se": 0.018280601854784306,
      "mean_oracle_gap": 0.3508332951004097,
      "oracle_gap_se": 0.017381867079957213,
      "mean_rel_oracle_gap": 0.045603827451813926,
      "mean_excess_s": 43.414715719063544,
      "selected_s_std": 36.39382994982728,
      "failure_rate": 0.0,
      "n_failed": 0
    },
    "benchmark": {
      "method": "benchmark",
      "n_reps": 300,
      "target": 0.95,
      "coverage": 1.0,
      "coverage_lo": 0.9873570287754538,
      "coverage_hi": 0.9999999999999998,
      "coverage_gap": 0.050000000000000044,
      "meets_target": true,
      "significantly_below": false,
      "mean_obj": -6.981053482592124,
      "obj_se": 0.014901921203391988,
      "mean_oracle_gap": 0.6508495743441838,
      "oracle_gap_se": 0.01635604511758435,
      "mean_rel_oracle_gap": 0.08478511432613638,
      "mean_excess_s": null,
      "selected_s_std": null,
      "failure_rate": 0.0,
      "n_failed": 0
    },
    "CV10": {
      "method": "CV10",
      "n_reps": 300,
      "target": 0.95,
      "coverage": 0.8933333333333333,
      "coverage_lo": 0.8532967116826325,
      "coverage_hi": 0.9234241509540578,
      "coverage_gap": -0.05666666666666664,
      "meets_target": false,
      "significantly_below": true,
      "mean_obj": -7.313016210709863,
      "obj_se": 0.025043826076988417,
      "mean_oracle_gap": 0.31777660298859217,
      "oracle_gap_se": 0.027313460817615237,
      "mean_rel_oracle_gap": 0.0409091290331886,
      "mean_excess_s": null,
      "selected_s_std": null,
      "failure_rate": 0.0,
      "n_failed": 0
    },
    "BS3": {
      "method": "BS3",
      "n_reps": 300,
      "target": 0.95,
      "coverage": 0.8166666666666667,
      "coverage_lo": 0.7689713823226987,
      "coverage_hi": 0.8563547359017554,
      "coverage_gap": -0.1333333333333333,
      "meets_target": false,
      "significantly_below": true,
      "mean_obj": -7.465414146418443,
      "obj_se": 0.027154723171009285,
      "mean_oracle_gap": 0.1659255174577921,
      "oracle_gap_se": 0.02843845099690104,
      "mean_rel_oracle_gap": 0.02112108501214563,
      "mean_excess_s": null,
      "selected_s_std": null,
      "failure_rate": 0.0,
      "n_failed": 0
    },
    "Sec10": {
      "method": "Sec10",
      "n_reps": 300,
      "target": 0.95,
      "coverage": 0.9433333333333334,
      "coverage_lo": 0.9111340419775253,
      "coverage_hi": 0.9643225235367106,
      "coverage_gap": -0.006666666666666599,
      "meets_target": false,
      "significantly_below": false,
      "mean_obj": -7.310894109494956,
      "obj_se": 0.02112732759023806,
      "mean_oracle_gap": 0.3199058015319754,
      "oracle_gap_se": 0.021680305643796582,
      "mean_rel_oracle_gap": 0.04144616358571512,
      "mean_excess_s": null,
      "selected_s_std": null,
      "failure_rate": 0.0,
      "n_failed": 0
    },
    "Sec3": {
      "method": "Sec3",
      "n_reps": 300,
      "target": 0.95,
      "coverage": 0.7133333333333334,
      "coverage_lo": 0.6597183711272249,
      "coverage_hi": 0.7615539611503023,
      "coverage_gap": -0.23666666666666658,
      "meets_target": false,
      "significantly_below": true,
      "mean_obj": -7.613831040632665,
      "obj_se": 0.023077096491831463,
      "mean_oracle_gap": 0.017704485450170043,
      "oracle_gap_se": 0.0249895644313788,
      "mean_rel_oracle_gap": 0.0015789360589414342,
      "mean_excess_s": null,
      "selected_s_std": null,
      "failure_rate": 0.0,
      "n_failed": 0
    },
    "CV5": {
      "method": "CV5",
      "n_reps": 300,
      "target": 0.95,
      "coverage": 0.85,
      "coverage_lo": 0.805182388854671,
      "coverage_hi": 0.8859675312881468,
      "coverage_gap": -0.09999999999999998,
      "meets_target": false,
      "significantly_below": true,
      "mean_obj": -7.423210361101318,
      "obj_se": 0.025421531613745132,
      "mean_oracle_gap": 0.2072139102881369,
      "oracle_gap_se": 0.027570322490991814,
      "mean_rel_oracle_gap": 0.026425114148081616,
      "mean_excess_s": null,
      "selected_s_std": null,
      "failure_rate": 0.0,
      "n_failed": 0
    },
    "BS10": {
      "method": "BS10",
      "n_reps": 300,
      "target": 0.95,
      "coverage": 0.9633333333333334,
      "coverage_lo": 0.9355461518281071,
      "coverage_hi": 0.979404694837147,
      "coverage_gap": 0.01333333333333342,
      "meets_target": true,
      "significantly_below": false,
      "mean_obj": -7.232463348179554,
      "obj_se": 0.01988434536171876,
      "mean_oracle_gap": 0.3994438364040456,
      "oracle_gap_se": 0.021593369078693723,
      "mean_rel_oracle_gap": 0.05173640830411454,
      "mean_excess_s": null,
      "selected_s_std": null,
      "failure_rate": 0.0,
      "n_failed": 0
    },
    "CV3": {
      "method": "CV3",
      "n_reps": 300,
      "target": 0.95,
      "coverage": 0.87,
      "coverage_lo": 0.8272195707065882,
      "coverage_hi": 0.9034246305872476,
      "coverage_gap": -0.07999999999999996,
      "meets_target": false,
      "significantly_below": true,
      "mean_obj": -7.404946287228083,
      "obj_se": 0.02799763309652966,
      "mean_oracle_gap": 0.2255390680204779,
      "oracle_gap_se": 0.029881239977966583,
      "mean_rel_oracle_gap": 0.028846067787014557,
      "mean_excess_s": null,
      "selected_s_std": null,
      "failure_rate": 0.0,
      "n_failed": 0
    },
    "BS5": {
      "method": "BS5",
      "n_reps": 300,
      "target": 0.95,