{
  "config": "paper_so",
  "n": 500,
  "split": 0.7,
  "d": 10,
  "reps": 300,
  "mesh_p": 60,
  "include_existing": true,
  "folds": [
    3,
    5,
    10
  ],
  "elapsed_s": 817.1320939064026,
  "summaries": {
    "NV": {
      "method": "NV",
      "n_reps": 300,
      "target": 0.95,
      "coverage": 0.6933333333333334,
      "coverage_lo": 0.6389838112035251,
      "coverage_hi": 0.7427942399229839,
      "coverage_gap": -0.2566666666666666,
      "meets_target": false,
      "significantly_below": true,
      "mean_obj": -7.677294150429876,
      "obj_se": 0.01705944828669814,
      "mean_oracle_gap": -0.04768165636568977,
      "oracle_gap_se": 0.013677557477495593,
      "mean_rel_oracle_gap": -0.006389295318165852,
      "mean_excess_s": -1.63,
      "selected_s_std": 26.594175228342923,
      "failure_rate": 0.0,
      "n_failed": 0
    },
    "UG": {
      "method": "UG",
      "n_reps": 300,
      "target": 0.95,
      "coverage": 0.9566666666666667,
      "coverage_lo": 0.9272825343659885,
      "coverage_hi": 0.9745035519155927,
      "coverage_gap": 0.00666666666666671,
      "meets_target": true,
      "significantly_below": false,
      "mean_obj": -7.390570592677713,
      "obj_se": 0.013670237153114191,
      "mean_oracle_gap": 0.2390419013864738,
      "oracle_gap_se": 0.013922703509024432,
      "mean_rel_oracle_gap": 0.03092702951309569,
      "mean_excess_s": 34.806666666666665,
      "selected_s_std": 50.53590795969769,
      "failure_rate": 0.0,
      "n_failed": 0
    },
    "NGS": {
      "method": "NGS",
      "n_reps": 300,
      "target": 0.95,
      "coverage": 0.9833333333333333,
      "coverage_lo": 0.9615846051669054,
      "coverage_hi": 0.9928605226493666,
      "coverage_gap": 0.033333333333333326,
      "meets_target": true,
      "significantly_below": false,
      "mean_obj": -7.326358575104972,
      "obj_se": 0.013488480152939327,
      "mean_oracle_gap": 0.3032539189592133,
      "oracle_gap_se": 0.0147521697810941,
      "mean_rel_oracle_gap": 0.039273722464814684,
      "mean_excess_s": 47.053333333333335,
      "selected_s_std": 57.634105550715304,
      "failure_rate": 0.0,
      "n_failed": 0
    },
    "UNGS": {
      "method": "UNGS",
      "n_reps": 300,
      "target": 0.95,
      "coverage": 0.9966666666666667,
      "coverage_lo": 0.9813633063054688,
      "coverage_hi": 0.9994113422781488,
      "coverage_gap": 0.046666666666666745,
      "meets_target": true,
      "significantly_below": false,
      "mean_obj": -7.032655873895209,
      "obj_se": 0.014478807383342528,
      "mean_oracle_gap": 0.596956620168978,
      "oracle_gap_se": 0.017139480920552754,
      "mean_rel_oracle_gap": 0.07766875751482083,
      "mean_excess_s": 133.29333333333332,
      "selected_s_std": 91.07596863295127,
      "failure_rate": 0.0,
      "n_failed": 0
    },
    "benchmark": {
      "method": "benchmark",
      "n_reps": 300,
      "target": 0.95,
      "coverage": 1.0,
      "coverage_lo": 0.9873570287754538,
      "coverage_hi": 0.9999999999999998,
      "coverage_gap": 0.050000000000000044,
      "meets_target": true,
      "significantly_below": false,
      "mean_obj": -6.6440391831836605,
      "obj_se": 0.010941010925109646,
      "mean_oracle_gap": 0.985573310880527,
      "oracle_gap_se": 0.014790774024869485,
      "mean_rel_oracle_gap": 0.1286058252047051,
      "mean_excess_s": NaN,
      "selected_s_std": NaN,
      "failure_rate": 0.0,
      "n_failed": 0
    },
    "CV10": {
      "method": "CV10",
      "n_reps": 300,
      "target": 0.95,
      "coverage": 0.8866666666666667,
      "coverage_lo": 0.8458006041283088,
      "coverage_hi": 0.9177554981247089,
      "coverage_gap": -0.06333333333333324,
      "meets_target": false,
      "significantly_below": true,
      "mean_obj": -7.333873779604318,
      "obj_se": 0.02559571918946045,
      "mean_oracle_gap": 0.2957387144598697,
      "oracle_gap_se": 0.027782096262627395,
      "mean_rel_oracle_gap": 0.038066327664316724,
      "mean_excess_s": NaN,
      "selected_s_std": NaN,
      "failure_rate": 0.0,
      "n_failed": 0
    },
    "BS3": {
      "method": "BS3",
      "n_reps": 300,
      "target": 0.95,
      "coverage": 0.7533333333333333,
      "coverage_lo": 0.7015546972961404,
      "coverage_hi": 0.7987061972834228,
      "coverage_gap": -0.19666666666666666,
      "meets_target": false,
      "significantly_below": true,
      "mean_obj": -7.551823298975811,
      "obj_se": 0.024785065126572584,
      "mean_oracle_gap": 0.07778919508837531,
      "oracle_gap_se": 0.026235563989862837,
      "mean_rel_oracle_gap": 0.00958371889722904,
      "mean_excess_s": NaN,
      "selected_s_std": NaN,
      "failure_rate": 0.0,
      "n_failed": 0
    },
    "Sec10": {
      "method": "Sec10",
      "n_reps": 300,
      "target": 0.95,
      "coverage": 1.0,
      "coverage_lo": 0.9873570287754538,
      "coverage_hi": 0.9999999999999998,
      "coverage_gap": 0.050000000000000044,
      "meets_target": true,
      "significantly_below": false,
      "mean_obj": -7.054372907594731,
      "obj_se": 0.015265552754466507,
      "mean_oracle_gap": 0.5752395864694568,
      "oracle_gap_se": 0.018280127013593887,
      "mean_rel_oracle_gap": 0.07477025430691077,
      "mean_excess_s": NaN,
      "selected_s_std": NaN,
      "failure_rate": 0.0,
      "n_failed": 0
    },
    "Sec3": {
      "method": "Sec3",
      "n_reps": 300,
      "target": 0.95,
      "coverage": 0.8833333333333333,
      "coverage_lo": 0.8420668566758442,
      "coverage_hi": 0.9149068653853369,
      "coverage_gap": -0.06666666666666665,
      "meets_target": false,
      "significantly_below": true,
      "mean_obj": -7.481358271710804,
      "obj_se": 0.017872714933432378,
      "mean_oracle_gap": 0.1482542223533829,
      "oracle_gap_se": 0.01963888484927845,
      "mean_rel_oracle_gap": 0.01884942001847758,
      "mean_excess_s": NaN,
      "selected_s_std": NaN,
      "failure_rate": 0.0,
      "n_failed": 0
    },
    "CV5": {
      "method": "CV5",
      "n_reps": 300,
      "target": 0.95,
      "coverage": 0.84,
      "coverage_lo": 0.7942563251514081,
      "coverage_hi": 0.8771464544159004,
      "coverage_gap": -0.10999999999999999,
      "meets_target": false,
      "significantly_below": true,
      "mean_obj": -7.452717834336933,
      "obj_se": 0.02619762472256855,
      "mean_oracle_gap": 0.17689465972725463,
      "oracle_gap_se": 0.02745494786035568,
      "mean_rel_oracle_gap": 0.022605792279304707,
      "mean_excess_s": NaN,
      "selected_s_std": NaN,
      "failure_rate": 0.0,
      "n_failed": 0
    },
    "BS10": {
      "method": "BS10",
      "n_reps": 300,
      "target": 0.95,
      "coverage": 0.9166666666666666,
      "coverage_lo": 0.8798783980359391,
      "coverage_hi": 0.9429191259436057,
      "coverage_gap": -0.033333333333333326,
      "meets_target": false,
      "significantly_below": true,
      "mean_obj": -7.332921757343065,
      "obj_se": 0.021197805664559095,
      "mean_oracle_gap": 0.29669073672112234,
      "oracle_gap_se": 0.02328829783463523,
      "mean_rel_oracle_gap": 0.038254787781325385,
      "mean_excess_s": NaN,
      "selected_s_std": NaN,
      "failure_rate": 0.0,
      "n_failed": 0
    },
    "CV3": {
      "method": "CV3",
      "n_reps": 300,
      "target": 0.95,
      "coverage": 0.8633333333333333,
      "coverage_lo": 0.8198445870022494,
      "coverage_hi": 0.8976348539079136,
      "coverage_gap": -0.08666666666666667,
      "meets_target": false,
      "significantly_below": true,
      "mean_obj": -7.4140723846127825,
      "obj_se": 0.026505635625880347,
      "mean_oracle_gap": 0.21554010945140448,
      "oracle_gap_se": 0.02835466037277521,
      "mean_rel_oracle_gap": 0.02758300452279661,
      "mean_excess_s": NaN,
      "selected_s_std": NaN,
      "failure_rate": 0.0,
      "n_failed": 0
    },
    "BS5": {
      "method": "BS5",
      "n_reps": 300,
      "target": 0.95,