{
  "config": "paper_so",
  "n": 300,
  "split": 0.7,
  "d": 10,
  "reps": 300,
  "mesh_p": 60,
  "include_existing": true,
  "folds": [
    3,
    5,
    10
  ],
  "elapsed_s": 292.77009415626526,
  "summaries": {
    "NV": {
      "method": "NV",
      "n_reps": 300,
      "target": 0.95,
      "coverage": 0.65,
      "coverage_lo": 0.5944391111549903,
      "coverage_hi": 0.7017679974776458,
      "coverage_gap": -0.29999999999999993,
      "meets_target": false,
      "significantly_below": true,
      "mean_obj": -7.698865048517161,
      "obj_se": 0.020642544444413328,
      "mean_oracle_gap": -0.09043069663684956,
      "oracle_gap_se": 0.018756429288851878,
      "mean_rel_oracle_gap": -0.012280688897193224,
      "mean_excess_s": -2.3033333333333332,
      "selected_s_std": 29.79337988462928,
      "failure_rate": 0.0,
      "n_failed": 0
    },
    "UG": {
      "method": "UG",
      "n_reps": 300,
      "target": 0.95,
      "coverage": 0.9566666666666667,
      "coverage_lo": 0.9272825343659885,
      "coverage_hi": 0.9745035519155927,
      "coverage_gap": 0.00666666666666671,
      "meets_target": true,
      "significantly_below": false,
      "mean_obj": -7.381057414548583,
      "obj_se": 0.01727903292709153,
      "mean_oracle_gap": 0.22737693733172837,
      "oracle_gap_se": 0.01727278376749107,
      "mean_rel_oracle_gap": 0.029357323585446404,
      "mean_excess_s": 32.74666666666667,
      "selected_s_std": 48.992807130247925,
      "failure_rate": 0.0,
      "n_failed": 0
    },
    "NGS": {
      "method": "NGS",
      "n_reps": 300,
      "target": 0.95,
      "coverage": 0.9833333333333333,
      "coverage_lo": 0.9615846051669054,
      "coverage_hi": 0.9928605226493666,
      "coverage_gap": 0.033333333333333326,
      "meets_target": true,
      "significantly_below": false,
      "mean_obj": -7.276081656879114,
      "obj_se": 0.016217263474454013,
      "mean_oracle_gap": 0.3323526950011973,
      "oracle_gap_se": 0.017379220439014745,
      "mean_rel_oracle_gap": 0.04306170565366363,
      "mean_excess_s": 49.07666666666667,
      "selected_s_std": 54.17029631951889,
      "failure_rate": 0.0,
      "n_failed": 0
    },
    "UNGS": {
      "method": "UNGS",
      "n_reps": 300,
      "target": 0.95,
      "coverage": 1.0,
      "coverage_lo": 0.9873570287754538,
      "coverage_hi": 0.9999999999999998,
      "coverage_gap": 0.050000000000000044,
      "meets_target": true,
      "significantly_below": false,
      "mean_obj": -7.074493709494423,
      "obj_se": 0.01422208719160581,
      "mean_oracle_gap": 0.5339406423858892,
      "oracle_gap_se": 0.016367612825982602,
      "mean_rel_oracle_gap": 0.06951102287748008,
      "mean_excess_s": 87.85,
      "selected_s_std": 52.010474461733864,
      "failure_rate": 0.0,
      "n_failed": 0
    },
    "benchmark": {
      "method": "benchmark",
      "n_reps": 300,
      "target": 0.95,
      "coverage": 1.0,
      "coverage_lo": 0.9873570287754538,
      "coverage_hi": 0.9999999999999998,
      "coverage_gap": 0.050000000000000044,
      "meets_target": true,
      "significantly_below": false,
      "mean_obj": -6.841657750838202,
      "obj_se": 0.012153012342164852,
      "mean_oracle_gap": 0.7667766010421107,
      "oracle_gap_se": 0.015704259874388445,
      "mean_rel_oracle_gap": 0.10005319184247757,
      "mean_excess_s": null,
      "selected_s_std": null,
      "failure_rate": 0.0,
      "n_failed": 0
    },
    "CV10": {
      "method": "CV10",
      "n_reps": 300,
      "target": 0.95,
      "coverage": 0.9,
      "coverage_lo": 0.8608335376153785,
      "coverage_hi": 0.9290520854049847,
      "coverage_gap": -0.04999999999999993,
      "meets_target": false,
      "significantly_below": true,
      "mean_obj": -7.329240354140972,
      "obj_se": 0.024086240957836885,
      "mean_oracle_gap": 0.27919399773934006,
      "oracle_gap_se": 0.026580380575974883,
      "mean_rel_oracle_gap": 0.03582062421993967,
      "mean_excess_s": null,
      "selected_s_std": null,
      "failure_rate": 0.0,
      "n_failed": 0
    },
    "BS3": {
      "method": "BS3",
      "n_reps": 300,
      "target": 0.95,
      "coverage": 0.7533333333333333,
      "coverage_lo": 0.7015546972961404,
      "coverage_hi": 0.7987061972834228,
      "coverage_gap": -0.19666666666666666,
      "meets_target": false,
      "significantly_below": true,
      "mean_obj": -7.55043753599435,
      "obj_se": 0.02699074097465474,
      "mean_oracle_gap": 0.0579968158859619,
      "oracle_gap_se": 0.030289820576169052,
      "mean_rel_oracle_gap": 0.006549416379305885,
      "mean_excess_s": null,
      "selected_s_std": null,
      "failure_rate": 0.0,
      "n_failed": 0
    },
    "Sec10": {
      "method": "Sec10",
      "n_reps": 300,
      "target": 0.95,
      "coverage": 0.9866666666666667,
      "coverage_lo": 0.9662244697474675,
      "coverage_hi": 0.9948030382606411,
      "coverage_gap": 0.036666666666666736,
      "meets_target": true,
      "significantly_below": false,
      "mean_obj": -7.128116744160591,
      "obj_se": 0.017314120927310165,
      "mean_oracle_gap": 0.4803176077197195,
      "oracle_gap_se": 0.02076526988809743,
      "mean_rel_oracle_gap": 0.062265103796515696,
      "mean_excess_s": null,
      "selected_s_std": null,
      "failure_rate": 0.0,
      "n_failed": 0
    },
    "Sec3": {
      "method": "Sec3",
      "n_reps": 300,
      "target": 0.95,
      "coverage": 0.8166666666666667,
      "coverage_lo": 0.7689713823226987,
      "coverage_hi": 0.8563547359017554,
      "coverage_gap": -0.1333333333333333,
      "meets_target": false,
      "significantly_below": true,
      "mean_obj": -7.5450759969577605,
      "obj_se": 0.019546524748635767,
      "mean_oracle_gap": 0.06335835492255142,
      "oracle_gap_se": 0.02465710927515292,
      "mean_rel_oracle_gap": 0.00713496795054169,
      "mean_excess_s": null,
      "selected_s_std": null,
      "failure_rate": 0.0,
      "n_failed": 0
    },
    "CV5": {
      "method": "CV5",
      "n_reps": 300,
      "target": 0.95,
      "coverage": 0.84,
      "coverage_lo": 0.7942563251514081,
      "coverage_hi": 0.8771464544159004,
      "coverage_gap": -0.10999999999999999,
      "meets_target": false,
      "significantly_below": true,
      "mean_obj": -7.4372799018467415,
      "obj_se": 0.026569073806287327,
      "mean_oracle_gap": 0.1711544500335702,
      "oracle_gap_se": 0.029457977342083018,
      "mean_rel_oracle_gap": 0.021515664793125555,
      "mean_excess_s": null,
      "selected_s_std": null,
      "failure_rate": 0.0,
      "n_failed": 0
    },
    "BS10": {
      "method": "BS10",
      "n_reps": 300,
      "target": 0.95,
      "coverage": 0.96,
      "coverage_lo": 0.9313957879613599,
      "coverage_hi": 0.9769726785120576,
      "coverage_gap": 0.010000000000000009,
      "meets_target": true,
      "significantly_below": false,
      "mean_obj": -7.255867498465544,
      "obj_se": 0.018726514012689852,
      "mean_oracle_gap": 0.35256685341476673,
      "oracle_gap_se": 0.021487346696579663,
      "mean_rel_oracle_gap": 0.04552021184119994,
      "mean_excess_s": null,
      "selected_s_std": null,
      "failure_rate": 0.0,
      "n_failed": 0
    },
    "CV3": {
      "method": "CV3",
      "n_reps": 300,
      "target": 0.95,
      "coverage": 0.8566666666666667,
      "coverage_lo": 0.8124994228503402,
      "coverage_hi": 0.8918152576761502,
      "coverage_gap": -0.09333333333333327,
      "meets_target": false,
      "significantly_below": true,
      "mean_obj": -7.45119967198027,
      "obj_se": 0.025800205272643373,
      "mean_oracle_gap": 0.15723467990004117,
      "oracle_gap_se": 0.02865239444519371,
      "mean_rel_oracle_gap": 0.019672098905219027,
      "mean_excess_s": null,
      "selected_s_std": null,
      "failure_rate": 0.0,
      "n_failed": 0
    },
    "BS5": {
      "method": "BS5",
      "n_reps": 300,
      "target": 0.95,
      "coverage": 0.8633333333333333,