{
  "config": "paper_so",
  "n": 100,
  "split": 0.7,
  "d": 10,
  "reps": 300,
  "mesh_p": 60,
  "include_existing": true,
  "folds": [
    3,
    5,
    10
  ],
  "elapsed_s": 38.687061071395874,
  "summaries": {
    "NV": {
      "method": "NV",
      "n_reps": 300,
      "target": 0.95,
      "coverage": 0.44333333333333336,
      "coverage_lo": 0.38818691756565193,
      "coverage_hi": 0.4999126191731299,
      "coverage_gap": -0.5066666666666666,
      "meets_target": false,
      "significantly_below": true,
      "mean_obj": -7.901239444176778,
      "obj_se": 0.026771005712064998,
      "mean_oracle_gap": -0.22744523581330528,
      "oracle_gap_se": 0.02732572497943191,
      "mean_rel_oracle_gap": -0.030003394763240335,
      "mean_excess_s": -7.6642066420664205,
      "selected_s_std": 18.581843429533244,
      "failure_rate": 0.0,
      "n_failed": 0
    },
    "UG": {
      "method": "UG",
      "n_reps": 300,
      "target": 0.95,
      "coverage": 0.66,
      "coverage_lo": 0.604674453304638,
      "coverage_hi": 0.7112797959035073,
      "coverage_gap": -0.2899999999999999,
      "meets_target": false,
      "significantly_below": true,
      "mean_obj": -7.686674797373665,
      "obj_se": 0.022832612396137902,
      "mean_oracle_gap": 0.006153966746894381,
      "oracle_gap_se": 0.019329472482235373,
      "mean_rel_oracle_gap": 0.0007808551411661465,
      "mean_excess_s": 2.918819188191882,
      "selected_s_std": 20.033991181878495,
      "failure_rate": 0.0,
      "n_failed": 0
    },
    "NGS": {
      "method": "NGS",
      "n_reps": 300,
      "target": 0.95,
      "coverage": 0.68,
      "coverage_lo": 0.6252238889196531,
      "coverage_hi": 0.7302246414395104,
      "coverage_gap": -0.2699999999999999,
      "meets_target": false,
      "significantly_below": true,
      "mean_obj": -7.652033538389196,
      "obj_se": 0.02277459229890542,
      "mean_oracle_gap": 0.043019624019408974,
      "oracle_gap_se": 0.019064375568919194,
      "mean_rel_oracle_gap": 0.005602785260473196,
      "mean_excess_s": 5.025830258302583,
      "selected_s_std": 19.763054334057912,
      "failure_rate": 0.0,
      "n_failed": 0
    },
    "UNGS": {
      "method": "UNGS",
      "n_reps": 300,
      "target": 0.95,
      "coverage": 0.68,
      "coverage_lo": 0.6252238889196531,
      "coverage_hi": 0.7302246414395104,
      "coverage_gap": -0.2699999999999999,
      "meets_target": false,
      "significantly_below": true,
      "mean_obj": -7.652923014413567,
      "obj_se": 0.022749400898629243,
      "mean_oracle_gap": 0.042034964213833126,
      "oracle_gap_se": 0.01901121427774806,
      "mean_rel_oracle_gap": 0.005476230983358247,
      "mean_excess_s": 5.1512915129151295,
      "selected_s_std": 19.653616685725595,
      "failure_rate": 0.0,
      "n_failed": 0
    },
    "benchmark": {
      "method": "benchmark",
      "n_reps": 300,
      "target": 0.95,
      "coverage": 0.9766666666666667,
      "coverage_lo": 0.9526280277317246,
      "coverage_hi": 0.9886523397008747,
      "coverage_gap": 0.026666666666666727,
      "meets_target": true,
      "significantly_below": false,
      "mean_obj": -7.2864019958386965,
      "obj_se": 0.018213584937350785,
      "mean_oracle_gap": 0.40044144697798933,
      "oracle_gap_se": 0.015901988154974497,
      "mean_rel_oracle_gap": 0.052125805360460936,
      "mean_excess_s": null,
      "selected_s_std": null,
      "failure_rate": 0.0,
      "n_failed": 0
    },
    "CV10": {
      "method": "CV10",
      "n_reps": 300,
      "target": 0.95,
      "coverage": 0.7,
      "coverage_lo": 0.6458824752950584,
      "coverage_hi": 0.749060336215123,
      "coverage_gap": -0.25,
      "meets_target": false,
      "significantly_below": true,
      "mean_obj": -7.684752407731218,
      "obj_se": 0.02890036493247124,
      "mean_oracle_gap": -0.006361535264872028,
      "oracle_gap_se": 0.02985022864576892,
      "mean_rel_oracle_gap": -0.00126811659707357,
      "mean_excess_s": null,
      "selected_s_std": null,
      "failure_rate": 0.0,
      "n_failed": 0
    },
    "BS3": {
      "method": "BS3",
      "n_reps": 300,
      "target": 0.95,
      "coverage": 0.65,
      "coverage_lo": 0.5944391111549903,
      "coverage_hi": 0.7017679974776458,
      "coverage_gap": -0.29999999999999993,
      "meets_target": false,
      "significantly_below": true,
      "mean_obj": -7.783192507868125,
      "obj_se": 0.03444629836743438,
      "mean_oracle_gap": -0.09102237082940011,
      "oracle_gap_se": 0.03405417277080754,
      "mean_rel_oracle_gap": -0.012191968343917359,
      "mean_excess_s": null,
      "selected_s_std": null,
      "failure_rate": 0.0,
      "n_failed": 0
    },
    "Sec10": {
      "method": "Sec10",
      "n_reps": 300,
      "target": 0.95,
      "coverage": 0.6833333333333333,
      "coverage_lo": 0.628659261236736,
      "coverage_hi": 0.7333716493142638,
      "coverage_gap": -0.2666666666666666,
      "meets_target": false,
      "significantly_below": true,
      "mean_obj": -7.658469429453922,
      "obj_se": 0.02549968524651401,
      "mean_oracle_gap": 0.019351176684225257,
      "oracle_gap_se": 0.025905085323853792,
      "mean_rel_oracle_gap": 0.002185371266033961,
      "mean_excess_s": null,
      "selected_s_std": null,
      "failure_rate": 0.0,
      "n_failed": 0
    },
    "Sec3": {
      "method": "Sec3",
      "n_reps": 300,
      "target": 0.95,
      "coverage": 0.48,
      "coverage_lo": 0.42407680086272237,
      "coverage_hi": 0.5364289179862594,
      "coverage_gap": -0.47,
      "meets_target": false,
      "significantly_below": true,
      "mean_obj": -7.913887275541787,
      "obj_se": 0.028009230572705338,
      "mean_oracle_gap": -0.23618602955768125,
      "oracle_gap_se": 0.03021732869360203,
      "mean_rel_oracle_gap": -0.03150550016225914,
      "mean_excess_s": null,
      "selected_s_std": null,
      "failure_rate": 0.0,
      "n_failed": 0
    },
    "CV5": {
      "method": "CV5",
      "n_reps": 300,
      "target": 0.95,
      "coverage": 0.68,
      "coverage_lo": 0.6252238889196531,
      "coverage_hi": 0.7302246414395104,
      "coverage_gap": -0.2699999999999999,
      "meets_target": false,
      "significantly_below": true,
      "mean_obj": -7.701313846548951,
      "obj_se": 0.031439763458996885,
      "mean_oracle_gap": -0.022198935195160772,
      "oracle_gap_se": 0.03372584079503466,
      "mean_rel_oracle_gap": -0.0034768601534811224,
      "mean_excess_s": null,
      "selected_s_std": null,
      "failure_rate": 0.0,
      "n_failed": 0
    },
    "BS10": {
      "method": "BS10",
      "n_reps": 300,
      "target": 0.95,
      "coverage": 0.8466666666666667,
      "coverage_lo": 0.8015339429418983,
      "coverage_hi": 0.8830335970090831,
      "coverage_gap": -0.10333333333333328,
      "meets_target": false,
      "significantly_below": true,
      "mean_obj": -7.500404750245707,
      "obj_se": 0.023260536843821258,
      "mean_oracle_gap": 0.18939813759737992,
      "oracle_gap_se": 0.022153721583007626,
      "mean_rel_oracle_gap": 0.024519089165295393,
      "mean_excess_s": null,
      "selected_s_std": null,
      "failure_rate": 0.0,
      "n_failed": 0
    },
    "CV3": {
      "method": "CV3",
      "n_reps": 300,
      "target": 0.95,
      "coverage": 0.69,
      "coverage_lo": 0.6355391960366674,
      "coverage_hi": 0.739656474898005,
      "coverage_gap": -0.26,
      "meets_target": false,
      "significantly_below": true,
      "mean_obj": -7.710652287356353,
      "obj_se": 0.03130356647270457,
      "mean_oracle_gap": -0.024451213201147,
      "oracle_gap_se": 0.03334704993173495,
      "mean_rel_oracle_gap": -0.003741738222396693,
      "mean_excess_s": null,
      "selected_s_std": null,
      "failure_rate": 0.0,
      "n_failed": 0
    },
    "BS5": {
      "method": "BS5",
      "n_reps": 300,
      "target": 0.95,
      "coverage": 0.7566666666666667,
      "coverage_lo": 0.7050648160221181,