{
  "config": "paper_saa",
  "n": 100,
  "split": 0.7,
  "d": 10,
  "reps": 300,
  "mesh_p": null,
  "include_existing": true,
  "folds": [
    3,
    5,
    10
  ],
  "elapsed_s": 86.73139667510986,
  "summaries": {
    "NV": {
      "method": "NV",
      "n_reps": 300,
      "target": 0.95,
      "coverage": 0.2633333333333333,
      "coverage_lo": 0.21671150294236005,
      "coverage_hi": 0.3159395034372583,
      "coverage_gap": -0.6866666666666666,
      "meets_target": false,
      "significantly_below": true,
      "mean_obj": -8.07345202947908,
      "obj_se": 0.02019890137196981,
      "mean_oracle_gap": -0.29343258512330195,
      "oracle_gap_se": 0.02244032079046772,
      "mean_rel_oracle_gap": -0.03812421141086159,
      "mean_excess_s": -0.026805970149253736,
      "selected_s_std": 0.031902023923801176,
      "failure_rate": 0.0,
      "n_failed": 0
    },
    "UG": {
      "method": "UG",
      "n_reps": 300,
      "target": 0.95,
      "coverage": 0.5766666666666667,
      "coverage_lo": 0.5201332672229635,
      "coverage_hi": 0.6312614771892728,
      "coverage_gap": -0.3733333333333333,
      "meets_target": false,
      "significantly_below": true,
      "mean_obj": -7.792024384906763,
      "obj_se": 0.023102138669098285,
      "mean_oracle_gap": 0.012713468542266569,
      "oracle_gap_se": 0.023655928709659126,
      "mean_rel_oracle_gap": 0.0014547145042702336,
      "mean_excess_s": -0.002567164179104478,
      "selected_s_std": 0.02697792152337339,
      "failure_rate": 0.0,
      "n_failed": 0
    },
    "NGS": {
      "method": "NGS",
      "n_reps": 300,
      "target": 0.95,
      "coverage": 0.6,
      "coverage_lo": 0.5436365963411878,
      "coverage_hi": 0.653834809413903,
      "coverage_gap": -0.35,
      "meets_target": false,
      "significantly_below": true,
      "mean_obj": -7.764522950234776,
      "obj_se": 0.023721778595373555,
      "mean_oracle_gap": 0.043498656607924374,
      "oracle_gap_se": 0.02438344276928655,
      "mean_rel_oracle_gap": 0.005401792400745985,
      "mean_excess_s": -0.0006417910447761204,
      "selected_s_std": 0.02642406592019362,
      "failure_rate": 0.0,
      "n_failed": 0
    },
    "UNGS": {
      "method": "UNGS",
      "n_reps": 300,
      "target": 0.95,
      "coverage": 0.6133333333333333,
      "coverage_lo": 0.5571245198072374,
      "coverage_hi": 0.6666764067151987,
      "coverage_gap": -0.33666666666666667,
      "meets_target": false,
      "significantly_below": true,
      "mean_obj": -7.747879628698368,
      "obj_se": 0.023863980482302358,
      "mean_oracle_gap": 0.062129240417335224,
      "oracle_gap_se": 0.02446403661928445,
      "mean_rel_oracle_gap": 0.007798351851154888,
      "mean_excess_s": 0.0008059701492537302,
      "selected_s_std": 0.025280856285682784,
      "failure_rate": 0.0,
      "n_failed": 0
    },
    "CV10": {
      "method": "CV10",
      "n_reps": 300,
      "target": 0.95,
      "coverage": 0.7633333333333333,
      "coverage_lo": 0.7120967390716028,
      "coverage_hi": 0.8079112960834695,
      "coverage_gap": -0.18666666666666665,
      "meets_target": false,
      "significantly_below": true,
      "mean_obj": -7.620124817915418,
      "obj_se": 0.02190846849649542,
      "mean_oracle_gap": 0.16153713064420247,
      "oracle_gap_se": 0.02452532794670787,
      "mean_rel_oracle_gap": 0.020442806092532042,
      "mean_excess_s": null,
      "selected_s_std": null,
      "failure_rate": 0.0,
      "n_failed": 0
    },
    "BS3": {
      "method": "BS3",
      "n_reps": 300,
      "target": 0.95,
      "coverage": 0.7333333333333333,
      "coverage_lo": 0.680572605868549,
      "coverage_hi": 0.7801940075599961,
      "coverage_gap": -0.21666666666666667,
      "meets_target": false,
      "significantly_below": true,
      "mean_obj": -7.671852442228249,
      "obj_se": 0.02478592841625946,
      "mean_oracle_gap": 0.10814029600303586,
      "oracle_gap_se": 0.027424494042421227,
      "mean_rel_oracle_gap": 0.013601457478254806,
      "mean_excess_s": null,
      "selected_s_std": null,
      "failure_rate": 0.0,
      "n_failed": 0
    },
    "Sec10": {
      "method": "Sec10",
      "n_reps": 300,
      "target": 0.95,
      "coverage": 0.6366666666666667,
      "coverage_lo": 0.5808316248758691,
      "coverage_hi": 0.6890459629894217,
      "coverage_gap": -0.31333333333333324,
      "meets_target": false,
      "significantly_below": true,
      "mean_obj": -7.768946827711911,
      "obj_se": 0.02573647812040265,
      "mean_oracle_gap": 0.02481018713535377,
      "oracle_gap_se": 0.028329922315618424,
      "mean_rel_oracle_gap": 0.002796206999859925,
      "mean_excess_s": null,
      "selected_s_std": null,
      "failure_rate": 0.0,
      "n_failed": 0
    },
    "Sec3": {
      "method": "Sec3",
      "n_reps": 300,
      "target": 0.95,
      "coverage": 0.37,
      "coverage_lo": 0.317331727809741,
      "coverage_hi": 0.42595544470864083,
      "coverage_gap": -0.58,
      "meets_target": false,
      "significantly_below": true,
      "mean_obj": -8.02736551438151,
      "obj_se": 0.025258821153698173,
      "mean_oracle_gap": -0.2503375848935206,
      "oracle_gap_se": 0.02866513241484618,
      "mean_rel_oracle_gap": -0.03269387115829525,
      "mean_excess_s": null,
      "selected_s_std": null,
      "failure_rate": 0.0,
      "n_failed": 0
    },
    "CV5": {
      "method": "CV5",
      "n_reps": 300,
      "target": 0.95,
      "coverage": 0.7233333333333334,
      "coverage_lo": 0.6701300560341223,
      "coverage_hi": 0.7708894168189138,
      "coverage_gap": -0.22666666666666657,
      "meets_target": false,
      "significantly_below": true,
      "mean_obj": -7.666161568175091,
      "obj_se": 0.024125310107620847,
      "mean_oracle_gap": 0.11863213036903578,
      "oracle_gap_se": 0.026905127877060477,
      "mean_rel_oracle_gap": 0.014943757319564398,
      "mean_excess_s": null,
      "selected_s_std": null,
      "failure_rate": 0.0,
      "n_failed": 0
    },
    "BS10": {
      "method": "BS10",
      "n_reps": 300,
      "target": 0.95,
      "coverage": 0.9333333333333333,
      "coverage_lo": 0.899276940483885,
      "coverage_hi": 0.9564324844548417,
      "coverage_gap": -0.016666666666666607,
      "meets_target": false,
      "significantly_below": false,
      "mean_obj": -7.430124291800697,
      "obj_se": 0.019087396566640907,
      "mean_oracle_gap": 0.35509639476005334,
      "oracle_gap_se": 0.020853349749122764,
      "mean_rel_oracle_gap": 0.045522380831512284,
      "mean_excess_s": null,
      "selected_s_std": null,
      "failure_rate": 0.0,
      "n_failed": 0
    },
    "CV3": {
      "method": "CV3",
      "n_reps": 300,
      "target": 0.95,
      "coverage": 0.69,
      "coverage_lo": 0.6355391960366674,
      "coverage_hi": 0.739656474898005,
      "coverage_gap": -0.26,
      "meets_target": false,
      "significantly_below": true,
      "mean_obj": -7.687466423641731,
      "obj_se": 0.025392587357630517,
      "mean_oracle_gap": 0.10846933625271858,
      "oracle_gap_se": 0.027425505262006655,
      "mean_rel_oracle_gap": 0.013647788776582171,
      "mean_excess_s": null,
      "selected_s_std": null,
      "failure_rate": 0.0,
      "n_failed": 0
    },
    "BS5": {
      "method": "BS5",
      "n_reps": 300,
      "target": 0.95,
      "coverage": 0.8033333333333333,
      "coverage_lo": 0.7546412316550143,
      "coverage_hi": 0.8443553658020945,
      "coverage_gap": -0.1466666666666666,
      "meets_target": false,
      "significantly_below": true,
      "mean_obj": -7.562697614287193,
      "obj_se": 0.022282386513727794,
      "mean_oracle_gap": 0.23118756173989344,
      "oracle_gap_se": 0.024241760558580034,
      "mean_rel_oracle_gap": 0.029493660964495457,
      "mean_excess_s": null,
      "selected_s_std": null,
      "failure_rate": 0.0,
      "n_failed": 0
    },
    "Sec5": {
      "method": "Sec5",
      "n_reps": 300,
      "target": 0.95,