{
  "config": "paper_saa",
  "n": 200,
  "split": 0.7,
  "d": 10,
  "reps": 300,
  "mesh_p": null,
  "include_existing": true,
  "folds": [
    3,
    5,
    10
  ],
  "elapsed_s": 556.7585551738739,
  "summaries": {
    "NV": {
      "method": "NV",
      "n_reps": 300,
      "target": 0.95,
      "coverage": 0.35333333333333333,
      "coverage_lo": 0.30140830066923496,
      "coverage_hi": 0.40896697088996514,
      "coverage_gap": -0.5966666666666667,
      "meets_target": false,
      "significantly_below": true,
      "mean_obj": -7.987075126056961,
      "obj_se": 0.01604084494541115,
      "mean_oracle_gap": -0.13734569929176837,
      "oracle_gap_se": 0.016784539991012957,
      "mean_rel_oracle_gap": -0.017591560119833507,
      "mean_excess_s": -0.014448160535117058,
      "selected_s_std": 0.0274657455658349,
      "failure_rate": 0.0,
      "n_failed": 0
    },
    "UG": {
      "method": "UG",
      "n_reps": 300,
      "target": 0.95,
      "coverage": 0.8166666666666667,
      "coverage_lo": 0.7689713823226987,
      "coverage_hi": 0.8563547359017554,
      "coverage_gap": -0.1333333333333333,
      "meets_target": false,
      "significantly_below": true,
      "mean_obj": -7.569820609874244,
      "obj_se": 0.020166164345530185,
      "mean_oracle_gap": 0.2802098215341776,
      "oracle_gap_se": 0.020682829710811826,
      "mean_rel_oracle_gap": 0.03562083926589337,
      "mean_excess_s": 0.016842809364548492,
      "selected_s_std": 0.023870550184469,
      "failure_rate": 0.0,
      "n_failed": 0
    },
    "NGS": {
      "method": "NGS",
      "n_reps": 300,
      "target": 0.95,
      "coverage": 0.9033333333333333,
      "coverage_lo": 0.8646182980304887,
      "coverage_hi": 0.9318497051817106,
      "coverage_gap": -0.046666666666666634,
      "meets_target": false,
      "significantly_below": true,
      "mean_obj": -7.445076709916115,
      "obj_se": 0.020648951928893242,
      "mean_oracle_gap": 0.4053709251710963,
      "oracle_gap_se": 0.02117557491459578,
      "mean_rel_oracle_gap": 0.051563777016067146,
      "mean_excess_s": 0.024441471571906355,
      "selected_s_std": 0.018994942705454536,
      "failure_rate": 0.0,
      "n_failed": 0
    },
    "UNGS": {
      "method": "UNGS",
      "n_reps": 300,
      "target": 0.95,
      "coverage": 0.93,
      "coverage_lo": 0.8953639895740667,
      "coverage_hi": 0.9537630551728237,
      "coverage_gap": -0.019999999999999907,
      "meets_target": false,
      "significantly_below": false,
      "mean_obj": -7.347272236789319,
      "obj_se": 0.021756174967349398,
      "mean_oracle_gap": 0.503502503559187,
      "oracle_gap_se": 0.02196347393066029,
      "mean_rel_oracle_gap": 0.06409653874826693,
      "mean_excess_s": 0.029123745819397993,
      "selected_s_std": 0.016354920778401266,
      "failure_rate": 0.0,
      "n_failed": 0
    },
    "CV10": {
      "method": "CV10",
      "n_reps": 300,
      "target": 0.95,
      "coverage": 0.9666666666666667,
      "coverage_lo": 0.9397381741959452,
      "coverage_hi": 0.9817950526611452,
      "coverage_gap": 0.01666666666666672,
      "meets_target": true,
      "significantly_below": false,
      "mean_obj": -7.3592888091086905,
      "obj_se": 0.019332356691321495,
      "mean_oracle_gap": 0.49144574203473307,
      "oracle_gap_se": 0.02013693912876391,
      "mean_rel_oracle_gap": 0.06250357442876135,
      "mean_excess_s": null,
      "selected_s_std": null,
      "failure_rate": 0.0,
      "n_failed": 0
    },
    "BS3": {
      "method": "BS3",
      "n_reps": 300,
      "target": 0.95,
      "coverage": 0.87,
      "coverage_lo": 0.8272195707065882,
      "coverage_hi": 0.9034246305872476,
      "coverage_gap": -0.07999999999999996,
      "meets_target": false,
      "significantly_below": true,
      "mean_obj": -7.501499298862151,
      "obj_se": 0.020857602594734907,
      "mean_oracle_gap": 0.3486010717004873,
      "oracle_gap_se": 0.021924972895745843,
      "mean_rel_oracle_gap": 0.04427520676583873,
      "mean_excess_s": null,
      "selected_s_std": null,
      "failure_rate": 0.0,
      "n_failed": 0
    },
    "Sec10": {
      "method": "Sec10",
      "n_reps": 300,
      "target": 0.95,
      "coverage": 0.94,
      "coverage_lo": 0.9071605548470915,
      "coverage_hi": 0.9617136304753079,
      "coverage_gap": -0.010000000000000009,
      "meets_target": false,
      "significantly_below": false,
      "mean_obj": -7.330853262450703,
      "obj_se": 0.0212603510563108,
      "mean_oracle_gap": 0.5195547840765035,
      "oracle_gap_se": 0.021975392287319363,
      "mean_rel_oracle_gap": 0.06609154555229059,
      "mean_excess_s": null,
      "selected_s_std": null,
      "failure_rate": 0.0,
      "n_failed": 0
    },
    "Sec3": {
      "method": "Sec3",
      "n_reps": 300,
      "target": 0.95,
      "coverage": 0.6333333333333333,
      "coverage_lo": 0.5774367141816825,
      "coverage_hi": 0.6858584934917717,
      "coverage_gap": -0.31666666666666665,
      "meets_target": false,
      "significantly_below": true,
      "mean_obj": -7.769293347150382,
      "obj_se": 0.022711543602489205,
      "mean_oracle_gap": 0.08137193179060735,
      "oracle_gap_se": 0.02356592802424039,
      "mean_rel_oracle_gap": 0.010237321338811875,
      "mean_excess_s": null,
      "selected_s_std": null,
      "failure_rate": 0.0,
      "n_failed": 0
    },
    "CV5": {
      "method": "CV5",
      "n_reps": 300,
      "target": 0.95,
      "coverage": 0.89,
      "coverage_lo": 0.8495437677561146,
      "coverage_hi": 0.9205947146887394,
      "coverage_gap": -0.05999999999999994,
      "meets_target": false,
      "significantly_below": true,
      "mean_obj": -7.473529589429709,
      "obj_se": 0.020936582748880633,
      "mean_oracle_gap": 0.3768228855253486,
      "oracle_gap_se": 0.02139834421428755,
      "mean_rel_oracle_gap": 0.047932921451423874,
      "mean_excess_s": null,
      "selected_s_std": null,
      "failure_rate": 0.0,
      "n_failed": 0
    },
    "BS10": {
      "method": "BS10",
      "n_reps": 300,
      "target": 0.95,
      "coverage": 0.9966666666666667,
      "coverage_lo": 0.9813633063054688,
      "coverage_hi": 0.9994113422781488,
      "coverage_gap": 0.046666666666666745,
      "meets_target": true,
      "significantly_below": false,
      "mean_obj": -7.192515799164927,
      "obj_se": 0.017251685436369964,
      "mean_oracle_gap": 0.6582708567949347,
      "oracle_gap_se": 0.018176078246052246,
      "mean_rel_oracle_gap": 0.08375558610565212,
      "mean_excess_s": null,
      "selected_s_std": null,
      "failure_rate": 0.0,
      "n_failed": 0
    },
    "CV3": {
      "method": "CV3",
      "n_reps": 300,
      "target": 0.95,
      "coverage": 0.92,
      "coverage_lo": 0.8837267595665261,
      "coverage_hi": 0.9456531446048553,
      "coverage_gap": -0.029999999999999916,
      "meets_target": false,
      "significantly_below": true,
      "mean_obj": -7.456713016483051,
      "obj_se": 0.020124338061714687,
      "mean_oracle_gap": 0.3945882030552557,
      "oracle_gap_se": 0.020906349606363603,
      "mean_rel_oracle_gap": 0.05015583372869277,
      "mean_excess_s": null,
      "selected_s_std": null,
      "failure_rate": 0.0,
      "n_failed": 0
    },
    "BS5": {
      "method": "BS5",
      "n_reps": 300,
      "target": 0.95,
      "coverage": 0.96,
      "coverage_lo": 0.9313957879613599,
      "coverage_hi": 0.9769726785120576,
      "coverage_gap": 0.010000000000000009,
      "meets_target": true,
      "significantly_below": false,
      "mean_obj": -7.34817469995227,
      "obj_se": 0.018920594296079705,
      "mean_oracle_gap": 0.5025970221247889,
      "oracle_gap_se": 0.019914346134155332,
      "mean_rel_oracle_gap": 0.06390708500569287,
      "mean_excess_s": null,
      "selected_s_std": null,
      "failure_rate": 0.0,
      "n_failed": 0
    },
    "Sec5": {
      "method": "Sec5",
      "n_reps": 300,
      "target": 0.95,