{
  "key": "paper_so_n500_d10_a0.15",
  "config": "paper_so",
  "n": 500,
  "split": 0.5,
  "d": 10,
  "reps": 500,
  "alpha": 0.15,
  "beta": null,
  "dgp_params": null,
  "folds": null,
  "mesh_p": 60,
  "elapsed_s": 2.8013603687286377,
  "summaries": {
    "NV": {
      "method": "NV",
      "n_reps": 500,
      "target": 0.95,
      "coverage": 0.834,
      "coverage_lo": 0.7988646838026932,
      "coverage_hi": 0.8640422567689898,
      "coverage_gap": -0.11599999999999999,
      "meets_target": false,
      "significantly_below": true,
      "mean_obj": -7.958297175865911,
      "obj_se": 0.014593826410944243,
      "mean_oracle_gap": -0.010049777924504604,
      "oracle_gap_se": 0.011210737228550363,
      "mean_rel_oracle_gap": -0.0016157935716723385,
      "mean_excess_s": 0.458,
      "selected_s_std": 15.855499289376885,
      "failure_rate": 0.0,
      "n_failed": 0
    },
    "UG": {
      "method": "UG",
      "n_reps": 500,
      "target": 0.95,
      "coverage": 0.982,
      "coverage_lo": 0.9661483290912607,
      "coverage_hi": 0.990501806703803,
      "coverage_gap": 0.03200000000000003,
      "meets_target": true,
      "significantly_below": false,
      "mean_obj": -7.759715694146936,
      "obj_se": 0.013129031210821278,
      "mean_oracle_gap": 0.18853170379446912,
      "oracle_gap_se": 0.013051758410432854,
      "mean_rel_oracle_gap": 0.023063392201204288,
      "mean_excess_s": 10.266,
      "selected_s_std": 22.75622524882258,
      "failure_rate": 0.0,
      "n_failed": 0
    },
    "NGS": {
      "method": "NGS",
      "n_reps": 500,
      "target": 0.95,
      "coverage": 0.996,
      "coverage_lo": 0.9855342847848231,
      "coverage_hi": 0.9989023694773173,
      "coverage_gap": 0.04600000000000004,
      "meets_target": true,
      "significantly_below": false,
      "mean_obj": -7.65950810224425,
      "obj_se": 0.012144411450912725,
      "mean_oracle_gap": 0.2887392956971564,
      "oracle_gap_se": 0.014117195302440306,
      "mean_rel_oracle_gap": 0.03546617040438842,
      "mean_excess_s": 18.446,
      "selected_s_std": 28.28163144789758,
      "failure_rate": 0.0,
      "n_failed": 0
    },
    "UNGS": {
      "method": "UNGS",
      "n_reps": 500,
      "target": 0.95,
      "coverage": 0.998,
      "coverage_lo": 0.9887592932948532,
      "coverage_hi": 0.9996468636054407,
      "coverage_gap": 0.04800000000000004,
      "meets_target": true,
      "significantly_below": false,
      "mean_obj": -7.597183832258693,
      "obj_se": 0.012019689932464111,
      "mean_oracle_gap": 0.3510635656827124,
      "oracle_gap_se": 0.014806639654455025,
      "mean_rel_oracle_gap": 0.043222610402312754,
      "mean_excess_s": 24.384,
      "selected_s_std": 33.058718331408905,
      "failure_rate": 0.0,
      "n_failed": 0
    },
    "benchmark": {
      "method": "benchmark",
      "n_reps": 500,
      "target": 0.95,
      "coverage": 1.0,
      "coverage_lo": 0.9923756595384479,
      "coverage_hi": 1.0,
      "coverage_gap": 0.050000000000000044,
      "meets_target": true,
      "significantly_below": false,
      "mean_obj": -6.649560931369691,
      "obj_se": 0.00923628427166979,
      "mean_oracle_gap": 1.298686466571716,
      "oracle_gap_se": 0.014906386000555527,
      "mean_rel_oracle_gap": 0.16234350150235208,
      "mean_excess_s": NaN,
      "selected_s_std": NaN,
      "failure_rate": 0.0,
      "n_failed": 0
    },
    "_n_replication_errors": 0
  }
}