{
  "key": "paper_saa_n400_d10_a0.2",
  "config": "paper_saa",
  "n": 400,
  "split": 0.5,
  "d": 10,
  "reps": 500,
  "alpha": 0.2,
  "beta": null,
  "dgp_params": null,
  "folds": null,
  "mesh_p": null,
  "elapsed_s": 114.08358645439148,
  "summaries": {
    "NV": {
      "method": "NV",
      "n_reps": 500,
      "target": 0.95,
      "coverage": 0.496,
      "coverage_lo": 0.45237314911404547,
      "coverage_hi": 0.539687845609647,
      "coverage_gap": -0.45399999999999996,
      "meets_target": false,
      "significantly_below": true,
      "mean_obj": -8.647940513853102,
      "obj_se": 0.007772990752927964,
      "mean_oracle_gap": -0.02115310366763634,
      "oracle_gap_se": 0.007845079865276718,
      "mean_rel_oracle_gap": -0.0024617036790496837,
      "mean_excess_s": -0.003999999999999999,
      "selected_s_std": 0.03335928277848597,
      "failure_rate": 0.0,
      "n_failed": 0
    },
    "UG": {
      "method": "UG",
      "n_reps": 500,
      "target": 0.95,
      "coverage": 0.934,
      "coverage_lo": 0.9087605988391466,
      "coverage_hi": 0.9526214736402262,
      "coverage_gap": -0.015999999999999903,
      "meets_target": false,
      "significantly_below": false,
      "mean_obj": -8.356162343664764,
      "obj_se": 0.008878102590122262,
      "mean_oracle_gap": 0.2706250665207019,
      "oracle_gap_se": 0.00894066937603926,
      "mean_rel_oracle_gap": 0.0313610778360677,
      "mean_excess_s": 0.038352000000000004,
      "selected_s_std": 0.032818122956512576,
      "failure_rate": 0.0,
      "n_failed": 0
    },
    "NGS": {
      "method": "NGS",
      "n_reps": 500,
      "target": 0.95,
      "coverage": 0.992,
      "coverage_lo": 0.9796129641658948,
      "coverage_hi": 0.9968846848199377,
      "coverage_gap": 0.04200000000000004,
      "meets_target": true,
      "significantly_below": false,
      "mean_obj": -8.215146247558167,
      "obj_se": 0.008577880587050253,
      "mean_oracle_gap": 0.41164116262729955,
      "oracle_gap_se": 0.008607602164144905,
      "mean_rel_oracle_gap": 0.047709608251757525,
      "mean_excess_s": 0.05680000000000001,
      "selected_s_std": 0.030004917165495002,
      "failure_rate": 0.0,
      "n_failed": 0
    },
    "UNGS": {
      "method": "UNGS",
      "n_reps": 500,
      "target": 0.95,
      "coverage": 0.988,
      "coverage_lo": 0.9740696388835527,
      "coverage_hi": 0.9944890048259724,
      "coverage_gap": 0.038000000000000034,
      "meets_target": true,
      "significantly_below": false,
      "mean_obj": -8.20918008755986,
      "obj_se": 0.009588927014194152,
      "mean_oracle_gap": 0.41760732262560724,
      "oracle_gap_se": 0.009632063741153172,
      "mean_rel_oracle_gap": 0.04840013478598031,
      "mean_excess_s": 0.056864000000000005,
      "selected_s_std": 0.03292296224348246,
      "failure_rate": 0.0,
      "n_failed": 0
    },
    "_n_replication_errors": 0
  }
}