{
  "key": "paper_so_n500_d10_a0.01",
  "config": "paper_so",
  "n": 500,
  "split": 0.5,
  "d": 10,
  "reps": 500,
  "alpha": 0.01,
  "beta": null,
  "dgp_params": null,
  "folds": null,
  "mesh_p": 60,
  "elapsed_s": 3.2383522987365723,
  "summaries": {
    "NV": {
      "method": "NV",
      "n_reps": 500,
      "target": 0.95,
      "coverage": 0.006,
      "coverage_lo": 0.002042596271960237,
      "coverage_hi": 0.01749025210405338,
      "coverage_gap": -0.944,
      "meets_target": false,
      "significantly_below": true,
      "mean_obj": -6.985390257356468,
      "obj_se": 0.010720888495442988,
      "mean_oracle_gap": -0.08265800526337692,
      "oracle_gap_se": 0.07423817231443734,
      "mean_rel_oracle_gap": -0.013201693848720952,
      "mean_excess_s": -31.2,
      "selected_s_std": 56.211202465034766,
      "failure_rate": 0.0,
      "n_failed": 0
    },
    "UG": {
      "method": "UG",
      "n_reps": 500,
      "target": 0.95,
      "coverage": 0.006,
      "coverage_lo": 0.002042596271960237,
      "coverage_hi": 0.01749025210405338,
      "coverage_gap": -0.944,
      "meets_target": false,
      "significantly_below": true,
      "mean_obj": -6.982249411606759,
      "obj_se": 0.01082279659520055,
      "mean_oracle_gap": -0.08178632204976015,
      "oracle_gap_se": 0.07448551441751984,
      "mean_rel_oracle_gap": -0.013055940182719212,
      "mean_excess_s": -14.4,
      "selected_s_std": 55.343733173713595,
      "failure_rate": 0.0,
      "n_failed": 0
    },
    "NGS": {
      "method": "NGS",
      "n_reps": 500,
      "target": 0.95,
      "coverage": 0.006,
      "coverage_lo": 0.002042596271960237,
      "coverage_hi": 0.01749025210405338,
      "coverage_gap": -0.944,
      "meets_target": false,
      "significantly_below": true,
      "mean_obj": -6.980793424797777,
      "obj_se": 0.010835057541950133,
      "mean_oracle_gap": -0.08178632204976015,
      "oracle_gap_se": 0.07448551441751984,
      "mean_rel_oracle_gap": -0.013055940182719212,
      "mean_excess_s": -14.4,
      "selected_s_std": 55.1937834494332,
      "failure_rate": 0.0,
      "n_failed": 0
    },
    "UNGS": {
      "method": "UNGS",
      "n_reps": 500,
      "target": 0.95,
      "coverage": 0.006,
      "coverage_lo": 0.002042596271960237,
      "coverage_hi": 0.01749025210405338,
      "coverage_gap": -0.944,
      "meets_target": false,
      "significantly_below": true,
      "mean_obj": -6.982576406029792,
      "obj_se": 0.010828200016186316,
      "mean_oracle_gap": -0.08178632204976015,
      "oracle_gap_se": 0.07448551441751984,
      "mean_rel_oracle_gap": -0.013055940182719212,
      "mean_excess_s": -14.4,
      "selected_s_std": 55.512107545726785,
      "failure_rate": 0.0,
      "n_failed": 0
    },
    "benchmark": {
      "method": "benchmark",
      "n_reps": 500,
      "target": 0.95,
      "coverage": 0.16,
      "coverage_lo": 0.13047637235016407,
      "coverage_hi": 0.19470817916369149,
      "coverage_gap": -0.7899999999999999,
      "meets_target": false,
      "significantly_below": true,
      "mean_obj": -6.643627806709778,
      "obj_se": 0.00958311752117478,
      "mean_oracle_gap": 0.08982822663164267,
      "oracle_gap_se": 0.033773621183871935,
      "mean_rel_oracle_gap": 0.014181918487359054,
      "mean_excess_s": NaN,
      "selected_s_std": NaN,
      "failure_rate": 0.0,
      "n_failed": 0
    },
    "_n_replication_errors": 0
  }
}