{
  "key": "paper_dro_wasserstein_n200_d10_a0.1",
  "config": "paper_dro_wasserstein",
  "n": 200,
  "split": 0.5,
  "d": 10,
  "reps": 500,
  "alpha": 0.1,
  "beta": null,
  "dgp_params": null,
  "folds": null,
  "mesh_p": null,
  "elapsed_s": 92.4408905506134,
  "summaries": {
    "NV": {
      "method": "NV",
      "n_reps": 500,
      "target": 0.95,
      "coverage": 0.488,
      "coverage_lo": 0.4444452370209479,
      "coverage_hi": 0.5317377471501294,
      "coverage_gap": -0.46199999999999997,
      "meets_target": false,
      "significantly_below": true,
      "mean_obj": -7.886894909193086,
      "obj_se": 0.01465539480691457,
      "mean_oracle_gap": -0.11136941111748186,
      "oracle_gap_se": 0.014911385232566956,
      "mean_rel_oracle_gap": -0.01445067927489028,
      "mean_excess_s": -0.0023896809913653877,
      "selected_s_std": 0.024091517699323554,
      "failure_rate": 0.0,
      "n_failed": 0
    },
    "UG": {
      "method": "UG",
      "n_reps": 500,
      "target": 0.95,
      "coverage": 0.916,
      "coverage_lo": 0.888400685539819,
      "coverage_hi": 0.9372558631961696,
      "coverage_gap": -0.03399999999999992,
      "meets_target": false,
      "significantly_below": true,
      "mean_obj": -7.4275125802075115,
      "obj_se": 0.015732791627917183,
      "mean_oracle_gap": 0.34801291786809246,
      "oracle_gap_se": 0.016141050470405933,
      "mean_rel_oracle_gap": 0.04461750917098108,
      "mean_excess_s": 0.02839520931370337,
      "selected_s_std": 0.03581953940934124,
      "failure_rate": 0.0,
      "n_failed": 0
    },
    "NGS": {
      "method": "NGS",
      "n_reps": 500,
      "target": 0.95,
      "coverage": 0.968,
      "coverage_lo": 0.9486551309545582,
      "coverage_hi": 0.9802084863734289,
      "coverage_gap": 0.018000000000000016,
      "meets_target": true,
      "significantly_below": false,
      "mean_obj": -7.222435572765843,
      "obj_se": 0.016308513243314015,
      "mean_oracle_gap": 0.5530899253097609,
      "oracle_gap_se": 0.01669290002251812,
      "mean_rel_oracle_gap": 0.0709987584363914,
      "mean_excess_s": 0.048395371907335116,
      "selected_s_std": 0.04748606271075851,
      "failure_rate": 0.0,
      "n_failed": 0
    },
    "UNGS": {
      "method": "UNGS",
      "n_reps": 500,
      "target": 0.95,
      "coverage": 0.984,
      "coverage_lo": 0.9687488914666058,
      "coverage_hi": 0.9918707469666117,
      "coverage_gap": 0.03400000000000003,
      "meets_target": true,
      "significantly_below": false,
      "mean_obj": -6.882707405554185,
      "obj_se": 0.021239007757909906,
      "mean_oracle_gap": 0.8928180925214199,
      "oracle_gap_se": 0.020754787240035544,
      "mean_rel_oracle_gap": 0.11483710925235471,
      "mean_excess_s": 0.09404554551844622,
      "selected_s_std": 0.08074688091795146,
      "failure_rate": 0.0,
      "n_failed": 0
    },
    "_n_replication_errors": 0
  }
}