{
  "key": "paper_so_n500_d10_a0.05",
  "config": "paper_so",
  "n": 500,
  "split": 0.5,
  "d": 10,
  "reps": 500,
  "alpha": 0.05,
  "beta": null,
  "dgp_params": null,
  "folds": null,
  "mesh_p": 60,
  "elapsed_s": 3.1117405891418457,
  "summaries": {
    "NV": {
      "method": "NV",
      "n_reps": 500,
      "target": 0.95,
      "coverage": 0.662,
      "coverage_lo": 0.6194427380354692,
      "coverage_hi": 0.7020869756549879,
      "coverage_gap": -0.2879999999999999,
      "meets_target": false,
      "significantly_below": true,
      "mean_obj": -7.203623822748858,
      "obj_se": 0.010620191830819041,
      "mean_oracle_gap": -0.03220597347215337,
      "oracle_gap_se": 0.00920796723923073,
      "mean_rel_oracle_gap": -0.0046779658944744035,
      "mean_excess_s": -0.4175152749490835,
      "selected_s_std": 58.31541143146331,
      "failure_rate": 0.0,
      "n_failed": 0
    },
    "UG": {
      "method": "UG",
      "n_reps": 500,
      "target": 0.95,
      "coverage": 0.932,
      "coverage_lo": 0.9064790772661258,
      "coverage_hi": 0.9509334925750932,
      "coverage_gap": -0.017999999999999905,
      "meets_target": false,
      "significantly_below": false,
      "mean_obj": -7.014592927437912,
      "obj_se": 0.010821490071219938,
      "mean_oracle_gap": 0.15915159879199875,
      "oracle_gap_se": 0.009231963998519171,
      "mean_rel_oracle_gap": 0.022047465353942915,
      "mean_excess_s": 49.663951120162935,
      "selected_s_std": 58.71210777342606,
      "failure_rate": 0.0,
      "n_failed": 0
    },
    "NGS": {
      "method": "NGS",
      "n_reps": 500,
      "target": 0.95,
      "coverage": 0.946,
      "coverage_lo": 0.9225734384893529,
      "coverage_hi": 0.9626256498189425,
      "coverage_gap": -0.0040000000000000036,
      "meets_target": false,
      "significantly_below": false,
      "mean_obj": -6.9921104828008644,
      "obj_se": 0.01083854411192128,
      "mean_oracle_gap": 0.1820461452655694,
      "oracle_gap_se": 0.009311927735934082,
      "mean_rel_oracle_gap": 0.02523497051753856,
      "mean_excess_s": 56.95112016293279,
      "selected_s_std": 57.49656976785781,
      "failure_rate": 0.0,
      "n_failed": 0
    },
    "UNGS": {
      "method": "UNGS",
      "n_reps": 500,
      "target": 0.95,
      "coverage": 0.958,
      "coverage_lo": 0.9366484142456699,
      "coverage_hi": 0.9723676898915483,
      "coverage_gap": 0.008000000000000007,
      "meets_target": true,
      "significantly_below": false,
      "mean_obj": -6.940319039588991,
      "obj_se": 0.011765055603997163,
      "mean_oracle_gap": 0.23478692246707,
      "oracle_gap_se": 0.010020058146035848,
      "mean_rel_oracle_gap": 0.03263005606333457,
      "mean_excess_s": 77.20977596741344,
      "selected_s_std": 51.09357280876656,
      "failure_rate": 0.0,
      "n_failed": 0
    },
    "benchmark": {
      "method": "benchmark",
      "n_reps": 500,
      "target": 0.95,
      "coverage": 1.0,
      "coverage_lo": 0.9923756595384479,
      "coverage_hi": 1.0,
      "coverage_gap": 0.050000000000000044,
      "meets_target": true,
      "significantly_below": false,
      "mean_obj": -6.64267875892526,
      "obj_se": 0.009171540371792653,
      "mean_oracle_gap": 0.5276768389918801,
      "oracle_gap_se": 0.009820593284004538,
      "mean_rel_oracle_gap": 0.07330787961365594,
      "mean_excess_s": NaN,
      "selected_s_std": NaN,
      "failure_rate": 0.0,
      "n_failed": 0
    },
    "_n_replication_errors": 0
  }
}