{
  "key": "paper_dro_wasserstein_n200_d10_a0.15",
  "config": "paper_dro_wasserstein",
  "n": 200,
  "split": 0.5,
  "d": 10,
  "reps": 500,
  "alpha": 0.15,
  "beta": null,
  "dgp_params": null,
  "folds": null,
  "mesh_p": null,
  "elapsed_s": 176.47430777549744,
  "summaries": {
    "NV": {
      "method": "NV",
      "n_reps": 500,
      "target": 0.95,
      "coverage": 0.5,
      "coverage_lo": 0.4563412653024843,
      "coverage_hi": 0.5436587346975157,
      "coverage_gap": -0.44999999999999996,
      "meets_target": false,
      "significantly_below": true,
      "mean_obj": -8.253741095887538,
      "obj_se": 0.013084619257761615,
      "mean_oracle_gap": -0.03960031850032712,
      "oracle_gap_se": 0.013364975328408704,
      "mean_rel_oracle_gap": -0.004903676144422857,
      "mean_excess_s": 0.0008685708846913509,
      "selected_s_std": 0.023072938178529363,
      "failure_rate": 0.0,
      "n_failed": 0
    },
    "UG": {
      "method": "UG",
      "n_reps": 500,
      "target": 0.95,
      "coverage": 0.928,
      "coverage_lo": 0.9019315959830375,
      "coverage_hi": 0.9475419685818739,
      "coverage_gap": -0.02199999999999991,
      "meets_target": false,
      "significantly_below": true,
      "mean_obj": -7.801844807106345,
      "obj_se": 0.01541077391629091,
      "mean_oracle_gap": 0.41229597028086584,
      "oracle_gap_se": 0.015587031418610287,
      "mean_rel_oracle_gap": 0.050123940704278995,
      "mean_excess_s": 0.036682403000735005,
      "selected_s_std": 0.042633095771799294,
      "failure_rate": 0.0,
      "n_failed": 0
    },
    "NGS": {
      "method": "NGS",
      "n_reps": 500,
      "target": 0.95,
      "coverage": 0.972,
      "coverage_lo": 0.9535535973250512,
      "coverage_hi": 0.9832490252792435,
      "coverage_gap": 0.02200000000000002,
      "meets_target": true,
      "significantly_below": false,
      "mean_obj": -7.5899225057344495,
      "obj_se": 0.015632850397832118,
      "mean_oracle_gap": 0.6242182716527612,
      "oracle_gap_se": 0.015841413883084285,
      "mean_rel_oracle_gap": 0.07592233616567558,
      "mean_excess_s": 0.059748998343832495,
      "selected_s_std": 0.051508197364035016,
      "failure_rate": 0.0,
      "n_failed": 0
    },
    "UNGS": {
      "method": "UNGS",
      "n_reps": 500,
      "target": 0.95,
      "coverage": 0.972,
      "coverage_lo": 0.9535535973250512,
      "coverage_hi": 0.9832490252792435,
      "coverage_gap": 0.02200000000000002,
      "meets_target": true,
      "significantly_below": false,
      "mean_obj": -7.453800051151904,
      "obj_se": 0.017751703644967812,
      "mean_oracle_gap": 0.7603407262353074,
      "oracle_gap_se": 0.01760400316312426,
      "mean_rel_oracle_gap": 0.09254004165097697,
      "mean_excess_s": 0.08072426079633413,
      "selected_s_std": 0.06680175577331379,
      "failure_rate": 0.0,
      "n_failed": 0
    },
    "_n_replication_errors": 0
  }
}