{
  "key": "paper_ro_ellipsoid_n500_d10_a0.05",
  "config": "paper_ro_ellipsoid",
  "n": 500,
  "split": 0.5,
  "d": 10,
  "reps": 500,
  "alpha": 0.05,
  "beta": null,
  "dgp_params": null,
  "folds": null,
  "mesh_p": null,
  "elapsed_s": 0.6103613376617432,
  "summaries": {
    "NV": {
      "method": "NV",
      "n_reps": 500,
      "target": 0.95,
      "coverage": 0.854,
      "coverage_lo": 0.8203507337796904,
      "coverage_hi": 0.8822512331735307,
      "coverage_gap": -0.09599999999999997,
      "meets_target": false,
      "significantly_below": true,
      "mean_obj": -7.218247920280431,
      "obj_se": 0.009247027544716338,
      "mean_oracle_gap": 0.008718907045517294,
      "oracle_gap_se": 0.011432493352682063,
      "mean_rel_oracle_gap": 0.0007770606019180594,
      "mean_excess_s": 0.03580243898493579,
      "selected_s_std": 0.8081347640775485,
      "failure_rate": 0.0,
      "n_failed": 0
    },
    "UG": {
      "method": "UG",
      "n_reps": 500,
      "target": 0.95,
      "coverage": 0.98,
      "coverage_lo": 0.9635798167531208,
      "coverage_hi": 0.9891008164037892,
      "coverage_gap": 0.030000000000000027,
      "meets_target": true,
      "significantly_below": false,
      "mean_obj": -6.970254616135122,
      "obj_se": 0.00928822300823111,
      "mean_oracle_gap": 0.2567122111908261,
      "oracle_gap_se": 0.0113028421879722,
      "mean_rel_oracle_gap": 0.035124477544962576,
      "mean_excess_s": 0.9405790093076588,
      "selected_s_std": 0.9622487258612202,
      "failure_rate": 0.0,
      "n_failed": 0
    },
    "NGS": {
      "method": "NGS",
      "n_reps": 500,
      "target": 0.95,
      "coverage": 0.984,
      "coverage_lo": 0.9687488914666058,
      "coverage_hi": 0.9918707469666117,
      "coverage_gap": 0.03400000000000003,
      "meets_target": true,
      "significantly_below": false,
      "mean_obj": -6.917247418512802,
      "obj_se": 0.009727190485541479,
      "mean_oracle_gap": 0.3097194088131462,
      "oracle_gap_se": 0.011408341814055346,
      "mean_rel_oracle_gap": 0.04249091145196303,
      "mean_excess_s": 1.1618367863837475,
      "selected_s_std": 1.0361121876193957,
      "failure_rate": 0.0,
      "n_failed": 0
    },
    "UNGS": {
      "method": "UNGS",
      "n_reps": 500,
      "target": 0.95,
      "coverage": 0.996,
      "coverage_lo": 0.9855342847848231,
      "coverage_hi": 0.9989023694773173,
      "coverage_gap": 0.04600000000000004,
      "meets_target": true,
      "significantly_below": false,
      "mean_obj": -6.697328584493268,
      "obj_se": 0.011494811788647809,
      "mean_oracle_gap": 0.52963824283268,
      "oracle_gap_se": 0.012564183304891969,
      "mean_rel_oracle_gap": 0.07298120312439621,
      "mean_excess_s": 2.196182080193799,
      "selected_s_std": 1.5071277354630024,
      "failure_rate": 0.0,
      "n_failed": 0
    },
    "benchmark": {
      "method": "benchmark",
      "n_reps": 500,
      "target": 0.95,
      "coverage": 1.0,
      "coverage_lo": 0.9923756595384479,
      "coverage_hi": 1.0,
      "coverage_gap": 0.050000000000000044,
      "meets_target": true,
      "significantly_below": false,
      "mean_obj": -6.587650953490255,
      "obj_se": 1.1928098003611036e-16,
      "mean_oracle_gap": 0.6393158738356908,
      "oracle_gap_se": 0.006674094431042324,
      "mean_rel_oracle_gap": 0.0880733895274812,
      "mean_excess_s": NaN,
      "selected_s_std": NaN,
      "failure_rate": 0.0,
      "n_failed": 0
    },
    "_n_replication_errors": 0
  }
}