{
  "key": "paper_saa_n400_d10_a0.3",
  "config": "paper_saa",
  "n": 400,
  "split": 0.5,
  "d": 10,
  "reps": 500,
  "alpha": 0.3,
  "beta": null,
  "dgp_params": null,
  "folds": null,
  "mesh_p": null,
  "elapsed_s": 113.66460371017456,
  "summaries": {
    "NV": {
      "method": "NV",
      "n_reps": 500,
      "target": 0.95,
      "coverage": 0.616,
      "coverage_lo": 0.5726388276307122,
      "coverage_hi": 0.6575923253822078,
      "coverage_gap": -0.33399999999999996,
      "meets_target": false,
      "significantly_below": true,
      "mean_obj": -9.214397566819258,
      "obj_se": 0.006928585361616983,
      "mean_oracle_gap": 0.012299229656699488,
      "oracle_gap_se": 0.006979693484310707,
      "mean_rel_oracle_gap": 0.0013217882776970112,
      "mean_excess_s": 0.0027119999999999996,
      "selected_s_std": 0.035613403164678606,
      "failure_rate": 0.0,
      "n_failed": 0
    },
    "UG": {
      "method": "UG",
      "n_reps": 500,
      "target": 0.95,
      "coverage": 0.98,
      "coverage_lo": 0.9635798167531208,
      "coverage_hi": 0.9891008164037892,
      "coverage_gap": 0.030000000000000027,
      "meets_target": true,
      "significantly_below": false,
      "mean_obj": -8.927750052834208,
      "obj_se": 0.008272162687731226,
      "mean_oracle_gap": 0.2989467436417513,
      "oracle_gap_se": 0.008480049202355447,
      "mean_rel_oracle_gap": 0.032381356945040476,
      "mean_excess_s": 0.056592,
      "selected_s_std": 0.04145198269973921,
      "failure_rate": 0.0,
      "n_failed": 0
    },
    "NGS": {
      "method": "NGS",
      "n_reps": 500,
      "target": 0.95,
      "coverage": 0.994,
      "coverage_lo": 0.9825097478959467,
      "coverage_hi": 0.9979574037280398,
      "coverage_gap": 0.04400000000000004,
      "meets_target": true,
      "significantly_below": false,
      "mean_obj": -8.808840021500849,
      "obj_se": 0.00841976325177913,
      "mean_oracle_gap": 0.4178567749751086,
      "oracle_gap_se": 0.008616072348638464,
      "mean_rel_oracle_gap": 0.04526960046811567,
      "mean_excess_s": 0.077304,
      "selected_s_std": 0.03985571653201785,
      "failure_rate": 0.0,
      "n_failed": 0
    },
    "UNGS": {
      "method": "UNGS",
      "n_reps": 500,
      "target": 0.95,
      "coverage": 0.99,
      "coverage_lo": 0.9768069002442693,
      "coverage_hi": 0.9957212461034096,
      "coverage_gap": 0.040000000000000036,
      "meets_target": true,
      "significantly_below": false,
      "mean_obj": -8.838147702902106,
      "obj_se": 0.008928890029729634,
      "mean_oracle_gap": 0.3885490935738526,
      "oracle_gap_se": 0.009136118330065234,
      "mean_rel_oracle_gap": 0.042091962711543474,
      "mean_excess_s": 0.07173600000000001,
      "selected_s_std": 0.043141570372303054,
      "failure_rate": 0.0,
      "n_failed": 0
    },
    "_n_replication_errors": 0
  }
}