{
  "key": "paper_saa_n400_d10_a0.05",
  "config": "paper_saa",
  "n": 400,
  "split": 0.5,
  "d": 10,
  "reps": 500,
  "alpha": 0.05,
  "beta": null,
  "dgp_params": null,
  "folds": null,
  "mesh_p": null,
  "elapsed_s": 9.324227094650269,
  "summaries": {
    "NV": {
      "method": "NV",
      "n_reps": 500,
      "target": 0.95,
      "coverage": 0.462,
      "coverage_lo": 0.41875629515879303,
      "coverage_hi": 0.505823154716285,
      "coverage_gap": -0.48799999999999993,
      "meets_target": false,
      "significantly_below": true,
      "mean_obj": -7.370935126530858,
      "obj_se": 0.010769933248154815,
      "mean_oracle_gap": -0.08219049181512074,
      "oracle_gap_se": 0.01130288883463338,
      "mean_rel_oracle_gap": -0.011416721636288998,
      "mean_excess_s": -0.005397027600849257,
      "selected_s_std": 0.013029709231033923,
      "failure_rate": 0.0,
      "n_failed": 0
    },
    "UG": {
      "method": "UG",
      "n_reps": 500,
      "target": 0.95,
      "coverage": 0.796,
      "coverage_lo": 0.758484663357909,
      "coverage_hi": 0.8290017270888521,
      "coverage_gap": -0.15399999999999991,
      "meets_target": false,
      "significantly_below": true,
      "mean_obj": -7.1576197138402,
      "obj_se": 0.011507090643865361,
      "mean_oracle_gap": 0.14425899087135305,
      "oracle_gap_se": 0.011131332462683581,
      "mean_rel_oracle_gap": 0.01973054121861481,
      "mean_excess_s": 0.004305732484076432,
      "selected_s_std": 0.008230230214201635,
      "failure_rate": 0.0,
      "n_failed": 0
    },
    "NGS": {
      "method": "NGS",
      "n_reps": 500,
      "target": 0.95,
      "coverage": 0.87,
      "coverage_lo": 0.8376786384230859,
      "coverage_hi": 0.8966793496353656,
      "coverage_gap": -0.07999999999999996,
      "meets_target": false,
      "significantly_below": true,
      "mean_obj": -7.092388981400481,
      "obj_se": 0.011610252088533371,
      "mean_oracle_gap": 0.21350605290927083,
      "oracle_gap_se": 0.011016282818232569,
      "mean_rel_oracle_gap": 0.029236502165038532,
      "mean_excess_s": 0.006539278131634818,
      "selected_s_std": 0.005994338009851688,
      "failure_rate": 0.0,
      "n_failed": 0
    },
    "UNGS": {
      "method": "UNGS",
      "n_reps": 500,
      "target": 0.95,
      "coverage": 0.88,
      "coverage_lo": 0.8485804013755894,
      "coverage_hi": 0.9056250998736309,
      "coverage_gap": -0.06999999999999995,
      "meets_target": false,
      "significantly_below": true,
      "mean_obj": -7.065509957344495,
      "obj_se": 0.011962944112131542,
      "mean_oracle_gap": 0.24204004872241883,
      "oracle_gap_se": 0.011324496977335992,
      "mean_rel_oracle_gap": 0.033153325965649176,
      "mean_excess_s": 0.007358811040339702,
      "selected_s_std": 0.005382270307903037,
      "failure_rate": 0.0,
      "n_failed": 0
    },
    "_n_replication_errors": 0
  }
}