{
  "key": "paper_dro_wasserstein_n200_d10_a0.05",
  "config": "paper_dro_wasserstein",
  "n": 200,
  "split": 0.5,
  "d": 10,
  "reps": 500,
  "alpha": 0.05,
  "beta": null,
  "dgp_params": null,
  "folds": null,
  "mesh_p": null,
  "elapsed_s": 26.22345232963562,
  "summaries": {
    "NV": {
      "method": "NV",
      "n_reps": 500,
      "target": 0.95,
      "coverage": 0.532,
      "coverage_lo": 0.48818610813244,
      "coverage_hi": 0.5753259340780207,
      "coverage_gap": -0.4179999999999999,
      "meets_target": false,
      "significantly_below": true,
      "mean_obj": -7.298605904135675,
      "obj_se": 0.015659901093142074,
      "mean_oracle_gap": -0.12122255575063323,
      "oracle_gap_se": 0.016123653878244274,
      "mean_rel_oracle_gap": -0.017139396678819908,
      "mean_excess_s": -0.0028861940892826042,
      "selected_s_std": 0.017462600193537212,
      "failure_rate": 0.0,
      "n_failed": 0
    },
    "UG": {
      "method": "UG",
      "n_reps": 500,
      "target": 0.95,
      "coverage": 0.93,
      "coverage_lo": 0.9042028101480832,
      "coverage_hi": 0.949240257054982,
      "coverage_gap": -0.019999999999999907,
      "meets_target": false,
      "significantly_below": true,
      "mean_obj": -6.763216216510389,
      "obj_se": 0.017617326624201315,
      "mean_oracle_gap": 0.4141671318746521,
      "oracle_gap_se": 0.01829173133566743,
      "mean_rel_oracle_gap": 0.0574351450468913,
      "mean_excess_s": 0.025022727870469285,
      "selected_s_std": 0.028406302679924878,
      "failure_rate": 0.0,
      "n_failed": 0
    },
    "NGS": {
      "method": "NGS",
      "n_reps": 500,
      "target": 0.95,
      "coverage": 0.956,
      "coverage_lo": 0.9342805571276716,
      "coverage_hi": 0.9707660443713928,
      "coverage_gap": 0.006000000000000005,
      "meets_target": true,
      "significantly_below": false,
      "mean_obj": -6.570847604612343,
      "obj_se": 0.019471840613483043,
      "mean_oracle_gap": 0.6065357437726966,
      "oracle_gap_se": 0.020147234721200637,
      "mean_rel_oracle_gap": 0.0842350732975973,
      "mean_excess_s": 0.03921453584619423,
      "selected_s_std": 0.03804464015489623,
      "failure_rate": 0.0,
      "n_failed": 0
    },
    "UNGS": {
      "method": "UNGS",
      "n_reps": 500,
      "target": 0.95,
      "coverage": 0.978,
      "coverage_lo": 0.9610391387886836,
      "coverage_hi": 0.9876719917300725,
      "coverage_gap": 0.028000000000000025,
      "meets_target": true,
      "significantly_below": false,
      "mean_obj": -2.275968088772818,
      "obj_se": 0.09706887111735037,
      "mean_oracle_gap": 4.9014152596122225,
      "oracle_gap_se": 0.0963155242140608,
      "mean_rel_oracle_gap": 0.6836796714897456,
      "mean_excess_s": 2.355582892600618,
      "selected_s_std": 1.2001060085685893,
      "failure_rate": 0.0,
      "n_failed": 0
    },
    "_n_replication_errors": 0
  }
}