{
  "key": "paper_ro_ellipsoid_n500_d10_a0.3",
  "config": "paper_ro_ellipsoid",
  "n": 500,
  "split": 0.5,
  "d": 10,
  "reps": 500,
  "alpha": 0.3,
  "beta": null,
  "dgp_params": null,
  "folds": null,
  "mesh_p": null,
  "elapsed_s": 0.6393718719482422,
  "summaries": {
    "NV": {
      "method": "NV",
      "n_reps": 500,
      "target": 0.95,
      "coverage": 1.0,
      "coverage_lo": 0.9923756595384479,
      "coverage_hi": 1.0,
      "coverage_gap": 0.050000000000000044,
      "meets_target": true,
      "significantly_below": false,
      "mean_obj": -8.27707542491231,
      "obj_se": 0.005602141715124686,
      "mean_oracle_gap": -1.5987211554602253e-17,
      "oracle_gap_se": 4.158093827238889e-17,
      "mean_rel_oracle_gap": -1.897548760128399e-18,
      "mean_excess_s": 0.0,
      "selected_s_std": 0.009786000474231274,
      "failure_rate": 0.0,
      "n_failed": 0
    },
    "UG": {
      "method": "UG",
      "n_reps": 500,
      "target": 0.95,
      "coverage": 1.0,
      "coverage_lo": 0.9923756595384479,
      "coverage_hi": 1.0,
      "coverage_gap": 0.050000000000000044,
      "meets_target": true,
      "significantly_below": false,
      "mean_obj": -8.27707542491231,
      "obj_se": 0.005602141715124686,
      "mean_oracle_gap": -1.5987211554602253e-17,
      "oracle_gap_se": 4.158093827238889e-17,
      "mean_rel_oracle_gap": -1.897548760128399e-18,
      "mean_excess_s": 0.0,
      "selected_s_std": 0.009786000474231274,
      "failure_rate": 0.0,
      "n_failed": 0
    },
    "NGS": {
      "method": "NGS",
      "n_reps": 500,
      "target": 0.95,
      "coverage": 1.0,
      "coverage_lo": 0.9923756595384479,
      "coverage_hi": 1.0,
      "coverage_gap": 0.050000000000000044,
      "meets_target": true,
      "significantly_below": false,
      "mean_obj": -8.27707542491231,
      "obj_se": 0.005602141715124686,
      "mean_oracle_gap": -1.5987211554602253e-17,
      "oracle_gap_se": 4.158093827238889e-17,
      "mean_rel_oracle_gap": -1.897548760128399e-18,
      "mean_excess_s": 0.0,
      "selected_s_std": 0.009786000474231274,
      "failure_rate": 0.0,
      "n_failed": 0
    },
    "UNGS": {
      "method": "UNGS",
      "n_reps": 500,
      "target": 0.95,
      "coverage": 1.0,
      "coverage_lo": 0.9923756595384479,
      "coverage_hi": 1.0,
      "coverage_gap": 0.050000000000000044,
      "meets_target": true,
      "significantly_below": false,
      "mean_obj": -8.27707542491231,
      "obj_se": 0.005602141715124686,
      "mean_oracle_gap": -1.5987211554602253e-17,
      "oracle_gap_se": 4.158093827238889e-17,
      "mean_rel_oracle_gap": -1.897548760128399e-18,
      "mean_excess_s": 0.0,
      "selected_s_std": 0.009786000474231274,
      "failure_rate": 0.0,
      "n_failed": 0
    },
    "benchmark": {
      "method": "benchmark",
      "n_reps": 500,
      "target": 0.95,
      "coverage": 1.0,
      "coverage_lo": 0.9923756595384479,
      "coverage_hi": 1.0,
      "coverage_gap": 0.050000000000000044,
      "meets_target": true,
      "significantly_below": false,
      "mean_obj": -7.616426541457871,
      "obj_se": 3.976032667870345e-17,
      "mean_oracle_gap": 0.660648883454438,
      "oracle_gap_se": 0.005602141715124686,
      "mean_rel_oracle_gap": 0.07960545959022912,
      "mean_excess_s": null,
      "selected_s_std": null,
      "failure_rate": 0.0,
      "n_failed": 0
    },
    "_n_replication_errors": 0
  }
}