{
  "key": "paper_ro_ellipsoid_n500_d10_a0.15",
  "config": "paper_ro_ellipsoid",
  "n": 500,
  "split": 0.5,
  "d": 10,
  "reps": 500,
  "alpha": 0.15,
  "beta": null,
  "dgp_params": null,
  "folds": null,
  "mesh_p": null,
  "elapsed_s": 0.6114444732666016,
  "summaries": {
    "NV": {
      "method": "NV",
      "n_reps": 500,
      "target": 0.95,
      "coverage": 0.944,
      "coverage_lo": 0.920255206353293,
      "coverage_hi": 0.9609743793168485,
      "coverage_gap": -0.006000000000000005,
      "meets_target": false,
      "significantly_below": false,
      "mean_obj": -8.053226363423365,
      "obj_se": 0.01135927457991416,
      "mean_oracle_gap": 0.05407623566353069,
      "oracle_gap_se": 0.013060161431748478,
      "mean_rel_oracle_gap": 0.0062426800780255,
      "mean_excess_s": 0.1101780357519665,
      "selected_s_std": 0.5838341878366127,
      "failure_rate": 0.0,
      "n_failed": 0
    },
    "UG": {
      "method": "UG",
      "n_reps": 500,
      "target": 0.95,
      "coverage": 0.996,
      "coverage_lo": 0.9855342847848231,
      "coverage_hi": 0.9989023694773173,
      "coverage_gap": 0.04600000000000004,
      "meets_target": true,
      "significantly_below": false,
      "mean_obj": -7.741026307796749,
      "obj_se": 0.012520686606744033,
      "mean_oracle_gap": 0.3662762912901446,
      "oracle_gap_se": 0.015282754387670957,
      "mean_rel_oracle_gap": 0.044634913354339,
      "mean_excess_s": 0.7481141348085173,
      "selected_s_std": 0.6357175786966598,
      "failure_rate": 0.0,
      "n_failed": 0
    },
    "NGS": {
      "method": "NGS",
      "n_reps": 500,
      "target": 0.95,
      "coverage": 1.0,
      "coverage_lo": 0.9923756595384479,
      "coverage_hi": 1.0,
      "coverage_gap": 0.050000000000000044,
      "meets_target": true,
      "significantly_below": false,
      "mean_obj": -7.636322298146746,
      "obj_se": 0.010293966586882945,
      "mean_oracle_gap": 0.4709803009401474,
      "oracle_gap_se": 0.013940723921273393,
      "mean_rel_oracle_gap": 0.05750955474729698,
      "mean_excess_s": 0.9630179669059432,
      "selected_s_std": 0.5138119710287151,
      "failure_rate": 0.0,
      "n_failed": 0
    },
    "UNGS": {
      "method": "UNGS",
      "n_reps": 500,
      "target": 0.95,
      "coverage": 0.996,
      "coverage_lo": 0.9855342847848231,
      "coverage_hi": 0.9989023694773173,
      "coverage_gap": 0.04600000000000004,
      "meets_target": true,
      "significantly_below": false,
      "mean_obj": -7.716554567344962,
      "obj_se": 0.012343727712018505,
      "mean_oracle_gap": 0.3907480317419326,
      "oracle_gap_se": 0.015197981699676918,
      "mean_rel_oracle_gap": 0.047647873454389936,
      "mean_excess_s": 0.8006044713466757,
      "selected_s_std": 0.6295551630747113,
      "failure_rate": 0.0,
      "n_failed": 0
    },
    "benchmark": {
      "method": "benchmark",
      "n_reps": 500,
      "target": 0.95,
      "coverage": 1.0,
      "coverage_lo": 0.9923756595384479,
      "coverage_hi": 1.0,
      "coverage_gap": 0.050000000000000044,
      "meets_target": true,
      "significantly_below": false,
      "mean_obj": -7.124529302164887,
      "obj_se": 7.95206533574069e-17,
      "mean_oracle_gap": 0.9827732969220092,
      "oracle_gap_se": 0.008312277015002856,
      "mean_rel_oracle_gap": 0.12074696472910489,
      "mean_excess_s": NaN,
      "selected_s_std": NaN,
      "failure_rate": 0.0,
      "n_failed": 0
    },
    "_n_replication_errors": 0
  }
}