{
  "key": "paper_dro_wasserstein_n200_d10_a0.01",
  "config": "paper_dro_wasserstein",
  "n": 200,
  "split": 0.5,
  "d": 10,
  "reps": 500,
  "alpha": 0.01,
  "beta": null,
  "dgp_params": null,
  "folds": null,
  "mesh_p": null,
  "elapsed_s": 2.52858567237854,
  "summaries": {
    "NV": {
      "method": "NV",
      "n_reps": 500,
      "target": 0.95,
      "coverage": 0.52,
      "coverage_lo": 0.47622345295527013,
      "coverage_hi": 0.5634715734262677,
      "coverage_gap": -0.42999999999999994,
      "meets_target": false,
      "significantly_below": true,
      "mean_obj": -6.4507943151494205,
      "obj_se": 0.020156375506953268,
      "mean_oracle_gap": -0.26080159045437856,
      "oracle_gap_se": 0.021330183170050518,
      "mean_rel_oracle_gap": -0.0432738398333112,
      "mean_excess_s": -0.0037193578485763676,
      "selected_s_std": 0.007990827733435195,
      "failure_rate": 0.0,
      "n_failed": 0
    },
    "UG": {
      "method": "UG",
      "n_reps": 500,
      "target": 0.95,
      "coverage": 0.818,
      "coverage_lo": 0.7817973646706083,
      "coverage_hi": 0.8493535547958443,
      "coverage_gap": -0.132,
      "meets_target": false,
      "significantly_below": true,
      "mean_obj": -6.0305483565635996,
      "obj_se": 0.023516469138969667,
      "mean_oracle_gap": 0.15944436813144125,
      "oracle_gap_se": 0.02522479174048451,
      "mean_rel_oracle_gap": 0.024493211766602244,
      "mean_excess_s": 0.0037942217833226276,
      "selected_s_std": 0.010978675924639927,
      "failure_rate": 0.0,
      "n_failed": 0
    },
    "NGS": {
      "method": "NGS",
      "n_reps": 500,
      "target": 0.95,
      "coverage": 0.818,
      "coverage_lo": 0.7817973646706083,
      "coverage_hi": 0.8493535547958443,
      "coverage_gap": -0.132,
      "meets_target": false,
      "significantly_below": true,
      "mean_obj": -6.0305483565635996,
      "obj_se": 0.023516469138969667,
      "mean_oracle_gap": 0.15944436813144125,
      "oracle_gap_se": 0.02522479174048451,
      "mean_rel_oracle_gap": 0.024493211766602244,
      "mean_excess_s": 0.0037942217833226276,
      "selected_s_std": 0.010978675924639927,
      "failure_rate": 0.0,
      "n_failed": 0
    },
    "UNGS": {
      "method": "UNGS",
      "n_reps": 500,
      "target": 0.95,
      "coverage": 0.976,
      "coverage_lo": 0.9585229425360993,
      "coverage_hi": 0.986218685344503,
      "coverage_gap": 0.026000000000000023,
      "meets_target": true,
      "significantly_below": false,
      "mean_obj": -0.43627191256866593,
      "obj_se": 0.04660371764459586,
      "mean_oracle_gap": 5.7537208121263745,
      "oracle_gap_se": 0.047974654263170845,
      "mean_rel_oracle_gap": 0.92933780367168,
      "mean_excess_s": 2.906706807837836,
      "selected_s_std": 0.47782303023258016,
      "failure_rate": 0.0,
      "n_failed": 0
    },
    "_n_replication_errors": 0
  }
}