{
  "key": "paper_saa_n400_d10_a0.15",
  "config": "paper_saa",
  "n": 400,
  "split": 0.5,
  "d": 10,
  "reps": 500,
  "alpha": 0.15,
  "beta": null,
  "dgp_params": null,
  "folds": null,
  "mesh_p": null,
  "elapsed_s": 81.45027709007263,
  "summaries": {
    "NV": {
      "method": "NV",
      "n_reps": 500,
      "target": 0.95,
      "coverage": 0.528,
      "coverage_lo": 0.48419577166421596,
      "coverage_hi": 0.5713772652699372,
      "coverage_gap": -0.42199999999999993,
      "meets_target": false,
      "significantly_below": true,
      "mean_obj": -8.307495039671284,
      "obj_se": 0.007827047118445535,
      "mean_oracle_gap": -0.0189715078179755,
      "oracle_gap_se": 0.007910286720602752,
      "mean_rel_oracle_gap": -0.00230145793064775,
      "mean_excess_s": -0.004272000000000001,
      "selected_s_std": 0.028239687248121988,
      "failure_rate": 0.0,
      "n_failed": 0
    },
    "UG": {
      "method": "UG",
      "n_reps": 500,
      "target": 0.95,
      "coverage": 0.934,
      "coverage_lo": 0.9087605988391466,
      "coverage_hi": 0.9526214736402262,
      "coverage_gap": -0.015999999999999903,
      "meets_target": false,
      "significantly_below": false,
      "mean_obj": -8.012075457066324,
      "obj_se": 0.008985633706346554,
      "mean_oracle_gap": 0.27644807478698746,
      "oracle_gap_se": 0.009072870780596702,
      "mean_rel_oracle_gap": 0.03334011285682882,
      "mean_excess_s": 0.030420000000000003,
      "selected_s_std": 0.026131592378584225,
      "failure_rate": 0.0,
      "n_failed": 0
    },
    "NGS": {
      "method": "NGS",
      "n_reps": 500,
      "target": 0.95,
      "coverage": 0.978,
      "coverage_lo": 0.9610391387886836,
      "coverage_hi": 0.9876719917300725,
      "coverage_gap": 0.028000000000000025,
      "meets_target": true,
      "significantly_below": false,
      "mean_obj": -7.866929548892096,
      "obj_se": 0.009535104249814125,
      "mean_oracle_gap": 0.42159398296121436,
      "oracle_gap_se": 0.009646298704712812,
      "mean_rel_oracle_gap": 0.05085001911822526,
      "mean_excess_s": 0.044196000000000006,
      "selected_s_std": 0.024064290643364843,
      "failure_rate": 0.0,
      "n_failed": 0
    },
    "UNGS": {
      "method": "UNGS",
      "n_reps": 500,
      "target": 0.95,
      "coverage": 0.976,
      "coverage_lo": 0.9585229425360993,
      "coverage_hi": 0.986218685344503,
      "coverage_gap": 0.026000000000000023,
      "meets_target": true,
      "significantly_below": false,
      "mean_obj": -7.820711738751132,
      "obj_se": 0.01062656525612358,
      "mean_oracle_gap": 0.4678117931021784,
      "oracle_gap_se": 0.01072374445037858,
      "mean_rel_oracle_gap": 0.05642645047219767,
      "mean_excess_s": 0.04748400000000001,
      "selected_s_std": 0.025906990723290755,
      "failure_rate": 0.0,
      "n_failed": 0
    },
    "_n_replication_errors": 0
  }
}