{
  "key": "paper_so_n500_d10_a0.02",
  "config": "paper_so",
  "n": 500,
  "split": 0.5,
  "d": 10,
  "reps": 500,
  "alpha": 0.02,
  "beta": null,
  "dgp_params": null,
  "folds": null,
  "mesh_p": 60,
  "elapsed_s": 3.101952075958252,
  "summaries": {
    "NV": {
      "method": "NV",
      "n_reps": 500,
      "target": 0.95,
      "coverage": 0.136,
      "coverage_lo": 0.10871544340723721,
      "coverage_hi": 0.16883507644877283,
      "coverage_gap": -0.814,
      "meets_target": false,
      "significantly_below": true,
      "mean_obj": -6.973534852346572,
      "obj_se": 0.010560964235143567,
      "mean_oracle_gap": -0.08795962970009202,
      "oracle_gap_se": 0.013642036307314807,
      "mean_rel_oracle_gap": -0.01320573010195784,
      "mean_excess_s": -28.22463768115942,
      "selected_s_std": 57.140177631852,
      "failure_rate": 0.0,
      "n_failed": 0
    },
    "UG": {
      "method": "UG",
      "n_reps": 500,
      "target": 0.95,
      "coverage": 0.192,
      "coverage_lo": 0.15987621859588308,
      "coverage_hi": 0.22882037512843312,
      "coverage_gap": -0.758,
      "meets_target": false,
      "significantly_below": true,
      "mean_obj": -6.9439710664898335,
      "obj_se": 0.010871897401588107,
      "mean_oracle_gap": -0.020858294148778878,
      "oracle_gap_se": 0.009584229657191315,
      "mean_rel_oracle_gap": -0.0031328588820512026,
      "mean_excess_s": -3.0217391304347827,
      "selected_s_std": 52.65116612753395,
      "failure_rate": 0.0,
      "n_failed": 0
    },
    "NGS": {
      "method": "NGS",
      "n_reps": 500,
      "target": 0.95,
      "coverage": 0.198,
      "coverage_lo": 0.1654311225691935,
      "coverage_hi": 0.2351739790695841,
      "coverage_gap": -0.752,
      "meets_target": false,
      "significantly_below": true,
      "mean_obj": -6.941770091409086,
      "obj_se": 0.011030332451290273,
      "mean_oracle_gap": -0.013904192298483343,
      "oracle_gap_se": 0.00952896397937826,
      "mean_rel_oracle_gap": -0.002051263752915857,
      "mean_excess_s": 1.0217391304347827,
      "selected_s_std": 52.17947058279339,
      "failure_rate": 0.0,
      "n_failed": 0
    },
    "UNGS": {
      "method": "UNGS",
      "n_reps": 500,
      "target": 0.95,
      "coverage": 0.2,
      "coverage_lo": 0.16728549897175743,
      "coverage_hi": 0.23728910530517394,
      "coverage_gap": -0.75,
      "meets_target": false,
      "significantly_below": true,
      "mean_obj": -6.94191963411135,
      "obj_se": 0.011050711047992625,
      "mean_oracle_gap": -0.01306520244382169,
      "oracle_gap_se": 0.0094527156598435,
      "mean_rel_oracle_gap": -0.0019226591378396238,
      "mean_excess_s": 1.2463768115942029,
      "selected_s_std": 52.20694979803387,
      "failure_rate": 0.0,
      "n_failed": 0
    },
    "benchmark": {
      "method": "benchmark",
      "n_reps": 500,
      "target": 0.95,
      "coverage": 0.864,
      "coverage_lo": 0.8311649235512272,
      "coverage_hi": 0.8912845565927628,
      "coverage_gap": -0.08599999999999997,
      "meets_target": false,
      "significantly_below": true,
      "mean_obj": -6.640908525102379,
      "obj_se": 0.008615630326207803,
      "mean_oracle_gap": 0.16257573991231672,
      "oracle_gap_se": 0.01011765951512272,
      "mean_rel_oracle_gap": 0.024361480851484943,
      "mean_excess_s": null,
      "selected_s_std": null,
      "failure_rate": 0.0,
      "n_failed": 0
    },
    "_n_replication_errors": 0
  }
}