{
  "key": "paper_ro_ellipsoid_n500_d10_a0.02",
  "config": "paper_ro_ellipsoid",
  "n": 500,
  "split": 0.5,
  "d": 10,
  "reps": 500,
  "alpha": 0.02,
  "beta": null,
  "dgp_params": null,
  "folds": null,
  "mesh_p": null,
  "elapsed_s": 0.6357879638671875,
  "summaries": {
    "NV": {
      "method": "NV",
      "n_reps": 500,
      "target": 0.95,
      "coverage": 0.776,
      "coverage_lo": 0.7374303353251315,
      "coverage_hi": 0.8103610287400917,
      "coverage_gap": -0.17399999999999993,
      "meets_target": false,
      "significantly_below": true,
      "mean_obj": -6.8294343834449105,
      "obj_se": 0.008961637117006203,
      "mean_oracle_gap": -0.04937976606022624,
      "oracle_gap_se": 0.00994053347248637,
      "mean_rel_oracle_gap": -0.007493685174698714,
      "mean_excess_s": -0.17985542207451818,
      "selected_s_std": 0.9947127993984621,
      "failure_rate": 0.0,
      "n_failed": 0
    },
    "UG": {
      "method": "UG",
      "n_reps": 500,
      "target": 0.95,
      "coverage": 0.98,
      "coverage_lo": 0.9635798167531208,
      "coverage_hi": 0.9891008164037892,
      "coverage_gap": 0.030000000000000027,
      "meets_target": true,
      "significantly_below": false,
      "mean_obj": -6.535413507596171,
      "obj_se": 0.010613704395147023,
      "mean_oracle_gap": 0.2446411097885138,
      "oracle_gap_se": 0.011003623002652393,
      "mean_rel_oracle_gap": 0.035936403372859554,
      "mean_excess_s": 1.281180441597835,
      "selected_s_std": 1.4491785756387503,
      "failure_rate": 0.0,
      "n_failed": 0
    },
    "NGS": {
      "method": "NGS",
      "n_reps": 500,
      "target": 0.95,
      "coverage": 0.986,
      "coverage_lo": 0.9713869308622147,
      "coverage_hi": 0.9932022102091564,
      "coverage_gap": 0.03600000000000003,
      "meets_target": true,
      "significantly_below": false,
      "mean_obj": -6.400879864181951,
      "obj_se": 0.013047605170700404,
      "mean_oracle_gap": 0.3791747532027348,
      "oracle_gap_se": 0.013452208288495113,
      "mean_rel_oracle_gap": 0.05577117671554713,
      "mean_excess_s": 2.1207644028981276,
      "selected_s_std": 1.9908050819437595,
      "failure_rate": 0.0,
      "n_failed": 0
    },
    "UNGS": {
      "method": "UNGS",
      "n_reps": 500,
      "target": 0.95,
      "coverage": 0.998,
      "coverage_lo": 0.9887592932948532,
      "coverage_hi": 0.9996468636054407,
      "coverage_gap": 0.04800000000000004,
      "meets_target": true,
      "significantly_below": false,
      "mean_obj": -6.078542702683384,
      "obj_se": 0.014614018708355029,
      "mean_oracle_gap": 0.7015119147012993,
      "oracle_gap_se": 0.01500251410336899,
      "mean_rel_oracle_gap": 0.10331873786734644,
      "mean_excess_s": 4.36057908125265,
      "selected_s_std": 2.8866675389791685,
      "failure_rate": 0.0,
      "n_failed": 0
    },
    "benchmark": {
      "method": "benchmark",
      "n_reps": 500,
      "target": 0.95,
      "coverage": 1.0,
      "coverage_lo": 0.9923756595384479,
      "coverage_hi": 1.0,
      "coverage_gap": 0.050000000000000044,
      "meets_target": true,
      "significantly_below": false,
      "mean_obj": -6.25801888551449,
      "obj_se": 3.976032667870345e-17,
      "mean_oracle_gap": 0.5220357318701949,
      "oracle_gap_se": 0.004460035468502463,
      "mean_rel_oracle_gap": 0.07679605039635617,
      "mean_excess_s": null,
      "selected_s_std": null,
      "failure_rate": 0.0,
      "n_failed": 0
    },
    "_n_replication_errors": 0
  }
}