{
  "key": "paper_ro_ellipsoid_n500_d10_a0.2",
  "config": "paper_ro_ellipsoid",
  "n": 500,
  "split": 0.5,
  "d": 10,
  "reps": 500,
  "alpha": 0.2,
  "beta": null,
  "dgp_params": null,
  "folds": null,
  "mesh_p": null,
  "elapsed_s": 0.6282238960266113,
  "summaries": {
    "NV": {
      "method": "NV",
      "n_reps": 500,
      "target": 0.95,
      "coverage": 1.0,
      "coverage_lo": 0.9923756595384479,
      "coverage_hi": 1.0,
      "coverage_gap": 0.050000000000000044,
      "meets_target": true,
      "significantly_below": false,
      "mean_obj": -8.217215142972963,
      "obj_se": 0.006417145754290334,
      "mean_oracle_gap": 0.012189591143064612,
      "oracle_gap_se": 0.004032338690410933,
      "mean_rel_oracle_gap": 0.001443832056700725,
      "mean_excess_s": 0.024016685256310014,
      "selected_s_std": 0.17817072824617644,
      "failure_rate": 0.0,
      "n_failed": 0
    },
    "UG": {
      "method": "UG",
      "n_reps": 500,
      "target": 0.95,
      "coverage": 1.0,
      "coverage_lo": 0.9923756595384479,
      "coverage_hi": 1.0,
      "coverage_gap": 0.050000000000000044,
      "meets_target": true,
      "significantly_below": false,
      "mean_obj": -8.120338109841242,
      "obj_se": 0.010107040558068032,
      "mean_oracle_gap": 0.10906662427478483,
      "oracle_gap_se": 0.011111763409401563,
      "mean_rel_oracle_gap": 0.013050324745155632,
      "mean_excess_s": 0.21588950529203862,
      "selected_s_std": 0.49158967436538764,
      "failure_rate": 0.0,
      "n_failed": 0
    },
    "NGS": {
      "method": "NGS",
      "n_reps": 500,
      "target": 0.95,
      "coverage": 1.0,
      "coverage_lo": 0.9923756595384479,
      "coverage_hi": 1.0,
      "coverage_gap": 0.050000000000000044,
      "meets_target": true,
      "significantly_below": false,
      "mean_obj": -8.039940711686093,
      "obj_se": 0.011906036484666047,
      "mean_oracle_gap": 0.1894640224299336,
      "oracle_gap_se": 0.013543708110485529,
      "mean_rel_oracle_gap": 0.022746758511451574,
      "mean_excess_s": 0.3757781516723082,
      "selected_s_std": 0.6001766538170352,
      "failure_rate": 0.0,
      "n_failed": 0
    },
    "UNGS": {
      "method": "UNGS",
      "n_reps": 500,
      "target": 0.95,
      "coverage": 1.0,
      "coverage_lo": 0.9923756595384479,
      "coverage_hi": 1.0,
      "coverage_gap": 0.050000000000000044,
      "meets_target": true,
      "significantly_below": false,
      "mean_obj": -8.113696695632653,
      "obj_se": 0.010389838029875446,
      "mean_oracle_gap": 0.11570803848337435,
      "oracle_gap_se": 0.011371953851004906,
      "mean_rel_oracle_gap": 0.013857179943763058,
      "mean_excess_s": 0.22925669653969885,
      "selected_s_std": 0.50369403511144,
      "failure_rate": 0.0,
      "n_failed": 0
    },
    "benchmark": {
      "method": "benchmark",
      "n_reps": 500,
      "target": 0.95,
      "coverage": 1.0,
      "coverage_lo": 0.9923756595384479,
      "coverage_hi": 1.0,
      "coverage_gap": 0.050000000000000044,
      "meets_target": true,
      "significantly_below": false,
      "mean_obj": -7.307723683523137,
      "obj_se": 0.0,
      "mean_oracle_gap": 0.92168105059289,
      "oracle_gap_se": 0.005953110703047843,
      "mean_rel_oracle_gap": 0.11176738452770592,
      "mean_excess_s": NaN,
      "selected_s_std": NaN,
      "failure_rate": 0.0,
      "n_failed": 0
    },
    "_n_replication_errors": 0
  }
}