{
  "key": "paper_dro_wasserstein_n200_d10_a0.3",
  "config": "paper_dro_wasserstein",
  "n": 200,
  "split": 0.5,
  "d": 10,
  "reps": 500,
  "alpha": 0.3,
  "beta": null,
  "dgp_params": null,
  "folds": null,
  "mesh_p": null,
  "elapsed_s": 195.826819896698,
  "summaries": {
    "NV": {
      "method": "NV",
      "n_reps": 500,
      "target": 0.95,
      "coverage": 0.588,
      "coverage_lo": 0.5443465920099858,
      "coverage_hi": 0.630311524068781,
      "coverage_gap": -0.362,
      "meets_target": false,
      "significantly_below": true,
      "mean_obj": -9.191104281622023,
      "obj_se": 0.011625912324780156,
      "mean_oracle_gap": 0.0114892923347181,
      "oracle_gap_se": 0.01179651499684701,
      "mean_rel_oracle_gap": 0.0012089487806503838,
      "mean_excess_s": 0.0038994418074381094,
      "selected_s_std": 0.025741209985252422,
      "failure_rate": 0.0,
      "n_failed": 0
    },
    "UG": {
      "method": "UG",
      "n_reps": 500,
      "target": 0.95,
      "coverage": 0.936,
      "coverage_lo": 0.911047591162316,
      "coverage_hi": 0.9543039839552107,
      "coverage_gap": -0.013999999999999901,
      "meets_target": false,
      "significantly_below": false,
      "mean_obj": -8.766924345638351,
      "obj_se": 0.015207840037134946,
      "mean_oracle_gap": 0.43566922831838867,
      "oracle_gap_se": 0.01536368135993719,
      "mean_rel_oracle_gap": 0.047302503014544015,
      "mean_excess_s": 0.04471193460164623,
      "selected_s_std": 0.053195650957492596,
      "failure_rate": 0.0,
      "n_failed": 0
    },
    "NGS": {
      "method": "NGS",
      "n_reps": 500,
      "target": 0.95,
      "coverage": 0.986,
      "coverage_lo": 0.9713869308622147,
      "coverage_hi": 0.9932022102091564,
      "coverage_gap": 0.03600000000000003,
      "meets_target": true,
      "significantly_below": false,
      "mean_obj": -8.542123968049735,
      "obj_se": 0.015382627176200706,
      "mean_oracle_gap": 0.6604696059070052,
      "oracle_gap_se": 0.015557162964580044,
      "mean_rel_oracle_gap": 0.0717300147762781,
      "mean_excess_s": 0.07403109497304015,
      "selected_s_std": 0.06422540962821005,
      "failure_rate": 0.0,
      "n_failed": 0
    },
    "UNGS": {
      "method": "UNGS",
      "n_reps": 500,
      "target": 0.95,
      "coverage": 0.982,
      "coverage_lo": 0.9661483290912607,
      "coverage_hi": 0.990501806703803,
      "coverage_gap": 0.03200000000000003,
      "meets_target": true,
      "significantly_below": false,
      "mean_obj": -8.558838363534942,
      "obj_se": 0.01645672412082424,
      "mean_oracle_gap": 0.6437552104218006,
      "oracle_gap_se": 0.01656226064025054,
      "mean_rel_oracle_gap": 0.06991929921343965,
      "mean_excess_s": 0.07342916335610793,
      "selected_s_std": 0.0673133169220189,
      "failure_rate": 0.0,
      "n_failed": 0
    },
    "_n_replication_errors": 0
  }
}