{
  "key": "paper_so_n500_d10_a0.3",
  "config": "paper_so",
  "n": 500,
  "split": 0.5,
  "d": 10,
  "reps": 500,
  "alpha": 0.3,
  "beta": null,
  "dgp_params": null,
  "folds": null,
  "mesh_p": 60,
  "elapsed_s": 2.797569513320923,
  "summaries": {
    "NV": {
      "method": "NV",
      "n_reps": 500,
      "target": 0.95,
      "coverage": 0.914,
      "coverage_lo": 0.8861601885014425,
      "coverage_hi": 0.9355268575963924,
      "coverage_gap": -0.03599999999999992,
      "meets_target": false,
      "significantly_below": true,
      "mean_obj": -8.649590814834607,
      "obj_se": 0.023329484529429418,
      "mean_oracle_gap": -0.0025228577332092536,
      "oracle_gap_se": 0.01466641772448231,
      "mean_rel_oracle_gap": -0.000860051788133023,
      "mean_excess_s": -0.06,
      "selected_s_std": 4.66490070603806,
      "failure_rate": 0.0,
      "n_failed": 0
    },
    "UG": {
      "method": "UG",
      "n_reps": 500,
      "target": 0.95,
      "coverage": 0.996,
      "coverage_lo": 0.9855342847848231,
      "coverage_hi": 0.9989023694773173,
      "coverage_gap": 0.04600000000000004,
      "meets_target": true,
      "significantly_below": false,
      "mean_obj": -8.43036341213903,
      "obj_se": 0.020742623912885103,
      "mean_oracle_gap": 0.21670454496236746,
      "oracle_gap_se": 0.018276127609129295,
      "mean_rel_oracle_gap": 0.02380905363418093,
      "mean_excess_s": 2.516,
      "selected_s_std": 6.639927807029617,
      "failure_rate": 0.0,
      "n_failed": 0
    },
    "NGS": {
      "method": "NGS",
      "n_reps": 500,
      "target": 0.95,
      "coverage": 1.0,
      "coverage_lo": 0.9923756595384479,
      "coverage_hi": 1.0,
      "coverage_gap": 0.050000000000000044,
      "meets_target": true,
      "significantly_below": false,
      "mean_obj": -8.35835826332146,
      "obj_se": 0.019438024485431516,
      "mean_oracle_gap": 0.2887096937799372,
      "oracle_gap_se": 0.01974849474987361,
      "mean_rel_oracle_gap": 0.0317919676109615,
      "mean_excess_s": 3.614,
      "selected_s_std": 7.333252292015919,
      "failure_rate": 0.0,
      "n_failed": 0
    },
    "UNGS": {
      "method": "UNGS",
      "n_reps": 500,
      "target": 0.95,
      "coverage": 1.0,
      "coverage_lo": 0.9923756595384479,
      "coverage_hi": 1.0,
      "coverage_gap": 0.050000000000000044,
      "meets_target": true,
      "significantly_below": false,
      "mean_obj": -8.383264972755935,
      "obj_se": 0.019864340185357012,
      "mean_oracle_gap": 0.263802984345462,
      "oracle_gap_se": 0.019284671658044192,
      "mean_rel_oracle_gap": 0.029022304504386687,
      "mean_excess_s": 3.274,
      "selected_s_std": 7.055888826665889,
      "failure_rate": 0.0,
      "n_failed": 0
    },
    "benchmark": {
      "method": "benchmark",
      "n_reps": 500,
      "target": 0.95,
      "coverage": 1.0,
      "coverage_lo": 0.9923756595384479,
      "coverage_hi": 1.0,
      "coverage_gap": 0.050000000000000044,
      "meets_target": true,
      "significantly_below": false,
      "mean_obj": -6.641631945854794,
      "obj_se": 0.008644796423373121,
      "mean_oracle_gap": 2.0054360112466023,
      "oracle_gap_se": 0.022716121526687626,
      "mean_rel_oracle_gap": 0.22937625409304266,
      "mean_excess_s": null,
      "selected_s_std": null,
      "failure_rate": 0.0,
      "n_failed": 0
    },
    "_n_replication_errors": 0
  }
}