{
  "key": "paper_saa_n400_d10_a0.02",
  "config": "paper_saa",
  "n": 400,
  "split": 0.5,
  "d": 10,
  "reps": 500,
  "alpha": 0.02,
  "beta": null,
  "dgp_params": null,
  "folds": null,
  "mesh_p": null,
  "elapsed_s": 2.113654375076294,
  "summaries": {
    "NV": {
      "method": "NV",
      "n_reps": 500,
      "target": 0.95,
      "coverage": 0.092,
      "coverage_lo": 0.06968272368045207,
      "coverage_hi": 0.12053873813617456,
      "coverage_gap": -0.858,
      "meets_target": false,
      "significantly_below": true,
      "mean_obj": -7.108792744910625,
      "obj_se": 0.011348215559772478,
      "mean_oracle_gap": -0.12425625208893072,
      "oracle_gap_se": 0.020597620810974274,
      "mean_rel_oracle_gap": -0.01866743640075788,
      "mean_excess_s": -0.002775903614457831,
      "selected_s_std": 0.004597535211397524,
      "failure_rate": 0.0,
      "n_failed": 0
    },
    "UG": {
      "method": "UG",
      "n_reps": 500,
      "target": 0.95,
      "coverage": 0.12,
      "coverage_lo": 0.09437490012636912,
      "coverage_hi": 0.1514195986244106,
      "coverage_gap": -0.83,
      "meets_target": false,
      "significantly_below": true,
      "mean_obj": -7.077073330277114,
      "obj_se": 0.011956598722007147,
      "mean_oracle_gap": -0.047300075637829404,
      "oracle_gap_se": 0.018804884796994374,
      "mean_rel_oracle_gap": -0.0071635086037663805,
      "mean_excess_s": -0.0010987951807228914,
      "selected_s_std": 0.0038826172194726966,
      "failure_rate": 0.0,
      "n_failed": 0
    },
    "NGS": {
      "method": "NGS",
      "n_reps": 500,
      "target": 0.95,
      "coverage": 0.122,
      "coverage_lo": 0.0961592783150937,
      "coverage_hi": 0.15360472307383977,
      "coverage_gap": -0.828,
      "meets_target": false,
      "significantly_below": true,
      "mean_obj": -7.077650152641224,
      "obj_se": 0.011966315129965996,
      "mean_oracle_gap": -0.04426803303671692,
      "oracle_gap_se": 0.018646826296142404,
      "mean_rel_oracle_gap": -0.0067079524632911915,
      "mean_excess_s": -0.0010409638554216866,
      "selected_s_std": 0.0038587597870544336,
      "failure_rate": 0.0,
      "n_failed": 0
    },
    "UNGS": {
      "method": "UNGS",
      "n_reps": 500,
      "target": 0.95,
      "coverage": 0.12,
      "coverage_lo": 0.09437490012636912,
      "coverage_hi": 0.1514195986244106,
      "coverage_gap": -0.83,
      "meets_target": false,
      "significantly_below": true,
      "mean_obj": -7.079463248384886,
      "obj_se": 0.011946251688451577,
      "mean_oracle_gap": -0.047300075637829404,
      "oracle_gap_se": 0.018804884796994374,
      "mean_rel_oracle_gap": -0.0071635086037663805,
      "mean_excess_s": -0.0011566265060240963,
      "selected_s_std": 0.003879904880762869,
      "failure_rate": 0.0,
      "n_failed": 0
    },
    "_n_replication_errors": 0
  }
}