{
  "key": "paper_ro_ellipsoid_n500_d10_a0.01",
  "config": "paper_ro_ellipsoid",
  "n": 500,
  "split": 0.5,
  "d": 10,
  "reps": 500,
  "alpha": 0.01,
  "beta": null,
  "dgp_params": null,
  "folds": null,
  "mesh_p": null,
  "elapsed_s": 0.6091744899749756,
  "summaries": {
    "NV": {
      "method": "NV",
      "n_reps": 500,
      "target": 0.95,
      "coverage": 0.738,
      "coverage_lo": 0.6977470833575388,
      "coverage_hi": 0.7746237305827623,
      "coverage_gap": -0.21199999999999997,
      "meets_target": false,
      "significantly_below": true,
      "mean_obj": -6.511740836244046,
      "obj_se": 0.01064967600354893,
      "mean_oracle_gap": -0.009809971747761406,
      "oracle_gap_se": 0.011203940860007658,
      "mean_rel_oracle_gap": -0.001684677121168831,
      "mean_excess_s": 0.04347052737187429,
      "selected_s_std": 1.4542722093760174,
      "failure_rate": 0.0,
      "n_failed": 0
    },
    "UG": {
      "method": "UG",
      "n_reps": 500,
      "target": 0.95,
      "coverage": 0.984,
      "coverage_lo": 0.9687488914666058,
      "coverage_hi": 0.9918707469666117,
      "coverage_gap": 0.03400000000000003,
      "meets_target": true,
      "significantly_below": false,
      "mean_obj": -6.079626209899916,
      "obj_se": 0.01438418803951866,
      "mean_oracle_gap": 0.4223046545963693,
      "oracle_gap_se": 0.014804152539252468,
      "mean_rel_oracle_gap": 0.0647877309263436,
      "mean_excess_s": 2.978011575771708,
      "selected_s_std": 2.797382153657985,
      "failure_rate": 0.0,
      "n_failed": 0
    },
    "NGS": {
      "method": "NGS",
      "n_reps": 500,
      "target": 0.95,
      "coverage": 0.984,
      "coverage_lo": 0.9687488914666058,
      "coverage_hi": 0.9918707469666117,
      "coverage_gap": 0.03400000000000003,
      "meets_target": true,
      "significantly_below": false,
      "mean_obj": -6.079626209899916,
      "obj_se": 0.01438418803951866,
      "mean_oracle_gap": 0.4223046545963693,
      "oracle_gap_se": 0.014804152539252468,
      "mean_rel_oracle_gap": 0.0647877309263436,
      "mean_excess_s": 2.978011575771708,
      "selected_s_std": 2.797382153657985,
      "failure_rate": 0.0,
      "n_failed": 0
    },
    "UNGS": {
      "method": "UNGS",
      "n_reps": 500,
      "target": 0.95,
      "coverage": 0.984,
      "coverage_lo": 0.9687488914666058,
      "coverage_hi": 0.9918707469666117,
      "coverage_gap": 0.03400000000000003,
      "meets_target": true,
      "significantly_below": false,
      "mean_obj": -6.079626209899916,
      "obj_se": 0.01438418803951866,
      "mean_oracle_gap": 0.4223046545963693,
      "oracle_gap_se": 0.014804152539252468,
      "mean_rel_oracle_gap": 0.0647877309263436,
      "mean_excess_s": 2.978011575771708,
      "selected_s_std": 2.797382153657985,
      "failure_rate": 0.0,
      "n_failed": 0
    },
    "benchmark": {
      "method": "benchmark",
      "n_reps": 500,
      "target": 0.95,
      "coverage": 1.0,
      "coverage_lo": 0.9923756595384479,
      "coverage_hi": 1.0,
      "coverage_gap": 0.050000000000000044,
      "meets_target": true,
      "significantly_below": false,
      "mean_obj": -6.0519988461728955,
      "obj_se": 3.976032667870345e-17,
      "mean_oracle_gap": 0.449932018323389,
      "oracle_gap_se": 0.004187998224632569,
      "mean_rel_oracle_gap": 0.06900676505023855,
      "mean_excess_s": NaN,
      "selected_s_std": NaN,
      "failure_rate": 0.0,
      "n_failed": 0
    },
    "_n_replication_errors": 0
  }
}