{
  "key": "paper_dro_wasserstein_n200_d10_a0.2",
  "config": "paper_dro_wasserstein",
  "n": 200,
  "split": 0.5,
  "d": 10,
  "reps": 500,
  "alpha": 0.2,
  "beta": null,
  "dgp_params": null,
  "folds": null,
  "mesh_p": null,
  "elapsed_s": 256.7236375808716,
  "summaries": {
    "NV": {
      "method": "NV",
      "n_reps": 500,
      "target": 0.95,
      "coverage": 0.556,
      "coverage_lo": 0.5121868930497259,
      "coverage_hi": 0.5989591808185805,
      "coverage_gap": -0.3939999999999999,
      "meets_target": false,
      "significantly_below": true,
      "mean_obj": -8.59270407696072,
      "obj_se": 0.01275793690414189,
      "mean_oracle_gap": -0.025766408272724625,
      "oracle_gap_se": 0.012965663139223938,
      "mean_rel_oracle_gap": -0.003067844034468902,
      "mean_excess_s": 0.001967917007946256,
      "selected_s_std": 0.027785737318758233,
      "failure_rate": 0.0,
      "n_failed": 0
    },
    "UG": {
      "method": "UG",
      "n_reps": 500,
      "target": 0.95,
      "coverage": 0.946,
      "coverage_lo": 0.9225734384893529,
      "coverage_hi": 0.9626256498189425,
      "coverage_gap": -0.0040000000000000036,
      "meets_target": false,
      "significantly_below": false,
      "mean_obj": -8.122548363679917,
      "obj_se": 0.014592229027432036,
      "mean_oracle_gap": 0.4443893050080793,
      "oracle_gap_se": 0.014906515209084786,
      "mean_rel_oracle_gap": 0.051803251893053404,
      "mean_excess_s": 0.04392909296823051,
      "selected_s_std": 0.048569939997142514,
      "failure_rate": 0.0,
      "n_failed": 0
    },
    "NGS": {
      "method": "NGS",
      "n_reps": 500,
      "target": 0.95,
      "coverage": 0.972,
      "coverage_lo": 0.9535535973250512,
      "coverage_hi": 0.9832490252792435,
      "coverage_gap": 0.02200000000000002,
      "meets_target": true,
      "significantly_below": false,
      "mean_obj": -7.93265767958445,
      "obj_se": 0.015160567897829288,
      "mean_oracle_gap": 0.6342799891035452,
      "oracle_gap_se": 0.01540088179870985,
      "mean_rel_oracle_gap": 0.07397724135621825,
      "mean_excess_s": 0.06864059892679703,
      "selected_s_std": 0.05962843177558536,
      "failure_rate": 0.0,
      "n_failed": 0
    },
    "UNGS": {
      "method": "UNGS",
      "n_reps": 500,
      "target": 0.95,
      "coverage": 0.97,
      "coverage_lo": 0.9510963331640543,
      "coverage_hi": 0.9817367868020865,
      "coverage_gap": 0.020000000000000018,
      "meets_target": true,
      "significantly_below": false,
      "mean_obj": -7.829349138583162,
      "obj_se": 0.016899214355203935,
      "mean_oracle_gap": 0.7375885301048325,
      "oracle_gap_se": 0.01706099188345434,
      "mean_rel_oracle_gap": 0.08604333142384576,
      "mean_excess_s": 0.08657981427622309,
      "selected_s_std": 0.07256392294727015,
      "failure_rate": 0.0,
      "n_failed": 0
    },
    "_n_replication_errors": 0
  }
}