{
  "config": "robust_ro_ellipsoid_t",
  "n": 500,
  "split": 0.5,
  "d": 10,
  "reps": 200,
  "include_existing": false,
  "elapsed_s": 3.15500807762146,
  "summaries": {
    "NV": {
      "method": "NV",
      "n_reps": 200,
      "target": 0.95,
      "coverage": 0.91,
      "coverage_lo": 0.8622342812328346,
      "coverage_hi": 0.9423125511378069,
      "coverage_gap": -0.039999999999999925,
      "meets_target": false,
      "significantly_below": true,
      "mean_obj": -7.944770418805108,
      "obj_se": 0.018425283053172977,
      "mean_oracle_gap": 0.009886985554262418,
      "oracle_gap_se": 0.020805362806630655,
      "mean_rel_oracle_gap": 0.0007366270314151718,
      "mean_excess_s": 0.02526900801217223,
      "selected_s_std": 0.6811697970190701,
      "failure_rate": 0.0,
      "n_failed": 0
    },
    "UG": {
      "method": "UG",
      "n_reps": 200,
      "target": 0.95,
      "coverage": 0.99,
      "coverage_lo": 0.9642782382838231,
      "coverage_hi": 0.9972533418664555,
      "coverage_gap": 0.040000000000000036,
      "meets_target": true,
      "significantly_below": false,
      "mean_obj": -7.646354323185451,
      "obj_se": 0.019768313211217987,
      "mean_oracle_gap": 0.30830308117391964,
      "oracle_gap_se": 0.025079480455301444,
      "mean_rel_oracle_gap": 0.03804958698057387,
      "mean_excess_s": 0.7565932896336622,
      "selected_s_std": 0.847139337150138,
      "failure_rate": 0.0,
      "n_failed": 0
    },
    "NGS": {
      "method": "NGS",
      "n_reps": 200,
      "target": 0.95,
      "coverage": 0.995,
      "coverage_lo": 0.9722262956021069,
      "coverage_hi": 0.9991168312843989,
      "coverage_gap": 0.04500000000000004,
      "meets_target": true,
      "significantly_below": false,
      "mean_obj": -7.537743135992709,
      "obj_se": 0.01826623297836388,
      "mean_oracle_gap": 0.41691426836666223,
      "oracle_gap_se": 0.024861611966802546,
      "mean_rel_oracle_gap": 0.051637960941243594,
      "mean_excess_s": 1.0395352334350816,
      "selected_s_std": 0.8312612802290553,
      "failure_rate": 0.0,
      "n_failed": 0
    },
    "UNGS": {
      "method": "UNGS",
      "n_reps": 200,
      "target": 0.95,
      "coverage": 0.99,
      "coverage_lo": 0.9642782382838231,
      "coverage_hi": 0.9972533418664555,
      "coverage_gap": 0.040000000000000036,
      "meets_target": true,
      "significantly_below": false,
      "mean_obj": -7.609413526947024,
      "obj_se": 0.02071581014615233,
      "mean_oracle_gap": 0.34524387741234797,
      "oracle_gap_se": 0.025587998919633845,
      "mean_rel_oracle_gap": 0.04271691448584897,
      "mean_excess_s": 0.8680822504353037,
      "selected_s_std": 0.9254410447566931,
      "failure_rate": 0.0,
      "n_failed": 0
    },
    "benchmark": {
      "method": "benchmark",
      "n_reps": 200,
      "target": 0.95,
      "coverage": 1.0,
      "coverage_lo": 0.9811546736227335,
      "coverage_hi": 1.0,
      "coverage_gap": 0.050000000000000044,
      "meets_target": true,
      "significantly_below": false,
      "mean_obj": -6.90163439839718,
      "obj_se": 0.0,
      "mean_oracle_gap": 1.0530230059621912,
      "oracle_gap_se": 0.014974257468943793,
      "mean_rel_oracle_gap": 0.1317556877117027,
      "mean_excess_s": NaN,
      "selected_s_std": NaN,
      "failure_rate": 0.0,
      "n_failed": 0
    },
    "_n_replication_errors": 0
  }
}