{
  "key": "paper_so_n500_d100",
  "config": "paper_so",
  "n": 500,
  "split": 0.5,
  "d": 100,
  "reps": 500,
  "alpha": null,
  "beta": null,
  "dgp_params": null,
  "folds": null,
  "mesh_p": 60,
  "elapsed_s": 19.8388249874115,
  "summaries": {
    "NV": {
      "method": "NV",
      "n_reps": 500,
      "target": 0.95,
      "coverage": 0.748,
      "coverage_lo": 0.7081521755124419,
      "coverage_hi": 0.7840661516186281,
      "coverage_gap": -0.20199999999999996,
      "meets_target": false,
      "significantly_below": true,
      "mean_obj": -94.31674508546176,
      "obj_se": 0.04540787689972633,
      "mean_oracle_gap": -0.08452283882848445,
      "oracle_gap_se": 0.040316308918038786,
      "mean_rel_oracle_gap": -0.0009230230083918374,
      "mean_excess_s": -1.354,
      "selected_s_std": 32.97420349595097,
      "failure_rate": 0.0,
      "n_failed": 0
    },
    "UG": {
      "method": "UG",
      "n_reps": 500,
      "target": 0.95,
      "coverage": 0.968,
      "coverage_lo": 0.9486551309545582,
      "coverage_hi": 0.9802084863734289,
      "coverage_gap": 0.018000000000000016,
      "meets_target": true,
      "significantly_below": false,
      "mean_obj": -93.35897812957101,
      "obj_se": 0.041676174966576995,
      "mean_oracle_gap": 0.8732441170622719,
      "oracle_gap_se": 0.042737150481203676,
      "mean_rel_oracle_gap": 0.009226822096207855,
      "mean_excess_s": 33.82,
      "selected_s_std": 51.370673698448456,
      "failure_rate": 0.0,
      "n_failed": 0
    },
    "NGS": {
      "method": "NGS",
      "n_reps": 500,
      "target": 0.95,
      "coverage": 0.996,
      "coverage_lo": 0.9855342847848231,
      "coverage_hi": 0.9989023694773173,
      "coverage_gap": 0.04600000000000004,
      "meets_target": true,
      "significantly_below": false,
      "mean_obj": -92.92866774081838,
      "obj_se": 0.0400167054051713,
      "mean_oracle_gap": 1.3035545058148945,
      "oracle_gap_se": 0.04582247087539813,
      "mean_rel_oracle_gap": 0.013781973149330596,
      "mean_excess_s": 55.968,
      "selected_s_std": 59.92430776673724,
      "failure_rate": 0.0,
      "n_failed": 0
    },
    "UNGS": {
      "method": "UNGS",
      "n_reps": 500,
      "target": 0.95,
      "coverage": 0.998,
      "coverage_lo": 0.9887592932948532,
      "coverage_hi": 0.9996468636054407,
      "coverage_gap": 0.04800000000000004,
      "meets_target": true,
      "significantly_below": false,
      "mean_obj": -92.47554829876529,
      "obj_se": 0.039406347600293594,
      "mean_oracle_gap": 1.7566739478679951,
      "oracle_gap_se": 0.04776904601870258,
      "mean_rel_oracle_gap": 0.018584229536082325,
      "mean_excess_s": 88.096,
      "selected_s_std": 68.1325626421344,
      "failure_rate": 0.0,
      "n_failed": 0
    },
    "benchmark": {
      "method": "benchmark",
      "n_reps": 500,
      "target": 0.95,
      "coverage": 1.0,
      "coverage_lo": 0.9923756595384479,
      "coverage_hi": 1.0,
      "coverage_gap": 0.050000000000000044,
      "meets_target": true,
      "significantly_below": false,
      "mean_obj": -90.41298921657223,
      "obj_se": 0.03768357183414898,
      "mean_oracle_gap": 3.8192330300610644,
      "oracle_gap_se": 0.047262901785431854,
      "mean_rel_oracle_gap": 0.04047144485033881,
      "mean_excess_s": NaN,
      "selected_s_std": NaN,
      "failure_rate": 0.0,
      "n_failed": 0
    },
    "_n_replication_errors": 0
  }
}