{
  "key": "paper_ro_ellipsoid_n1000_d200",
  "config": "paper_ro_ellipsoid",
  "n": 1000,
  "split": 0.5,
  "d": 200,
  "reps": 500,
  "alpha": null,
  "beta": null,
  "dgp_params": null,
  "folds": null,
  "mesh_p": null,
  "elapsed_s": 532.0179045200348,
  "summaries": {
    "NV": {
      "method": "NV",
      "n_reps": 500,
      "target": 0.95,
      "coverage": 1.0,
      "coverage_lo": 0.9923756595384479,
      "coverage_hi": 1.0,
      "coverage_gap": 0.050000000000000044,
      "meets_target": true,
      "significantly_below": false,
      "mean_obj": -181.3171968129714,
      "obj_se": 0.038056821804247444,
      "mean_oracle_gap": 3.979039320256561e-16,
      "oracle_gap_se": 1.555058499488367e-15,
      "mean_rel_oracle_gap": 2.1608318764571086e-18,
      "mean_excess_s": 0.0,
      "selected_s_std": 0.03975783923524832,
      "failure_rate": 0.0,
      "n_failed": 0
    },
    "UG": {
      "method": "UG",
      "n_reps": 500,
      "target": 0.95,
      "coverage": 1.0,
      "coverage_lo": 0.9923756595384479,
      "coverage_hi": 1.0,
      "coverage_gap": 0.050000000000000044,
      "meets_target": true,
      "significantly_below": false,
      "mean_obj": -181.3171968129714,
      "obj_se": 0.038056821804247444,
      "mean_oracle_gap": 3.979039320256561e-16,
      "oracle_gap_se": 1.555058499488367e-15,
      "mean_rel_oracle_gap": 2.1608318764571086e-18,
      "mean_excess_s": 0.0,
      "selected_s_std": 0.03975783923524832,
      "failure_rate": 0.0,
      "n_failed": 0
    },
    "NGS": {
      "method": "NGS",
      "n_reps": 500,
      "target": 0.95,
      "coverage": 1.0,
      "coverage_lo": 0.9923756595384479,
      "coverage_hi": 1.0,
      "coverage_gap": 0.050000000000000044,
      "meets_target": true,
      "significantly_below": false,
      "mean_obj": -181.3171968129714,
      "obj_se": 0.038056821804247444,
      "mean_oracle_gap": 3.979039320256561e-16,
      "oracle_gap_se": 1.555058499488367e-15,
      "mean_rel_oracle_gap": 2.1608318764571086e-18,
      "mean_excess_s": 0.0,
      "selected_s_std": 0.03975783923524832,
      "failure_rate": 0.0,
      "n_failed": 0
    },
    "UNGS": {
      "method": "UNGS",
      "n_reps": 500,
      "target": 0.95,
      "coverage": 1.0,
      "coverage_lo": 0.9923756595384479,
      "coverage_hi": 1.0,
      "coverage_gap": 0.050000000000000044,
      "meets_target": true,
      "significantly_below": false,
      "mean_obj": -181.3171968129714,
      "obj_se": 0.038056821804247444,
      "mean_oracle_gap": 3.979039320256561e-16,
      "oracle_gap_se": 1.555058499488367e-15,
      "mean_rel_oracle_gap": 2.1608318764571086e-18,
      "mean_excess_s": 0.0,
      "selected_s_std": 0.03975783923524832,
      "failure_rate": 0.0,
      "n_failed": 0
    },
    "benchmark": {
      "method": "benchmark",
      "n_reps": 500,
      "target": 0.95,
      "coverage": 1.0,
      "coverage_lo": 0.9923756595384479,
      "coverage_hi": 1.0,
      "coverage_gap": 0.050000000000000044,
      "meets_target": true,
      "significantly_below": false,
      "mean_obj": -187.3264277616216,
      "obj_se": 2.544660907437021e-15,
      "mean_oracle_gap": -6.009230948650188,
      "oracle_gap_se": 0.0380568218042475,
      "mean_rel_oracle_gap": -0.03316479643164794,
      "mean_excess_s": null,
      "selected_s_std": null,
      "failure_rate": 0.0,
      "n_failed": 0
    },
    "_n_replication_errors": 0
  }
}