{
  "key": "paper_so_n1000_d100",
  "config": "paper_so",
  "n": 1000,
  "split": 0.5,
  "d": 100,
  "reps": 500,
  "alpha": null,
  "beta": null,
  "dgp_params": null,
  "folds": null,
  "mesh_p": 60,
  "elapsed_s": 39.7800452709198,
  "summaries": {
    "NV": {
      "method": "NV",
      "n_reps": 500,
      "target": 0.95,
      "coverage": 0.814,
      "coverage_lo": 0.7775459059402153,
      "coverage_hi": 0.8456660082499298,
      "coverage_gap": -0.136,
      "meets_target": false,
      "significantly_below": true,
      "mean_obj": -94.2366552228921,
      "obj_se": 0.042667123717193244,
      "mean_oracle_gap": -0.05732169755243561,
      "oracle_gap_se": 0.03380633441688698,
      "mean_rel_oracle_gap": -0.0006337303859539192,
      "mean_excess_s": 0.4,
      "selected_s_std": 36.2630378737312,
      "failure_rate": 0.0,
      "n_failed": 0
    },
    "UG": {
      "method": "UG",
      "n_reps": 500,
      "target": 0.95,
      "coverage": 0.984,
      "coverage_lo": 0.9687488914666058,
      "coverage_hi": 0.9918707469666117,
      "coverage_gap": 0.03400000000000003,
      "meets_target": true,
      "significantly_below": false,
      "mean_obj": -93.5386300185904,
      "obj_se": 0.04055746288151507,
      "mean_oracle_gap": 0.6407035067492721,
      "oracle_gap_se": 0.03913822915151268,
      "mean_rel_oracle_gap": 0.006762842900601192,
      "mean_excess_s": 25.868,
      "selected_s_std": 53.72128692928602,
      "failure_rate": 0.0,
      "n_failed": 0
    },
    "NGS": {
      "method": "NGS",
      "n_reps": 500,
      "target": 0.95,
      "coverage": 0.998,
      "coverage_lo": 0.9887592932948532,
      "coverage_hi": 0.9996468636054407,
      "coverage_gap": 0.04800000000000004,
      "meets_target": true,
      "significantly_below": false,
      "mean_obj": -93.18052603597776,
      "obj_se": 0.037778678440048716,
      "mean_oracle_gap": 0.9988074893618886,
      "oracle_gap_se": 0.040570503335047074,
      "mean_rel_oracle_gap": 0.010556079691286429,
      "mean_excess_s": 46.244,
      "selected_s_std": 66.8086002107831,
      "failure_rate": 0.0,
      "n_failed": 0
    },
    "UNGS": {
      "method": "UNGS",
      "n_reps": 500,
      "target": 0.95,
      "coverage": 1.0,
      "coverage_lo": 0.9923756595384479,
      "coverage_hi": 1.0,
      "coverage_gap": 0.050000000000000044,
      "meets_target": true,
      "significantly_below": false,
      "mean_obj": -92.84494783586383,
      "obj_se": 0.037833741662421136,
      "mean_oracle_gap": 1.3343856894758095,
      "oracle_gap_se": 0.0442731444399488,
      "mean_rel_oracle_gap": 0.014110658923814415,
      "mean_excess_s": 67.228,
      "selected_s_std": 82.05015180255089,
      "failure_rate": 0.0,
      "n_failed": 0
    },
    "benchmark": {
      "method": "benchmark",
      "n_reps": 500,
      "target": 0.95,
      "coverage": 1.0,
      "coverage_lo": 0.9923756595384479,
      "coverage_hi": 1.0,
      "coverage_gap": 0.050000000000000044,
      "meets_target": true,
      "significantly_below": false,
      "mean_obj": -89.29911588777523,
      "obj_se": 0.032463550546906896,
      "mean_oracle_gap": 4.880217637564428,
      "oracle_gap_se": 0.046002225307929925,
      "mean_rel_oracle_gap": 0.05174805002831292,
      "mean_excess_s": NaN,
      "selected_s_std": NaN,
      "failure_rate": 0.0,
      "n_failed": 0
    },
    "_n_replication_errors": 0
  }
}