{
  "key": "paper_ro_ellipsoid_n200_d100",
  "config": "paper_ro_ellipsoid",
  "n": 200,
  "split": 0.5,
  "d": 100,
  "reps": 500,
  "alpha": null,
  "beta": null,
  "dgp_params": null,
  "folds": null,
  "mesh_p": null,
  "elapsed_s": 89.60499167442322,
  "summaries": {
    "NV": {
      "method": "NV",
      "n_reps": 500,
      "target": 0.95,
      "coverage": 1.0,
      "coverage_lo": 0.9923756595384479,
      "coverage_hi": 1.0,
      "coverage_gap": 0.050000000000000044,
      "meets_target": true,
      "significantly_below": false,
      "mean_obj": -91.55779264792561,
      "obj_se": 0.043885572694136135,
      "mean_oracle_gap": 0.028788203887515094,
      "oracle_gap_se": 0.014422208313051152,
      "mean_rel_oracle_gap": 0.0003115954562574394,
      "mean_excess_s": 0.037763199612556544,
      "selected_s_std": 0.4209343368985088,
      "failure_rate": 0.0,
      "n_failed": 0
    },
    "UG": {
      "method": "UG",
      "n_reps": 500,
      "target": 0.95,
      "coverage": 1.0,
      "coverage_lo": 0.9923756595384479,
      "coverage_hi": 1.0,
      "coverage_gap": 0.050000000000000044,
      "meets_target": true,
      "significantly_below": false,
      "mean_obj": -91.1804726165178,
      "obj_se": 0.057204971609935554,
      "mean_oracle_gap": 0.4061082352953205,
      "oracle_gap_se": 0.05185646610446344,
      "mean_rel_oracle_gap": 0.004398294603702796,
      "mean_excess_s": 0.5192439968247146,
      "selected_s_std": 1.4784439819512492,
      "failure_rate": 0.0,
      "n_failed": 0
    },
    "NGS": {
      "method": "NGS",
      "n_reps": 500,
      "target": 0.95,
      "coverage": 1.0,
      "coverage_lo": 0.9923756595384479,
      "coverage_hi": 1.0,
      "coverage_gap": 0.050000000000000044,
      "meets_target": true,
      "significantly_below": false,
      "mean_obj": -90.89172400119,
      "obj_se": 0.06505831058774006,
      "mean_oracle_gap": 0.6948568506231234,
      "oracle_gap_se": 0.06550210397919068,
      "mean_rel_oracle_gap": 0.007532289287848276,
      "mean_excess_s": 0.8968759950610787,
      "selected_s_std": 1.901240043920059,
      "failure_rate": 0.0,
      "n_failed": 0
    },
    "UNGS": {
      "method": "UNGS",
      "n_reps": 500,
      "target": 0.95,
      "coverage": 1.0,
      "coverage_lo": 0.9923756595384479,
      "coverage_hi": 1.0,
      "coverage_gap": 0.050000000000000044,
      "meets_target": true,
      "significantly_below": false,
      "mean_obj": -91.05998521276476,
      "obj_se": 0.062160927294096655,
      "mean_oracle_gap": 0.5265956390483657,
      "oracle_gap_se": 0.05884502566015761,
      "mean_rel_oracle_gap": 0.0057085466192790596,
      "mean_excess_s": 0.6797375961277603,
      "selected_s_std": 1.7119313515130001,
      "failure_rate": 0.0,
      "n_failed": 0
    },
    "benchmark": {
      "method": "benchmark",
      "n_reps": 500,
      "target": 0.95,
      "coverage": 1.0,
      "coverage_lo": 0.9923756595384479,
      "coverage_hi": 1.0,
      "coverage_gap": 0.050000000000000044,
      "meets_target": true,
      "significantly_below": false,
      "mean_obj": -89.83596171629073,
      "obj_se": 0.0,
      "mean_oracle_gap": 1.7506191355223986,
      "oracle_gap_se": 0.04256007464681634,
      "mean_rel_oracle_gap": 0.01900860640825205,
      "mean_excess_s": null,
      "selected_s_std": null,
      "failure_rate": 0.0,
      "n_failed": 0
    },
    "_n_replication_errors": 0
  }
}