{
  "key": "paper_ro_ellipsoid_n2000_d200",
  "config": "paper_ro_ellipsoid",
  "n": 2000,
  "split": 0.5,
  "d": 200,
  "reps": 500,
  "alpha": null,
  "beta": null,
  "dgp_params": null,
  "folds": null,
  "mesh_p": null,
  "elapsed_s": 505.96820163726807,
  "summaries": {
    "NV": {
      "method": "NV",
      "n_reps": 500,
      "target": 0.95,
      "coverage": 1.0,
      "coverage_lo": 0.9923756595384479,
      "coverage_hi": 1.0,
      "coverage_gap": 0.050000000000000044,
      "meets_target": true,
      "significantly_below": false,
      "mean_obj": -180.3942491550402,
      "obj_se": 0.027876585158939836,
      "mean_oracle_gap": -2.6716406864579767e-15,
      "oracle_gap_se": 1.569234839947949e-15,
      "mean_rel_oracle_gap": -1.4847664619499098e-17,
      "mean_excess_s": 0.0,
      "selected_s_std": 0.03162260580757263,
      "failure_rate": 0.0,
      "n_failed": 0
    },
    "UG": {
      "method": "UG",
      "n_reps": 500,
      "target": 0.95,
      "coverage": 1.0,
      "coverage_lo": 0.9923756595384479,
      "coverage_hi": 1.0,
      "coverage_gap": 0.050000000000000044,
      "meets_target": true,
      "significantly_below": false,
      "mean_obj": -180.3942491550402,
      "obj_se": 0.027876585158939836,
      "mean_oracle_gap": -2.6716406864579767e-15,
      "oracle_gap_se": 1.569234839947949e-15,
      "mean_rel_oracle_gap": -1.4847664619499098e-17,
      "mean_excess_s": 0.0,
      "selected_s_std": 0.03162260580757263,
      "failure_rate": 0.0,
      "n_failed": 0
    },
    "NGS": {
      "method": "NGS",
      "n_reps": 500,
      "target": 0.95,
      "coverage": 1.0,
      "coverage_lo": 0.9923756595384479,
      "coverage_hi": 1.0,
      "coverage_gap": 0.050000000000000044,
      "meets_target": true,
      "significantly_below": false,
      "mean_obj": -180.3942491550402,
      "obj_se": 0.027876585158939836,
      "mean_oracle_gap": -2.6716406864579767e-15,
      "oracle_gap_se": 1.569234839947949e-15,
      "mean_rel_oracle_gap": -1.4847664619499098e-17,
      "mean_excess_s": 0.0,
      "selected_s_std": 0.03162260580757263,
      "failure_rate": 0.0,
      "n_failed": 0
    },
    "UNGS": {
      "method": "UNGS",
      "n_reps": 500,
      "target": 0.95,
      "coverage": 1.0,
      "coverage_lo": 0.9923756595384479,
      "coverage_hi": 1.0,
      "coverage_gap": 0.050000000000000044,
      "meets_target": true,
      "significantly_below": false,
      "mean_obj": -180.3942491550402,
      "obj_se": 0.027876585158939836,
      "mean_oracle_gap": -2.6716406864579767e-15,
      "oracle_gap_se": 1.569234839947949e-15,
      "mean_rel_oracle_gap": -1.4847664619499098e-17,
      "mean_excess_s": 0.0,
      "selected_s_std": 0.03162260580757263,
      "failure_rate": 0.0,
      "n_failed": 0
    },
    "benchmark": {
      "method": "benchmark",
      "n_reps": 500,
      "target": 0.95,
      "coverage": 1.0,
      "coverage_lo": 0.9923756595384479,
      "coverage_hi": 1.0,
      "coverage_gap": 0.050000000000000044,
      "meets_target": true,
      "significantly_below": false,
      "mean_obj": -187.3264277616216,
      "obj_se": 2.544660907437021e-15,
      "mean_oracle_gap": -6.932178606581347,
      "oracle_gap_se": 0.02787658515893992,
      "mean_rel_oracle_gap": -0.03844029678487136,
      "mean_excess_s": null,
      "selected_s_std": null,
      "failure_rate": 0.0,
      "n_failed": 0
    },
    "_n_replication_errors": 0
  }
}