{
  "key": "paper_so_n500_d200",
  "config": "paper_so",
  "n": 500,
  "split": 0.5,
  "d": 200,
  "reps": 500,
  "alpha": null,
  "beta": null,
  "dgp_params": null,
  "folds": null,
  "mesh_p": 60,
  "elapsed_s": 38.82543444633484,
  "summaries": {
    "NV": {
      "method": "NV",
      "n_reps": 500,
      "target": 0.95,
      "coverage": 0.764,
      "coverage_lo": 0.7248556437078593,
      "coverage_hi": 0.7991187045284411,
      "coverage_gap": -0.18599999999999994,
      "meets_target": false,
      "significantly_below": true,
      "mean_obj": -194.16727666299656,
      "obj_se": 0.07088892858559166,
      "mean_oracle_gap": -0.08407390431049538,
      "oracle_gap_se": 0.06463136055397044,
      "mean_rel_oracle_gap": -0.0004465387913829164,
      "mean_excess_s": 2.572,
      "selected_s_std": 35.43206545666016,
      "failure_rate": 0.0,
      "n_failed": 0
    },
    "UG": {
      "method": "UG",
      "n_reps": 500,
      "target": 0.95,
      "coverage": 0.968,
      "coverage_lo": 0.9486551309545582,
      "coverage_hi": 0.9802084863734289,
      "coverage_gap": 0.018000000000000016,
      "meets_target": true,
      "significantly_below": false,
      "mean_obj": -192.75071687783563,
      "obj_se": 0.06311487858673125,
      "mean_oracle_gap": 1.3324858808504092,
      "oracle_gap_se": 0.06924624393409505,
      "mean_rel_oracle_gap": 0.006841387863608134,
      "mean_excess_s": 36.862,
      "selected_s_std": 58.242540183047886,
      "failure_rate": 0.0,
      "n_failed": 0
    },
    "NGS": {
      "method": "NGS",
      "n_reps": 500,
      "target": 0.95,
      "coverage": 0.992,
      "coverage_lo": 0.9796129641658948,
      "coverage_hi": 0.9968846848199377,
      "coverage_gap": 0.04200000000000004,
      "meets_target": true,
      "significantly_below": false,
      "mean_obj": -192.25094166835325,
      "obj_se": 0.05961586430767479,
      "mean_oracle_gap": 1.8322610903328223,
      "oracle_gap_se": 0.0696388883573774,
      "mean_rel_oracle_gap": 0.009413303166991143,
      "mean_excess_s": 54.542,
      "selected_s_std": 64.67689000099186,
      "failure_rate": 0.0,
      "n_failed": 0
    },
    "UNGS": {
      "method": "UNGS",
      "n_reps": 500,
      "target": 0.95,
      "coverage": 1.0,
      "coverage_lo": 0.9923756595384479,
      "coverage_hi": 1.0,
      "coverage_gap": 0.050000000000000044,
      "meets_target": true,
      "significantly_below": false,
      "mean_obj": -191.77323918932643,
      "obj_se": 0.060991444989735806,
      "mean_oracle_gap": 2.3099635693595997,
      "oracle_gap_se": 0.07188631678631345,
      "mean_rel_oracle_gap": 0.011873684038818496,
      "mean_excess_s": 75.57,
      "selected_s_std": 70.77472627823805,
      "failure_rate": 0.0,
      "n_failed": 0
    },
    "benchmark": {
      "method": "benchmark",
      "n_reps": 500,
      "target": 0.95,
      "coverage": 1.0,
      "coverage_lo": 0.9923756595384479,
      "coverage_hi": 1.0,
      "coverage_gap": 0.050000000000000044,
      "meets_target": true,
      "significantly_below": false,
      "mean_obj": -188.42966843472684,
      "obj_se": 0.05649161900460285,
      "mean_oracle_gap": 5.653534323959211,
      "oracle_gap_se": 0.07025820919038954,
      "mean_rel_oracle_gap": 0.02909982368234985,
      "mean_excess_s": null,
      "selected_s_std": null,
      "failure_rate": 0.0,
      "n_failed": 0
    },
    "_n_replication_errors": 0
  }
}