{
  "key": "paper_ro_ellipsoid_n500_d200",
  "config": "paper_ro_ellipsoid",
  "n": 500,
  "split": 0.5,
  "d": 200,
  "reps": 500,
  "alpha": null,
  "beta": null,
  "dgp_params": null,
  "folds": null,
  "mesh_p": null,
  "elapsed_s": 513.1250007152557,
  "summaries": {
    "NV": {
      "method": "NV",
      "n_reps": 500,
      "target": 0.95,
      "coverage": 1.0,
      "coverage_lo": 0.9923756595384479,
      "coverage_hi": 1.0,
      "coverage_gap": 0.050000000000000044,
      "meets_target": true,
      "significantly_below": false,
      "mean_obj": -182.8854242276263,
      "obj_se": 0.049432601215817364,
      "mean_oracle_gap": 8.526512829121202e-16,
      "oracle_gap_se": 1.6139550672384792e-15,
      "mean_rel_oracle_gap": 4.719755934333963e-18,
      "mean_excess_s": 0.0,
      "selected_s_std": 0.02699843304806392,
      "failure_rate": 0.0,
      "n_failed": 0
    },
    "UG": {
      "method": "UG",
      "n_reps": 500,
      "target": 0.95,
      "coverage": 1.0,
      "coverage_lo": 0.9923756595384479,
      "coverage_hi": 1.0,
      "coverage_gap": 0.050000000000000044,
      "meets_target": true,
      "significantly_below": false,
      "mean_obj": -182.8854242276263,
      "obj_se": 0.049432601215817364,
      "mean_oracle_gap": 8.526512829121202e-16,
      "oracle_gap_se": 1.6139550672384792e-15,
      "mean_rel_oracle_gap": 4.719755934333963e-18,
      "mean_excess_s": 0.0,
      "selected_s_std": 0.02699843304806392,
      "failure_rate": 0.0,
      "n_failed": 0
    },
    "NGS": {
      "method": "NGS",
      "n_reps": 500,
      "target": 0.95,
      "coverage": 1.0,
      "coverage_lo": 0.9923756595384479,
      "coverage_hi": 1.0,
      "coverage_gap": 0.050000000000000044,
      "meets_target": true,
      "significantly_below": false,
      "mean_obj": -182.8854242276263,
      "obj_se": 0.049432601215817364,
      "mean_oracle_gap": 8.526512829121202e-16,
      "oracle_gap_se": 1.6139550672384792e-15,
      "mean_rel_oracle_gap": 4.719755934333963e-18,
      "mean_excess_s": 0.0,
      "selected_s_std": 0.02699843304806392,
      "failure_rate": 0.0,
      "n_failed": 0
    },
    "UNGS": {
      "method": "UNGS",
      "n_reps": 500,
      "target": 0.95,
      "coverage": 1.0,
      "coverage_lo": 0.9923756595384479,
      "coverage_hi": 1.0,
      "coverage_gap": 0.050000000000000044,
      "meets_target": true,
      "significantly_below": false,
      "mean_obj": -182.8854242276263,
      "obj_se": 0.049432601215817364,
      "mean_oracle_gap": 8.526512829121202e-16,
      "oracle_gap_se": 1.6139550672384792e-15,
      "mean_rel_oracle_gap": 4.719755934333963e-18,
      "mean_excess_s": 0.0,
      "selected_s_std": 0.02699843304806392,
      "failure_rate": 0.0,
      "n_failed": 0
    },
    "benchmark": {
      "method": "benchmark",
      "n_reps": 500,
      "target": 0.95,
      "coverage": 1.0,
      "coverage_lo": 0.9923756595384479,
      "coverage_hi": 1.0,
      "coverage_gap": 0.050000000000000044,
      "meets_target": true,
      "significantly_below": false,
      "mean_obj": -187.3264277616216,
      "obj_se": 2.544660907437021e-15,
      "mean_oracle_gap": -4.441003533995222,
      "oracle_gap_se": 0.049432601215817294,
      "mean_rel_oracle_gap": -0.02432030258160378,
      "mean_excess_s": NaN,
      "selected_s_std": NaN,
      "failure_rate": 0.0,
      "n_failed": 0
    },
    "_n_replication_errors": 0
  }
}