{
  "key": "paper_ro_ellipsoid_n2000_d100",
  "config": "paper_ro_ellipsoid",
  "n": 2000,
  "split": 0.5,
  "d": 100,
  "reps": 500,
  "alpha": null,
  "beta": null,
  "dgp_params": null,
  "folds": null,
  "mesh_p": null,
  "elapsed_s": 83.52748560905457,
  "summaries": {
    "NV": {
      "method": "NV",
      "n_reps": 500,
      "target": 0.95,
      "coverage": 1.0,
      "coverage_lo": 0.9923756595384479,
      "coverage_hi": 1.0,
      "coverage_gap": 0.050000000000000044,
      "meets_target": true,
      "significantly_below": false,
      "mean_obj": -89.18905609351019,
      "obj_se": 0.015395838245215331,
      "mean_oracle_gap": -5.684341886080802e-17,
      "oracle_gap_se": 6.075241355943348e-16,
      "mean_rel_oracle_gap": -6.483871858093902e-19,
      "mean_excess_s": 0.0,
      "selected_s_std": 0.025848186083385547,
      "failure_rate": 0.0,
      "n_failed": 0
    },
    "UG": {
      "method": "UG",
      "n_reps": 500,
      "target": 0.95,
      "coverage": 1.0,
      "coverage_lo": 0.9923756595384479,
      "coverage_hi": 1.0,
      "coverage_gap": 0.050000000000000044,
      "meets_target": true,
      "significantly_below": false,
      "mean_obj": -89.18905609351019,
      "obj_se": 0.015395838245215331,
      "mean_oracle_gap": -5.684341886080802e-17,
      "oracle_gap_se": 6.075241355943348e-16,
      "mean_rel_oracle_gap": -6.483871858093902e-19,
      "mean_excess_s": 0.0,
      "selected_s_std": 0.025848186083385547,
      "failure_rate": 0.0,
      "n_failed": 0
    },
    "NGS": {
      "method": "NGS",
      "n_reps": 500,
      "target": 0.95,
      "coverage": 1.0,
      "coverage_lo": 0.9923756595384479,
      "coverage_hi": 1.0,
      "coverage_gap": 0.050000000000000044,
      "meets_target": true,
      "significantly_below": false,
      "mean_obj": -89.18905609351019,
      "obj_se": 0.015395838245215331,
      "mean_oracle_gap": -5.684341886080802e-17,
      "oracle_gap_se": 6.075241355943348e-16,
      "mean_rel_oracle_gap": -6.483871858093902e-19,
      "mean_excess_s": 0.0,
      "selected_s_std": 0.025848186083385547,
      "failure_rate": 0.0,
      "n_failed": 0
    },
    "UNGS": {
      "method": "UNGS",
      "n_reps": 500,
      "target": 0.95,
      "coverage": 1.0,
      "coverage_lo": 0.9923756595384479,
      "coverage_hi": 1.0,
      "coverage_gap": 0.050000000000000044,
      "meets_target": true,
      "significantly_below": false,
      "mean_obj": -89.18905609351019,
      "obj_se": 0.015395838245215331,
      "mean_oracle_gap": -5.684341886080802e-17,
      "oracle_gap_se": 6.075241355943348e-16,
      "mean_rel_oracle_gap": -6.483871858093902e-19,
      "mean_excess_s": 0.0,
      "selected_s_std": 0.025848186083385547,
      "failure_rate": 0.0,
      "n_failed": 0
    },
    "benchmark": {
      "method": "benchmark",
      "n_reps": 500,
      "target": 0.95,
      "coverage": 1.0,
      "coverage_lo": 0.9923756595384479,
      "coverage_hi": 1.0,
      "coverage_gap": 0.050000000000000044,
      "meets_target": true,
      "significantly_below": false,
      "mean_obj": -89.83596171629073,
      "obj_se": 0.0,
      "mean_oracle_gap": -0.6469056227805585,
      "oracle_gap_se": 0.015395838245215343,
      "mean_rel_oracle_gap": -0.007268170552278397,
      "mean_excess_s": NaN,
      "selected_s_std": NaN,
      "failure_rate": 0.0,
      "n_failed": 0
    },
    "_n_replication_errors": 0
  }
}