{
  "key": "paper_ro_ellipsoid_n200_d200",
  "config": "paper_ro_ellipsoid",
  "n": 200,
  "split": 0.5,
  "d": 200,
  "reps": 500,
  "alpha": null,
  "beta": null,
  "dgp_params": null,
  "folds": null,
  "mesh_p": null,
  "elapsed_s": 536.2048571109772,
  "summaries": {
    "NV": {
      "method": "NV",
      "n_reps": 500,
      "target": 0.95,
      "coverage": 1.0,
      "coverage_lo": 0.9923756595384479,
      "coverage_hi": 1.0,
      "coverage_gap": 0.050000000000000044,
      "meets_target": true,
      "significantly_below": false,
      "mean_obj": -190.01844611422968,
      "obj_se": 0.06193108377894264,
      "mean_oracle_gap": 0.010414876169954426,
      "oracle_gap_se": 0.010414876169955622,
      "mean_rel_oracle_gap": 5.418547457895303e-05,
      "mean_excess_s": 0.009440801265479998,
      "selected_s_std": 0.2111027175761418,
      "failure_rate": 0.0,
      "n_failed": 0
    },
    "UG": {
      "method": "UG",
      "n_reps": 500,
      "target": 0.95,
      "coverage": 1.0,
      "coverage_lo": 0.9923756595384479,
      "coverage_hi": 1.0,
      "coverage_gap": 0.050000000000000044,
      "meets_target": true,
      "significantly_below": false,
      "mean_obj": -189.58146131536975,
      "obj_se": 0.07991257154456367,
      "mean_oracle_gap": 0.4473996750298898,
      "oracle_gap_se": 0.06624446948277733,
      "mean_rel_oracle_gap": 0.00234197789590394,
      "mean_excess_s": 0.39651368397915365,
      "selected_s_std": 1.3106930697906234,
      "failure_rate": 0.0,
      "n_failed": 0
    },
    "NGS": {
      "method": "NGS",
      "n_reps": 500,
      "target": 0.95,
      "coverage": 1.0,
      "coverage_lo": 0.9923756595384479,
      "coverage_hi": 1.0,
      "coverage_gap": 0.050000000000000044,
      "meets_target": true,
      "significantly_below": false,
      "mean_obj": -189.18196356949798,
      "obj_se": 0.08794726534016882,
      "mean_oracle_gap": 0.8468974209016601,
      "oracle_gap_se": 0.08794127766716149,
      "mean_rel_oracle_gap": 0.004430633084448026,
      "mean_excess_s": 0.7552641598439138,
      "selected_s_std": 1.7578494159402291,
      "failure_rate": 0.0,
      "n_failed": 0
    },
    "UNGS": {
      "method": "UNGS",
      "n_reps": 500,
      "target": 0.95,
      "coverage": 1.0,
      "coverage_lo": 0.9923756595384479,
      "coverage_hi": 1.0,
      "coverage_gap": 0.050000000000000044,
      "meets_target": true,
      "significantly_below": false,
      "mean_obj": -189.4178224301109,
      "obj_se": 0.08292036572286605,
      "mean_oracle_gap": 0.6110385602887027,
      "oracle_gap_se": 0.07667973518283076,
      "mean_rel_oracle_gap": 0.0031962596019167035,
      "mean_excess_s": 0.5475665168738432,
      "selected_s_std": 1.5423329064270175,
      "failure_rate": 0.0,
      "n_failed": 0
    },
    "benchmark": {
      "method": "benchmark",
      "n_reps": 500,
      "target": 0.95,
      "coverage": 1.0,
      "coverage_lo": 0.9923756595384479,
      "coverage_hi": 1.0,
      "coverage_gap": 0.050000000000000044,
      "meets_target": true,
      "significantly_below": false,
      "mean_obj": -187.3264277616216,
      "obj_se": 2.544660907437021e-15,
      "mean_oracle_gap": 2.702433228778079,
      "oracle_gap_se": 0.06178955423994946,
      "mean_rel_oracle_gap": 0.014169079617035769,
      "mean_excess_s": null,
      "selected_s_std": null,
      "failure_rate": 0.0,
      "n_failed": 0
    },
    "_n_replication_errors": 0
  }
}