{
  "key": "paper_so_n2000_d200",
  "config": "paper_so",
  "n": 2000,
  "split": 0.5,
  "d": 200,
  "reps": 500,
  "alpha": null,
  "beta": null,
  "dgp_params": null,
  "folds": null,
  "mesh_p": 60,
  "elapsed_s": 155.04470467567444,
  "summaries": {
    "NV": {
      "method": "NV",
      "n_reps": 500,
      "target": 0.95,
      "coverage": 0.896,
      "coverage_lo": 0.8661557291243417,
      "coverage_hi": 0.919805793230109,
      "coverage_gap": -0.05399999999999994,
      "meets_target": false,
      "significantly_below": true,
      "mean_obj": -193.74802812580876,
      "obj_se": 0.06680312174717627,
      "mean_oracle_gap": 0.017998069039032144,
      "oracle_gap_se": 0.04236655755996713,
      "mean_rel_oracle_gap": 8.259318870516152e-05,
      "mean_excess_s": 0.272,
      "selected_s_std": 24.815185731438152,
      "failure_rate": 0.0,
      "n_failed": 0
    },
    "UG": {
      "method": "UG",
      "n_reps": 500,
      "target": 0.95,
      "coverage": 0.996,
      "coverage_lo": 0.9855342847848231,
      "coverage_hi": 0.9989023694773173,
      "coverage_gap": 0.04600000000000004,
      "meets_target": true,
      "significantly_below": false,
      "mean_obj": -193.09648366623324,
      "obj_se": 0.0602866777980204,
      "mean_oracle_gap": 0.6695425286145078,
      "oracle_gap_se": 0.04862707192904716,
      "mean_rel_oracle_gap": 0.0034359998551221358,
      "mean_excess_s": 14.582,
      "selected_s_std": 35.081158637974966,
      "failure_rate": 0.0,
      "n_failed": 0
    },
    "NGS": {
      "method": "NGS",
      "n_reps": 500,
      "target": 0.95,
      "coverage": 1.0,
      "coverage_lo": 0.9923756595384479,
      "coverage_hi": 1.0,
      "coverage_gap": 0.050000000000000044,
      "meets_target": true,
      "significantly_below": false,
      "mean_obj": -192.7499900782663,
      "obj_se": 0.05885784801971003,
      "mean_oracle_gap": 1.0160361165814662,
      "oracle_gap_se": 0.0573844162778878,
      "mean_rel_oracle_gap": 0.0052169499872229555,
      "mean_excess_s": 22.704,
      "selected_s_std": 40.33363942093344,
      "failure_rate": 0.0,
      "n_failed": 0
    },
    "UNGS": {
      "method": "UNGS",
      "n_reps": 500,
      "target": 0.95,
      "coverage": 1.0,
      "coverage_lo": 0.9923756595384479,
      "coverage_hi": 1.0,
      "coverage_gap": 0.050000000000000044,
      "meets_target": true,
      "significantly_below": false,
      "mean_obj": -192.68252666965085,
      "obj_se": 0.06066168670855044,
      "mean_oracle_gap": 1.083499525196926,
      "oracle_gap_se": 0.06016992952381176,
      "mean_rel_oracle_gap": 0.005564382981329087,
      "mean_excess_s": 25.084,
      "selected_s_std": 42.768461588105154,
      "failure_rate": 0.0,
      "n_failed": 0
    },
    "benchmark": {
      "method": "benchmark",
      "n_reps": 500,
      "target": 0.95,
      "coverage": 1.0,
      "coverage_lo": 0.9923756595384479,
      "coverage_hi": 1.0,
      "coverage_gap": 0.050000000000000044,
      "meets_target": true,
      "significantly_below": false,
      "mean_obj": -185.1009465618604,
      "obj_se": 0.042962155688032216,
      "mean_oracle_gap": 8.66507963298737,
      "oracle_gap_se": 0.07530217261715333,
      "mean_rel_oracle_gap": 0.044667823652889446,
      "mean_excess_s": NaN,
      "selected_s_std": NaN,
      "failure_rate": 0.0,
      "n_failed": 0
    },
    "_n_replication_errors": 0
  }
}