{
  "key": "paper_dro_moment_n500_d20",
  "config": "paper_dro_moment",
  "n": 500,
  "split": 0.5,
  "d": 20,
  "reps": 300,
  "alpha": null,
  "beta": null,
  "dgp_params": null,
  "folds": null,
  "mesh_p": null,
  "elapsed_s": 335.9520745277405,
  "summaries": {
    "NV": {
      "method": "NV",
      "n_reps": 300,
      "target": 0.95,
      "coverage": 1.0,
      "coverage_lo": 0.9873570287754538,
      "coverage_hi": 0.9999999999999998,
      "coverage_gap": 0.050000000000000044,
      "meets_target": true,
      "significantly_below": false,
      "mean_obj": -5.090984577987282,
      "obj_se": 0.005098389791643346,
      "mean_oracle_gap": -2.960594732333751e-18,
      "oracle_gap_se": 2.859813331474816e-17,
      "mean_rel_oracle_gap": -5.817315250809437e-19,
      "mean_excess_s": 0.0,
      "selected_s_std": 1.1120780351495294e-16,
      "failure_rate": 0.0,
      "n_failed": 0
    },
    "UG": {
      "method": "UG",
      "n_reps": 300,
      "target": 0.95,
      "coverage": 1.0,
      "coverage_lo": 0.9873570287754538,
      "coverage_hi": 0.9999999999999998,
      "coverage_gap": 0.050000000000000044,
      "meets_target": true,
      "significantly_below": false,
      "mean_obj": -5.090984577987282,
      "obj_se": 0.005098389791643346,
      "mean_oracle_gap": -2.960594732333751e-18,
      "oracle_gap_se": 2.859813331474816e-17,
      "mean_rel_oracle_gap": -5.817315250809437e-19,
      "mean_excess_s": 0.0,
      "selected_s_std": 1.1120780351495294e-16,
      "failure_rate": 0.0,
      "n_failed": 0
    },
    "NGS": {
      "method": "NGS",
      "n_reps": 300,
      "target": 0.95,
      "coverage": 1.0,
      "coverage_lo": 0.9873570287754538,
      "coverage_hi": 0.9999999999999998,
      "coverage_gap": 0.050000000000000044,
      "meets_target": true,
      "significantly_below": false,
      "mean_obj": -5.090984577987282,
      "obj_se": 0.005098389791643346,
      "mean_oracle_gap": -2.960594732333751e-18,
      "oracle_gap_se": 2.859813331474816e-17,
      "mean_rel_oracle_gap": -5.817315250809437e-19,
      "mean_excess_s": 0.0,
      "selected_s_std": 1.1120780351495294e-16,
      "failure_rate": 0.0,
      "n_failed": 0
    },
    "UNGS": {
      "method": "UNGS",
      "n_reps": 300,
      "target": 0.95,
      "coverage": 1.0,
      "coverage_lo": 0.9873570287754538,
      "coverage_hi": 0.9999999999999998,
      "coverage_gap": 0.050000000000000044,
      "meets_target": true,
      "significantly_below": false,
      "mean_obj": -5.090984577987282,
      "obj_se": 0.005098389791643346,
      "mean_oracle_gap": -2.960594732333751e-18,
      "oracle_gap_se": 2.859813331474816e-17,
      "mean_rel_oracle_gap": -5.817315250809437e-19,
      "mean_excess_s": 0.0,
      "selected_s_std": 1.1120780351495294e-16,
      "failure_rate": 0.0,
      "n_failed": 0
    },
    "benchmark": {
      "method": "benchmark",
      "n_reps": 300,
      "target": 0.95,
      "coverage": 1.0,
      "coverage_lo": 0.9873570287754538,
      "coverage_hi": 0.9999999999999998,
      "coverage_gap": 0.050000000000000044,
      "meets_target": true,
      "significantly_below": false,
      "mean_obj": -2.4001791999104256,
      "obj_se": 0.003048708234121769,
      "mean_oracle_gap": 2.6908053780768557,
      "oracle_gap_se": 0.0048471149121165685,
      "mean_rel_oracle_gap": 0.5284703970907607,
      "mean_excess_s": NaN,
      "selected_s_std": NaN,
      "failure_rate": 0.0,
      "n_failed": 0
    },
    "_n_replication_errors": 0
  }
}