{
  "key": "paper_dro_moment_n200_d20",
  "config": "paper_dro_moment",
  "n": 200,
  "split": 0.5,
  "d": 20,
  "reps": 300,
  "alpha": null,
  "beta": null,
  "dgp_params": null,
  "folds": null,
  "mesh_p": null,
  "elapsed_s": 322.25543785095215,
  "summaries": {
    "NV": {
      "method": "NV",
      "n_reps": 300,
      "target": 0.95,
      "coverage": 1.0,
      "coverage_lo": 0.9873570287754538,
      "coverage_hi": 0.9999999999999998,
      "coverage_gap": 0.050000000000000044,
      "meets_target": true,
      "significantly_below": false,
      "mean_obj": -5.217527829701456,
      "obj_se": 0.008440885557696285,
      "mean_oracle_gap": -1.7763568394002505e-17,
      "oracle_gap_se": 3.108589105697069e-17,
      "mean_rel_oracle_gap": -3.2420939429315173e-18,
      "mean_excess_s": 0.0,
      "selected_s_std": 1.1120780351495294e-16,
      "failure_rate": 0.0,
      "n_failed": 0
    },
    "UG": {
      "method": "UG",
      "n_reps": 300,
      "target": 0.95,
      "coverage": 1.0,
      "coverage_lo": 0.9873570287754538,
      "coverage_hi": 0.9999999999999998,
      "coverage_gap": 0.050000000000000044,
      "meets_target": true,
      "significantly_below": false,
      "mean_obj": -5.217527829701456,
      "obj_se": 0.008440885557696285,
      "mean_oracle_gap": -1.7763568394002505e-17,
      "oracle_gap_se": 3.108589105697069e-17,
      "mean_rel_oracle_gap": -3.2420939429315173e-18,
      "mean_excess_s": 0.0,
      "selected_s_std": 1.1120780351495294e-16,
      "failure_rate": 0.0,
      "n_failed": 0
    },
    "NGS": {
      "method": "NGS",
      "n_reps": 300,
      "target": 0.95,
      "coverage": 1.0,
      "coverage_lo": 0.9873570287754538,
      "coverage_hi": 0.9999999999999998,
      "coverage_gap": 0.050000000000000044,
      "meets_target": true,
      "significantly_below": false,
      "mean_obj": -5.217527829701456,
      "obj_se": 0.008440885557696285,
      "mean_oracle_gap": -1.7763568394002505e-17,
      "oracle_gap_se": 3.108589105697069e-17,
      "mean_rel_oracle_gap": -3.2420939429315173e-18,
      "mean_excess_s": 0.0,
      "selected_s_std": 1.1120780351495294e-16,
      "failure_rate": 0.0,
      "n_failed": 0
    },
    "UNGS": {
      "method": "UNGS",
      "n_reps": 300,
      "target": 0.95,
      "coverage": 1.0,
      "coverage_lo": 0.9873570287754538,
      "coverage_hi": 0.9999999999999998,
      "coverage_gap": 0.050000000000000044,
      "meets_target": true,
      "significantly_below": false,
      "mean_obj": -5.217527829701456,
      "obj_se": 0.008440885557696285,
      "mean_oracle_gap": -1.7763568394002505e-17,
      "oracle_gap_se": 3.108589105697069e-17,
      "mean_rel_oracle_gap": -3.2420939429315173e-18,
      "mean_excess_s": 0.0,
      "selected_s_std": 1.1120780351495294e-16,
      "failure_rate": 0.0,
      "n_failed": 0
    },
    "benchmark": {
      "method": "benchmark",
      "n_reps": 300,
      "target": 0.95,
      "coverage": 1.0,
      "coverage_lo": 0.9873570287754538,
      "coverage_hi": 0.9999999999999998,
      "coverage_gap": 0.050000000000000044,
      "meets_target": true,
      "significantly_below": false,
      "mean_obj": -2.5975895635135733,
      "obj_se": 0.005449096552190251,
      "mean_oracle_gap": 2.6199382661878827,
      "oracle_gap_se": 0.007933949612492597,
      "mean_rel_oracle_gap": 0.5019617001020285,
      "mean_excess_s": NaN,
      "selected_s_std": NaN,
      "failure_rate": 0.0,
      "n_failed": 0
    },
    "_n_replication_errors": 0
  }
}