{
  "key": "paper_saa_n500_d50",
  "config": "paper_saa",
  "n": 500,
  "split": 0.5,
  "d": 50,
  "reps": 300,
  "alpha": null,
  "beta": null,
  "dgp_params": null,
  "folds": null,
  "mesh_p": null,
  "elapsed_s": 132.571391582489,
  "summaries": {
    "NV": {
      "method": "NV",
      "n_reps": 300,
      "target": 0.95,
      "coverage": 0.45666666666666667,
      "coverage_lo": 0.40120290256178365,
      "coverage_hi": 0.5132261549443436,
      "coverage_gap": -0.4933333333333333,
      "meets_target": false,
      "significantly_below": true,
      "mean_obj": -45.804055917615315,
      "obj_se": 0.02712358382917675,
      "mean_oracle_gap": -0.09635295211596127,
      "oracle_gap_se": 0.02760317885644907,
      "mean_rel_oracle_gap": -0.0021112771832688037,
      "mean_excess_s": -0.004400000000000001,
      "selected_s_std": 0.020868816783309492,
      "failure_rate": 0.0,
      "n_failed": 0
    },
    "UG": {
      "method": "UG",
      "n_reps": 300,
      "target": 0.95,
      "coverage": 0.9566666666666667,
      "coverage_lo": 0.9272825343659885,
      "coverage_hi": 0.9745035519155927,
      "coverage_gap": 0.00666666666666671,
      "meets_target": true,
      "significantly_below": false,
      "mean_obj": -44.94756247564036,
      "obj_se": 0.032004957976699076,
      "mean_oracle_gap": 0.7601404898589988,
      "oracle_gap_se": 0.032645007323713664,
      "mean_rel_oracle_gap": 0.016626181184517006,
      "mean_excess_s": 0.01912,
      "selected_s_std": 0.016268099430660043,
      "failure_rate": 0.0,
      "n_failed": 0
    },
    "NGS": {
      "method": "NGS",
      "n_reps": 300,
      "target": 0.95,
      "coverage": 0.9866666666666667,
      "coverage_lo": 0.9662244697474675,
      "coverage_hi": 0.9948030382606411,
      "coverage_gap": 0.036666666666666736,
      "meets_target": true,
      "significantly_below": false,
      "mean_obj": -44.52878324269701,
      "obj_se": 0.03525202211925472,
      "mean_oracle_gap": 1.1789197228023491,
      "oracle_gap_se": 0.03572778613564378,
      "mean_rel_oracle_gap": 0.025788862530472776,
      "mean_excess_s": 0.02721333333333334,
      "selected_s_std": 0.013172526390370858,
      "failure_rate": 0.0,
      "n_failed": 0
    },
    "UNGS": {
      "method": "UNGS",
      "n_reps": 300,
      "target": 0.95,
      "coverage": 0.99,
      "coverage_lo": 0.9710165066376601,
      "coverage_hi": 0.9965933815622847,
      "coverage_gap": 0.040000000000000036,
      "meets_target": true,
      "significantly_below": false,
      "mean_obj": -44.22661621063232,
      "obj_se": 0.038168632519063335,
      "mean_oracle_gap": 1.481086754867031,
      "oracle_gap_se": 0.03820846070154151,
      "mean_rel_oracle_gap": 0.03240194287132186,
      "mean_excess_s": 0.03164,
      "selected_s_std": 0.011929327379529083,
      "failure_rate": 0.0,
      "n_failed": 0
    },
    "_n_replication_errors": 0
  }
}