{
  "key": "paper_dro_wasserstein_n100_d50",
  "config": "paper_dro_wasserstein",
  "n": 100,
  "split": 0.5,
  "d": 50,
  "reps": 300,
  "alpha": null,
  "beta": null,
  "dgp_params": null,
  "folds": null,
  "mesh_p": null,
  "elapsed_s": 27.968843460083008,
  "summaries": {
    "NV": {
      "method": "NV",
      "n_reps": 300,
      "target": 0.95,
      "coverage": 0.47,
      "coverage_lo": 0.4142588116594049,
      "coverage_hi": 0.5264997666140677,
      "coverage_gap": -0.48,
      "meets_target": false,
      "significantly_below": true,
      "mean_obj": -45.56455590336729,
      "obj_se": 0.08789266579026324,
      "mean_oracle_gap": -0.34713101459919044,
      "oracle_gap_se": 0.08864863473820357,
      "mean_rel_oracle_gap": -0.007722383222394074,
      "mean_excess_s": -0.009426178722485827,
      "selected_s_std": 0.139028923581503,
      "failure_rate": 0.0,
      "n_failed": 0
    },
    "UG": {
      "method": "UG",
      "n_reps": 300,
      "target": 0.95,
      "coverage": 0.9033333333333333,
      "coverage_lo": 0.8646182980304887,
      "coverage_hi": 0.9318497051817106,
      "coverage_gap": -0.046666666666666634,
      "meets_target": false,
      "significantly_below": true,
      "mean_obj": -43.10099100992726,
      "obj_se": 0.11702082211032495,
      "mean_oracle_gap": 2.116433878840836,
      "oracle_gap_se": 0.11846192690118032,
      "mean_rel_oracle_gap": 0.04674872956937386,
      "mean_excess_s": 0.2058479037838242,
      "selected_s_std": 0.2221534710019635,
      "failure_rate": 0.0,
      "n_failed": 0
    },
    "NGS": {
      "method": "NGS",
      "n_reps": 300,
      "target": 0.95,
      "coverage": 0.9466666666666667,
      "coverage_lo": 0.9151308582251686,
      "coverage_hi": 0.9669080874809034,
      "coverage_gap": -0.0033333333333332993,
      "meets_target": false,
      "significantly_below": false,
      "mean_obj": -42.19709625338458,
      "obj_se": 0.12768608227548428,
      "mean_oracle_gap": 3.020328635383526,
      "oracle_gap_se": 0.12685661178784194,
      "mean_rel_oracle_gap": 0.0667804802437761,
      "mean_excess_s": 0.30006665378382424,
      "selected_s_std": 0.2529594162580671,
      "failure_rate": 0.0,
      "n_failed": 0
    },
    "UNGS": {
      "method": "UNGS",
      "n_reps": 300,
      "target": 0.95,
      "coverage": 0.98,
      "coverage_lo": 0.9570603791821394,
      "coverage_hi": 0.9908023684422963,
      "coverage_gap": 0.030000000000000027,
      "meets_target": true,
      "significantly_below": false,
      "mean_obj": -33.00692680337243,
      "obj_se": 0.4121994193116416,
      "mean_oracle_gap": 12.21049808539566,
      "oracle_gap_se": 0.4081117031516912,
      "mean_rel_oracle_gap": 0.2702703249267984,
      "mean_excess_s": 1.8171343376122278,
      "selected_s_std": 1.2388670005255962,
      "failure_rate": 0.0,
      "n_failed": 0
    },
    "_n_replication_errors": 0
  }
}