{
  "key": "paper_saa_n200_d50",
  "config": "paper_saa",
  "n": 200,
  "split": 0.5,
  "d": 50,
  "reps": 300,
  "alpha": null,
  "beta": null,
  "dgp_params": null,
  "folds": null,
  "mesh_p": null,
  "elapsed_s": 6.841445207595825,
  "summaries": {
    "NV": {
      "method": "NV",
      "n_reps": 300,
      "target": 0.95,
      "coverage": 0.4166666666666667,
      "coverage_lo": 0.3622760916643605,
      "coverage_hi": 0.47316440353973044,
      "coverage_gap": -0.5333333333333332,
      "meets_target": false,
      "significantly_below": true,
      "mean_obj": -45.85539320749663,
      "obj_se": 0.044878431146169934,
      "mean_oracle_gap": -0.33818550290848537,
      "oracle_gap_se": 0.05042654025373067,
      "mean_rel_oracle_gap": -0.007481415131930874,
      "mean_excess_s": -0.011464684014869891,
      "selected_s_std": 0.0256145722182113,
      "failure_rate": 0.0,
      "n_failed": 0
    },
    "UG": {
      "method": "UG",
      "n_reps": 300,
      "target": 0.95,
      "coverage": 0.7533333333333333,
      "coverage_lo": 0.7015546972961404,
      "coverage_hi": 0.7987061972834228,
      "coverage_gap": -0.19666666666666666,
      "meets_target": false,
      "significantly_below": true,
      "mean_obj": -45.14372507711248,
      "obj_se": 0.0468845749500206,
      "mean_oracle_gap": 0.44279952053688654,
      "oracle_gap_se": 0.048610708928370695,
      "mean_rel_oracle_gap": 0.009697254405559817,
      "mean_excess_s": 0.008520446096654274,
      "selected_s_std": 0.013570536646829523,
      "failure_rate": 0.0,
      "n_failed": 0
    },
    "NGS": {
      "method": "NGS",
      "n_reps": 300,
      "target": 0.95,
      "coverage": 0.81,
      "coverage_lo": 0.7617962081751881,
      "coverage_hi": 0.8503651496655933,
      "coverage_gap": -0.1399999999999999,
      "meets_target": false,
      "significantly_below": true,
      "mean_obj": -44.984186723809486,
      "obj_se": 0.04779265211079133,
      "mean_oracle_gap": 0.6201095932096218,
      "oracle_gap_se": 0.047460133349885344,
      "mean_rel_oracle_gap": 0.013600695158236767,
      "mean_excess_s": 0.011881040892193308,
      "selected_s_std": 0.010485269169898183,
      "failure_rate": 0.0,
      "n_failed": 0
    },
    "UNGS": {
      "method": "UNGS",
      "n_reps": 300,
      "target": 0.95,
      "coverage": 0.8366666666666667,
      "coverage_lo": 0.7906268325698749,
      "coverage_hi": 0.8741935668055973,
      "coverage_gap": -0.11333333333333329,
      "meets_target": false,
      "significantly_below": true,
      "mean_obj": -44.89980130476828,
      "obj_se": 0.04998022187726701,
      "mean_oracle_gap": 0.7142197259693233,
      "oracle_gap_se": 0.048229849423529314,
      "mean_rel_oracle_gap": 0.01567676695816886,
      "mean_excess_s": 0.013263940520446096,
      "selected_s_std": 0.008791147873654204,
      "failure_rate": 0.0,
      "n_failed": 0
    },
    "_n_replication_errors": 0
  }
}