{
  "key": "paper_dro_moment_n500_d20",
  "config": "paper_dro_moment",
  "n": 500,
  "split": 0.5,
  "d": 20,
  "reps": 300,
  "alpha": null,
  "beta": null,
  "dgp_params": null,
  "folds": null,
  "mesh_p": null,
  "elapsed_s": 28.483166694641113,
  "summaries": {
    "NV": {
      "method": "NV",
      "n_reps": 300,
      "target": 0.95,
      "coverage": 1.0,
      "coverage_lo": 0.9873570287754538,
      "coverage_hi": 0.9999999999999998,
      "coverage_gap": 0.050000000000000044,
      "meets_target": true,
      "significantly_below": false,
      "mean_obj": -14.076055145262181,
      "obj_se": 0.013923781791990447,
      "mean_oracle_gap": -7.697546304067752e-17,
      "oracle_gap_se": 8.765905031116262e-17,
      "mean_rel_oracle_gap": -5.43769122458528e-18,
      "mean_excess_s": 0.0,
      "selected_s_std": 0.0,
      "failure_rate": 0.0,
      "n_failed": 0,
      "n_attempted": 300
    },
    "UG": {
      "method": "UG",
      "n_reps": 300,
      "target": 0.95,
      "coverage": 1.0,
      "coverage_lo": 0.9873570287754538,
      "coverage_hi": 0.9999999999999998,
      "coverage_gap": 0.050000000000000044,
      "meets_target": true,
      "significantly_below": false,
      "mean_obj": -14.076055145262181,
      "obj_se": 0.013923781791990447,
      "mean_oracle_gap": -7.697546304067752e-17,
      "oracle_gap_se": 8.765905031116262e-17,
      "mean_rel_oracle_gap": -5.43769122458528e-18,
      "mean_excess_s": 0.0,
      "selected_s_std": 0.0,
      "failure_rate": 0.0,
      "n_failed": 0,
      "n_attempted": 300
    },
    "NGS": {
      "method": "NGS",
      "n_reps": 300,
      "target": 0.95,
      "coverage": 1.0,
      "coverage_lo": 0.9873570287754538,
      "coverage_hi": 0.9999999999999998,
      "coverage_gap": 0.050000000000000044,
      "meets_target": true,
      "significantly_below": false,
      "mean_obj": -14.076055145262181,
      "obj_se": 0.013923781791990447,
      "mean_oracle_gap": -7.697546304067752e-17,
      "oracle_gap_se": 8.765905031116262e-17,
      "mean_rel_oracle_gap": -5.43769122458528e-18,
      "mean_excess_s": 0.0,
      "selected_s_std": 0.0,
      "failure_rate": 0.0,
      "n_failed": 0,
      "n_attempted": 300
    },
    "UNGS": {
      "method": "UNGS",
      "n_reps": 300,
      "target": 0.95,
      "coverage": 1.0,
      "coverage_lo": 0.9873570287754538,
      "coverage_hi": 0.9999999999999998,
      "coverage_gap": 0.050000000000000044,
      "meets_target": true,
      "significantly_below": false,
      "mean_obj": -14.076055145262181,
      "obj_se": 0.013923781791990447,
      "mean_oracle_gap": -7.697546304067752e-17,
      "oracle_gap_se": 8.765905031116262e-17,
      "mean_rel_oracle_gap": -5.43769122458528e-18,
      "mean_excess_s": 0.0,
      "selected_s_std": 0.0,
      "failure_rate": 0.0,
      "n_failed": 0,
      "n_attempted": 300
    },
    "benchmark": {
      "method": "benchmark",
      "n_reps": 300,
      "target": 0.95,
      "coverage": 1.0,
      "coverage_lo": 0.9873570287754538,
      "coverage_hi": 0.9999999999999998,
      "coverage_gap": 0.050000000000000044,
      "meets_target": true,
      "significantly_below": false,
      "mean_obj": -5.43148609417472,
      "obj_se": 0.003831570387648797,
      "mean_oracle_gap": 8.644569051087458,
      "oracle_gap_se": 0.012591946023655137,
      "mean_rel_oracle_gap": 0.6140575834646327,
      "mean_excess_s": null,
      "selected_s_std": null,
      "failure_rate": 0.0,
      "n_failed": 0,
      "n_attempted": 300
    },
    "_n_replication_errors": 0
  },
  "_provenance": {
    "git_commit": "d34ff2286f94f415327062e8df3721cd49ec3996",
    "git_dirty": true,
    "versions": {
      "numpy": "2.5.1",
      "scipy": "1.18.0",
      "cvxpy": "1.9.2",
      "gurobipy": "13.0.2"
    },
    "timestamp": null
  }
}