{
  "key": "paper_dro_moment_n500_d30",
  "config": "paper_dro_moment",
  "n": 500,
  "split": 0.5,
  "d": 30,
  "reps": 300,
  "alpha": null,
  "beta": null,
  "dgp_params": null,
  "folds": null,
  "mesh_p": null,
  "elapsed_s": 400.6059911251068,
  "summaries": {
    "NV": {
      "method": "NV",
      "n_reps": 300,
      "target": 0.95,
      "coverage": 1.0,
      "coverage_lo": 0.9873570287754538,
      "coverage_hi": 0.9999999999999998,
      "coverage_gap": 0.050000000000000044,
      "meets_target": true,
      "significantly_below": false,
      "mean_obj": -22.54768691086014,
      "obj_se": 0.018221630731885277,
      "mean_oracle_gap": -1.5395092608135505e-16,
      "oracle_gap_se": 2.1562946375282002e-16,
      "mean_rel_oracle_gap": -6.839609989564673e-18,
      "mean_excess_s": 0.0,
      "selected_s_std": 0.0,
      "failure_rate": 0.0,
      "n_failed": 0,
      "n_attempted": 300
    },
    "UG": {
      "method": "UG",
      "n_reps": 300,
      "target": 0.95,
      "coverage": 1.0,
      "coverage_lo": 0.9873570287754538,
      "coverage_hi": 0.9999999999999998,
      "coverage_gap": 0.050000000000000044,
      "meets_target": true,
      "significantly_below": false,
      "mean_obj": -22.54768691086014,
      "obj_se": 0.018221630731885277,
      "mean_oracle_gap": -1.5395092608135505e-16,
      "oracle_gap_se": 2.1562946375282002e-16,
      "mean_rel_oracle_gap": -6.839609989564673e-18,
      "mean_excess_s": 0.0,
      "selected_s_std": 0.0,
      "failure_rate": 0.0,
      "n_failed": 0,
      "n_attempted": 300
    },
    "NGS": {
      "method": "NGS",
      "n_reps": 300,
      "target": 0.95,
      "coverage": 1.0,
      "coverage_lo": 0.9873570287754538,
      "coverage_hi": 0.9999999999999998,
      "coverage_gap": 0.050000000000000044,
      "meets_target": true,
      "significantly_below": false,
      "mean_obj": -22.54768691086014,
      "obj_se": 0.018221630731885277,
      "mean_oracle_gap": -1.5395092608135505e-16,
      "oracle_gap_se": 2.1562946375282002e-16,
      "mean_rel_oracle_gap": -6.839609989564673e-18,
      "mean_excess_s": 0.0,
      "selected_s_std": 0.0,
      "failure_rate": 0.0,
      "n_failed": 0,
      "n_attempted": 300
    },
    "UNGS": {
      "method": "UNGS",
      "n_reps": 300,
      "target": 0.95,
      "coverage": 1.0,
      "coverage_lo": 0.9873570287754538,
      "coverage_hi": 0.9999999999999998,
      "coverage_gap": 0.050000000000000044,
      "meets_target": true,
      "significantly_below": false,
      "mean_obj": -22.54768691086014,
      "obj_se": 0.018221630731885277,
      "mean_oracle_gap": -1.5395092608135505e-16,
      "oracle_gap_se": 2.1562946375282002e-16,
      "mean_rel_oracle_gap": -6.839609989564673e-18,
      "mean_excess_s": 0.0,
      "selected_s_std": 0.0,
      "failure_rate": 0.0,
      "n_failed": 0,
      "n_attempted": 300
    },
    "benchmark": {
      "method": "benchmark",
      "n_reps": 300,
      "target": 0.95,
      "coverage": 1.0,
      "coverage_lo": 0.9873570287754538,
      "coverage_hi": 0.9999999999999998,
      "coverage_gap": 0.050000000000000044,
      "meets_target": true,
      "significantly_below": false,
      "mean_obj": -6.8426942370275325,
      "obj_se": 0.004286015324369365,
      "mean_oracle_gap": 15.704992673832606,
      "oracle_gap_se": 0.0165483004646279,
      "mean_rel_oracle_gap": 0.6964867759011647,
      "mean_excess_s": null,
      "selected_s_std": null,
      "failure_rate": 0.0,
      "n_failed": 0,
      "n_attempted": 300
    },
    "_n_replication_errors": 0
  },
  "_provenance": {
    "git_commit": "d34ff2286f94f415327062e8df3721cd49ec3996",
    "git_dirty": true,
    "versions": {
      "numpy": "2.5.1",
      "scipy": "1.18.0",
      "cvxpy": "1.9.2",
      "gurobipy": "13.0.2"
    },
    "timestamp": null
  }
}