{
  "key": "paper_saa_n400_d10_be0.5",
  "config": "paper_saa",
  "n": 400,
  "split": 0.5,
  "d": 10,
  "reps": 500,
  "alpha": null,
  "beta": 0.5,
  "dgp_params": null,
  "folds": null,
  "mesh_p": null,
  "elapsed_s": 46.252355337142944,
  "summaries": {
    "NV": {
      "method": "NV",
      "n_reps": 500,
      "target": 0.5,
      "coverage": 0.428,
      "coverage_lo": 0.38534175538940585,
      "coverage_hi": 0.4717561496370578,
      "coverage_gap": -0.07200000000000001,
      "meets_target": false,
      "significantly_below": true,
      "mean_obj": -7.94178272114765,
      "obj_se": 0.008560919612241221,
      "mean_oracle_gap": -0.058443020873383066,
      "oracle_gap_se": 0.008733280948028117,
      "mean_rel_oracle_gap": -0.007441673060588655,
      "mean_excess_s": -0.007336000000000001,
      "selected_s_std": 0.022667595721460695,
      "failure_rate": 0.0,
      "n_failed": 0
    },
    "UG": {
      "method": "UG",
      "n_reps": 500,
      "target": 0.5,
      "coverage": 0.428,
      "coverage_lo": 0.38534175538940585,
      "coverage_hi": 0.4717561496370578,
      "coverage_gap": -0.07200000000000001,
      "meets_target": false,
      "significantly_below": true,
      "mean_obj": -7.94178272114765,
      "obj_se": 0.008560919612241221,
      "mean_oracle_gap": -0.058443020873383066,
      "oracle_gap_se": 0.008733280948028117,
      "mean_rel_oracle_gap": -0.007441673060588655,
      "mean_excess_s": -0.007336000000000001,
      "selected_s_std": 0.022667595721460695,
      "failure_rate": 0.0,
      "n_failed": 0
    },
    "NGS": {
      "method": "NGS",
      "n_reps": 500,
      "target": 0.5,
      "coverage": 0.81,
      "coverage_lo": 0.7733002877435668,
      "coverage_hi": 0.8419726211702709,
      "coverage_gap": 0.31000000000000005,
      "meets_target": true,
      "significantly_below": false,
      "mean_obj": -7.731864050997822,
      "obj_se": 0.009797337191756718,
      "mean_oracle_gap": 0.15147564927644394,
      "oracle_gap_se": 0.009892480253658095,
      "mean_rel_oracle_gap": 0.01919185493066231,
      "mean_excess_s": 0.010032,
      "selected_s_std": 0.02077438842490574,
      "failure_rate": 0.0,
      "n_failed": 0
    },
    "UNGS": {
      "method": "UNGS",
      "n_reps": 500,
      "target": 0.5,
      "coverage": 0.796,
      "coverage_lo": 0.758484663357909,
      "coverage_hi": 0.8290017270888521,
      "coverage_gap": 0.29600000000000004,
      "meets_target": true,
      "significantly_below": false,
      "mean_obj": -7.735485542535375,
      "obj_se": 0.010260614786918044,
      "mean_oracle_gap": 0.14785415773889132,
      "oracle_gap_se": 0.01034130019294702,
      "mean_rel_oracle_gap": 0.01873330769225846,
      "mean_excess_s": 0.009416,
      "selected_s_std": 0.02174064652725042,
      "failure_rate": 0.0,
      "n_failed": 0
    },
    "_n_replication_errors": 0
  }
}