{
  "key": "paper_dro_wasserstein_n200_d10_be0.3",
  "config": "paper_dro_wasserstein",
  "n": 200,
  "split": 0.5,
  "d": 10,
  "reps": 500,
  "alpha": null,
  "beta": 0.3,
  "dgp_params": null,
  "folds": null,
  "mesh_p": null,
  "elapsed_s": 90.98425555229187,
  "summaries": {
    "NV": {
      "method": "NV",
      "n_reps": 500,
      "target": 0.7,
      "coverage": 0.57,
      "coverage_lo": 0.5262342399257419,
      "coverage_hi": 0.6126983524096407,
      "coverage_gap": -0.13,
      "meets_target": false,
      "significantly_below": true,
      "mean_obj": -7.826850255385536,
      "obj_se": 0.014582177812834109,
      "mean_oracle_gap": -0.04659777199379421,
      "oracle_gap_se": 0.015238404585445375,
      "mean_rel_oracle_gap": -0.006157859259256044,
      "mean_excess_s": 0.00041242665657627444,
      "selected_s_std": 0.024090354783970945,
      "failure_rate": 0.0,
      "n_failed": 0
    },
    "UG": {
      "method": "UG",
      "n_reps": 500,
      "target": 0.7,
      "coverage": 0.768,
      "coverage_lo": 0.7290425919653227,
      "coverage_hi": 0.8028707615472854,
      "coverage_gap": 0.06800000000000006,
      "meets_target": true,
      "significantly_below": false,
      "mean_obj": -7.627054924422062,
      "obj_se": 0.015745093941631184,
      "mean_oracle_gap": 0.15319755896968001,
      "oracle_gap_se": 0.016394618559020777,
      "mean_rel_oracle_gap": 0.019520816514410885,
      "mean_excess_s": 0.01289090875455187,
      "selected_s_std": 0.030334045919838466,
      "failure_rate": 0.0,
      "n_failed": 0
    },
    "NGS": {
      "method": "NGS",
      "n_reps": 500,
      "target": 0.7,
      "coverage": 0.92,
      "coverage_lo": 0.8928936834221488,
      "coverage_hi": 0.9407018705901475,
      "coverage_gap": 0.22000000000000008,
      "meets_target": true,
      "significantly_below": false,
      "mean_obj": -7.389867534574571,
      "obj_se": 0.015430823189261141,
      "mean_oracle_gap": 0.39038494881716984,
      "oracle_gap_se": 0.01566346260530125,
      "mean_rel_oracle_gap": 0.0500687564626215,
      "mean_excess_s": 0.031016009090839996,
      "selected_s_std": 0.03550943573079817,
      "failure_rate": 0.0,
      "n_failed": 0
    },
    "UNGS": {
      "method": "UNGS",
      "n_reps": 500,
      "target": 0.7,
      "coverage": 0.91,
      "coverage_lo": 0.8816905887106666,
      "coverage_hi": 0.9320574521108606,
      "coverage_gap": 0.21000000000000008,
      "meets_target": true,
      "significantly_below": false,
      "mean_obj": -7.364024593736864,
      "obj_se": 0.01684427231314934,
      "mean_oracle_gap": 0.41622788965487745,
      "oracle_gap_se": 0.017087234747242063,
      "mean_rel_oracle_gap": 0.05338667324689782,
      "mean_excess_s": 0.03457368689522064,
      "selected_s_std": 0.04067256468486613,
      "failure_rate": 0.0,
      "n_failed": 0
    },
    "_n_replication_errors": 0
  }
}