{
  "key": "paper_ro_ellipsoid_n500_d10_be0.01",
  "config": "paper_ro_ellipsoid",
  "n": 500,
  "split": 0.5,
  "d": 10,
  "reps": 500,
  "alpha": null,
  "beta": 0.01,
  "dgp_params": null,
  "folds": null,
  "mesh_p": null,
  "elapsed_s": 0.5805697441101074,
  "summaries": {
    "NV": {
      "method": "NV",
      "n_reps": 500,
      "target": 0.99,
      "coverage": 0.854,
      "coverage_lo": 0.8203507337796904,
      "coverage_hi": 0.8822512331735307,
      "coverage_gap": -0.136,
      "meets_target": false,
      "significantly_below": true,
      "mean_obj": -7.603819462357254,
      "obj_se": 0.010572908464499434,
      "mean_oracle_gap": -0.08393926248506593,
      "oracle_gap_se": 0.011741598548143268,
      "mean_rel_oracle_gap": -0.011456949935726976,
      "mean_excess_s": -0.17099725155049808,
      "selected_s_std": 0.5668269373907974,
      "failure_rate": 0.0,
      "n_failed": 0
    },
    "UG": {
      "method": "UG",
      "n_reps": 500,
      "target": 0.99,
      "coverage": 1.0,
      "coverage_lo": 0.9923756595384479,
      "coverage_hi": 1.0,
      "coverage_gap": 0.010000000000000009,
      "meets_target": true,
      "significantly_below": false,
      "mean_obj": -7.348759380437302,
      "obj_se": 0.008565626334233255,
      "mean_oracle_gap": 0.1711208194348855,
      "oracle_gap_se": 0.010395190421286806,
      "mean_rel_oracle_gap": 0.022438294291526745,
      "mean_excess_s": 0.5180141190387824,
      "selected_s_std": 0.6857282735713788,
      "failure_rate": 0.0,
      "n_failed": 0
    },
    "NGS": {
      "method": "NGS",
      "n_reps": 500,
      "target": 0.99,
      "coverage": 1.0,
      "coverage_lo": 0.9923756595384479,
      "coverage_hi": 1.0,
      "coverage_gap": 0.010000000000000009,
      "meets_target": true,
      "significantly_below": false,
      "mean_obj": -7.309960739751595,
      "obj_se": 0.008882495120045934,
      "mean_oracle_gap": 0.20991946012059362,
      "oracle_gap_se": 0.010787003845429119,
      "mean_rel_oracle_gap": 0.027586749676768392,
      "mean_excess_s": 0.6407559502308732,
      "selected_s_std": 0.7225046165261552,
      "failure_rate": 0.0,
      "n_failed": 0
    },
    "UNGS": {
      "method": "UNGS",
      "n_reps": 500,
      "target": 0.99,
      "coverage": 0.998,
      "coverage_lo": 0.9887592932948532,
      "coverage_hi": 0.9996468636054407,
      "coverage_gap": 0.008000000000000007,
      "meets_target": true,
      "significantly_below": false,
      "mean_obj": -7.230132842883848,
      "obj_se": 0.010054731979496093,
      "mean_oracle_gap": 0.2897473569883409,
      "oracle_gap_se": 0.012000518028270818,
      "mean_rel_oracle_gap": 0.03818040558156033,
      "mean_excess_s": 0.9184985180858405,
      "selected_s_std": 0.8886869414644781,
      "failure_rate": 0.0,
      "n_failed": 0
    },
    "benchmark": {
      "method": "benchmark",
      "n_reps": 500,
      "target": 0.99,
      "coverage": 1.0,
      "coverage_lo": 0.9923756595384479,
      "coverage_hi": 1.0,
      "coverage_gap": 0.010000000000000009,
      "meets_target": true,
      "significantly_below": false,
      "mean_obj": -6.901634398385975,
      "obj_se": 7.95206533574069e-17,
      "mean_oracle_gap": 0.6182458014862152,
      "oracle_gap_se": 0.006355825890313771,
      "mean_rel_oracle_gap": 0.0818915320976313,
      "mean_excess_s": null,
      "selected_s_std": null,
      "failure_rate": 0.0,
      "n_failed": 0
    },
    "_n_replication_errors": 0
  }
}