{
  "key": "paper_dro_wasserstein_n200_d10_be0.15",
  "config": "paper_dro_wasserstein",
  "n": 200,
  "split": 0.5,
  "d": 10,
  "reps": 500,
  "alpha": null,
  "beta": 0.15,
  "dgp_params": null,
  "folds": null,
  "mesh_p": null,
  "elapsed_s": 86.7263035774231,
  "summaries": {
    "NV": {
      "method": "NV",
      "n_reps": 500,
      "target": 0.85,
      "coverage": 0.498,
      "coverage_lo": 0.45435686059170843,
      "coverage_hi": 0.5416736367701378,
      "coverage_gap": -0.352,
      "meets_target": false,
      "significantly_below": true,
      "mean_obj": -7.87308178104805,
      "obj_se": 0.0137461715778364,
      "mean_oracle_gap": -0.09655734266913894,
      "oracle_gap_se": 0.014455255626297535,
      "mean_rel_oracle_gap": -0.01259607642099543,
      "mean_excess_s": -0.0023252849101086524,
      "selected_s_std": 0.021627166449433206,
      "failure_rate": 0.0,
      "n_failed": 0
    },
    "UG": {
      "method": "UG",
      "n_reps": 500,
      "target": 0.85,
      "coverage": 0.84,
      "coverage_lo": 0.8052918208363085,
      "coverage_hi": 0.8695236276498359,
      "coverage_gap": -0.010000000000000009,
      "meets_target": false,
      "significantly_below": false,
      "mean_obj": -7.536892546437848,
      "obj_se": 0.015571006189791925,
      "mean_oracle_gap": 0.23963189194106294,
      "oracle_gap_se": 0.016051210735837287,
      "mean_rel_oracle_gap": 0.03066321437411093,
      "mean_excess_s": 0.019133742358485892,
      "selected_s_std": 0.03212995428593627,
      "failure_rate": 0.0,
      "n_failed": 0
    },
    "NGS": {
      "method": "NGS",
      "n_reps": 500,
      "target": 0.85,
      "coverage": 0.942,
      "coverage_lo": 0.917943812143745,
      "coverage_hi": 0.9593162708882429,
      "coverage_gap": 0.09199999999999997,
      "meets_target": true,
      "significantly_below": false,
      "mean_obj": -7.306312257101846,
      "obj_se": 0.016793186109551817,
      "mean_oracle_gap": 0.4702121812770657,
      "oracle_gap_se": 0.01707213478588634,
      "mean_rel_oracle_gap": 0.0603435611796368,
      "mean_excess_s": 0.03919943329868851,
      "selected_s_std": 0.042335584657222196,
      "failure_rate": 0.0,
      "n_failed": 0
    },
    "UNGS": {
      "method": "UNGS",
      "n_reps": 500,
      "target": 0.85,
      "coverage": 0.952,
      "coverage_lo": 0.92957280316411,
      "coverage_hi": 0.9675347930586469,
      "coverage_gap": 0.10199999999999998,
      "meets_target": true,
      "significantly_below": false,
      "mean_obj": -7.184950329306997,
      "obj_se": 0.019016072132313655,
      "mean_oracle_gap": 0.5915741090719144,
      "oracle_gap_se": 0.019163991910875772,
      "mean_rel_oracle_gap": 0.07596781972309287,
      "mean_excess_s": 0.05340799567918566,
      "selected_s_std": 0.05312408377700425,
      "failure_rate": 0.0,
      "n_failed": 0
    },
    "_n_replication_errors": 0
  }
}