{
  "key": "paper_dro_wasserstein_n200_d10_be0.2",
  "config": "paper_dro_wasserstein",
  "n": 200,
  "split": 0.5,
  "d": 10,
  "reps": 500,
  "alpha": null,
  "beta": 0.2,
  "dgp_params": null,
  "folds": null,
  "mesh_p": null,
  "elapsed_s": 91.20899438858032,
  "summaries": {
    "NV": {
      "method": "NV",
      "n_reps": 500,
      "target": 0.8,
      "coverage": 0.512,
      "coverage_lo": 0.46826225284987066,
      "coverage_hi": 0.5555547629790522,
      "coverage_gap": -0.28800000000000003,
      "meets_target": false,
      "significantly_below": true,
      "mean_obj": -7.869836184549673,
      "obj_se": 0.013653135481908576,
      "mean_oracle_gap": -0.08846926819635398,
      "oracle_gap_se": 0.01396547319942296,
      "mean_rel_oracle_gap": -0.011489700511543856,
      "mean_excess_s": -0.001860763596853083,
      "selected_s_std": 0.021041404508416146,
      "failure_rate": 0.0,
      "n_failed": 0
    },
    "UG": {
      "method": "UG",
      "n_reps": 500,
      "target": 0.8,
      "coverage": 0.844,
      "coverage_lo": 0.809585245166297,
      "coverage_hi": 0.8731692085961551,
      "coverage_gap": 0.04399999999999993,
      "meets_target": true,
      "significantly_below": false,
      "mean_obj": -7.54701536514217,
      "obj_se": 0.014978139362680117,
      "mean_oracle_gap": 0.23435155121114945,
      "oracle_gap_se": 0.015405665385002069,
      "mean_rel_oracle_gap": 0.029985458716972252,
      "mean_excess_s": 0.018916312944389623,
      "selected_s_std": 0.032146568462582924,
      "failure_rate": 0.0,
      "n_failed": 0
    },
    "NGS": {
      "method": "NGS",
      "n_reps": 500,
      "target": 0.8,
      "coverage": 0.928,
      "coverage_lo": 0.9019315959830375,
      "coverage_hi": 0.9475419685818739,
      "coverage_gap": 0.128,
      "meets_target": true,
      "significantly_below": false,
      "mean_obj": -7.414902322035591,
      "obj_se": 0.01498117214020492,
      "mean_oracle_gap": 0.3664645943177284,
      "oracle_gap_se": 0.015353588679228935,
      "mean_rel_oracle_gap": 0.04697355583355546,
      "mean_excess_s": 0.02931740824547415,
      "selected_s_std": 0.03579493600104683,
      "failure_rate": 0.0,
      "n_failed": 0
    },
    "UNGS": {
      "method": "UNGS",
      "n_reps": 500,
      "target": 0.8,
      "coverage": 0.942,
      "coverage_lo": 0.917943812143745,
      "coverage_hi": 0.9593162708882429,
      "coverage_gap": 0.1419999999999999,
      "meets_target": true,
      "significantly_below": false,
      "mean_obj": -7.287797497503423,
      "obj_se": 0.01663425210488165,
      "mean_oracle_gap": 0.4935694188498958,
      "oracle_gap_se": 0.01684598113633409,
      "mean_rel_oracle_gap": 0.06332820698815948,
      "mean_excess_s": 0.04228738066791665,
      "selected_s_std": 0.04358670541419411,
      "failure_rate": 0.0,
      "n_failed": 0
    },
    "_n_replication_errors": 0
  }
}