{
  "key": "paper_saa_n400_d10_be0.02",
  "config": "paper_saa",
  "n": 400,
  "split": 0.5,
  "d": 10,
  "reps": 500,
  "alpha": null,
  "beta": 0.02,
  "dgp_params": null,
  "folds": null,
  "mesh_p": null,
  "elapsed_s": 41.90948247909546,
  "summaries": {
    "NV": {
      "method": "NV",
      "n_reps": 500,
      "target": 0.98,
      "coverage": 0.456,
      "coverage_lo": 0.41284481758175473,
      "coverage_hi": 0.499826124378862,
      "coverage_gap": -0.524,
      "meets_target": false,
      "significantly_below": true,
      "mean_obj": -7.925643788840838,
      "obj_se": 0.008589301945738497,
      "mean_oracle_gap": -0.045120698159801916,
      "oracle_gap_se": 0.008526632053427479,
      "mean_rel_oracle_gap": -0.0057376309038701485,
      "mean_excess_s": -0.005816000000000001,
      "selected_s_std": 0.02162801419446529,
      "failure_rate": 0.0,
      "n_failed": 0
    },
    "UG": {
      "method": "UG",
      "n_reps": 500,
      "target": 0.98,
      "coverage": 0.984,
      "coverage_lo": 0.9687488914666058,
      "coverage_hi": 0.9918707469666117,
      "coverage_gap": 0.0040000000000000036,
      "meets_target": true,
      "significantly_below": false,
      "mean_obj": -7.502572557321452,
      "obj_se": 0.0100688876117061,
      "mean_oracle_gap": 0.3779505333595841,
      "oracle_gap_se": 0.010154129773657958,
      "mean_rel_oracle_gap": 0.0479385932751236,
      "mean_excess_s": 0.025072000000000004,
      "selected_s_std": 0.015361769687632728,
      "failure_rate": 0.0,
      "n_failed": 0
    },
    "NGS": {
      "method": "NGS",
      "n_reps": 500,
      "target": 0.98,
      "coverage": 0.994,
      "coverage_lo": 0.9825097478959467,
      "coverage_hi": 0.9979574037280398,
      "coverage_gap": 0.014000000000000012,
      "meets_target": true,
      "significantly_below": false,
      "mean_obj": -7.4085987454399955,
      "obj_se": 0.01028923380217072,
      "mean_oracle_gap": 0.4719243452410411,
      "oracle_gap_se": 0.010430498460395234,
      "mean_rel_oracle_gap": 0.05985891685715923,
      "mean_excess_s": 0.029904000000000003,
      "selected_s_std": 0.01359726248530153,
      "failure_rate": 0.0,
      "n_failed": 0
    },
    "UNGS": {
      "method": "UNGS",
      "n_reps": 500,
      "target": 0.98,
      "coverage": 0.998,
      "coverage_lo": 0.9887592932948532,
      "coverage_hi": 0.9996468636054407,
      "coverage_gap": 0.018000000000000016,
      "meets_target": true,
      "significantly_below": false,
      "mean_obj": -7.2402522717727535,
      "obj_se": 0.011301345139062996,
      "mean_oracle_gap": 0.6402708189082825,
      "oracle_gap_se": 0.011391756793256842,
      "mean_rel_oracle_gap": 0.08122550461765633,
      "mean_excess_s": 0.036544,
      "selected_s_std": 0.011185501638003885,
      "failure_rate": 0.0,
      "n_failed": 0
    },
    "_n_replication_errors": 0
  }
}