{
  "key": "paper_saa_n400_d10_be0.3",
  "config": "paper_saa",
  "n": 400,
  "split": 0.5,
  "d": 10,
  "reps": 500,
  "alpha": null,
  "beta": 0.3,
  "dgp_params": null,
  "folds": null,
  "mesh_p": null,
  "elapsed_s": 43.23602747917175,
  "summaries": {
    "NV": {
      "method": "NV",
      "n_reps": 500,
      "target": 0.7,
      "coverage": 0.466,
      "coverage_lo": 0.42270077745690987,
      "coverage_hi": 0.5098176776944758,
      "coverage_gap": -0.23399999999999993,
      "meets_target": false,
      "significantly_below": true,
      "mean_obj": -7.932625521808344,
      "obj_se": 0.008686372570522571,
      "mean_oracle_gap": -0.048863452719540436,
      "oracle_gap_se": 0.008915961799800943,
      "mean_rel_oracle_gap": -0.006230158907506705,
      "mean_excess_s": -0.006088000000000001,
      "selected_s_std": 0.02264211975885537,
      "failure_rate": 0.0,
      "n_failed": 0
    },
    "UG": {
      "method": "UG",
      "n_reps": 500,
      "target": 0.7,
      "coverage": 0.716,
      "coverage_lo": 0.674944056876268,
      "coverage_hi": 0.7537622280443413,
      "coverage_gap": 0.016000000000000014,
      "meets_target": true,
      "significantly_below": false,
      "mean_obj": -7.798023103302189,
      "obj_se": 0.009474518390508358,
      "mean_oracle_gap": 0.08573896578661483,
      "oracle_gap_se": 0.009534126989449124,
      "mean_rel_oracle_gap": 0.01085552061040325,
      "mean_excess_s": 0.005247999999999999,
      "selected_s_std": 0.021967096546000854,
      "failure_rate": 0.0,
      "n_failed": 0
    },
    "NGS": {
      "method": "NGS",
      "n_reps": 500,
      "target": 0.7,
      "coverage": 0.89,
      "coverage_lo": 0.8595444295965924,
      "coverage_hi": 0.9145085848433969,
      "coverage_gap": 0.19000000000000006,
      "meets_target": true,
      "significantly_below": false,
      "mean_obj": -7.64230244184131,
      "obj_se": 0.010483822948670903,
      "mean_oracle_gap": 0.24145962724749365,
      "oracle_gap_se": 0.010684406358361797,
      "mean_rel_oracle_gap": 0.030595637396804362,
      "mean_excess_s": 0.01648,
      "selected_s_std": 0.020269567700113858,
      "failure_rate": 0.0,
      "n_failed": 0
    },
    "UNGS": {
      "method": "UNGS",
      "n_reps": 500,
      "target": 0.7,
      "coverage": 0.88,
      "coverage_lo": 0.8485804013755894,
      "coverage_hi": 0.9056250998736309,
      "coverage_gap": 0.18000000000000005,
      "meets_target": true,
      "significantly_below": false,
      "mean_obj": -7.6272088383790155,
      "obj_se": 0.011338744156812247,
      "mean_oracle_gap": 0.25655323070978797,
      "oracle_gap_se": 0.011464292431688245,
      "mean_rel_oracle_gap": 0.0325158303391518,
      "mean_excess_s": 0.016848,
      "selected_s_std": 0.021689913062465573,
      "failure_rate": 0.0,
      "n_failed": 0
    },
    "_n_replication_errors": 0
  }
}