{
  "key": "paper_ro_ellipsoid_n500_d10_be0.5",
  "config": "paper_ro_ellipsoid",
  "n": 500,
  "split": 0.5,
  "d": 10,
  "reps": 500,
  "alpha": null,
  "beta": 0.5,
  "dgp_params": null,
  "folds": null,
  "mesh_p": null,
  "elapsed_s": 0.6103639602661133,
  "summaries": {
    "NV": {
      "method": "NV",
      "n_reps": 500,
      "target": 0.5,
      "coverage": 0.85,
      "coverage_lo": 0.8160389193683016,
      "coverage_hi": 0.8786240423086119,
      "coverage_gap": 0.35,
      "meets_target": true,
      "significantly_below": false,
      "mean_obj": -7.600970613352583,
      "obj_se": 0.010674410899362906,
      "mean_oracle_gap": -0.08663607553897586,
      "oracle_gap_se": 0.011923930863112648,
      "mean_rel_oracle_gap": -0.011835763475974894,
      "mean_excess_s": -0.17740102138969438,
      "selected_s_std": 0.5616992372573297,
      "failure_rate": 0.0,
      "n_failed": 0
    },
    "UG": {
      "method": "UG",
      "n_reps": 500,
      "target": 0.5,
      "coverage": 0.85,
      "coverage_lo": 0.8160389193683016,
      "coverage_hi": 0.8786240423086119,
      "coverage_gap": 0.35,
      "meets_target": true,
      "significantly_below": false,
      "mean_obj": -7.600970613352583,
      "obj_se": 0.010674410899362906,
      "mean_oracle_gap": -0.08663607553897586,
      "oracle_gap_se": 0.011923930863112648,
      "mean_rel_oracle_gap": -0.011835763475974894,
      "mean_excess_s": -0.17740102138969438,
      "selected_s_std": 0.5616992372573297,
      "failure_rate": 0.0,
      "n_failed": 0
    },
    "NGS": {
      "method": "NGS",
      "n_reps": 500,
      "target": 0.5,
      "coverage": 0.958,
      "coverage_lo": 0.9366484142456699,
      "coverage_hi": 0.9723676898915483,
      "coverage_gap": 0.45799999999999996,
      "meets_target": true,
      "significantly_below": false,
      "mean_obj": -7.500055312054617,
      "obj_se": 0.007933288843753057,
      "mean_oracle_gap": 0.01427922575898995,
      "oracle_gap_se": 0.009282952162312555,
      "mean_rel_oracle_gap": 0.0016246086059036164,
      "mean_excess_s": 0.0543438380790807,
      "selected_s_std": 0.44758799486879564,
      "failure_rate": 0.0,
      "n_failed": 0
    },
    "UNGS": {
      "method": "UNGS",
      "n_reps": 500,
      "target": 0.5,
      "coverage": 0.912,
      "coverage_lo": 0.8839235279346099,
      "coverage_hi": 0.9337940155250711,
      "coverage_gap": 0.41200000000000003,
      "meets_target": true,
      "significantly_below": false,
      "mean_obj": -7.542122017104437,
      "obj_se": 0.009582570731329185,
      "mean_oracle_gap": -0.027787479290829167,
      "oracle_gap_se": 0.010836245967462394,
      "mean_rel_oracle_gap": -0.003986892091001036,
      "mean_excess_s": -0.04283793028357244,
      "selected_s_std": 0.507195249558863,
      "failure_rate": 0.0,
      "n_failed": 0
    },
    "benchmark": {
      "method": "benchmark",
      "n_reps": 500,
      "target": 0.5,
      "coverage": 1.0,
      "coverage_lo": 0.9923756595384479,
      "coverage_hi": 1.0,
      "coverage_gap": 0.5,
      "meets_target": true,
      "significantly_below": false,
      "mean_obj": -6.901634398385975,
      "obj_se": 7.95206533574069e-17,
      "mean_oracle_gap": 0.6127001394276338,
      "oracle_gap_se": 0.0063914762903824335,
      "mean_rel_oracle_gap": 0.08121090647994221,
      "mean_excess_s": null,
      "selected_s_std": null,
      "failure_rate": 0.0,
      "n_failed": 0
    },
    "_n_replication_errors": 0
  }
}