{
  "key": "paper_so_n500_d10_be0.2",
  "config": "paper_so",
  "n": 500,
  "split": 0.5,
  "d": 10,
  "reps": 500,
  "alpha": null,
  "beta": 0.2,
  "dgp_params": null,
  "folds": null,
  "mesh_p": 60,
  "elapsed_s": 2.7150990962982178,
  "summaries": {
    "NV": {
      "method": "NV",
      "n_reps": 500,
      "target": 0.8,
      "coverage": 0.78,
      "coverage_lo": 0.7416313019131544,
      "coverage_hi": 0.8140990674283763,
      "coverage_gap": -0.020000000000000018,
      "meets_target": false,
      "significantly_below": false,
      "mean_obj": -7.653901555842289,
      "obj_se": 0.011679213945183287,
      "mean_oracle_gap": -0.020530664869941245,
      "oracle_gap_se": 0.01002725818703199,
      "mean_rel_oracle_gap": -0.0029464652201147547,
      "mean_excess_s": -1.182,
      "selected_s_std": 25.70259346099616,
      "failure_rate": 0.0,
      "n_failed": 0
    },
    "UG": {
      "method": "UG",
      "n_reps": 500,
      "target": 0.8,
      "coverage": 0.93,
      "coverage_lo": 0.9042028101480832,
      "coverage_hi": 0.949240257054982,
      "coverage_gap": 0.13,
      "meets_target": true,
      "significantly_below": false,
      "mean_obj": -7.537579206607239,
      "obj_se": 0.011063734721476672,
      "mean_oracle_gap": 0.0957916843651088,
      "oracle_gap_se": 0.010072748420224572,
      "mean_rel_oracle_gap": 0.012243066862149567,
      "mean_excess_s": 10.202,
      "selected_s_std": 32.7081712257023,
      "failure_rate": 0.0,
      "n_failed": 0
    },
    "NGS": {
      "method": "NGS",
      "n_reps": 500,
      "target": 0.8,
      "coverage": 0.982,
      "coverage_lo": 0.9661483290912607,
      "coverage_hi": 0.990501806703803,
      "coverage_gap": 0.18199999999999994,
      "meets_target": true,
      "significantly_below": false,
      "mean_obj": -7.41461970786002,
      "obj_se": 0.010736224338758982,
      "mean_oracle_gap": 0.2187511831123277,
      "oracle_gap_se": 0.011087265435841783,
      "mean_rel_oracle_gap": 0.02823792137823003,
      "mean_excess_s": 26.16,
      "selected_s_std": 41.888928951901775,
      "failure_rate": 0.0,
      "n_failed": 0
    },
    "UNGS": {
      "method": "UNGS",
      "n_reps": 500,
      "target": 0.8,
      "coverage": 0.99,
      "coverage_lo": 0.9768069002442693,
      "coverage_hi": 0.9957212461034096,
      "coverage_gap": 0.18999999999999995,
      "meets_target": true,
      "significantly_below": false,
      "mean_obj": -7.339843634065135,
      "obj_se": 0.010920828669436269,
      "mean_oracle_gap": 0.2935272569072129,
      "oracle_gap_se": 0.011846623627543157,
      "mean_rel_oracle_gap": 0.03798088978682418,
      "mean_excess_s": 39.536,
      "selected_s_std": 51.15751693620554,
      "failure_rate": 0.0,
      "n_failed": 0
    },
    "benchmark": {
      "method": "benchmark",
      "n_reps": 500,
      "target": 0.8,
      "coverage": 1.0,
      "coverage_lo": 0.9923756595384479,
      "coverage_hi": 1.0,
      "coverage_gap": 0.19999999999999996,
      "meets_target": true,
      "significantly_below": false,
      "mean_obj": -6.6381702074068,
      "obj_se": 0.009222936146996936,
      "mean_oracle_gap": 0.9952006835655487,
      "oracle_gap_se": 0.012028686853547138,
      "mean_rel_oracle_gap": 0.12980208886516453,
      "mean_excess_s": null,
      "selected_s_std": null,
      "failure_rate": 0.0,
      "n_failed": 0
    },
    "_n_replication_errors": 0
  }
}