{
  "key": "paper_dro_wasserstein_n200_d10_be0.1",
  "config": "paper_dro_wasserstein",
  "n": 200,
  "split": 0.5,
  "d": 10,
  "reps": 500,
  "alpha": null,
  "beta": 0.1,
  "dgp_params": null,
  "folds": null,
  "mesh_p": null,
  "elapsed_s": 122.91607809066772,
  "summaries": {
    "NV": {
      "method": "NV",
      "n_reps": 500,
      "target": 0.9,
      "coverage": 0.486,
      "coverage_lo": 0.4424649931129956,
      "coverage_hi": 0.5297484884199279,
      "coverage_gap": -0.41400000000000003,
      "meets_target": false,
      "significantly_below": true,
      "mean_obj": -7.881595723248636,
      "obj_se": 0.01397096175387573,
      "mean_oracle_gap": -0.0978142075383086,
      "oracle_gap_se": 0.014979055107140964,
      "mean_rel_oracle_gap": -0.012775071855504904,
      "mean_excess_s": -0.0022539697324224827,
      "selected_s_std": 0.020624683560570987,
      "failure_rate": 0.0,
      "n_failed": 0
    },
    "UG": {
      "method": "UG",
      "n_reps": 500,
      "target": 0.9,
      "coverage": 0.902,
      "coverage_lo": 0.8727939491335183,
      "coverage_hi": 0.9250760811353939,
      "coverage_gap": 0.0020000000000000018,
      "meets_target": true,
      "significantly_below": false,
      "mean_obj": -7.427261475207152,
      "obj_se": 0.015378503415653291,
      "mean_oracle_gap": 0.35652004050317565,
      "oracle_gap_se": 0.015620650564561136,
      "mean_rel_oracle_gap": 0.0456944514678095,
      "mean_excess_s": 0.028282622526229116,
      "selected_s_std": 0.0349196394797099,
      "failure_rate": 0.0,
      "n_failed": 0
    },
    "NGS": {
      "method": "NGS",
      "n_reps": 500,
      "target": 0.9,
      "coverage": 0.944,
      "coverage_lo": 0.920255206353293,
      "coverage_hi": 0.9609743793168485,
      "coverage_gap": 0.04399999999999993,
      "meets_target": true,
      "significantly_below": false,
      "mean_obj": -7.279307363307651,
      "obj_se": 0.01564646558339633,
      "mean_oracle_gap": 0.504474152402677,
      "oracle_gap_se": 0.01599824732194297,
      "mean_rel_oracle_gap": 0.06469097425831577,
      "mean_excess_s": 0.04164645227615367,
      "selected_s_std": 0.03986058448516551,
      "failure_rate": 0.0,
      "n_failed": 0
    },
    "UNGS": {
      "method": "UNGS",
      "n_reps": 500,
      "target": 0.9,
      "coverage": 0.958,
      "coverage_lo": 0.9366484142456699,
      "coverage_hi": 0.9723676898915483,
      "coverage_gap": 0.05799999999999994,
      "meets_target": true,
      "significantly_below": false,
      "mean_obj": -7.0883189838124085,
      "obj_se": 0.018643447349965786,
      "mean_oracle_gap": 0.6954625318979185,
      "oracle_gap_se": 0.018912734094945007,
      "mean_rel_oracle_gap": 0.0892359326614906,
      "mean_excess_s": 0.06455444707713964,
      "selected_s_std": 0.0553292323120374,
      "failure_rate": 0.0,
      "n_failed": 0
    },
    "_n_replication_errors": 0
  }
}