{
  "key": "paper_saa_n400_d10_be0.1",
  "config": "paper_saa",
  "n": 400,
  "split": 0.5,
  "d": 10,
  "reps": 500,
  "alpha": null,
  "beta": 0.1,
  "dgp_params": null,
  "folds": null,
  "mesh_p": null,
  "elapsed_s": 43.495619773864746,
  "summaries": {
    "NV": {
      "method": "NV",
      "n_reps": 500,
      "target": 0.9,
      "coverage": 0.486,
      "coverage_lo": 0.4424649931129956,
      "coverage_hi": 0.5297484884199279,
      "coverage_gap": -0.41400000000000003,
      "meets_target": false,
      "significantly_below": true,
      "mean_obj": -7.923842816118617,
      "obj_se": 0.008030339801964265,
      "mean_oracle_gap": -0.04172806403731496,
      "oracle_gap_se": 0.008144585236616758,
      "mean_rel_oracle_gap": -0.005318798930844761,
      "mean_excess_s": -0.005392,
      "selected_s_std": 0.021359420255880886,
      "failure_rate": 0.0,
      "n_failed": 0
    },
    "UG": {
      "method": "UG",
      "n_reps": 500,
      "target": 0.9,
      "coverage": 0.89,
      "coverage_lo": 0.8595444295965924,
      "coverage_hi": 0.9145085848433969,
      "coverage_gap": -0.010000000000000009,
      "meets_target": false,
      "significantly_below": false,
      "mean_obj": -7.67815518555048,
      "obj_se": 0.009243595507165131,
      "mean_oracle_gap": 0.20395956653082079,
      "oracle_gap_se": 0.009384754732638681,
      "mean_rel_oracle_gap": 0.025849323009644848,
      "mean_excess_s": 0.01468,
      "selected_s_std": 0.019194339512957393,
      "failure_rate": 0.0,
      "n_failed": 0
    },
    "NGS": {
      "method": "NGS",
      "n_reps": 500,
      "target": 0.9,
      "coverage": 0.974,
      "coverage_lo": 0.9560285091657758,
      "coverage_hi": 0.9847436160766728,
      "coverage_gap": 0.07399999999999995,
      "meets_target": true,
      "significantly_below": false,
      "mean_obj": -7.5130899903694885,
      "obj_se": 0.00965994118761679,
      "mean_oracle_gap": 0.36902476171181253,
      "oracle_gap_se": 0.009681576958898664,
      "mean_rel_oracle_gap": 0.04680082556616607,
      "mean_excess_s": 0.025240000000000002,
      "selected_s_std": 0.01609513002186816,
      "failure_rate": 0.0,
      "n_failed": 0
    },
    "UNGS": {
      "method": "UNGS",
      "n_reps": 500,
      "target": 0.9,
      "coverage": 0.974,
      "coverage_lo": 0.9560285091657758,
      "coverage_hi": 0.9847436160766728,
      "coverage_gap": 0.07399999999999995,
      "meets_target": true,
      "significantly_below": false,
      "mean_obj": -7.439012090546973,
      "obj_se": 0.011144111316960791,
      "mean_oracle_gap": 0.4431026615343286,
      "oracle_gap_se": 0.011159671653671628,
      "mean_rel_oracle_gap": 0.056199582580628925,
      "mean_excess_s": 0.028424,
      "selected_s_std": 0.016961632998858805,
      "failure_rate": 0.0,
      "n_failed": 0
    },
    "_n_replication_errors": 0
  }
}