{
  "key": "paper_dro_wasserstein_n200_d10_be0.02",
  "config": "paper_dro_wasserstein",
  "n": 200,
  "split": 0.5,
  "d": 10,
  "reps": 500,
  "alpha": null,
  "beta": 0.02,
  "dgp_params": null,
  "folds": null,
  "mesh_p": null,
  "elapsed_s": 96.84294056892395,
  "summaries": {
    "NV": {
      "method": "NV",
      "n_reps": 500,
      "target": 0.98,
      "coverage": 0.482,
      "coverage_lo": 0.4385065876245351,
      "coverage_hi": 0.5257678886320809,
      "coverage_gap": -0.498,
      "meets_target": false,
      "significantly_below": true,
      "mean_obj": -7.892836516493885,
      "obj_se": 0.013284284121716207,
      "mean_oracle_gap": -0.11537745614141792,
      "oracle_gap_se": 0.013790581406638427,
      "mean_rel_oracle_gap": -0.014987779868854424,
      "mean_excess_s": -0.0035455996851572746,
      "selected_s_std": 0.021815597042407396,
      "failure_rate": 0.0,
      "n_failed": 0
    },
    "UG": {
      "method": "UG",
      "n_reps": 500,
      "target": 0.98,
      "coverage": 0.962,
      "coverage_lo": 0.9414152274693561,
      "coverage_hi": 0.9755398819441696,
      "coverage_gap": -0.018000000000000016,
      "meets_target": false,
      "significantly_below": true,
      "mean_obj": -7.305726897238059,
      "obj_se": 0.014856594573240926,
      "mean_oracle_gap": 0.4717321631144085,
      "oracle_gap_se": 0.015171247998653612,
      "mean_rel_oracle_gap": 0.06053226918520155,
      "mean_excess_s": 0.039260448743636704,
      "selected_s_std": 0.04035150688484731,
      "failure_rate": 0.0,
      "n_failed": 0
    },
    "NGS": {
      "method": "NGS",
      "n_reps": 500,
      "target": 0.98,
      "coverage": 0.984,
      "coverage_lo": 0.9687488914666058,
      "coverage_hi": 0.9918707469666117,
      "coverage_gap": 0.0040000000000000036,
      "meets_target": true,
      "significantly_below": false,
      "mean_obj": -7.14965295231962,
      "obj_se": 0.014452815004480497,
      "mean_oracle_gap": 0.6278061080328464,
      "oracle_gap_se": 0.015041422164577488,
      "mean_rel_oracle_gap": 0.08057062696540733,
      "mean_excess_s": 0.05493361629385163,
      "selected_s_std": 0.044331688239770364,
      "failure_rate": 0.0,
      "n_failed": 0
    },
    "UNGS": {
      "method": "UNGS",
      "n_reps": 500,
      "target": 0.98,
      "coverage": 0.992,
      "coverage_lo": 0.9796129641658948,
      "coverage_hi": 0.9968846848199377,
      "coverage_gap": 0.01200000000000001,
      "meets_target": true,
      "significantly_below": false,
      "mean_obj": -6.268360248982957,
      "obj_se": 0.05878239319386396,
      "mean_oracle_gap": 1.5090988113695099,
      "oracle_gap_se": 0.05822868536939836,
      "mean_rel_oracle_gap": 0.19424735827646603,
      "mean_excess_s": 0.3482049831196618,
      "selected_s_std": 0.751832841312855,
      "failure_rate": 0.0,
      "n_failed": 0
    },
    "_n_replication_errors": 0
  }
}