{
  "key": "paper_so_n500_d10_be0.5",
  "config": "paper_so",
  "n": 500,
  "split": 0.5,
  "d": 10,
  "reps": 500,
  "alpha": null,
  "beta": 0.5,
  "dgp_params": null,
  "folds": null,
  "mesh_p": 60,
  "elapsed_s": 2.7022087574005127,
  "summaries": {
    "NV": {
      "method": "NV",
      "n_reps": 500,
      "target": 0.5,
      "coverage": 0.744,
      "coverage_lo": 0.7039870300464813,
      "coverage_hi": 0.7802922918082812,
      "coverage_gap": 0.244,
      "meets_target": true,
      "significantly_below": false,
      "mean_obj": -7.6702680116607045,
      "obj_se": 0.01250950675368166,
      "mean_oracle_gap": -0.02762886111761688,
      "oracle_gap_se": 0.009774662870425062,
      "mean_rel_oracle_gap": -0.0037507113945358756,
      "mean_excess_s": -0.804,
      "selected_s_std": 27.944524488668534,
      "failure_rate": 0.0,
      "n_failed": 0
    },
    "UG": {
      "method": "UG",
      "n_reps": 500,
      "target": 0.5,
      "coverage": 0.744,
      "coverage_lo": 0.7039870300464813,
      "coverage_hi": 0.7802922918082812,
      "coverage_gap": 0.244,
      "meets_target": true,
      "significantly_below": false,
      "mean_obj": -7.6702680116607045,
      "obj_se": 0.01250950675368166,
      "mean_oracle_gap": -0.02762886111761688,
      "oracle_gap_se": 0.009774662870425062,
      "mean_rel_oracle_gap": -0.0037507113945358756,
      "mean_excess_s": -0.804,
      "selected_s_std": 27.944524488668534,
      "failure_rate": 0.0,
      "n_failed": 0
    },
    "NGS": {
      "method": "NGS",
      "n_reps": 500,
      "target": 0.5,
      "coverage": 0.956,
      "coverage_lo": 0.9342805571276716,
      "coverage_hi": 0.9707660443713928,
      "coverage_gap": 0.45599999999999996,
      "meets_target": true,
      "significantly_below": false,
      "mean_obj": -7.501116322103852,
      "obj_se": 0.010667755625539024,
      "mean_oracle_gap": 0.1415228284392355,
      "oracle_gap_se": 0.009767185801153044,
      "mean_rel_oracle_gap": 0.01820883221688008,
      "mean_excess_s": 14.646,
      "selected_s_std": 34.93178803942424,
      "failure_rate": 0.0,
      "n_failed": 0
    },
    "UNGS": {
      "method": "UNGS",
      "n_reps": 500,
      "target": 0.5,
      "coverage": 0.954,
      "coverage_lo": 0.9319222072317267,
      "coverage_hi": 0.9691548916291838,
      "coverage_gap": 0.45399999999999996,
      "meets_target": true,
      "significantly_below": false,
      "mean_obj": -7.493886108115609,
      "obj_se": 0.010788633244951808,
      "mean_oracle_gap": 0.14875304242747858,
      "oracle_gap_se": 0.01009443670222957,
      "mean_rel_oracle_gap": 0.019138464698214678,
      "mean_excess_s": 16.73,
      "selected_s_std": 38.08826217394096,
      "failure_rate": 0.0,
      "n_failed": 0
    },
    "benchmark": {
      "method": "benchmark",
      "n_reps": 500,
      "target": 0.5,
      "coverage": 1.0,
      "coverage_lo": 0.9923756595384479,
      "coverage_hi": 1.0,
      "coverage_gap": 0.5,
      "meets_target": true,
      "significantly_below": false,
      "mean_obj": -6.642941380786428,
      "obj_se": 0.009242088116562523,
      "mean_oracle_gap": 0.9996977697566594,
      "oracle_gap_se": 0.012325118490494266,
      "mean_rel_oracle_gap": 0.13019502814006143,
      "mean_excess_s": NaN,
      "selected_s_std": NaN,
      "failure_rate": 0.0,
      "n_failed": 0
    },
    "_n_replication_errors": 0
  }
}