{
  "key": "paper_saa_n400_d10_be0.15",
  "config": "paper_saa",
  "n": 400,
  "split": 0.5,
  "d": 10,
  "reps": 500,
  "alpha": null,
  "beta": 0.15,
  "dgp_params": null,
  "folds": null,
  "mesh_p": null,
  "elapsed_s": 44.21392345428467,
  "summaries": {
    "NV": {
      "method": "NV",
      "n_reps": 500,
      "target": 0.85,
      "coverage": 0.474,
      "coverage_lo": 0.43059811407349635,
      "coverage_hi": 0.5177983516305045,
      "coverage_gap": -0.376,
      "meets_target": false,
      "significantly_below": true,
      "mean_obj": -7.937239235591109,
      "obj_se": 0.007818355616447482,
      "mean_oracle_gap": -0.052475929676296,
      "oracle_gap_se": 0.00795981340192071,
      "mean_rel_oracle_gap": -0.0066802297929685365,
      "mean_excess_s": -0.006256,
      "selected_s_std": 0.022238184496478096,
      "failure_rate": 0.0,
      "n_failed": 0
    },
    "UG": {
      "method": "UG",
      "n_reps": 500,
      "target": 0.85,
      "coverage": 0.8,
      "coverage_lo": 0.7627108946948262,
      "coverage_hi": 0.8327145010282426,
      "coverage_gap": -0.04999999999999993,
      "meets_target": false,
      "significantly_below": true,
      "mean_obj": -7.7454759843107785,
      "obj_se": 0.008897119368206379,
      "mean_oracle_gap": 0.13928732160403381,
      "oracle_gap_se": 0.009112940120647596,
      "mean_rel_oracle_gap": 0.017634641049896753,
      "mean_excess_s": 0.010304,
      "selected_s_std": 0.021416340847834423,
      "failure_rate": 0.0,
      "n_failed": 0
    },
    "NGS": {
      "method": "NGS",
      "n_reps": 500,
      "target": 0.85,
      "coverage": 0.946,
      "coverage_lo": 0.9225734384893529,
      "coverage_hi": 0.9626256498189425,
      "coverage_gap": 0.09599999999999997,
      "meets_target": true,
      "significantly_below": false,
      "mean_obj": -7.570088768830287,
      "obj_se": 0.009503379810533778,
      "mean_oracle_gap": 0.314674537084526,
      "oracle_gap_se": 0.009622194887458312,
      "mean_rel_oracle_gap": 0.03988558964866387,
      "mean_excess_s": 0.022472000000000002,
      "selected_s_std": 0.018462723100576933,
      "failure_rate": 0.0,
      "n_failed": 0
    },
    "UNGS": {
      "method": "UNGS",
      "n_reps": 500,
      "target": 0.85,
      "coverage": 0.954,
      "coverage_lo": 0.9319222072317267,
      "coverage_hi": 0.9691548916291838,
      "coverage_gap": 0.10399999999999998,
      "meets_target": true,
      "significantly_below": false,
      "mean_obj": -7.5052682861807964,
      "obj_se": 0.01115706680021177,
      "mean_oracle_gap": 0.37949501973401745,
      "oracle_gap_se": 0.01130952787972722,
      "mean_rel_oracle_gap": 0.04810213171180476,
      "mean_excess_s": 0.02532,
      "selected_s_std": 0.019518696037132705,
      "failure_rate": 0.0,
      "n_failed": 0
    },
    "_n_replication_errors": 0
  }
}