{
  "key": "paper_so_n500_d10_be0.15",
  "config": "paper_so",
  "n": 500,
  "split": 0.5,
  "d": 10,
  "reps": 500,
  "alpha": null,
  "beta": 0.15,
  "dgp_params": null,
  "folds": null,
  "mesh_p": 60,
  "elapsed_s": 2.7273266315460205,
  "summaries": {
    "NV": {
      "method": "NV",
      "n_reps": 500,
      "target": 0.85,
      "coverage": 0.75,
      "coverage_lo": 0.7102363265170449,
      "coverage_hi": 0.785951503252179,
      "coverage_gap": -0.09999999999999998,
      "meets_target": false,
      "significantly_below": true,
      "mean_obj": -7.6384092928447735,
      "obj_se": 0.013284375416532879,
      "mean_oracle_gap": -0.029096506021854773,
      "oracle_gap_se": 0.01003206973373777,
      "mean_rel_oracle_gap": -0.004099118572314565,
      "mean_excess_s": -0.18,
      "selected_s_std": 29.22775268566005,
      "failure_rate": 0.0,
      "n_failed": 0
    },
    "UG": {
      "method": "UG",
      "n_reps": 500,
      "target": 0.85,
      "coverage": 0.954,
      "coverage_lo": 0.9319222072317267,
      "coverage_hi": 0.9691548916291838,
      "coverage_gap": 0.10399999999999998,
      "meets_target": true,
      "significantly_below": false,
      "mean_obj": -7.476726921511237,
      "obj_se": 0.012294001348327296,
      "mean_oracle_gap": 0.13258586531167998,
      "oracle_gap_se": 0.010384627918307405,
      "mean_rel_oracle_gap": 0.01702891304765698,
      "mean_excess_s": 14.246,
      "selected_s_std": 36.972213148392676,
      "failure_rate": 0.0,
      "n_failed": 0
    },
    "NGS": {
      "method": "NGS",
      "n_reps": 500,
      "target": 0.85,
      "coverage": 0.986,
      "coverage_lo": 0.9713869308622147,
      "coverage_hi": 0.9932022102091564,
      "coverage_gap": 0.136,
      "meets_target": true,
      "significantly_below": false,
      "mean_obj": -7.377399169342769,
      "obj_se": 0.011965787950375017,
      "mean_oracle_gap": 0.23191361748014946,
      "oracle_gap_se": 0.011532070427242042,
      "mean_rel_oracle_gap": 0.02994883233352628,
      "mean_excess_s": 25.522,
      "selected_s_std": 42.749236841153106,
      "failure_rate": 0.0,
      "n_failed": 0
    },
    "UNGS": {
      "method": "UNGS",
      "n_reps": 500,
      "target": 0.85,
      "coverage": 0.998,
      "coverage_lo": 0.9887592932948532,
      "coverage_hi": 0.9996468636054407,
      "coverage_gap": 0.14800000000000002,
      "meets_target": true,
      "significantly_below": false,
      "mean_obj": -7.281028164482736,
      "obj_se": 0.01120059260386973,
      "mean_oracle_gap": 0.3282846223401833,
      "oracle_gap_se": 0.012414237491275758,
      "mean_rel_oracle_gap": 0.042452692687338624,
      "mean_excess_s": 43.78,
      "selected_s_std": 54.55693541984199,
      "failure_rate": 0.0,
      "n_failed": 0
    },
    "benchmark": {
      "method": "benchmark",
      "n_reps": 500,
      "target": 0.85,
      "coverage": 1.0,
      "coverage_lo": 0.9923756595384479,
      "coverage_hi": 1.0,
      "coverage_gap": 0.15000000000000002,
      "meets_target": true,
      "significantly_below": false,
      "mean_obj": -6.63109875339829,
      "obj_se": 0.008851731910496114,
      "mean_oracle_gap": 0.9782140334246286,
      "oracle_gap_se": 0.012107787109465196,
      "mean_rel_oracle_gap": 0.12777637703719408,
      "mean_excess_s": null,
      "selected_s_std": null,
      "failure_rate": 0.0,
      "n_failed": 0
    },
    "_n_replication_errors": 0
  }
}