{
  "key": "paper_ro_ellipsoid_n500_d10_be0.2",
  "config": "paper_ro_ellipsoid",
  "n": 500,
  "split": 0.5,
  "d": 10,
  "reps": 500,
  "alpha": null,
  "beta": 0.2,
  "dgp_params": null,
  "folds": null,
  "mesh_p": null,
  "elapsed_s": 0.5904574394226074,
  "summaries": {
    "NV": {
      "method": "NV",
      "n_reps": 500,
      "target": 0.8,
      "coverage": 0.86,
      "coverage_lo": 0.826833135055546,
      "coverage_hi": 0.8876773398121365,
      "coverage_gap": 0.05999999999999994,
      "meets_target": true,
      "significantly_below": false,
      "mean_obj": -7.599509110032688,
      "obj_se": 0.010742745340940814,
      "mean_oracle_gap": -0.07966301901877196,
      "oracle_gap_se": 0.011576054339246978,
      "mean_rel_oracle_gap": -0.010867509262860802,
      "mean_excess_s": -0.16573483588775015,
      "selected_s_std": 0.5546646716313799,
      "failure_rate": 0.0,
      "n_failed": 0
    },
    "UG": {
      "method": "UG",
      "n_reps": 500,
      "target": 0.8,
      "coverage": 0.956,
      "coverage_lo": 0.9342805571276716,
      "coverage_hi": 0.9707660443713928,
      "coverage_gap": 0.15599999999999992,
      "meets_target": true,
      "significantly_below": false,
      "mean_obj": -7.506929619928626,
      "obj_se": 0.00802435659784258,
      "mean_oracle_gap": 0.01291647108528911,
      "oracle_gap_se": 0.009491954046018514,
      "mean_rel_oracle_gap": 0.0014220756898960468,
      "mean_excess_s": 0.043078226968554394,
      "selected_s_std": 0.42262309085730554,
      "failure_rate": 0.0,
      "n_failed": 0
    },
    "NGS": {
      "method": "NGS",
      "n_reps": 500,
      "target": 0.8,
      "coverage": 0.99,
      "coverage_lo": 0.9768069002442693,
      "coverage_hi": 0.9957212461034096,
      "coverage_gap": 0.18999999999999995,
      "meets_target": true,
      "significantly_below": false,
      "mean_obj": -7.441416346436079,
      "obj_se": 0.007396323527333496,
      "mean_oracle_gap": 0.07842974457783732,
      "oracle_gap_se": 0.00934058527822531,
      "mean_rel_oracle_gap": 0.010107802795694032,
      "mean_excess_s": 0.22323798083244475,
      "selected_s_std": 0.5091706179622314,
      "failure_rate": 0.0,
      "n_failed": 0
    },
    "UNGS": {
      "method": "UNGS",
      "n_reps": 500,
      "target": 0.8,
      "coverage": 0.972,
      "coverage_lo": 0.9535535973250512,
      "coverage_hi": 0.9832490252792435,
      "coverage_gap": 0.17199999999999993,
      "meets_target": true,
      "significantly_below": false,
      "mean_obj": -7.467478811310321,
      "obj_se": 0.008216539544670498,
      "mean_oracle_gap": 0.052367279703594304,
      "oracle_gap_se": 0.009901296942043865,
      "mean_rel_oracle_gap": 0.00664945998009261,
      "mean_excess_s": 0.15454931192683932,
      "selected_s_std": 0.508608826116257,
      "failure_rate": 0.0,
      "n_failed": 0
    },
    "benchmark": {
      "method": "benchmark",
      "n_reps": 500,
      "target": 0.8,
      "coverage": 1.0,
      "coverage_lo": 0.9923756595384479,
      "coverage_hi": 1.0,
      "coverage_gap": 0.19999999999999996,
      "meets_target": true,
      "significantly_below": false,
      "mean_obj": -6.901634398385975,
      "obj_se": 7.95206533574069e-17,
      "mean_oracle_gap": 0.6182116926279423,
      "oracle_gap_se": 0.006607082137366367,
      "mean_rel_oracle_gap": 0.08186354468953184,
      "mean_excess_s": null,
      "selected_s_std": null,
      "failure_rate": 0.0,
      "n_failed": 0
    },
    "_n_replication_errors": 0
  }
}