{
  "key": "paper_saa_n400_d10_be0.2",
  "config": "paper_saa",
  "n": 400,
  "split": 0.5,
  "d": 10,
  "reps": 500,
  "alpha": null,
  "beta": 0.2,
  "dgp_params": null,
  "folds": null,
  "mesh_p": null,
  "elapsed_s": 43.330846548080444,
  "summaries": {
    "NV": {
      "method": "NV",
      "n_reps": 500,
      "target": 0.8,
      "coverage": 0.456,
      "coverage_lo": 0.41284481758175473,
      "coverage_hi": 0.499826124378862,
      "coverage_gap": -0.34400000000000003,
      "meets_target": false,
      "significantly_below": true,
      "mean_obj": -7.9383514682981895,
      "obj_se": 0.007921472407290379,
      "mean_oracle_gap": -0.0574023232957583,
      "oracle_gap_se": 0.008162131763940504,
      "mean_rel_oracle_gap": -0.007314355874810386,
      "mean_excess_s": -0.006880000000000001,
      "selected_s_std": 0.022681442627825923,
      "failure_rate": 0.0,
      "n_failed": 0
    },
    "UG": {
      "method": "UG",
      "n_reps": 500,
      "target": 0.8,
      "coverage": 0.778,
      "coverage_lo": 0.739530218085007,
      "coverage_hi": 0.8122306486183701,
      "coverage_gap": -0.02200000000000002,
      "meets_target": false,
      "significantly_below": false,
      "mean_obj": -7.7547809702438295,
      "obj_se": 0.009111504581085356,
      "mean_oracle_gap": 0.1261681747586012,
      "oracle_gap_se": 0.00935062912118591,
      "mean_rel_oracle_gap": 0.015977057565722964,
      "mean_excess_s": 0.008872,
      "selected_s_std": 0.021102568867928172,
      "failure_rate": 0.0,
      "n_failed": 0
    },
    "NGS": {
      "method": "NGS",
      "n_reps": 500,
      "target": 0.8,
      "coverage": 0.944,
      "coverage_lo": 0.920255206353293,
      "coverage_hi": 0.9609743793168485,
      "coverage_gap": 0.1439999999999999,
      "meets_target": true,
      "significantly_below": false,
      "mean_obj": -7.597497522428366,
      "obj_se": 0.009661035457220217,
      "mean_oracle_gap": 0.2834516225740648,
      "oracle_gap_se": 0.00991481031189586,
      "mean_rel_oracle_gap": 0.03593282378586976,
      "mean_excess_s": 0.020136,
      "selected_s_std": 0.0183601625029374,
      "failure_rate": 0.0,
      "n_failed": 0
    },
    "UNGS": {
      "method": "UNGS",
      "n_reps": 500,
      "target": 0.8,
      "coverage": 0.936,
      "coverage_lo": 0.911047591162316,
      "coverage_hi": 0.9543039839552107,
      "coverage_gap": 0.136,
      "meets_target": true,
      "significantly_below": false,
      "mean_obj": -7.563760719656048,
      "obj_se": 0.010848312341529208,
      "mean_oracle_gap": 0.31718842534638386,
      "oracle_gap_se": 0.011108069278366732,
      "mean_rel_oracle_gap": 0.04021079829495326,
      "mean_excess_s": 0.021472,
      "selected_s_std": 0.020086640392173324,
      "failure_rate": 0.0,
      "n_failed": 0
    },
    "_n_replication_errors": 0
  }
}