{
  "key": "paper_ro_ellipsoid_n500_d10_be0.3",
  "config": "paper_ro_ellipsoid",
  "n": 500,
  "split": 0.5,
  "d": 10,
  "reps": 500,
  "alpha": null,
  "beta": 0.3,
  "dgp_params": null,
  "folds": null,
  "mesh_p": null,
  "elapsed_s": 0.6120700836181641,
  "summaries": {
    "NV": {
      "method": "NV",
      "n_reps": 500,
      "target": 0.7,
      "coverage": 0.846,
      "coverage_lo": 0.811734636678946,
      "coverage_hi": 0.8749893197216598,
      "coverage_gap": 0.14600000000000002,
      "meets_target": true,
      "significantly_below": false,
      "mean_obj": -7.605236592472236,
      "obj_se": 0.011065322359316837,
      "mean_oracle_gap": -0.08737640153445926,
      "oracle_gap_se": 0.012229464928045466,
      "mean_rel_oracle_gap": -0.011920152386386882,
      "mean_excess_s": -0.17991064929929582,
      "selected_s_std": 0.5703308166963837,
      "failure_rate": 0.0,
      "n_failed": 0
    },
    "UG": {
      "method": "UG",
      "n_reps": 500,
      "target": 0.7,
      "coverage": 0.936,
      "coverage_lo": 0.911047591162316,
      "coverage_hi": 0.9543039839552107,
      "coverage_gap": 0.2360000000000001,
      "meets_target": true,
      "significantly_below": false,
      "mean_obj": -7.531401376774975,
      "obj_se": 0.00864653137180102,
      "mean_oracle_gap": -0.01354118583719731,
      "oracle_gap_se": 0.009812602521559048,
      "mean_rel_oracle_gap": -0.002069950340971607,
      "mean_excess_s": -0.017077265075344992,
      "selected_s_std": 0.45883560625867303,
      "failure_rate": 0.0,
      "n_failed": 0
    },
    "NGS": {
      "method": "NGS",
      "n_reps": 500,
      "target": 0.7,
      "coverage": 0.978,
      "coverage_lo": 0.9610391387886836,
      "coverage_hi": 0.9876719917300725,
      "coverage_gap": 0.278,
      "meets_target": true,
      "significantly_below": false,
      "mean_obj": -7.4627450296010105,
      "obj_se": 0.0077212526489601535,
      "mean_oracle_gap": 0.0551151613367671,
      "oracle_gap_se": 0.009565228004999657,
      "mean_rel_oracle_gap": 0.007022668571059059,
      "mean_excess_s": 0.16046301605848817,
      "selected_s_std": 0.4922860614022885,
      "failure_rate": 0.0,
      "n_failed": 0
    },
    "UNGS": {
      "method": "UNGS",
      "n_reps": 500,
      "target": 0.7,
      "coverage": 0.958,
      "coverage_lo": 0.9366484142456699,
      "coverage_hi": 0.9723676898915483,
      "coverage_gap": 0.258,
      "meets_target": true,
      "significantly_below": false,
      "mean_obj": -7.494533785295777,
      "obj_se": 0.008266518301587103,
      "mean_oracle_gap": 0.023326405641999608,
      "oracle_gap_se": 0.009819065374204825,
      "mean_rel_oracle_gap": 0.0028077520510023392,
      "mean_excess_s": 0.0802573946796116,
      "selected_s_std": 0.5003940468194997,
      "failure_rate": 0.0,
      "n_failed": 0
    },
    "benchmark": {
      "method": "benchmark",
      "n_reps": 500,
      "target": 0.7,
      "coverage": 1.0,
      "coverage_lo": 0.9923756595384479,
      "coverage_hi": 1.0,
      "coverage_gap": 0.30000000000000004,
      "meets_target": true,
      "significantly_below": false,
      "mean_obj": -6.901634398385975,
      "obj_se": 7.95206533574069e-17,
      "mean_oracle_gap": 0.6162257925518034,
      "oracle_gap_se": 0.006369581593848406,
      "mean_rel_oracle_gap": 0.08164512665011933,
      "mean_excess_s": null,
      "selected_s_std": null,
      "failure_rate": 0.0,
      "n_failed": 0
    },
    "_n_replication_errors": 0
  }
}