{
  "key": "paper_saa_n400_d10_be0.01",
  "config": "paper_saa",
  "n": 400,
  "split": 0.5,
  "d": 10,
  "reps": 500,
  "alpha": null,
  "beta": 0.01,
  "dgp_params": null,
  "folds": null,
  "mesh_p": null,
  "elapsed_s": 42.50471830368042,
  "summaries": {
    "NV": {
      "method": "NV",
      "n_reps": 500,
      "target": 0.99,
      "coverage": 0.458,
      "coverage_lo": 0.4148146097748511,
      "coverage_hi": 0.5018258348239194,
      "coverage_gap": -0.532,
      "meets_target": false,
      "significantly_below": true,
      "mean_obj": -7.928373649043435,
      "obj_se": 0.008465673633696403,
      "mean_oracle_gap": -0.04502173109138682,
      "oracle_gap_se": 0.008688606898852142,
      "mean_rel_oracle_gap": -0.0057407586121656674,
      "mean_excess_s": -0.006008,
      "selected_s_std": 0.022549303452043583,
      "failure_rate": 0.0,
      "n_failed": 0
    },
    "UG": {
      "method": "UG",
      "n_reps": 500,
      "target": 0.99,
      "coverage": 0.97,
      "coverage_lo": 0.9510963331640543,
      "coverage_hi": 0.9817367868020865,
      "coverage_gap": -0.020000000000000018,
      "meets_target": false,
      "significantly_below": true,
      "mean_obj": -7.5139240908975475,
      "obj_se": 0.010329790497788855,
      "mean_oracle_gap": 0.369427827054501,
      "oracle_gap_se": 0.010502001367882458,
      "mean_rel_oracle_gap": 0.04683446208548533,
      "mean_excess_s": 0.025168000000000003,
      "selected_s_std": 0.016963237865388656,
      "failure_rate": 0.0,
      "n_failed": 0
    },
    "NGS": {
      "method": "NGS",
      "n_reps": 500,
      "target": 0.99,
      "coverage": 0.988,
      "coverage_lo": 0.9740696388835527,
      "coverage_hi": 0.9944890048259724,
      "coverage_gap": -0.0020000000000000018,
      "meets_target": false,
      "significantly_below": false,
      "mean_obj": -7.4025073378102295,
      "obj_se": 0.010023363508167061,
      "mean_oracle_gap": 0.4808445801418179,
      "oracle_gap_se": 0.01013776793436814,
      "mean_rel_oracle_gap": 0.060973184584021796,
      "mean_excess_s": 0.031376,
      "selected_s_std": 0.014175538500655525,
      "failure_rate": 0.0,
      "n_failed": 0
    },
    "UNGS": {
      "method": "UNGS",
      "n_reps": 500,
      "target": 0.99,
      "coverage": 0.994,
      "coverage_lo": 0.9825097478959467,
      "coverage_hi": 0.9979574037280398,
      "coverage_gap": 0.0040000000000000036,
      "meets_target": true,
      "significantly_below": false,
      "mean_obj": -7.213940101586306,
      "obj_se": 0.011780580725342627,
      "mean_oracle_gap": 0.6694118163657428,
      "oracle_gap_se": 0.011932329014655105,
      "mean_rel_oracle_gap": 0.08488829189094306,
      "mean_excess_s": 0.038704,
      "selected_s_std": 0.011439534163757172,
      "failure_rate": 0.0,
      "n_failed": 0
    },
    "_n_replication_errors": 0
  }
}