{
  "key": "paper_so_n500_d10_be0.1",
  "config": "paper_so",
  "n": 500,
  "split": 0.5,
  "d": 10,
  "reps": 500,
  "alpha": null,
  "beta": 0.1,
  "dgp_params": null,
  "folds": null,
  "mesh_p": 60,
  "elapsed_s": 2.8580782413482666,
  "summaries": {
    "NV": {
      "method": "NV",
      "n_reps": 500,
      "target": 0.9,
      "coverage": 0.764,
      "coverage_lo": 0.7248556437078593,
      "coverage_hi": 0.7991187045284411,
      "coverage_gap": -0.136,
      "meets_target": false,
      "significantly_below": true,
      "mean_obj": -7.667086174305224,
      "obj_se": 0.011301370709220451,
      "mean_oracle_gap": -0.022995165143737378,
      "oracle_gap_se": 0.009366534830763279,
      "mean_rel_oracle_gap": -0.003218231071759676,
      "mean_excess_s": 0.28,
      "selected_s_std": 26.80629087473539,
      "failure_rate": 0.0,
      "n_failed": 0
    },
    "UG": {
      "method": "UG",
      "n_reps": 500,
      "target": 0.9,
      "coverage": 0.964,
      "coverage_lo": 0.9438156730319722,
      "coverage_hi": 0.9771089390197072,
      "coverage_gap": 0.06399999999999995,
      "meets_target": true,
      "significantly_below": false,
      "mean_obj": -7.474504598175892,
      "obj_se": 0.010392047399809777,
      "mean_oracle_gap": 0.16958641098559318,
      "oracle_gap_se": 0.010500309170869183,
      "mean_rel_oracle_gap": 0.021809472800887356,
      "mean_excess_s": 20.824,
      "selected_s_std": 39.575661586130934,
      "failure_rate": 0.0,
      "n_failed": 0
    },
    "NGS": {
      "method": "NGS",
      "n_reps": 500,
      "target": 0.9,
      "coverage": 0.99,
      "coverage_lo": 0.9768069002442693,
      "coverage_hi": 0.9957212461034096,
      "coverage_gap": 0.08999999999999997,
      "meets_target": true,
      "significantly_below": false,
      "mean_obj": -7.376540007352143,
      "obj_se": 0.01049775826876098,
      "mean_oracle_gap": 0.26755100180934277,
      "oracle_gap_se": 0.011159297760969305,
      "mean_rel_oracle_gap": 0.03458149328154804,
      "mean_excess_s": 35.7,
      "selected_s_std": 48.24464620841935,
      "failure_rate": 0.0,
      "n_failed": 0
    },
    "UNGS": {
      "method": "UNGS",
      "n_reps": 500,
      "target": 0.9,
      "coverage": 0.998,
      "coverage_lo": 0.9887592932948532,
      "coverage_hi": 0.9996468636054407,
      "coverage_gap": 0.09799999999999998,
      "meets_target": true,
      "significantly_below": false,
      "mean_obj": -7.24540950812769,
      "obj_se": 0.010157597080757926,
      "mean_oracle_gap": 0.39868150103379596,
      "oracle_gap_se": 0.012070778008929518,
      "mean_rel_oracle_gap": 0.05162331341830772,
      "mean_excess_s": 60.516,
      "selected_s_std": 58.308419800568075,
      "failure_rate": 0.0,
      "n_failed": 0
    },
    "benchmark": {
      "method": "benchmark",
      "n_reps": 500,
      "target": 0.9,
      "coverage": 1.0,
      "coverage_lo": 0.9923756595384479,
      "coverage_hi": 1.0,
      "coverage_gap": 0.09999999999999998,
      "meets_target": true,
      "significantly_below": false,
      "mean_obj": -6.633670077942959,
      "obj_se": 0.009007642207932848,
      "mean_oracle_gap": 1.0104209312185268,
      "oracle_gap_se": 0.011222150960641424,
      "mean_rel_oracle_gap": 0.13169565310994624,
      "mean_excess_s": NaN,
      "selected_s_std": NaN,
      "failure_rate": 0.0,
      "n_failed": 0
    },
    "_n_replication_errors": 0
  }
}