{
  "key": "paper_ro_ellipsoid_n500_d10_be0.02",
  "config": "paper_ro_ellipsoid",
  "n": 500,
  "split": 0.5,
  "d": 10,
  "reps": 500,
  "alpha": null,
  "beta": 0.02,
  "dgp_params": null,
  "folds": null,
  "mesh_p": null,
  "elapsed_s": 0.6016993522644043,
  "summaries": {
    "NV": {
      "method": "NV",
      "n_reps": 500,
      "target": 0.98,
      "coverage": 0.87,
      "coverage_lo": 0.8376786384230859,
      "coverage_hi": 0.8966793496353656,
      "coverage_gap": -0.10999999999999999,
      "meets_target": false,
      "significantly_below": true,
      "mean_obj": -7.603758794580838,
      "obj_se": 0.010395685106400722,
      "mean_oracle_gap": -0.07703185612543362,
      "oracle_gap_se": 0.011014876088496293,
      "mean_rel_oracle_gap": -0.010472931087116173,
      "mean_excess_s": -0.15743305787600934,
      "selected_s_std": 0.5519547929516075,
      "failure_rate": 0.0,
      "n_failed": 0
    },
    "UG": {
      "method": "UG",
      "n_reps": 500,
      "target": 0.98,
      "coverage": 1.0,
      "coverage_lo": 0.9923756595384479,
      "coverage_hi": 1.0,
      "coverage_gap": 0.020000000000000018,
      "meets_target": true,
      "significantly_below": false,
      "mean_obj": -7.389260695955878,
      "obj_se": 0.007938655014159194,
      "mean_oracle_gap": 0.13746624249952577,
      "oracle_gap_se": 0.01009803381548516,
      "mean_rel_oracle_gap": 0.017928446991976436,
      "mean_excess_s": 0.40577921172084097,
      "selected_s_std": 0.6263481137069504,
      "failure_rate": 0.0,
      "n_failed": 0
    },
    "NGS": {
      "method": "NGS",
      "n_reps": 500,
      "target": 0.98,
      "coverage": 1.0,
      "coverage_lo": 0.9923756595384479,
      "coverage_hi": 1.0,
      "coverage_gap": 0.020000000000000018,
      "meets_target": true,
      "significantly_below": false,
      "mean_obj": -7.3453140287723775,
      "obj_se": 0.008502078919078353,
      "mean_oracle_gap": 0.1814129096830264,
      "oracle_gap_se": 0.010910266576011003,
      "mean_rel_oracle_gap": 0.023733989512748865,
      "mean_excess_s": 0.5487650584761666,
      "selected_s_std": 0.7201556550117042,
      "failure_rate": 0.0,
      "n_failed": 0
    },
    "UNGS": {
      "method": "UNGS",
      "n_reps": 500,
      "target": 0.98,
      "coverage": 0.998,
      "coverage_lo": 0.9887592932948532,
      "coverage_hi": 0.9996468636054407,
      "coverage_gap": 0.018000000000000016,
      "meets_target": true,
      "significantly_below": false,
      "mean_obj": -7.29106709899278,
      "obj_se": 0.00916752122154781,
      "mean_oracle_gap": 0.23565983946262276,
      "oracle_gap_se": 0.01174466853495883,
      "mean_rel_oracle_gap": 0.030911110137682576,
      "mean_excess_s": 0.7288949852683523,
      "selected_s_std": 0.8159472754551486,
      "failure_rate": 0.0,
      "n_failed": 0
    },
    "benchmark": {
      "method": "benchmark",
      "n_reps": 500,
      "target": 0.98,
      "coverage": 1.0,
      "coverage_lo": 0.9923756595384479,
      "coverage_hi": 1.0,
      "coverage_gap": 0.020000000000000018,
      "meets_target": true,
      "significantly_below": false,
      "mean_obj": -6.901634398385975,
      "obj_se": 7.95206533574069e-17,
      "mean_oracle_gap": 0.6250925400694299,
      "oracle_gap_se": 0.0063559970446534445,
      "mean_rel_oracle_gap": 0.08272745930692424,
      "mean_excess_s": null,
      "selected_s_std": null,
      "failure_rate": 0.0,
      "n_failed": 0
    },
    "_n_replication_errors": 0
  }
}