{
  "key": "paper_dro_wasserstein_n200_d10_be0.01",
  "config": "paper_dro_wasserstein",
  "n": 200,
  "split": 0.5,
  "d": 10,
  "reps": 500,
  "alpha": null,
  "beta": 0.01,
  "dgp_params": null,
  "folds": null,
  "mesh_p": null,
  "elapsed_s": 95.38236832618713,
  "summaries": {
    "NV": {
      "method": "NV",
      "n_reps": 500,
      "target": 0.99,
      "coverage": 0.556,
      "coverage_lo": 0.5121868930497259,
      "coverage_hi": 0.5989591808185805,
      "coverage_gap": -0.43399999999999994,
      "meets_target": false,
      "significantly_below": true,
      "mean_obj": -7.844542359572264,
      "obj_se": 0.014529696887776652,
      "mean_oracle_gap": -0.06544436966451576,
      "oracle_gap_se": 0.014913105497559517,
      "mean_rel_oracle_gap": -0.008554198512889136,
      "mean_excess_s": -0.00015782841583211136,
      "selected_s_std": 0.02386265167367449,
      "failure_rate": 0.0,
      "n_failed": 0
    },
    "UG": {
      "method": "UG",
      "n_reps": 500,
      "target": 0.99,
      "coverage": 0.99,
      "coverage_lo": 0.9768069002442693,
      "coverage_hi": 0.9957212461034096,
      "coverage_gap": 0.0,
      "meets_target": true,
      "significantly_below": false,
      "mean_obj": -7.094963032580688,
      "obj_se": 0.016109325615616676,
      "mean_oracle_gap": 0.68413495732706,
      "oracle_gap_se": 0.016550415416890344,
      "mean_rel_oracle_gap": 0.08780848467550358,
      "mean_excess_s": 0.06076859889638689,
      "selected_s_std": 0.048951781645916494,
      "failure_rate": 0.0,
      "n_failed": 0
    },
    "NGS": {
      "method": "NGS",
      "n_reps": 500,
      "target": 0.99,
      "coverage": 0.992,
      "coverage_lo": 0.9796129641658948,
      "coverage_hi": 0.9968846848199377,
      "coverage_gap": 0.0020000000000000018,
      "meets_target": true,
      "significantly_below": false,
      "mean_obj": -7.09209046853545,
      "obj_se": 0.016056648854303617,
      "mean_oracle_gap": 0.6870075213722988,
      "oracle_gap_se": 0.016507968814197048,
      "mean_rel_oracle_gap": 0.08817661901991526,
      "mean_excess_s": 0.06108500514638689,
      "selected_s_std": 0.049097671097170455,
      "failure_rate": 0.0,
      "n_failed": 0
    },
    "UNGS": {
      "method": "UNGS",
      "n_reps": 500,
      "target": 0.99,
      "coverage": 1.0,
      "coverage_lo": 0.9923756595384479,
      "coverage_hi": 1.0,
      "coverage_gap": 0.010000000000000009,
      "meets_target": true,
      "significantly_below": false,
      "mean_obj": -5.112869049248993,
      "obj_se": 0.09354859022708832,
      "mean_oracle_gap": 2.666228940658756,
      "oracle_gap_se": 0.09278794899166397,
      "mean_rel_oracle_gap": 0.343308154986536,
      "mean_excess_s": 1.0131136509797203,
      "selected_s_std": 1.3029188686227038,
      "failure_rate": 0.0,
      "n_failed": 0
    },
    "_n_replication_errors": 0
  }
}