{
  "key": "paper_ro_ellipsoid_n500_d10_be0.4",
  "config": "paper_ro_ellipsoid",
  "n": 500,
  "split": 0.5,
  "d": 10,
  "reps": 500,
  "alpha": null,
  "beta": 0.4,
  "dgp_params": null,
  "folds": null,
  "mesh_p": null,
  "elapsed_s": 0.6043713092803955,
  "summaries": {
    "NV": {
      "method": "NV",
      "n_reps": 500,
      "target": 0.6,
      "coverage": 0.866,
      "coverage_lo": 0.8333339846536646,
      "coverage_hi": 0.8930849981284793,
      "coverage_gap": 0.266,
      "meets_target": true,
      "significantly_below": false,
      "mean_obj": -7.596043222742126,
      "obj_se": 0.010604085340654887,
      "mean_oracle_gap": -0.07666979339842327,
      "oracle_gap_se": 0.011323396138197248,
      "mean_rel_oracle_gap": -0.010435332532994319,
      "mean_excess_s": -0.15726381592714922,
      "selected_s_std": 0.5470197727694174,
      "failure_rate": 0.0,
      "n_failed": 0
    },
    "UG": {
      "method": "UG",
      "n_reps": 500,
      "target": 0.6,
      "coverage": 0.912,
      "coverage_lo": 0.8839235279346099,
      "coverage_hi": 0.9337940155250711,
      "coverage_gap": 0.31200000000000006,
      "meets_target": true,
      "significantly_below": false,
      "mean_obj": -7.55231784941683,
      "obj_se": 0.009581042644624754,
      "mean_oracle_gap": -0.03294442007312541,
      "oracle_gap_se": 0.010386070777015791,
      "mean_rel_oracle_gap": -0.004619203903759884,
      "mean_excess_s": -0.054242432583863194,
      "selected_s_std": 0.5234527612538553,
      "failure_rate": 0.0,
      "n_failed": 0
    },
    "NGS": {
      "method": "NGS",
      "n_reps": 500,
      "target": 0.6,
      "coverage": 0.97,
      "coverage_lo": 0.9510963331640543,
      "coverage_hi": 0.9817367868020865,
      "coverage_gap": 0.37,
      "meets_target": true,
      "significantly_below": false,
      "mean_obj": -7.493206648472954,
      "obj_se": 0.007804303971862325,
      "mean_oracle_gap": 0.0261667808707494,
      "oracle_gap_se": 0.008800369320950744,
      "mean_rel_oracle_gap": 0.003245283295730357,
      "mean_excess_s": 0.08268116641425918,
      "selected_s_std": 0.4377914371990138,
      "failure_rate": 0.0,
      "n_failed": 0
    },
    "UNGS": {
      "method": "UNGS",
      "n_reps": 500,
      "target": 0.6,
      "coverage": 0.948,
      "coverage_lo": 0.9248988560621544,
      "coverage_hi": 0.9642697348842947,
      "coverage_gap": 0.348,
      "meets_target": true,
      "significantly_below": false,
      "mean_obj": -7.518903472255561,
      "obj_se": 0.00864374932319191,
      "mean_oracle_gap": 0.00046995708814362837,
      "oracle_gap_se": 0.009284503815552372,
      "mean_rel_oracle_gap": -0.00015280214758548588,
      "mean_excess_s": 0.0228029704796075,
      "selected_s_std": 0.4787526417483352,
      "failure_rate": 0.0,
      "n_failed": 0
    },
    "benchmark": {
      "method": "benchmark",
      "n_reps": 500,
      "target": 0.6,
      "coverage": 1.0,
      "coverage_lo": 0.9923756595384479,
      "coverage_hi": 1.0,
      "coverage_gap": 0.4,
      "meets_target": true,
      "significantly_below": false,
      "mean_obj": -6.901634398385975,
      "obj_se": 7.95206533574069e-17,
      "mean_oracle_gap": 0.6177390309577301,
      "oracle_gap_se": 0.0062024638149575815,
      "mean_rel_oracle_gap": 0.08184588271244775,
      "mean_excess_s": null,
      "selected_s_std": null,
      "failure_rate": 0.0,
      "n_failed": 0
    },
    "_n_replication_errors": 0
  }
}