{
  "key": "paper_ro_ellipsoid_n500_d10_be0.1",
  "config": "paper_ro_ellipsoid",
  "n": 500,
  "split": 0.5,
  "d": 10,
  "reps": 500,
  "alpha": null,
  "beta": 0.1,
  "dgp_params": null,
  "folds": null,
  "mesh_p": null,
  "elapsed_s": 0.5895552635192871,
  "summaries": {
    "NV": {
      "method": "NV",
      "n_reps": 500,
      "target": 0.9,
      "coverage": 0.868,
      "coverage_lo": 0.8355052092686175,
      "coverage_hi": 0.8948832761516801,
      "coverage_gap": -0.03200000000000003,
      "meets_target": false,
      "significantly_below": true,
      "mean_obj": -7.5869177061291175,
      "obj_se": 0.010588697950113383,
      "mean_oracle_gap": -0.0754129383629592,
      "oracle_gap_se": 0.011429062577397942,
      "mean_rel_oracle_gap": -0.010302983936963002,
      "mean_excess_s": -0.15777759023106602,
      "selected_s_std": 0.5325747518851142,
      "failure_rate": 0.0,
      "n_failed": 0
    },
    "UG": {
      "method": "UG",
      "n_reps": 500,
      "target": 0.9,
      "coverage": 0.982,
      "coverage_lo": 0.9661483290912607,
      "coverage_hi": 0.990501806703803,
      "coverage_gap": 0.08199999999999996,
      "meets_target": true,
      "significantly_below": false,
      "mean_obj": -7.459263318169025,
      "obj_se": 0.007478600989487377,
      "mean_oracle_gap": 0.05224144959713377,
      "oracle_gap_se": 0.009120719004493088,
      "mean_rel_oracle_gap": 0.006663753577123507,
      "mean_excess_s": 0.14858176663833902,
      "selected_s_std": 0.45886425345065973,
      "failure_rate": 0.0,
      "n_failed": 0
    },
    "NGS": {
      "method": "NGS",
      "n_reps": 500,
      "target": 0.9,
      "coverage": 0.996,
      "coverage_lo": 0.9855342847848231,
      "coverage_hi": 0.9989023694773173,
      "coverage_gap": 0.09599999999999997,
      "meets_target": true,
      "significantly_below": false,
      "mean_obj": -7.411894808175213,
      "obj_se": 0.007375168170177346,
      "mean_oracle_gap": 0.09960995959094708,
      "oracle_gap_se": 0.009584191208665487,
      "mean_rel_oracle_gap": 0.012927456842310515,
      "mean_excess_s": 0.2826400998818535,
      "selected_s_std": 0.5283986198366198,
      "failure_rate": 0.0,
      "n_failed": 0
    },
    "UNGS": {
      "method": "UNGS",
      "n_reps": 500,
      "target": 0.9,
      "coverage": 0.982,
      "coverage_lo": 0.9661483290912607,
      "coverage_hi": 0.990501806703803,
      "coverage_gap": 0.08199999999999996,
      "meets_target": true,
      "significantly_below": false,
      "mean_obj": -7.423834947945879,
      "obj_se": 0.008365135443849554,
      "mean_oracle_gap": 0.08766981982027969,
      "oracle_gap_se": 0.010272210276599506,
      "mean_rel_oracle_gap": 0.011344826669731866,
      "mean_excess_s": 0.2598003839931698,
      "selected_s_std": 0.5812557459285937,
      "failure_rate": 0.0,
      "n_failed": 0
    },
    "benchmark": {
      "method": "benchmark",
      "n_reps": 500,
      "target": 0.9,
      "coverage": 1.0,
      "coverage_lo": 0.9923756595384479,
      "coverage_hi": 1.0,
      "coverage_gap": 0.09999999999999998,
      "meets_target": true,
      "significantly_below": false,
      "mean_obj": -6.901634398385975,
      "obj_se": 7.95206533574069e-17,
      "mean_oracle_gap": 0.6098703693801856,
      "oracle_gap_se": 0.006424861907135354,
      "mean_rel_oracle_gap": 0.08086183552571864,
      "mean_excess_s": null,
      "selected_s_std": null,
      "failure_rate": 0.0,
      "n_failed": 0
    },
    "_n_replication_errors": 0
  }
}