{
  "key": "paper_saa_n400_d10_be0.4",
  "config": "paper_saa",
  "n": 400,
  "split": 0.5,
  "d": 10,
  "reps": 500,
  "alpha": null,
  "beta": 0.4,
  "dgp_params": null,
  "folds": null,
  "mesh_p": null,
  "elapsed_s": 40.32978653907776,
  "summaries": {
    "NV": {
      "method": "NV",
      "n_reps": 500,
      "target": 0.6,
      "coverage": 0.44,
      "coverage_lo": 0.397111794441699,
      "coverage_hi": 0.4838031264136874,
      "coverage_gap": -0.15999999999999998,
      "meets_target": false,
      "significantly_below": true,
      "mean_obj": -7.9344184483604,
      "obj_se": 0.00833161903556992,
      "mean_oracle_gap": -0.05296468881700047,
      "oracle_gap_se": 0.008361186055742187,
      "mean_rel_oracle_gap": -0.0067383510499087005,
      "mean_excess_s": -0.006504,
      "selected_s_std": 0.023163202107302168,
      "failure_rate": 0.0,
      "n_failed": 0
    },
    "UG": {
      "method": "UG",
      "n_reps": 500,
      "target": 0.6,
      "coverage": 0.648,
      "coverage_lo": 0.6051540371141233,
      "coverage_hi": 0.6885891581092574,
      "coverage_gap": 0.04800000000000004,
      "meets_target": true,
      "significantly_below": false,
      "mean_obj": -7.83928614277781,
      "obj_se": 0.008873223656377693,
      "mean_oracle_gap": 0.042167616765589715,
      "oracle_gap_se": 0.008864806882955602,
      "mean_rel_oracle_gap": 0.005334975995334444,
      "mean_excess_s": 0.0015919999999999997,
      "selected_s_std": 0.022179828348550003,
      "failure_rate": 0.0,
      "n_failed": 0
    },
    "NGS": {
      "method": "NGS",
      "n_reps": 500,
      "target": 0.6,
      "coverage": 0.864,
      "coverage_lo": 0.8311649235512272,
      "coverage_hi": 0.8912845565927628,
      "coverage_gap": 0.264,
      "meets_target": true,
      "significantly_below": false,
      "mean_obj": -7.695570832558019,
      "obj_se": 0.009292481397632876,
      "mean_oracle_gap": 0.18588292698538122,
      "oracle_gap_se": 0.009312079362907684,
      "mean_rel_oracle_gap": 0.0235680565054623,
      "mean_excess_s": 0.013096,
      "selected_s_std": 0.019593096817138722,
      "failure_rate": 0.0,
      "n_failed": 0
    },
    "UNGS": {
      "method": "UNGS",
      "n_reps": 500,
      "target": 0.6,
      "coverage": 0.852,
      "coverage_lo": 0.8181938697042727,
      "coverage_hi": 0.8804385946107945,
      "coverage_gap": 0.252,
      "meets_target": true,
      "significantly_below": false,
      "mean_obj": -7.683711293781098,
      "obj_se": 0.01007512756383377,
      "mean_oracle_gap": 0.19774246576230234,
      "oracle_gap_se": 0.01007080595834042,
      "mean_rel_oracle_gap": 0.025074655678471246,
      "mean_excess_s": 0.013472000000000001,
      "selected_s_std": 0.020672243693383583,
      "failure_rate": 0.0,
      "n_failed": 0
    },
    "_n_replication_errors": 0
  }
}