{
  "config": "paper_dro_wasserstein",
  "formulation": "dro_wasserstein",
  "n": 200,
  "n1": 100,
  "n2": 100,
  "reps": 50,
  "alpha": 0.1,
  "beta": 0.05,
  "elapsed_s": 168.54416918754578,
  "failures": 0,
  "summaries": {
    "NV": {
      "method": "NV",
      "n_reps": 50,
      "target": 0.95,
      "coverage": 0.68,
      "coverage_lo": 0.5418970269185592,
      "coverage_hi": 0.7924178373934316,
      "coverage_gap": -0.2699999999999999,
      "meets_target": false,
      "significantly_below": true,
      "mean_obj": -7.7415081388070215,
      "obj_se": 0.0473380239929916,
      "mean_oracle_gap": 0.021911582342985535,
      "oracle_gap_se": 0.044980265265069735,
      "mean_rel_oracle_gap": 0.0028339957265963427,
      "mean_excess_s": 0.005589015812541497,
      "selected_s_std": NaN,
      "failure_rate": 0.0
    },
    "UG": {
      "method": "UG",
      "n_reps": 50,
      "target": 0.95,
      "coverage": 0.92,
      "coverage_lo": 0.8116175308165717,
      "coverage_hi": 0.968450485911407,
      "coverage_gap": -0.029999999999999916,
      "meets_target": false,
      "significantly_below": false,
      "mean_obj": -7.380387216829828,
      "obj_se": 0.04446444706498069,
      "mean_oracle_gap": 0.3830325043201794,
      "oracle_gap_se": 0.04244644735611683,
      "mean_rel_oracle_gap": 0.049340624113823735,
      "mean_excess_s": 0.030820676085244338,
      "selected_s_std": NaN,
      "failure_rate": 0.0
    },
    "NGS": {
      "method": "NGS",
      "n_reps": 50,
      "target": 0.95,
      "coverage": 0.96,
      "coverage_lo": 0.8653990931249297,
      "coverage_hi": 0.9889611156723802,
      "coverage_gap": 0.010000000000000009,
      "meets_target": true,
      "significantly_below": false,
      "mean_obj": -7.159044325882338,
      "obj_se": 0.05015822640721336,
      "mean_oracle_gap": 0.6043753952676694,
      "oracle_gap_se": 0.05133290482384541,
      "mean_rel_oracle_gap": 0.07773567296430618,
      "mean_excess_s": 0.05379727525657278,
      "selected_s_std": NaN,
      "failure_rate": 0.0
    },
    "UNGS": {
      "method": "UNGS",
      "n_reps": 50,
      "target": 0.95,
      "coverage": 1.0,
      "coverage_lo": 0.9286524008666414,
      "coverage_hi": 1.0,
      "coverage_gap": 0.050000000000000044,
      "meets_target": true,
      "significantly_below": false,
      "mean_obj": -6.791518855118849,
      "obj_se": 0.06722472672501278,
      "mean_oracle_gap": 0.9719008660311588,
      "oracle_gap_se": 0.0672725765224231,
      "mean_rel_oracle_gap": 0.12513036258904095,
      "mean_excess_s": 0.1064845552286021,
      "selected_s_std": NaN,
      "failure_rate": 0.0
    }
  }
}