{
  "config": "paper_dro_wasserstein",
  "formulation": "dro_wasserstein",
  "n": 300,
  "n1": 150,
  "n2": 150,
  "reps": 50,
  "alpha": 0.1,
  "beta": 0.05,
  "elapsed_s": 613.9948806762695,
  "failures": 0,
  "summaries": {
    "NV": {
      "method": "NV",
      "n_reps": 50,
      "target": 0.95,
      "coverage": 0.46,
      "coverage_lo": 0.3296965219222435,
      "coverage_hi": 0.5960112860084253,
      "coverage_gap": -0.48999999999999994,
      "meets_target": false,
      "significantly_below": true,
      "mean_obj": -7.890628878081838,
      "obj_se": 0.0318791977548971,
      "mean_oracle_gap": -0.08183108190947236,
      "oracle_gap_se": 0.031211801229644988,
      "mean_rel_oracle_gap": -0.010537600592034709,
      "mean_excess_s": -0.001926269322250062,
      "selected_s_std": NaN,
      "failure_rate": 0.0
    },
    "UG": {
      "method": "UG",
      "n_reps": 50,
      "target": 0.95,
      "coverage": 0.98,
      "coverage_lo": 0.8950455641036219,
      "coverage_hi": 0.9964607407283539,
      "coverage_gap": 0.030000000000000027,
      "meets_target": true,
      "significantly_below": false,
      "mean_obj": -7.34123390462268,
      "obj_se": 0.04030443389928327,
      "mean_oracle_gap": 0.46756389154968514,
      "oracle_gap_se": 0.042816510438316385,
      "mean_rel_oracle_gap": 0.05972700673540444,
      "mean_excess_s": 0.03197865176102752,
      "selected_s_std": NaN,
      "failure_rate": 0.0
    },
    "NGS": {
      "method": "NGS",
      "n_reps": 50,
      "target": 0.95,
      "coverage": 1.0,
      "coverage_lo": 0.9286524008666414,
      "coverage_hi": 1.0,
      "coverage_gap": 0.050000000000000044,
      "meets_target": true,
      "significantly_below": false,
      "mean_obj": -7.249967408951622,
      "obj_se": 0.03755644802392212,
      "mean_oracle_gap": 0.5588303872207446,
      "oracle_gap_se": 0.03878847428983907,
      "mean_rel_oracle_gap": 0.07146248242083951,
      "mean_excess_s": 0.03967604397746271,
      "selected_s_std": NaN,
      "failure_rate": 0.0
    },
    "UNGS": {
      "method": "UNGS",
      "n_reps": 50,
      "target": 0.95,
      "coverage": 1.0,
      "coverage_lo": 0.9286524008666414,
      "coverage_hi": 1.0,
      "coverage_gap": 0.050000000000000044,
      "meets_target": true,
      "significantly_below": false,
      "mean_obj": -7.108019209811356,
      "obj_se": 0.04720577277498716,
      "mean_oracle_gap": 0.7007785863610079,
      "oracle_gap_se": 0.0473298544692026,
      "mean_rel_oracle_gap": 0.08967612872465859,
      "mean_excess_s": 0.05619948147746271,
      "selected_s_std": NaN,
      "failure_rate": 0.0
    }
  }
}