{
  "config": "paper_saa",
  "formulation": "saa",
  "n": 300,
  "n1": 150,
  "n2": 150,
  "reps": 50,
  "alpha": 0.1,
  "beta": 0.05,
  "elapsed_s": 19.073245763778687,
  "failures": 0,
  "summaries": {
    "NV": {
      "method": "NV",
      "n_reps": 50,
      "target": 0.95,
      "coverage": 0.12,
      "coverage_lo": 0.05617600150932274,
      "coverage_hi": 0.23804817383202992,
      "coverage_gap": -0.83,
      "meets_target": false,
      "significantly_below": true,
      "mean_obj": -8.10441827549951,
      "obj_se": 0.023359597882683103,
      "mean_oracle_gap": -0.1747674648966528,
      "oracle_gap_se": 0.03647068304060748,
      "mean_rel_oracle_gap": -0.022264335344517012,
      "mean_excess_s": -0.016100000000000003,
      "selected_s_std": NaN,
      "failure_rate": 0.0
    },
    "UG": {
      "method": "UG",
      "n_reps": 50,
      "target": 0.95,
      "coverage": 0.3,
      "coverage_lo": 0.19103553500880951,
      "coverage_hi": 0.437503504644534,
      "coverage_gap": -0.6499999999999999,
      "meets_target": false,
      "significantly_below": true,
      "mean_obj": -8.030544809916567,
      "obj_se": 0.026850833747731267,
      "mean_oracle_gap": -0.016199654544043797,
      "oracle_gap_se": 0.02421121902503434,
      "mean_rel_oracle_gap": -0.002068724549856511,
      "mean_excess_s": -9.99999999999994e-05,
      "selected_s_std": NaN,
      "failure_rate": 0.0
    },
    "NGS": {
      "method": "NGS",
      "n_reps": 50,
      "target": 0.95,
      "coverage": 0.32,
      "coverage_lo": 0.20758216260656845,
      "coverage_hi": 0.45810297308144077,
      "coverage_gap": -0.6299999999999999,
      "meets_target": false,
      "significantly_below": true,
      "mean_obj": -8.027771806431199,
      "obj_se": 0.02706362217250554,
      "mean_oracle_gap": -0.009267145830626067,
      "oracle_gap_se": 0.023342794088330232,
      "mean_rel_oracle_gap": -0.0011865545671340654,
      "mean_excess_s": 0.00020000000000000052,
      "selected_s_std": NaN,
      "failure_rate": 0.0
    },
    "UNGS": {
      "method": "UNGS",
      "n_reps": 50,
      "target": 0.95,
      "coverage": 0.32,
      "coverage_lo": 0.20758216260656845,
      "coverage_hi": 0.45810297308144077,
      "coverage_gap": -0.6299999999999999,
      "meets_target": false,
      "significantly_below": true,
      "mean_obj": -8.027771806431199,
      "obj_se": 0.02706362217250554,
      "mean_oracle_gap": -0.009267145830626067,
      "oracle_gap_se": 0.023342794088330232,
      "mean_rel_oracle_gap": -0.0011865545671340654,
      "mean_excess_s": 0.00020000000000000052,
      "selected_s_std": NaN,
      "failure_rate": 0.0
    }
  }
}