{
  "config": "paper_so",
  "formulation": "so",
  "n": 500,
  "n1": 250,
  "n2": 250,
  "reps": 200,
  "alpha": 0.1,
  "beta": 0.05,
  "elapsed_s": 141.63347911834717,
  "failures": 0,
  "summaries": {
    "benchmark": {
      "method": "benchmark",
      "n_reps": 200,
      "target": 0.95,
      "coverage": 1.0,
      "coverage_lo": 0.9811546736227335,
      "coverage_hi": 1.0,
      "coverage_gap": 0.050000000000000044,
      "meets_target": true,
      "significantly_below": false,
      "mean_obj": -6.630278572636157,
      "obj_se": 0.015636944694274943,
      "mean_oracle_gap": 1.020456578394485,
      "oracle_gap_se": 0.020392186500933995,
      "mean_rel_oracle_gap": 0.13281925883128695,
      "mean_excess_s": NaN,
      "selected_s_std": NaN,
      "failure_rate": 0.0
    },
    "NV": {
      "method": "NV",
      "n_reps": 200,
      "target": 0.95,
      "coverage": 0.755,
      "coverage_lo": 0.6909575644379659,
      "coverage_hi": 0.8094313191096282,
      "coverage_gap": -0.19499999999999995,
      "meets_target": false,
      "significantly_below": true,
      "mean_obj": -7.667106510448906,
      "obj_se": 0.017698143807134012,
      "mean_oracle_gap": -0.01637135941826444,
      "oracle_gap_se": 0.016039896399207457,
      "mean_rel_oracle_gap": -0.0023879038656939295,
      "mean_excess_s": -0.115,
      "selected_s_std": NaN,
      "failure_rate": 0.0
    },
    "UG": {
      "method": "UG",
      "n_reps": 200,
      "target": 0.95,
      "coverage": 0.985,
      "coverage_lo": 0.9568342712073097,
      "coverage_hi": 0.9948857622067417,
      "coverage_gap": 0.03500000000000003,
      "meets_target": true,
      "significantly_below": false,
      "mean_obj": -7.446785352934944,
      "obj_se": 0.01617970537714311,
      "mean_oracle_gap": 0.20394979809569802,
      "oracle_gap_se": 0.017220542441025517,
      "mean_rel_oracle_gap": 0.02626972448111771,
      "mean_excess_s": 20.02,
      "selected_s_std": NaN,
      "failure_rate": 0.0
    },
    "NGS": {
      "method": "NGS",
      "n_reps": 200,
      "target": 0.95,
      "coverage": 1.0,
      "coverage_lo": 0.9811546736227335,
      "coverage_hi": 1.0,
      "coverage_gap": 0.050000000000000044,
      "meets_target": true,
      "significantly_below": false,
      "mean_obj": -7.345171798275308,
      "obj_se": 0.01494949737765949,
      "mean_oracle_gap": 0.3055633527553341,
      "oracle_gap_se": 0.018211961919235766,
      "mean_rel_oracle_gap": 0.039430977308341816,
      "mean_excess_s": 35.13,
      "selected_s_std": NaN,
      "failure_rate": 0.0
    },
    "UNGS": {
      "method": "UNGS",
      "n_reps": 200,
      "target": 0.95,
      "coverage": 1.0,
      "coverage_lo": 0.9811546736227335,
      "coverage_hi": 1.0,
      "coverage_gap": 0.050000000000000044,
      "meets_target": true,
      "significantly_below": false,
      "mean_obj": -7.144103673221857,
      "obj_se": 0.01723661767126236,
      "mean_oracle_gap": 0.5066314778087854,
      "oracle_gap_se": 0.020858305393208425,
      "mean_rel_oracle_gap": 0.06567325979295681,
      "mean_excess_s": 76.89,
      "selected_s_std": NaN,
      "failure_rate": 0.0
    }
  }
}