{
  "config": "paper_ro_ellipsoid",
  "formulation": "ro_ellipsoid",
  "n": 200,
  "n1": 100,
  "n2": 100,
  "reps": 5,
  "alpha": 0.1,
  "beta": 0.05,
  "elapsed_s": 0.22994017601013184,
  "failures": 0,
  "summaries": {
    "benchmark": {
      "method": "benchmark",
      "n_reps": 5,
      "target": 0.95,
      "coverage": 1.0,
      "coverage_lo": 0.5655175352168251,
      "coverage_hi": 1.0,
      "coverage_gap": 0.050000000000000044,
      "meets_target": true,
      "significantly_below": false,
      "mean_obj": -6.90163439839718,
      "obj_se": 0.0,
      "mean_oracle_gap": 0.7200008748984853,
      "oracle_gap_se": 0.025256519498026386,
      "mean_rel_oracle_gap": 0.09442836181460962,
      "mean_excess_s": NaN,
      "selected_s_std": NaN,
      "failure_rate": 0.0
    },
    "NV": {
      "method": "NV",
      "n_reps": 5,
      "target": 0.95,
      "coverage": 1.0,
      "coverage_lo": 0.5655175352168251,
      "coverage_hi": 1.0,
      "coverage_gap": 0.050000000000000044,
      "meets_target": true,
      "significantly_below": false,
      "mean_obj": -7.621635273295665,
      "obj_se": 0.025256519498026347,
      "mean_oracle_gap": -5.329070518200751e-16,
      "oracle_gap_se": 2.1755839288168295e-16,
      "mean_rel_oracle_gap": -6.999191404613782e-17,
      "mean_excess_s": 0.0,
      "selected_s_std": NaN,
      "failure_rate": 0.0
    },
    "UG": {
      "method": "UG",
      "n_reps": 5,
      "target": 0.95,
      "coverage": 1.0,
      "coverage_lo": 0.5655175352168251,
      "coverage_hi": 1.0,
      "coverage_gap": 0.050000000000000044,
      "meets_target": true,
      "significantly_below": false,
      "mean_obj": -7.357590688705871,
      "obj_se": 0.13330935523837717,
      "mean_oracle_gap": 0.26404458458979485,
      "oracle_gap_se": 0.10818758538659994,
      "mean_rel_oracle_gap": 0.03483201796056422,
      "mean_excess_s": 0.849613864042604,
      "selected_s_std": NaN,
      "failure_rate": 0.0
    },
    "NGS": {
      "method": "NGS",
      "n_reps": 5,
      "target": 0.95,
      "coverage": 1.0,
      "coverage_lo": 0.5655175352168251,
      "coverage_hi": 1.0,
      "coverage_gap": 0.050000000000000044,
      "meets_target": true,
      "significantly_below": false,
      "mean_obj": -7.274100739195285,
      "obj_se": 0.10620194047184059,
      "mean_oracle_gap": 0.34753453410037966,
      "oracle_gap_se": 0.0874790876900883,
      "mean_rel_oracle_gap": 0.045702964922080105,
      "mean_excess_s": 1.1309334904944965,
      "selected_s_std": NaN,
      "failure_rate": 0.0
    },
    "UNGS": {
      "method": "UNGS",
      "n_reps": 5,
      "target": 0.95,
      "coverage": 1.0,
      "coverage_lo": 0.5655175352168251,
      "coverage_hi": 1.0,
      "coverage_gap": 0.050000000000000044,
      "meets_target": true,
      "significantly_below": false,
      "mean_obj": -7.062986741526041,
      "obj_se": 0.13082915336202036,
      "mean_oracle_gap": 0.5586485317696237,
      "oracle_gap_se": 0.11809553738395875,
      "mean_rel_oracle_gap": 0.07338791492700499,
      "mean_excess_s": 1.9888158258194089,
      "selected_s_std": NaN,
      "failure_rate": 0.0
    }
  }
}