{
  "config": "paper_dro_wasserstein",
  "formulation": "dro_wasserstein",
  "n": 100,
  "n1": 50,
  "n2": 50,
  "reps": 50,
  "alpha": 0.1,
  "beta": 0.05,
  "elapsed_s": 31.078522205352783,
  "failures": 0,
  "summaries": {
    "NV": {
      "method": "NV",
      "n_reps": 50,
      "target": 0.95,
      "coverage": 0.5,
      "coverage_lo": 0.3664451431682858,
      "coverage_hi": 0.6335548568317142,
      "coverage_gap": -0.44999999999999996,
      "meets_target": false,
      "significantly_below": true,
      "mean_obj": -7.849853037707414,
      "obj_se": 0.06758006286044618,
      "mean_oracle_gap": -0.11482743311365018,
      "oracle_gap_se": 0.07301439541439944,
      "mean_rel_oracle_gap": -0.015306673439073805,
      "mean_excess_s": -0.0027913983285426302,
      "selected_s_std": NaN,
      "failure_rate": 0.0
    },
    "UG": {
      "method": "UG",
      "n_reps": 50,
      "target": 0.95,
      "coverage": 0.9,
      "coverage_lo": 0.7863976856252035,
      "coverage_hi": 0.9565242350681096,
      "coverage_gap": -0.04999999999999993,
      "meets_target": false,
      "significantly_below": false,
      "mean_obj": -7.023878401297424,
      "obj_se": 0.08742224515696152,
      "mean_oracle_gap": 0.7111472032963383,
      "oracle_gap_se": 0.08952193122599256,
      "mean_rel_oracle_gap": 0.0916705466278353,
      "mean_excess_s": 0.08093029425140924,
      "selected_s_std": NaN,
      "failure_rate": 0.0
    },
    "NGS": {
      "method": "NGS",
      "n_reps": 50,
      "target": 0.95,
      "coverage": 0.98,
      "coverage_lo": 0.8950455641036219,
      "coverage_hi": 0.9964607407283539,
      "coverage_gap": 0.030000000000000027,
      "meets_target": true,
      "significantly_below": false,
      "mean_obj": -6.8950872894029,
      "obj_se": 0.07816727962658172,
      "mean_oracle_gap": 0.8399383151908615,
      "oracle_gap_se": 0.08111369435193727,
      "mean_rel_oracle_gap": 0.10828441695485959,
      "mean_excess_s": 0.09445622741113148,
      "selected_s_std": NaN,
      "failure_rate": 0.0
    },
    "UNGS": {
      "method": "UNGS",
      "n_reps": 50,
      "target": 0.95,
      "coverage": 1.0,
      "coverage_lo": 0.9286524008666414,
      "coverage_hi": 1.0,
      "coverage_gap": 0.050000000000000044,
      "meets_target": true,
      "significantly_below": false,
      "mean_obj": -4.313999935161237,
      "obj_se": 0.33063945719494525,
      "mean_oracle_gap": 3.4210256694325265,
      "oracle_gap_se": 0.3262229252038663,
      "mean_rel_oracle_gap": 0.4434762616107809,
      "mean_excess_s": 1.5410187274111313,
      "selected_s_std": NaN,
      "failure_rate": 0.0
    }
  }
}