{
  "config": "paper_so",
  "formulation": "so",
  "n": 200,
  "n1": 150,
  "n2": 50,
  "reps": 200,
  "alpha": 0.1,
  "beta": 0.05,
  "elapsed_s": 50.3314151763916,
  "failures": 0,
  "summaries": {
    "benchmark": {
      "method": "benchmark",
      "n_reps": 200,
      "target": 0.95,
      "coverage": 1.0,
      "coverage_lo": 0.9811546736227335,
      "coverage_hi": 1.0,
      "coverage_gap": 0.050000000000000044,
      "meets_target": true,
      "significantly_below": false,
      "mean_obj": -6.978372494609143,
      "obj_se": 0.018166251472550493,
      "mean_oracle_gap": 0.6557771305628726,
      "oracle_gap_se": 0.01865417091417354,
      "mean_rel_oracle_gap": 0.08548780175435215,
      "mean_excess_s": NaN,
      "selected_s_std": NaN,
      "failure_rate": 0.0
    },
    "NV": {
      "method": "NV",
      "n_reps": 200,
      "target": 0.95,
      "coverage": 0.54,
      "coverage_lo": 0.4708228918895333,
      "coverage_hi": 0.6076694820002854,
      "coverage_gap": -0.4099999999999999,
      "meets_target": false,
      "significantly_below": true,
      "mean_obj": -7.796591211071736,
      "obj_se": 0.027513013633419993,
      "mean_oracle_gap": -0.16244158589971952,
      "oracle_gap_se": 0.025499918463642305,
      "mean_rel_oracle_gap": -0.02155419335171876,
      "mean_excess_s": -7.855,
      "selected_s_std": NaN,
      "failure_rate": 0.0
    },
    "UG": {
      "method": "UG",
      "n_reps": 200,
      "target": 0.95,
      "coverage": 0.895,
      "coverage_lo": 0.8448196800887696,
      "coverage_hi": 0.9302925120731899,
      "coverage_gap": -0.05499999999999994,
      "meets_target": false,
      "significantly_below": true,
      "mean_obj": -7.387881564266048,
      "obj_se": 0.023555035807308836,
      "mean_oracle_gap": 0.24626806090596756,
      "oracle_gap_se": 0.023330525159989617,
      "mean_rel_oracle_gap": 0.03185372539970584,
      "mean_excess_s": 29.565,
      "selected_s_std": NaN,
      "failure_rate": 0.0
    },
    "NGS": {
      "method": "NGS",
      "n_reps": 200,
      "target": 0.95,
      "coverage": 0.94,
      "coverage_lo": 0.8980683070423372,
      "coverage_hi": 0.9653478057456681,
      "coverage_gap": -0.010000000000000009,
      "meets_target": false,
      "significantly_below": false,
      "mean_obj": -7.300780434162409,
      "obj_se": 0.023692594882145694,
      "mean_oracle_gap": 0.33336919100960616,
      "oracle_gap_se": 0.02312301896290056,
      "mean_rel_oracle_gap": 0.04330283372433735,
      "mean_excess_s": 39.625,
      "selected_s_std": NaN,
      "failure_rate": 0.0
    },
    "UNGS": {
      "method": "UNGS",
      "n_reps": 200,
      "target": 0.95,
      "coverage": 0.96,
      "coverage_lo": 0.923067931799067,
      "coverage_hi": 0.9795943679338476,
      "coverage_gap": 0.010000000000000009,
      "meets_target": true,
      "significantly_below": false,
      "mean_obj": -7.254708188074225,
      "obj_se": 0.024775944752783864,
      "mean_oracle_gap": 0.37944143709779155,
      "oracle_gap_se": 0.02284187881552915,
      "mean_rel_oracle_gap": 0.04945901059193208,
      "mean_excess_s": 46.025,
      "selected_s_std": NaN,
      "failure_rate": 0.0
    }
  }
}