{
  "config": "paper_saa",
  "formulation": "saa",
  "n": 200,
  "n1": 100,
  "n2": 100,
  "reps": 50,
  "alpha": 0.1,
  "beta": 0.05,
  "elapsed_s": 3.8040881156921387,
  "failures": 0,
  "summaries": {
    "NV": {
      "method": "NV",
      "n_reps": 50,
      "target": 0.95,
      "coverage": 0.02,
      "coverage_lo": 0.003539259271646236,
      "coverage_hi": 0.10495443589637815,
      "coverage_gap": -0.9299999999999999,
      "meets_target": false,
      "significantly_below": true,
      "mean_obj": -8.229859894483525,
      "obj_se": 0.02467310053165286,
      "mean_oracle_gap": -0.1815108178151008,
      "oracle_gap_se": 0.09483699549337782,
      "mean_rel_oracle_gap": -0.02311243668262667,
      "mean_excess_s": -0.0175,
      "selected_s_std": NaN,
      "failure_rate": 0.0
    },
    "UG": {
      "method": "UG",
      "n_reps": 50,
      "target": 0.95,
      "coverage": 0.04,
      "coverage_lo": 0.011038884327619798,
      "coverage_hi": 0.13460090687507023,
      "coverage_gap": -0.9099999999999999,
      "meets_target": false,
      "significantly_below": true,
      "mean_obj": -8.213522671611988,
      "obj_se": 0.025914704404324713,
      "mean_oracle_gap": -0.12525458529808908,
      "oracle_gap_se": 0.10103483560902222,
      "mean_rel_oracle_gap": -0.01594137117354278,
      "mean_excess_s": -0.010000000000000002,
      "selected_s_std": NaN,
      "failure_rate": 0.0
    },
    "NGS": {
      "method": "NGS",
      "n_reps": 50,
      "target": 0.95,
      "coverage": 0.04,
      "coverage_lo": 0.011038884327619798,
      "coverage_hi": 0.13460090687507023,
      "coverage_gap": -0.9099999999999999,
      "meets_target": false,
      "significantly_below": true,
      "mean_obj": -8.213522671611988,
      "obj_se": 0.025914704404324713,
      "mean_oracle_gap": -0.12525458529808908,
      "oracle_gap_se": 0.10103483560902222,
      "mean_rel_oracle_gap": -0.01594137117354278,
      "mean_excess_s": -0.010000000000000002,
      "selected_s_std": NaN,
      "failure_rate": 0.0
    },
    "UNGS": {
      "method": "UNGS",
      "n_reps": 50,
      "target": 0.95,
      "coverage": 0.04,
      "coverage_lo": 0.011038884327619798,
      "coverage_hi": 0.13460090687507023,
      "coverage_gap": -0.9099999999999999,
      "meets_target": false,
      "significantly_below": true,
      "mean_obj": -8.213522671611988,
      "obj_se": 0.025914704404324713,
      "mean_oracle_gap": -0.12525458529808908,
      "oracle_gap_se": 0.10103483560902222,
      "mean_rel_oracle_gap": -0.01594137117354278,
      "mean_excess_s": -0.010000000000000002,
      "selected_s_std": NaN,
      "failure_rate": 0.0
    }
  }
}