{
  "config": "paper_saa",
  "formulation": "saa",
  "n": 300,
  "n1": 210,
  "n2": 90,
  "reps": 50,
  "alpha": 0.1,
  "beta": 0.05,
  "elapsed_s": 103.63342094421387,
  "failures": 0,
  "summaries": {
    "NV": {
      "method": "NV",
      "n_reps": 50,
      "target": 0.95,
      "coverage": 0.38,
      "coverage_lo": 0.25862789310193596,
      "coverage_hi": 0.5184955306900703,
      "coverage_gap": -0.57,
      "meets_target": false,
      "significantly_below": true,
      "mean_obj": -7.972998811756965,
      "obj_se": 0.037437130247854764,
      "mean_oracle_gap": -0.08088846039201426,
      "oracle_gap_se": 0.038014554237635306,
      "mean_rel_oracle_gap": -0.010278663643367502,
      "mean_excess_s": -0.00792,
      "selected_s_std": NaN,
      "failure_rate": 0.0
    },
    "UG": {
      "method": "UG",
      "n_reps": 50,
      "target": 0.95,
      "coverage": 0.88,
      "coverage_lo": 0.7619518261679701,
      "coverage_hi": 0.9438239984906773,
      "coverage_gap": -0.06999999999999995,
      "meets_target": false,
      "significantly_below": true,
      "mean_obj": -7.558768790640622,
      "obj_se": 0.043222663598993676,
      "mean_oracle_gap": 0.3333415607243302,
      "oracle_gap_se": 0.0437169263531996,
      "mean_rel_oracle_gap": 0.0422095412082735,
      "mean_excess_s": 0.023200000000000002,
      "selected_s_std": NaN,
      "failure_rate": 0.0
    },
    "NGS": {
      "method": "NGS",
      "n_reps": 50,
      "target": 0.95,
      "coverage": 0.96,
      "coverage_lo": 0.8653990931249297,
      "coverage_hi": 0.9889611156723802,
      "coverage_gap": 0.010000000000000009,
      "meets_target": true,
      "significantly_below": false,
      "mean_obj": -7.4083969824712,
      "obj_se": 0.04327037877406389,
      "mean_oracle_gap": 0.4837133688937509,
      "oracle_gap_se": 0.04372690426388649,
      "mean_rel_oracle_gap": 0.06126469268463683,
      "mean_excess_s": 0.031920000000000004,
      "selected_s_std": NaN,
      "failure_rate": 0.0
    },
    "UNGS": {
      "method": "UNGS",
      "n_reps": 50,
      "target": 0.95,
      "coverage": 1.0,
      "coverage_lo": 0.9286524008666414,
      "coverage_hi": 1.0,
      "coverage_gap": 0.050000000000000044,
      "meets_target": true,
      "significantly_below": false,
      "mean_obj": -7.200983529061851,
      "obj_se": 0.039332669410932455,
      "mean_oracle_gap": 0.6911268223031015,
      "oracle_gap_se": 0.039496385611852466,
      "mean_rel_oracle_gap": 0.08755679607127669,
      "mean_excess_s": 0.04168,
      "selected_s_std": NaN,
      "failure_rate": 0.0
    }
  }
}