{
  "config": "paper_fast",
  "formulation": "fast",
  "n": 200,
  "n1": 100,
  "n2": 100,
  "reps": 200,
  "alpha": 0.1,
  "beta": 0.05,
  "elapsed_s": 1.1716017723083496,
  "failures": 0,
  "summaries": {
    "benchmark": {
      "method": "benchmark",
      "n_reps": 200,
      "target": 0.95,
      "coverage": 1.0,
      "coverage_lo": 0.9811546736227335,
      "coverage_hi": 1.0,
      "coverage_gap": 0.050000000000000044,
      "meets_target": true,
      "significantly_below": false,
      "mean_obj": -5.974171228429064,
      "obj_se": 0.03566491357920696,
      "mean_oracle_gap": 1.2931043166979486,
      "oracle_gap_se": 0.034289532433279604,
      "mean_rel_oracle_gap": 0.17746384769333914,
      "mean_excess_s": NaN,
      "selected_s_std": NaN,
      "failure_rate": 0.0
    },
    "NV": {
      "method": "NV",
      "n_reps": 200,
      "target": 0.95,
      "coverage": 1.0,
      "coverage_lo": 0.9811546736227335,
      "coverage_hi": 1.0,
      "coverage_gap": 0.050000000000000044,
      "meets_target": true,
      "significantly_below": false,
      "mean_obj": -7.2250115167116675,
      "obj_se": 0.022879321273059493,
      "mean_oracle_gap": 0.042264028415346024,
      "oracle_gap_se": 0.012420368474703798,
      "mean_rel_oracle_gap": 0.005499999999999998,
      "mean_excess_s": 0.9934999999999999,
      "selected_s_std": NaN,
      "failure_rate": 0.0
    },
    "UG": {
      "method": "UG",
      "n_reps": 200,
      "target": 0.95,
      "coverage": 1.0,
      "coverage_lo": 0.9811546736227335,
      "coverage_hi": 1.0,
      "coverage_gap": 0.050000000000000044,
      "meets_target": true,
      "significantly_below": false,
      "mean_obj": -7.060560232291416,
      "obj_se": 0.024750625838303293,
      "mean_oracle_gap": 0.2067153128355968,
      "oracle_gap_se": 0.024442353957762564,
      "mean_rel_oracle_gap": 0.027499999999999997,
      "mean_excess_s": 0.9715,
      "selected_s_std": NaN,
      "failure_rate": 0.0
    },
    "NGS": {
      "method": "NGS",
      "n_reps": 200,
      "target": 0.95,
      "coverage": 1.0,
      "coverage_lo": 0.9811546736227335,
      "coverage_hi": 1.0,
      "coverage_gap": 0.050000000000000044,
      "meets_target": true,
      "significantly_below": false,
      "mean_obj": -6.997738974709984,
      "obj_se": 0.02535219403486415,
      "mean_oracle_gap": 0.2695365704170297,
      "oracle_gap_se": 0.026659595410845827,
      "mean_rel_oracle_gap": 0.036,
      "mean_excess_s": 0.9630000000000001,
      "selected_s_std": NaN,
      "failure_rate": 0.0
    },
    "UNGS": {
      "method": "UNGS",
      "n_reps": 200,
      "target": 0.95,
      "coverage": 1.0,
      "coverage_lo": 0.9811546736227335,
      "coverage_hi": 1.0,
      "coverage_gap": 0.050000000000000044,
      "meets_target": true,
      "significantly_below": false,
      "mean_obj": -7.034249978448791,
      "obj_se": 0.02601028355648714,
      "mean_oracle_gap": 0.2330255666782211,
      "oracle_gap_se": 0.026457487200904555,
      "mean_rel_oracle_gap": 0.03105555555555555,
      "mean_excess_s": 0.9680000000000001,
      "selected_s_std": NaN,
      "failure_rate": 0.0
    }
  }
}