{
  "config": "paper_ro_ellipsoid",
  "formulation": "ro_ellipsoid",
  "n": 500,
  "n1": 250,
  "n2": 250,
  "reps": 300,
  "alpha": 0.1,
  "beta": 0.05,
  "elapsed_s": 6.608338832855225,
  "failures": 0,
  "summaries": {
    "benchmark": {
      "method": "benchmark",
      "n_reps": 300,
      "target": 0.95,
      "coverage": 1.0,
      "coverage_lo": 0.9873570287754538,
      "coverage_hi": 0.9999999999999998,
      "coverage_gap": 0.050000000000000044,
      "meets_target": true,
      "significantly_below": false,
      "mean_obj": -6.901634398397179,
      "obj_se": 5.1364684236276066e-17,
      "mean_oracle_gap": 0.5955417444820953,
      "oracle_gap_se": 0.0072049979635089335,
      "mean_rel_oracle_gap": 0.07918328564847775,
      "mean_excess_s": NaN,
      "selected_s_std": NaN,
      "failure_rate": 0.0
    },
    "NV": {
      "method": "NV",
      "n_reps": 300,
      "target": 0.95,
      "coverage": 0.81,
      "coverage_lo": 0.7617962081751881,
      "coverage_hi": 0.8503651496655933,
      "coverage_gap": -0.1399999999999999,
      "meets_target": false,
      "significantly_below": true,
      "mean_obj": -7.623065051939429,
      "obj_se": 0.014641964100269687,
      "mean_oracle_gap": -0.12588890906015504,
      "oracle_gap_se": 0.01582912064749004,
      "mean_rel_oracle_gap": -0.0170300550150109,
      "mean_excess_s": -0.26256222773371085,
      "selected_s_std": NaN,
      "failure_rate": 0.0
    },
    "UG": {
      "method": "UG",
      "n_reps": 300,
      "target": 0.95,
      "coverage": 1.0,
      "coverage_lo": 0.9873570287754538,
      "coverage_hi": 0.9999999999999998,
      "coverage_gap": 0.050000000000000044,
      "meets_target": true,
      "significantly_below": false,
      "mean_obj": -7.418861064755318,
      "obj_se": 0.009107191628581614,
      "mean_oracle_gap": 0.07831507812395622,
      "oracle_gap_se": 0.010236035008431048,
      "mean_rel_oracle_gap": 0.010255906797153701,
      "mean_excess_s": 0.23808799560181518,
      "selected_s_std": NaN,
      "failure_rate": 0.0
    },
    "NGS": {
      "method": "NGS",
      "n_reps": 300,
      "target": 0.95,
      "coverage": 1.0,
      "coverage_lo": 0.9873570287754538,
      "coverage_hi": 0.9999999999999998,
      "coverage_gap": 0.050000000000000044,
      "meets_target": true,
      "significantly_below": false,
      "mean_obj": -7.382347048030948,
      "obj_se": 0.009937029215461505,
      "mean_oracle_gap": 0.11482909484832611,
      "oracle_gap_se": 0.011730546600439753,
      "mean_rel_oracle_gap": 0.015082500473001777,
      "mean_excess_s": 0.35241743294989814,
      "selected_s_std": NaN,
      "failure_rate": 0.0
    },
    "UNGS": {
      "method": "UNGS",
      "n_reps": 300,
      "target": 0.95,
      "coverage": 1.0,
      "coverage_lo": 0.9873570287754538,
      "coverage_hi": 0.9999999999999998,
      "coverage_gap": 0.050000000000000044,
      "meets_target": true,
      "significantly_below": false,
      "mean_obj": -7.3630516404472806,
      "obj_se": 0.010318516853709603,
      "mean_oracle_gap": 0.13412450243199434,
      "oracle_gap_se": 0.012413165299598425,
      "mean_rel_oracle_gap": 0.01763354885062414,
      "mean_excess_s": 0.414580165245512,
      "selected_s_std": NaN,
      "failure_rate": 0.0
    }
  }
}