{
  "config": "paper_ro_ellipsoid",
  "formulation": "ro_ellipsoid",
  "n": 200,
  "n1": 100,
  "n2": 100,
  "reps": 300,
  "alpha": 0.1,
  "beta": 0.05,
  "elapsed_s": 6.672717094421387,
  "failures": 0,
  "summaries": {
    "benchmark": {
      "method": "benchmark",
      "n_reps": 300,
      "target": 0.95,
      "coverage": 1.0,
      "coverage_lo": 0.9873570287754538,
      "coverage_hi": 0.9999999999999998,
      "coverage_gap": 0.050000000000000044,
      "meets_target": true,
      "significantly_below": false,
      "mean_obj": -6.901634398397179,
      "obj_se": 5.1364684236276066e-17,
      "mean_oracle_gap": 0.6791168233799935,
      "oracle_gap_se": 0.009552647765890468,
      "mean_rel_oracle_gap": 0.08915332739374125,
      "mean_excess_s": NaN,
      "selected_s_std": NaN,
      "failure_rate": 0.0
    },
    "NV": {
      "method": "NV",
      "n_reps": 300,
      "target": 0.95,
      "coverage": 0.7933333333333333,
      "coverage_lo": 0.743944983244025,
      "coverage_hi": 0.8353044736375745,
      "coverage_gap": -0.15666666666666662,
      "meets_target": false,
      "significantly_below": true,
      "mean_obj": -7.674344449401968,
      "obj_se": 0.016705324365709,
      "mean_oracle_gap": -0.09359322762479401,
      "oracle_gap_se": 0.018287153855693412,
      "mean_rel_oracle_gap": -0.01273283676844236,
      "mean_excess_s": -0.17053049794152103,
      "selected_s_std": NaN,
      "failure_rate": 0.0
    },
    "UG": {
      "method": "UG",
      "n_reps": 300,
      "target": 0.95,
      "coverage": 0.9966666666666667,
      "coverage_lo": 0.9813633063054688,
      "coverage_hi": 0.9994113422781488,
      "coverage_gap": 0.046666666666666745,
      "meets_target": true,
      "significantly_below": false,
      "mean_obj": -7.356189730751894,
      "obj_se": 0.013787117015784856,
      "mean_oracle_gap": 0.2245614910252793,
      "oracle_gap_se": 0.015463323052212413,
      "mean_rel_oracle_gap": 0.029272695465394568,
      "mean_excess_s": 0.7219723375521402,
      "selected_s_std": NaN,
      "failure_rate": 0.0
    },
    "NGS": {
      "method": "NGS",
      "n_reps": 300,
      "target": 0.95,
      "coverage": 0.9966666666666667,
      "coverage_lo": 0.9813633063054688,
      "coverage_hi": 0.9994113422781488,
      "coverage_gap": 0.046666666666666745,
      "meets_target": true,
      "significantly_below": false,
      "mean_obj": -7.264923554560366,
      "obj_se": 0.014983776689403913,
      "mean_oracle_gap": 0.3158276672168074,
      "oracle_gap_se": 0.016818021537547093,
      "mean_rel_oracle_gap": 0.0412939848917384,
      "mean_excess_s": 1.038862015226399,
      "selected_s_std": NaN,
      "failure_rate": 0.0
    },
    "UNGS": {
      "method": "UNGS",
      "n_reps": 300,
      "target": 0.95,
      "coverage": 1.0,
      "coverage_lo": 0.9873570287754538,
      "coverage_hi": 0.9999999999999998,
      "coverage_gap": 0.050000000000000044,
      "meets_target": true,
      "significantly_below": false,
      "mean_obj": -7.1103386263273824,
      "obj_se": 0.01777153758415433,
      "mean_oracle_gap": 0.4704125954497896,
      "oracle_gap_se": 0.019814318118803118,
      "mean_rel_oracle_gap": 0.06164651477930031,
      "mean_excess_s": 1.6610114499739714,
      "selected_s_std": NaN,
      "failure_rate": 0.0
    }
  }
}