{
  "config": "paper_saa",
  "formulation": "saa",
  "n": 200,
  "n1": 140,
  "n2": 60,
  "reps": 50,
  "alpha": 0.1,
  "beta": 0.05,
  "elapsed_s": 21.01150107383728,
  "failures": 0,
  "summaries": {
    "NV": {
      "method": "NV",
      "n_reps": 50,
      "target": 0.95,
      "coverage": 0.24,
      "coverage_lo": 0.1429739139699173,
      "coverage_hi": 0.3741268375794292,
      "coverage_gap": -0.71,
      "meets_target": false,
      "significantly_below": true,
      "mean_obj": -8.048640428576187,
      "obj_se": 0.04023051477362001,
      "mean_oracle_gap": -0.18415773199732655,
      "oracle_gap_se": 0.03952091216977705,
      "mean_rel_oracle_gap": -0.02340890580454758,
      "mean_excess_s": -0.01952,
      "selected_s_std": NaN,
      "failure_rate": 0.0
    },
    "UG": {
      "method": "UG",
      "n_reps": 50,
      "target": 0.95,
      "coverage": 0.84,
      "coverage_lo": 0.7148578393696501,
      "coverage_hi": 0.916625793219666,
      "coverage_gap": -0.10999999999999999,
      "meets_target": false,
      "significantly_below": true,
      "mean_obj": -7.629213131743006,
      "obj_se": 0.047850792513263095,
      "mean_oracle_gap": 0.2352695648358531,
      "oracle_gap_se": 0.047025596711142294,
      "mean_rel_oracle_gap": 0.029932883734649137,
      "mean_excess_s": 0.015040000000000003,
      "selected_s_std": NaN,
      "failure_rate": 0.0
    },
    "NGS": {
      "method": "NGS",
      "n_reps": 50,
      "target": 0.95,
      "coverage": 0.94,
      "coverage_lo": 0.8378290831116182,
      "coverage_hi": 0.979385029651026,
      "coverage_gap": -0.010000000000000009,
      "meets_target": false,
      "significantly_below": false,
      "mean_obj": -7.5008763739126,
      "obj_se": 0.04325443698630688,
      "mean_oracle_gap": 0.36360632266625886,
      "oracle_gap_se": 0.04210590205474252,
      "mean_rel_oracle_gap": 0.046260123601524705,
      "mean_excess_s": 0.024239999999999998,
      "selected_s_std": NaN,
      "failure_rate": 0.0
    },
    "UNGS": {
      "method": "UNGS",
      "n_reps": 50,
      "target": 0.95,
      "coverage": 0.94,
      "coverage_lo": 0.8378290831116182,
      "coverage_hi": 0.979385029651026,
      "coverage_gap": -0.010000000000000009,
      "meets_target": false,
      "significantly_below": false,
      "mean_obj": -7.415409691460178,
      "obj_se": 0.04371506862410472,
      "mean_oracle_gap": 0.449073005118683,
      "oracle_gap_se": 0.042171584532402925,
      "mean_rel_oracle_gap": 0.05714159627719504,
      "mean_excess_s": 0.028399999999999998,
      "selected_s_std": NaN,
      "failure_rate": 0.0
    }
  }
}