{
  "key": "port_n500_s0.6_d10",
  "n": 500,
  "split": 0.6,
  "d": 10,
  "gamma": 0.15,
  "dgp": "gaussian",
  "reps": 500,
  "elapsed_s": 3.337397813796997,
  "summaries": {
    "NV": {
      "method": "NV",
      "n_reps": 500,
      "target": 0.95,
      "coverage": 0.622,
      "coverage_lo": 0.5787204544668169,
      "coverage_hi": 0.6634192064605645,
      "coverage_gap": -0.32799999999999996,
      "meets_target": false,
      "significantly_below": true,
      "mean_obj": -0.12463172625965518,
      "obj_se": 0.00017367702108827868,
      "mean_oracle_gap": null,
      "oracle_gap_se": null,
      "mean_rel_oracle_gap": null,
      "mean_excess_s": null,
      "selected_s_std": null,
      "failure_rate": 0.0,
      "mean_return": 0.12463172625965518,
      "mean_true_cvar": 0.1442707537464856
    },
    "UG": {
      "method": "UG",
      "n_reps": 500,
      "target": 0.95,
      "coverage": 0.938,
      "coverage_lo": 0.9133402868983618,
      "coverage_hi": 0.9559807908573184,
      "coverage_gap": -0.01200000000000001,
      "meets_target": false,
      "significantly_below": false,
      "mean_obj": -0.11876748985363776,
      "obj_se": 0.00019721416444017136,
      "mean_oracle_gap": null,
      "oracle_gap_se": null,
      "mean_rel_oracle_gap": null,
      "mean_excess_s": null,
      "selected_s_std": null,
      "failure_rate": 0.0,
      "mean_return": 0.11876748985363776,
      "mean_true_cvar": 0.1217916283267256
    },
    "NGS": {
      "method": "NGS",
      "n_reps": 500,
      "target": 0.95,
      "coverage": 0.968,
      "coverage_lo": 0.9486551309545582,
      "coverage_hi": 0.9802084863734289,
      "coverage_gap": 0.018000000000000016,
      "meets_target": true,
      "significantly_below": false,
      "mean_obj": -0.11791897222094531,
      "obj_se": 0.00018602129744101501,
      "mean_oracle_gap": null,
      "oracle_gap_se": null,
      "mean_rel_oracle_gap": null,
      "mean_excess_s": null,
      "selected_s_std": null,
      "failure_rate": 0.0,
      "mean_return": 0.11791897222094531,
      "mean_true_cvar": 0.11889996569964698
    },
    "UNGS": {
      "method": "UNGS",
      "n_reps": 500,
      "target": 0.95,
      "coverage": 0.972,
      "coverage_lo": 0.9535535973250512,
      "coverage_hi": 0.9832490252792435,
      "coverage_gap": 0.02200000000000002,
      "meets_target": true,
      "significantly_below": false,
      "mean_obj": -0.11736218814497557,
      "obj_se": 0.00018019496152428207,
      "mean_oracle_gap": null,
      "oracle_gap_se": null,
      "mean_rel_oracle_gap": null,
      "mean_excess_s": null,
      "selected_s_std": null,
      "failure_rate": 0.0,
      "mean_return": 0.11736218814497557,
      "mean_true_cvar": 0.11716390134295944
    },
    "benchmark": {
      "method": "benchmark",
      "n_reps": 500,
      "target": 0.95,
      "coverage": 0.22,
      "coverage_lo": 0.18590093257162363,
      "coverage_hi": 0.25836869808684565,
      "coverage_gap": -0.73,
      "meets_target": false,
      "significantly_below": true,
      "mean_obj": -0.128188398757704,
      "obj_se": 0.0001312490541635053,
      "mean_oracle_gap": null,
      "oracle_gap_se": null,
      "mean_rel_oracle_gap": null,
      "mean_excess_s": null,
      "selected_s_std": null,
      "failure_rate": 0.0,
      "mean_return": 0.128188398757704,
      "mean_true_cvar": 0.1632503443032715
    },
    "_n_replication_errors": 0
  },
  "_provenance": {
    "git_commit": "d34ff2286f94f415327062e8df3721cd49ec3996",
    "git_dirty": true,
    "versions": {
      "numpy": "2.5.1",
      "scipy": "1.18.0",
      "cvxpy": "1.9.2",
      "gurobipy": "13.0.2"
    },
    "timestamp": null
  }
}