{
  "key": "port_n500_s0.2_d10",
  "n": 500,
  "split": 0.2,
  "d": 10,
  "gamma": 0.15,
  "dgp": "gaussian",
  "reps": 500,
  "elapsed_s": 2.3863461017608643,
  "summaries": {
    "NV": {
      "method": "NV",
      "n_reps": 499,
      "target": 0.95,
      "coverage": 0.6092184368737475,
      "coverage_lo": 0.5657291348236335,
      "coverage_hi": 0.651038989776983,
      "coverage_gap": -0.3407815631262524,
      "meets_target": false,
      "significantly_below": true,
      "mean_obj": -0.1240412431103585,
      "obj_se": 0.00017082339104180363,
      "mean_oracle_gap": NaN,
      "oracle_gap_se": NaN,
      "mean_rel_oracle_gap": NaN,
      "mean_excess_s": NaN,
      "selected_s_std": NaN,
      "failure_rate": 0.0,
      "mean_return": 0.1240412431103585,
      "mean_true_cvar": 0.14588261076367004
    },
    "UG": {
      "method": "UG",
      "n_reps": 499,
      "target": 0.95,
      "coverage": 0.9539078156312625,
      "coverage_lo": 0.9317876844944092,
      "coverage_hi": 0.9690926865521897,
      "coverage_gap": 0.003907815631262523,
      "meets_target": true,
      "significantly_below": false,
      "mean_obj": -0.11880792386127904,
      "obj_se": 0.00018513534111231272,
      "mean_oracle_gap": NaN,
      "oracle_gap_se": NaN,
      "mean_rel_oracle_gap": NaN,
      "mean_excess_s": NaN,
      "selected_s_std": NaN,
      "failure_rate": 0.0,
      "mean_return": 0.11880792386127904,
      "mean_true_cvar": 0.12414904431190935
    },
    "NGS": {
      "method": "NGS",
      "n_reps": 499,
      "target": 0.95,
      "coverage": 0.9759519038076152,
      "coverage_lo": 0.9584407731553747,
      "coverage_hi": 0.9861909624895139,
      "coverage_gap": 0.02595190380761525,
      "meets_target": true,
      "significantly_below": false,
      "mean_obj": -0.11766037284805105,
      "obj_se": 0.0001784690102220071,
      "mean_oracle_gap": NaN,
      "oracle_gap_se": NaN,
      "mean_rel_oracle_gap": NaN,
      "mean_excess_s": NaN,
      "selected_s_std": NaN,
      "failure_rate": 0.0,
      "mean_return": 0.11766037284805105,
      "mean_true_cvar": 0.12003037786544028
    },
    "UNGS": {
      "method": "UNGS",
      "n_reps": 499,
      "target": 0.95,
      "coverage": 0.9819639278557114,
      "coverage_lo": 0.9660812104566378,
      "coverage_hi": 0.9904827155332389,
      "coverage_gap": 0.03196392785571145,
      "meets_target": true,
      "significantly_below": false,
      "mean_obj": -0.11679299892175371,
      "obj_se": 0.0001763762670856943,
      "mean_oracle_gap": NaN,
      "oracle_gap_se": NaN,
      "mean_rel_oracle_gap": NaN,
      "mean_excess_s": NaN,
      "selected_s_std": NaN,
      "failure_rate": 0.0,
      "mean_return": 0.11679299892175371,
      "mean_true_cvar": 0.11705100279205119
    },
    "benchmark": {
      "method": "benchmark",
      "n_reps": 499,
      "target": 0.95,
      "coverage": 0.06412825651302605,
      "coverage_lo": 0.045788330320086924,
      "coverage_hi": 0.0891278696682784,
      "coverage_gap": -0.885871743486974,
      "meets_target": false,
      "significantly_below": true,
      "mean_obj": -0.130175619159963,
      "obj_se": 0.00017152435765229273,
      "mean_oracle_gap": NaN,
      "oracle_gap_se": NaN,
      "mean_rel_oracle_gap": NaN,
      "mean_excess_s": NaN,
      "selected_s_std": NaN,
      "failure_rate": 0.0,
      "mean_return": 0.130175619159963,
      "mean_true_cvar": 0.1870501579727051
    },
    "_n_replication_errors": 1
  }
}