{
  "key": "port_n500_s0.6_d10",
  "n": 500,
  "split": 0.6,
  "d": 10,
  "gamma": 0.15,
  "dgp": "gaussian",
  "reps": 500,
  "elapsed_s": 3.3983638286590576,
  "summaries": {
    "NV": {
      "method": "NV",
      "n_reps": 500,
      "target": 0.95,
      "coverage": 0.574,
      "coverage_lo": 0.5302541759784422,
      "coverage_hi": 0.616617421633248,
      "coverage_gap": -0.376,
      "meets_target": false,
      "significantly_below": true,
      "mean_obj": -0.12513557583835933,
      "obj_se": 0.00017803177029240158,
      "mean_oracle_gap": NaN,
      "oracle_gap_se": NaN,
      "mean_rel_oracle_gap": NaN,
      "mean_excess_s": NaN,
      "selected_s_std": NaN,
      "failure_rate": 0.0,
      "mean_return": 0.12513557583835933,
      "mean_true_cvar": 0.14639441214543814
    },
    "UG": {
      "method": "UG",
      "n_reps": 500,
      "target": 0.95,
      "coverage": 0.928,
      "coverage_lo": 0.9019315959830375,
      "coverage_hi": 0.9475419685818739,
      "coverage_gap": -0.02199999999999991,
      "meets_target": false,
      "significantly_below": true,
      "mean_obj": -0.11846950026106072,
      "obj_se": 0.00021908611749031623,
      "mean_oracle_gap": NaN,
      "oracle_gap_se": NaN,
      "mean_rel_oracle_gap": NaN,
      "mean_excess_s": NaN,
      "selected_s_std": NaN,
      "failure_rate": 0.0,
      "mean_return": 0.11846950026106072,
      "mean_true_cvar": 0.12105652692764894
    },
    "NGS": {
      "method": "NGS",
      "n_reps": 500,
      "target": 0.95,
      "coverage": 0.956,
      "coverage_lo": 0.9342805571276716,
      "coverage_hi": 0.9707660443713928,
      "coverage_gap": 0.006000000000000005,
      "meets_target": true,
      "significantly_below": false,
      "mean_obj": -0.11743178768751038,
      "obj_se": 0.00020737579452841988,
      "mean_oracle_gap": NaN,
      "oracle_gap_se": NaN,
      "mean_rel_oracle_gap": NaN,
      "mean_excess_s": NaN,
      "selected_s_std": NaN,
      "failure_rate": 0.0,
      "mean_return": 0.11743178768751038,
      "mean_true_cvar": 0.11757984984379022
    },
    "UNGS": {
      "method": "UNGS",
      "n_reps": 500,
      "target": 0.95,
      "coverage": 0.96,
      "coverage_lo": 0.9390264041651492,
      "coverage_hi": 0.9739592026102227,
      "coverage_gap": 0.010000000000000009,
      "meets_target": true,
      "significantly_below": false,
      "mean_obj": -0.11662481096419111,
      "obj_se": 0.00020429461409451997,
      "mean_oracle_gap": NaN,
      "oracle_gap_se": NaN,
      "mean_rel_oracle_gap": NaN,
      "mean_excess_s": NaN,
      "selected_s_std": NaN,
      "failure_rate": 0.0,
      "mean_return": 0.11662481096419111,
      "mean_true_cvar": 0.11521021252826698
    },
    "benchmark": {
      "method": "benchmark",
      "n_reps": 500,
      "target": 0.95,
      "coverage": 0.17,
      "coverage_lo": 0.13962036610396117,
      "coverage_hi": 0.20541169860066333,
      "coverage_gap": -0.7799999999999999,
      "meets_target": false,
      "significantly_below": true,
      "mean_obj": -0.12867752128450302,
      "obj_se": 0.00012594081263726188,
      "mean_oracle_gap": NaN,
      "oracle_gap_se": NaN,
      "mean_rel_oracle_gap": NaN,
      "mean_excess_s": NaN,
      "selected_s_std": NaN,
      "failure_rate": 0.0,
      "mean_return": 0.12867752128450302,
      "mean_true_cvar": 0.16551998046821007
    },
    "_n_replication_errors": 0
  }
}