{
  "key": "port_n500_s0.7_d10",
  "n": 500,
  "split": 0.7,
  "d": 10,
  "gamma": 0.15,
  "dgp": "gaussian",
  "reps": 500,
  "elapsed_s": 3.9014713764190674,
  "summaries": {
    "NV": {
      "method": "NV",
      "n_reps": 500,
      "target": 0.95,
      "coverage": 0.584,
      "coverage_lo": 0.5403165775956056,
      "coverage_hi": 0.6264025332068537,
      "coverage_gap": -0.366,
      "meets_target": false,
      "significantly_below": true,
      "mean_obj": -0.12503033975038808,
      "obj_se": 0.00018772851704691585,
      "mean_oracle_gap": NaN,
      "oracle_gap_se": NaN,
      "mean_rel_oracle_gap": NaN,
      "mean_excess_s": NaN,
      "selected_s_std": NaN,
      "failure_rate": 0.0,
      "mean_return": 0.12503033975038808,
      "mean_true_cvar": 0.14586692572313542
    },
    "UG": {
      "method": "UG",
      "n_reps": 500,
      "target": 0.95,
      "coverage": 0.904,
      "coverage_lo": 0.8750130375724849,
      "coverage_hi": 0.9268264953345811,
      "coverage_gap": -0.04599999999999993,
      "meets_target": false,
      "significantly_below": true,
      "mean_obj": -0.11834529697188279,
      "obj_se": 0.0002332792245611267,
      "mean_oracle_gap": NaN,
      "oracle_gap_se": NaN,
      "mean_rel_oracle_gap": NaN,
      "mean_excess_s": NaN,
      "selected_s_std": NaN,
      "failure_rate": 0.0,
      "mean_return": 0.11834529697188279,
      "mean_true_cvar": 0.1207812426668041
    },
    "NGS": {
      "method": "NGS",
      "n_reps": 500,
      "target": 0.95,
      "coverage": 0.938,
      "coverage_lo": 0.9133402868983618,
      "coverage_hi": 0.9559807908573184,
      "coverage_gap": -0.01200000000000001,
      "meets_target": false,
      "significantly_below": false,
      "mean_obj": -0.11726602698867274,
      "obj_se": 0.00021640020538262999,
      "mean_oracle_gap": NaN,
      "oracle_gap_se": NaN,
      "mean_rel_oracle_gap": NaN,
      "mean_excess_s": NaN,
      "selected_s_std": NaN,
      "failure_rate": 0.0,
      "mean_return": 0.11726602698867274,
      "mean_true_cvar": 0.11717829921869008
    },
    "UNGS": {
      "method": "UNGS",
      "n_reps": 500,
      "target": 0.95,
      "coverage": 0.938,
      "coverage_lo": 0.9133402868983618,
      "coverage_hi": 0.9559807908573184,
      "coverage_gap": -0.01200000000000001,
      "meets_target": false,
      "significantly_below": false,
      "mean_obj": -0.1163359262226248,
      "obj_se": 0.00021813233697958132,
      "mean_oracle_gap": NaN,
      "oracle_gap_se": NaN,
      "mean_rel_oracle_gap": NaN,
      "mean_excess_s": NaN,
      "selected_s_std": NaN,
      "failure_rate": 0.0,
      "mean_return": 0.1163359262226248,
      "mean_true_cvar": 0.11461992747520951
    },
    "benchmark": {
      "method": "benchmark",
      "n_reps": 500,
      "target": 0.95,
      "coverage": 0.174,
      "coverage_lo": 0.14328947208106416,
      "coverage_hi": 0.20968159789986787,
      "coverage_gap": -0.776,
      "meets_target": false,
      "significantly_below": true,
      "mean_obj": -0.12863952727954175,
      "obj_se": 0.00011629645950216014,
      "mean_oracle_gap": NaN,
      "oracle_gap_se": NaN,
      "mean_rel_oracle_gap": NaN,
      "mean_excess_s": NaN,
      "selected_s_std": NaN,
      "failure_rate": 0.0,
      "mean_return": 0.12863952727954175,
      "mean_true_cvar": 0.16443806751474674
    },
    "_n_replication_errors": 0
  }
}