{
  "key": "port_n500_s0.1_d10",
  "n": 500,
  "split": 0.1,
  "d": 10,
  "gamma": 0.15,
  "dgp": "gaussian",
  "reps": 500,
  "elapsed_s": 2.1592209339141846,
  "summaries": {
    "NV": {
      "method": "NV",
      "n_reps": 500,
      "target": 0.95,
      "coverage": 0.632,
      "coverage_lo": 0.588871722496907,
      "coverage_hi": 0.6731154516212433,
      "coverage_gap": -0.31799999999999995,
      "meets_target": false,
      "significantly_below": true,
      "mean_obj": -0.12312810251994173,
      "obj_se": 0.00018233914212402655,
      "mean_oracle_gap": NaN,
      "oracle_gap_se": NaN,
      "mean_rel_oracle_gap": NaN,
      "mean_excess_s": NaN,
      "selected_s_std": NaN,
      "failure_rate": 0.0,
      "mean_return": 0.12312810251994173,
      "mean_true_cvar": 0.14436471261943917
    },
    "UG": {
      "method": "UG",
      "n_reps": 500,
      "target": 0.95,
      "coverage": 0.952,
      "coverage_lo": 0.92957280316411,
      "coverage_hi": 0.9675347930586469,
      "coverage_gap": 0.0020000000000000018,
      "meets_target": true,
      "significantly_below": false,
      "mean_obj": -0.11786577485077653,
      "obj_se": 0.00018715035532361542,
      "mean_oracle_gap": NaN,
      "oracle_gap_se": NaN,
      "mean_rel_oracle_gap": NaN,
      "mean_excess_s": NaN,
      "selected_s_std": NaN,
      "failure_rate": 0.0,
      "mean_return": 0.11786577485077653,
      "mean_true_cvar": 0.12254596048779481
    },
    "NGS": {
      "method": "NGS",
      "n_reps": 500,
      "target": 0.95,
      "coverage": 0.98,
      "coverage_lo": 0.9635798167531208,
      "coverage_hi": 0.9891008164037892,
      "coverage_gap": 0.030000000000000027,
      "meets_target": true,
      "significantly_below": false,
      "mean_obj": -0.1166463596437599,
      "obj_se": 0.00017408194282835093,
      "mean_oracle_gap": NaN,
      "oracle_gap_se": NaN,
      "mean_rel_oracle_gap": NaN,
      "mean_excess_s": NaN,
      "selected_s_std": NaN,
      "failure_rate": 0.0,
      "mean_return": 0.1166463596437599,
      "mean_true_cvar": 0.1176828227786245
    },
    "UNGS": {
      "method": "UNGS",
      "n_reps": 500,
      "target": 0.95,
      "coverage": 0.982,
      "coverage_lo": 0.9661483290912607,
      "coverage_hi": 0.990501806703803,
      "coverage_gap": 0.03200000000000003,
      "meets_target": true,
      "significantly_below": false,
      "mean_obj": -0.11546646337693135,
      "obj_se": 0.0001538164683979089,
      "mean_oracle_gap": NaN,
      "oracle_gap_se": NaN,
      "mean_rel_oracle_gap": NaN,
      "mean_excess_s": NaN,
      "selected_s_std": NaN,
      "failure_rate": 0.0,
      "mean_return": 0.11546646337693135,
      "mean_true_cvar": 0.11353916529882767
    },
    "benchmark": {
      "method": "benchmark",
      "n_reps": 500,
      "target": 0.95,
      "coverage": 0.022,
      "coverage_lo": 0.012328008269927582,
      "coverage_hi": 0.03896086121131637,
      "coverage_gap": -0.9279999999999999,
      "meets_target": false,
      "significantly_below": true,
      "mean_obj": -0.1322497467416124,
      "obj_se": 0.00018884180354943907,
      "mean_oracle_gap": NaN,
      "oracle_gap_se": NaN,
      "mean_rel_oracle_gap": NaN,
      "mean_excess_s": NaN,
      "selected_s_std": NaN,
      "failure_rate": 0.0,
      "mean_return": 0.1322497467416124,
      "mean_true_cvar": 0.21516370757301728
    },
    "_n_replication_errors": 0
  }
}