{
  "key": "port_n500_s0.8_d10",
  "n": 500,
  "split": 0.8,
  "d": 10,
  "gamma": 0.15,
  "dgp": "gaussian",
  "reps": 500,
  "elapsed_s": 4.295320749282837,
  "summaries": {
    "NV": {
      "method": "NV",
      "n_reps": 500,
      "target": 0.95,
      "coverage": 0.544,
      "coverage_lo": 0.5001738756211381,
      "coverage_hi": 0.5871551824182454,
      "coverage_gap": -0.4059999999999999,
      "meets_target": false,
      "significantly_below": true,
      "mean_obj": -0.12484457017714976,
      "obj_se": 0.00021647447245704796,
      "mean_oracle_gap": NaN,
      "oracle_gap_se": NaN,
      "mean_rel_oracle_gap": NaN,
      "mean_excess_s": NaN,
      "selected_s_std": NaN,
      "failure_rate": 0.0,
      "mean_return": 0.12484457017714976,
      "mean_true_cvar": 0.14515521369530374
    },
    "UG": {
      "method": "UG",
      "n_reps": 500,
      "target": 0.95,
      "coverage": 0.906,
      "coverage_lo": 0.8772354441374409,
      "coverage_hi": 0.9285735914077787,
      "coverage_gap": -0.04399999999999993,
      "meets_target": false,
      "significantly_below": true,
      "mean_obj": -0.11825412365787841,
      "obj_se": 0.0002498887792751832,
      "mean_oracle_gap": NaN,
      "oracle_gap_se": NaN,
      "mean_rel_oracle_gap": NaN,
      "mean_excess_s": NaN,
      "selected_s_std": NaN,
      "failure_rate": 0.0,
      "mean_return": 0.11825412365787841,
      "mean_true_cvar": 0.12069697521203795
    },
    "NGS": {
      "method": "NGS",
      "n_reps": 500,
      "target": 0.95,
      "coverage": 0.918,
      "coverage_lo": 0.8906451408426114,
      "coverage_hi": 0.9389809105315311,
      "coverage_gap": -0.03199999999999992,
      "meets_target": false,
      "significantly_below": true,
      "mean_obj": -0.11731198603242599,
      "obj_se": 0.00023935663225113087,
      "mean_oracle_gap": NaN,
      "oracle_gap_se": NaN,
      "mean_rel_oracle_gap": NaN,
      "mean_excess_s": NaN,
      "selected_s_std": NaN,
      "failure_rate": 0.0,
      "mean_return": 0.11731198603242599,
      "mean_true_cvar": 0.11764646438815209
    },
    "UNGS": {
      "method": "UNGS",
      "n_reps": 500,
      "target": 0.95,
      "coverage": 0.932,
      "coverage_lo": 0.9064790772661258,
      "coverage_hi": 0.9509334925750932,
      "coverage_gap": -0.017999999999999905,
      "meets_target": false,
      "significantly_below": false,
      "mean_obj": -0.11645689027434555,
      "obj_se": 0.000232408127191141,
      "mean_oracle_gap": NaN,
      "oracle_gap_se": NaN,
      "mean_rel_oracle_gap": NaN,
      "mean_excess_s": NaN,
      "selected_s_std": NaN,
      "failure_rate": 0.0,
      "mean_return": 0.11645689027434555,
      "mean_true_cvar": 0.11511270505690949
    },
    "benchmark": {
      "method": "benchmark",
      "n_reps": 500,
      "target": 0.95,
      "coverage": 0.174,
      "coverage_lo": 0.14328947208106416,
      "coverage_hi": 0.20968159789986787,
      "coverage_gap": -0.776,
      "meets_target": false,
      "significantly_below": true,
      "mean_obj": -0.12854424101884784,
      "obj_se": 0.00011182250286935784,
      "mean_oracle_gap": NaN,
      "oracle_gap_se": NaN,
      "mean_rel_oracle_gap": NaN,
      "mean_excess_s": NaN,
      "selected_s_std": NaN,
      "failure_rate": 0.0,
      "mean_return": 0.12854424101884784,
      "mean_true_cvar": 0.16289015312022223
    },
    "_n_replication_errors": 0
  }
}