{
  "key": "port_n500_s0.8_d10",
  "n": 500,
  "split": 0.8,
  "d": 10,
  "gamma": 0.15,
  "dgp": "gaussian",
  "reps": 500,
  "elapsed_s": 4.197436809539795,
  "summaries": {
    "NV": {
      "method": "NV",
      "n_reps": 500,
      "target": 0.95,
      "coverage": 0.558,
      "coverage_lo": 0.5141915296492833,
      "coverage_hi": 0.6009240468571767,
      "coverage_gap": -0.3919999999999999,
      "meets_target": false,
      "significantly_below": true,
      "mean_obj": -0.12480267752523298,
      "obj_se": 0.00021140447139083774,
      "mean_oracle_gap": null,
      "oracle_gap_se": null,
      "mean_rel_oracle_gap": null,
      "mean_excess_s": null,
      "selected_s_std": null,
      "failure_rate": 0.0,
      "mean_return": 0.12480267752523298,
      "mean_true_cvar": 0.14519495164155896
    },
    "UG": {
      "method": "UG",
      "n_reps": 500,
      "target": 0.95,
      "coverage": 0.894,
      "coverage_lo": 0.8639490699892671,
      "coverage_hi": 0.9180429497270297,
      "coverage_gap": -0.05599999999999994,
      "meets_target": false,
      "significantly_below": true,
      "mean_obj": -0.11873400678928889,
      "obj_se": 0.0002289686448838158,
      "mean_oracle_gap": null,
      "oracle_gap_se": null,
      "mean_rel_oracle_gap": null,
      "mean_excess_s": null,
      "selected_s_std": null,
      "failure_rate": 0.0,
      "mean_return": 0.11873400678928889,
      "mean_true_cvar": 0.12194635191442614
    },
    "NGS": {
      "method": "NGS",
      "n_reps": 500,
      "target": 0.95,
      "coverage": 0.932,
      "coverage_lo": 0.9064790772661258,
      "coverage_hi": 0.9509334925750932,
      "coverage_gap": -0.017999999999999905,
      "meets_target": false,
      "significantly_below": false,
      "mean_obj": -0.11803906632133113,
      "obj_se": 0.00021011614025244276,
      "mean_oracle_gap": null,
      "oracle_gap_se": null,
      "mean_rel_oracle_gap": null,
      "mean_excess_s": null,
      "selected_s_std": null,
      "failure_rate": 0.0,
      "mean_return": 0.11803906632133113,
      "mean_true_cvar": 0.11934597543725303
    },
    "UNGS": {
      "method": "UNGS",
      "n_reps": 500,
      "target": 0.95,
      "coverage": 0.936,
      "coverage_lo": 0.911047591162316,
      "coverage_hi": 0.9543039839552107,
      "coverage_gap": -0.013999999999999901,
      "meets_target": false,
      "significantly_below": false,
      "mean_obj": -0.11723655846755389,
      "obj_se": 0.0002051354575175239,
      "mean_oracle_gap": null,
      "oracle_gap_se": null,
      "mean_rel_oracle_gap": null,
      "mean_excess_s": null,
      "selected_s_std": null,
      "failure_rate": 0.0,
      "mean_return": 0.11723655846755389,
      "mean_true_cvar": 0.11690801324621071
    },
    "benchmark": {
      "method": "benchmark",
      "n_reps": 500,
      "target": 0.95,
      "coverage": 0.2,
      "coverage_lo": 0.16728549897175743,
      "coverage_hi": 0.23728910530517394,
      "coverage_gap": -0.75,
      "meets_target": false,
      "significantly_below": true,
      "mean_obj": -0.12841955124223373,
      "obj_se": 0.00011768226106173877,
      "mean_oracle_gap": null,
      "oracle_gap_se": null,
      "mean_rel_oracle_gap": null,
      "mean_excess_s": null,
      "selected_s_std": null,
      "failure_rate": 0.0,
      "mean_return": 0.12841955124223373,
      "mean_true_cvar": 0.16239915222249401
    },
    "_n_replication_errors": 0
  },
  "_provenance": {
    "git_commit": "d34ff2286f94f415327062e8df3721cd49ec3996",
    "git_dirty": true,
    "versions": {
      "numpy": "2.5.1",
      "scipy": "1.18.0",
      "cvxpy": "1.9.2",
      "gurobipy": "13.0.2"
    },
    "timestamp": null
  }
}