{
  "key": "port_n500_s0.9_d10",
  "n": 500,
  "split": 0.9,
  "d": 10,
  "gamma": 0.15,
  "dgp": "gaussian",
  "reps": 500,
  "elapsed_s": 4.61918830871582,
  "summaries": {
    "NV": {
      "method": "NV",
      "n_reps": 500,
      "target": 0.95,
      "coverage": 0.542,
      "coverage_lo": 0.49817416517608065,
      "coverage_hi": 0.585185390225149,
      "coverage_gap": -0.4079999999999999,
      "meets_target": false,
      "significantly_below": true,
      "mean_obj": -0.12474033016178669,
      "obj_se": 0.00022999630743719986,
      "mean_oracle_gap": null,
      "oracle_gap_se": null,
      "mean_rel_oracle_gap": null,
      "mean_excess_s": null,
      "selected_s_std": null,
      "failure_rate": 0.0,
      "mean_return": 0.12474033016178669,
      "mean_true_cvar": 0.1452926122983606
    },
    "UG": {
      "method": "UG",
      "n_reps": 500,
      "target": 0.95,
      "coverage": 0.864,
      "coverage_lo": 0.8311649235512272,
      "coverage_hi": 0.8912845565927628,
      "coverage_gap": -0.08599999999999997,
      "meets_target": false,
      "significantly_below": true,
      "mean_obj": -0.11919316350820902,
      "obj_se": 0.00024592564030360525,
      "mean_oracle_gap": null,
      "oracle_gap_se": null,
      "mean_rel_oracle_gap": null,
      "mean_excess_s": null,
      "selected_s_std": null,
      "failure_rate": 0.0,
      "mean_return": 0.11919316350820902,
      "mean_true_cvar": 0.12379435091613086
    },
    "NGS": {
      "method": "NGS",
      "n_reps": 500,
      "target": 0.95,
      "coverage": 0.874,
      "coverage_lo": 0.8420322822801359,
      "coverage_hi": 0.900264711054623,
      "coverage_gap": -0.07599999999999996,
      "meets_target": false,
      "significantly_below": true,
      "mean_obj": -0.11887160696515661,
      "obj_se": 0.0002401555729348656,
      "mean_oracle_gap": null,
      "oracle_gap_se": null,
      "mean_rel_oracle_gap": null,
      "mean_excess_s": null,
      "selected_s_std": null,
      "failure_rate": 0.0,
      "mean_return": 0.11887160696515661,
      "mean_true_cvar": 0.12254846442519479
    },
    "UNGS": {
      "method": "UNGS",
      "n_reps": 500,
      "target": 0.95,
      "coverage": 0.906,
      "coverage_lo": 0.8772354441374409,
      "coverage_hi": 0.9285735914077787,
      "coverage_gap": -0.04399999999999993,
      "meets_target": false,
      "significantly_below": true,
      "mean_obj": -0.11731663256576579,
      "obj_se": 0.0002214155561991876,
      "mean_oracle_gap": null,
      "oracle_gap_se": null,
      "mean_rel_oracle_gap": null,
      "mean_excess_s": null,
      "selected_s_std": null,
      "failure_rate": 0.0,
      "mean_return": 0.11731663256576579,
      "mean_true_cvar": 0.11742074602030962
    },
    "benchmark": {
      "method": "benchmark",
      "n_reps": 500,
      "target": 0.95,
      "coverage": 0.216,
      "coverage_lo": 0.18216774485419415,
      "coverage_hi": 0.25416288052796754,
      "coverage_gap": -0.734,
      "meets_target": false,
      "significantly_below": true,
      "mean_obj": -0.12823631858127812,
      "obj_se": 0.00010932004315493182,
      "mean_oracle_gap": null,
      "oracle_gap_se": null,
      "mean_rel_oracle_gap": null,
      "mean_excess_s": null,
      "selected_s_std": null,
      "failure_rate": 0.0,
      "mean_return": 0.12823631858127812,
      "mean_true_cvar": 0.16092791674500706
    },
    "_n_replication_errors": 0
  },
  "_provenance": {
    "git_commit": "d34ff2286f94f415327062e8df3721cd49ec3996",
    "git_dirty": true,
    "versions": {
      "numpy": "2.5.1",
      "scipy": "1.18.0",
      "cvxpy": "1.9.2",
      "gurobipy": "13.0.2"
    },
    "timestamp": null
  }
}