{
  "key": "paper_so_n500_d10_c0.2",
  "config": "paper_so",
  "n": 500,
  "split": 0.5,
  "d": 10,
  "reps": 500,
  "alpha": null,
  "beta": null,
  "dgp_params": {
    "corr": 0.2
  },
  "folds": null,
  "mesh_p": 60,
  "elapsed_s": 2.7835376262664795,
  "summaries": {
    "NV": {
      "method": "NV",
      "n_reps": 500,
      "target": 0.95,
      "coverage": 0.766,
      "coverage_lo": 0.7269485494684876,
      "coverage_hi": 0.8009953014059666,
      "coverage_gap": -0.18399999999999994,
      "meets_target": false,
      "significantly_below": true,
      "mean_obj": -6.498804359804159,
      "obj_se": 0.017171680716284967,
      "mean_oracle_gap": -0.04434196037266807,
      "oracle_gap_se": 0.013913281248815367,
      "mean_rel_oracle_gap": -0.007670150664995159,
      "mean_excess_s": -1.384,
      "selected_s_std": 24.104786193510815,
      "failure_rate": 0.0,
      "n_failed": 0
    },
    "UG": {
      "method": "UG",
      "n_reps": 500,
      "target": 0.95,
      "coverage": 0.978,
      "coverage_lo": 0.9610391387886836,
      "coverage_hi": 0.9876719917300725,
      "coverage_gap": 0.028000000000000025,
      "meets_target": true,
      "significantly_below": false,
      "mean_obj": -6.203716933789499,
      "obj_se": 0.015418447722364509,
      "mean_oracle_gap": 0.25074546564199,
      "oracle_gap_se": 0.015228530632296499,
      "mean_rel_oracle_gap": 0.03760144886319769,
      "mean_excess_s": 18.264,
      "selected_s_std": 38.670981233725605,
      "failure_rate": 0.0,
      "n_failed": 0
    },
    "NGS": {
      "method": "NGS",
      "n_reps": 500,
      "target": 0.95,
      "coverage": 0.996,
      "coverage_lo": 0.9855342847848231,
      "coverage_hi": 0.9989023694773173,
      "coverage_gap": 0.04600000000000004,
      "meets_target": true,
      "significantly_below": false,
      "mean_obj": -6.097757877947219,
      "obj_se": 0.014268392676545921,
      "mean_oracle_gap": 0.3567045214842715,
      "oracle_gap_se": 0.01598282675344636,
      "mean_rel_oracle_gap": 0.05369127361673776,
      "mean_excess_s": 30.918,
      "selected_s_std": 46.89760371776939,
      "failure_rate": 0.0,
      "n_failed": 0
    },
    "UNGS": {
      "method": "UNGS",
      "n_reps": 500,
      "target": 0.95,
      "coverage": 1.0,
      "coverage_lo": 0.9923756595384479,
      "coverage_hi": 1.0,
      "coverage_gap": 0.050000000000000044,
      "meets_target": true,
      "significantly_below": false,
      "mean_obj": -5.935064587701403,
      "obj_se": 0.012847053646683721,
      "mean_oracle_gap": 0.5193978117300865,
      "oracle_gap_se": 0.01678632331244461,
      "mean_rel_oracle_gap": 0.07854217360529321,
      "mean_excess_s": 60.84,
      "selected_s_std": 61.739728150228586,
      "failure_rate": 0.0,
      "n_failed": 0
    },
    "benchmark": {
      "method": "benchmark",
      "n_reps": 500,
      "target": 0.95,
      "coverage": 1.0,
      "coverage_lo": 0.9923756595384479,
      "coverage_hi": 1.0,
      "coverage_gap": 0.050000000000000044,
      "meets_target": true,
      "significantly_below": false,
      "mean_obj": -5.308543627169785,
      "obj_se": 0.010448275962717109,
      "mean_oracle_gap": 1.1459187722617057,
      "oracle_gap_se": 0.016669390399816745,
      "mean_rel_oracle_gap": 0.175521787440053,
      "mean_excess_s": null,
      "selected_s_std": null,
      "failure_rate": 0.0,
      "n_failed": 0
    },
    "_n_replication_errors": 0
  }
}