{
  "key": "paper_so_n500_d10_c0.6",
  "config": "paper_so",
  "n": 500,
  "split": 0.5,
  "d": 10,
  "reps": 500,
  "alpha": null,
  "beta": null,
  "dgp_params": {
    "corr": 0.6
  },
  "folds": null,
  "mesh_p": 60,
  "elapsed_s": 2.9195871353149414,
  "summaries": {
    "NV": {
      "method": "NV",
      "n_reps": 500,
      "target": 0.95,
      "coverage": 0.862,
      "coverage_lo": 0.8289979864047199,
      "coverage_hi": 0.8894819911011163,
      "coverage_gap": -0.08799999999999997,
      "meets_target": false,
      "significantly_below": true,
      "mean_obj": -5.341494095514192,
      "obj_se": 0.021805481592879827,
      "mean_oracle_gap": -0.030712997999436373,
      "oracle_gap_se": 0.01689713018795828,
      "mean_rel_oracle_gap": -0.008037752869885995,
      "mean_excess_s": 0.22,
      "selected_s_std": 19.588279592521378,
      "failure_rate": 0.0,
      "n_failed": 0
    },
    "UG": {
      "method": "UG",
      "n_reps": 500,
      "target": 0.95,
      "coverage": 0.988,
      "coverage_lo": 0.9740696388835527,
      "coverage_hi": 0.9944890048259724,
      "coverage_gap": 0.038000000000000034,
      "meets_target": true,
      "significantly_below": false,
      "mean_obj": -5.090170786859415,
      "obj_se": 0.018728069550527877,
      "mean_oracle_gap": 0.22061031065534048,
      "oracle_gap_se": 0.016734972969720686,
      "mean_rel_oracle_gap": 0.03864392164349443,
      "mean_excess_s": 12.052,
      "selected_s_std": 28.935482098083263,
      "failure_rate": 0.0,
      "n_failed": 0
    },
    "NGS": {
      "method": "NGS",
      "n_reps": 500,
      "target": 0.95,
      "coverage": 0.994,
      "coverage_lo": 0.9825097478959467,
      "coverage_hi": 0.9979574037280398,
      "coverage_gap": 0.04400000000000004,
      "meets_target": true,
      "significantly_below": false,
      "mean_obj": -4.995134238335553,
      "obj_se": 0.017488784968080293,
      "mean_oracle_gap": 0.31564685917920215,
      "oracle_gap_se": 0.018665926897062927,
      "mean_rel_oracle_gap": 0.05560819794663152,
      "mean_excess_s": 18.748,
      "selected_s_std": 35.518227898165925,
      "failure_rate": 0.0,
      "n_failed": 0
    },
    "UNGS": {
      "method": "UNGS",
      "n_reps": 500,
      "target": 0.95,
      "coverage": 0.996,
      "coverage_lo": 0.9855342847848231,
      "coverage_hi": 0.9989023694773173,
      "coverage_gap": 0.04600000000000004,
      "meets_target": true,
      "significantly_below": false,
      "mean_obj": -4.826352681932505,
      "obj_se": 0.016855446941803954,
      "mean_oracle_gap": 0.4844284155822506,
      "oracle_gap_se": 0.021455815697025517,
      "mean_rel_oracle_gap": 0.08630744043248886,
      "mean_excess_s": 37.398,
      "selected_s_std": 52.24366876332196,
      "failure_rate": 0.0,
      "n_failed": 0
    },
    "benchmark": {
      "method": "benchmark",
      "n_reps": 500,
      "target": 0.95,
      "coverage": 1.0,
      "coverage_lo": 0.9923756595384479,
      "coverage_hi": 1.0,
      "coverage_gap": 0.050000000000000044,
      "meets_target": true,
      "significantly_below": false,
      "mean_obj": -4.0956469605115124,
      "obj_se": 0.011390592861344102,
      "mean_oracle_gap": 1.2151341370032438,
      "oracle_gap_se": 0.021292481586282747,
      "mean_rel_oracle_gap": 0.2233464954894467,
      "mean_excess_s": NaN,
      "selected_s_std": NaN,
      "failure_rate": 0.0,
      "n_failed": 0
    },
    "_n_replication_errors": 0
  }
}