{
  "key": "paper_ro_ellipsoid_n500_d10_c0.4",
  "config": "paper_ro_ellipsoid",
  "n": 500,
  "split": 0.5,
  "d": 10,
  "reps": 500,
  "alpha": null,
  "beta": null,
  "dgp_params": {
    "corr": 0.4
  },
  "folds": null,
  "mesh_p": null,
  "elapsed_s": 0.6250340938568115,
  "summaries": {
    "NV": {
      "method": "NV",
      "n_reps": 500,
      "target": 0.95,
      "coverage": 0.868,
      "coverage_lo": 0.8355052092686175,
      "coverage_hi": 0.8948832761516801,
      "coverage_gap": -0.08199999999999996,
      "meets_target": false,
      "significantly_below": true,
      "mean_obj": -5.801074349930346,
      "obj_se": 0.013392594663556419,
      "mean_oracle_gap": -0.10094356476080268,
      "oracle_gap_se": 0.014398881677064372,
      "mean_rel_oracle_gap": -0.018410241036569443,
      "mean_excess_s": -0.15978477010251163,
      "selected_s_std": 0.5461607357769331,
      "failure_rate": 0.0,
      "n_failed": 0
    },
    "UG": {
      "method": "UG",
      "n_reps": 500,
      "target": 0.95,
      "coverage": 1.0,
      "coverage_lo": 0.9923756595384479,
      "coverage_hi": 1.0,
      "coverage_gap": 0.050000000000000044,
      "meets_target": true,
      "significantly_below": false,
      "mean_obj": -5.603885334239127,
      "obj_se": 0.008165031892616007,
      "mean_oracle_gap": 0.09624545093041709,
      "oracle_gap_se": 0.010386623343827986,
      "mean_rel_oracle_gap": 0.016141185834425188,
      "mean_excess_s": 0.21992495935163175,
      "selected_s_std": 0.4599025153390768,
      "failure_rate": 0.0,
      "n_failed": 0
    },
    "NGS": {
      "method": "NGS",
      "n_reps": 500,
      "target": 0.95,
      "coverage": 1.0,
      "coverage_lo": 0.9923756595384479,
      "coverage_hi": 1.0,
      "coverage_gap": 0.050000000000000044,
      "meets_target": true,
      "significantly_below": false,
      "mean_obj": -5.5512746110145175,
      "obj_se": 0.00925756258730528,
      "mean_oracle_gap": 0.14885617415502578,
      "oracle_gap_se": 0.011946947750570178,
      "mean_rel_oracle_gap": 0.02525697935156739,
      "mean_excess_s": 0.36008011850453603,
      "selected_s_std": 0.5982388763037779,
      "failure_rate": 0.0,
      "n_failed": 0
    },
    "UNGS": {
      "method": "UNGS",
      "n_reps": 500,
      "target": 0.95,
      "coverage": 1.0,
      "coverage_lo": 0.9923756595384479,
      "coverage_hi": 1.0,
      "coverage_gap": 0.050000000000000044,
      "meets_target": true,
      "significantly_below": false,
      "mean_obj": -5.529710185071493,
      "obj_se": 0.009891577607453869,
      "mean_oracle_gap": 0.17042060009805038,
      "oracle_gap_se": 0.01234556464060083,
      "mean_rel_oracle_gap": 0.02905886776394404,
      "mean_excess_s": 0.4199952624669105,
      "selected_s_std": 0.648087013096791,
      "failure_rate": 0.0,
      "n_failed": 0
    },
    "benchmark": {
      "method": "benchmark",
      "n_reps": 500,
      "target": 0.95,
      "coverage": 1.0,
      "coverage_lo": 0.9923756595384479,
      "coverage_hi": 1.0,
      "coverage_gap": 0.050000000000000044,
      "meets_target": true,
      "significantly_below": false,
      "mean_obj": -4.972380874197611,
      "obj_se": 7.95206533574069e-17,
      "mean_oracle_gap": 0.7277499109719296,
      "oracle_gap_se": 0.0079491659052398,
      "mean_rel_oracle_gap": 0.1268505432161442,
      "mean_excess_s": null,
      "selected_s_std": null,
      "failure_rate": 0.0,
      "n_failed": 0
    },
    "_n_replication_errors": 0
  }
}