{
  "key": "paper_saa_n400_d10_c0.8",
  "config": "paper_saa",
  "n": 400,
  "split": 0.5,
  "d": 10,
  "reps": 500,
  "alpha": null,
  "beta": null,
  "dgp_params": {
    "corr": 0.8
  },
  "folds": null,
  "mesh_p": null,
  "elapsed_s": 25.52394700050354,
  "summaries": {
    "NV": {
      "method": "NV",
      "n_reps": 500,
      "target": 0.95,
      "coverage": 0.49,
      "coverage_lo": 0.4464261747403093,
      "coverage_hi": 0.5337263120689218,
      "coverage_gap": -0.45999999999999996,
      "meets_target": false,
      "significantly_below": true,
      "mean_obj": -5.5324998432896795,
      "obj_se": 0.009846015258661996,
      "mean_oracle_gap": -0.041853314910418014,
      "oracle_gap_se": 0.009898867271728057,
      "mean_rel_oracle_gap": -0.007682596629210376,
      "mean_excess_s": -0.0036559999999999995,
      "selected_s_std": 0.020364731979999995,
      "failure_rate": 0.0,
      "n_failed": 0
    },
    "UG": {
      "method": "UG",
      "n_reps": 500,
      "target": 0.95,
      "coverage": 0.944,
      "coverage_lo": 0.920255206353293,
      "coverage_hi": 0.9609743793168485,
      "coverage_gap": -0.006000000000000005,
      "meets_target": false,
      "significantly_below": false,
      "mean_obj": -5.184525271924611,
      "obj_se": 0.01086584639316562,
      "mean_oracle_gap": 0.3061212564546509,
      "oracle_gap_se": 0.011098139310390194,
      "mean_rel_oracle_gap": 0.05566510978179614,
      "mean_excess_s": 0.020104000000000004,
      "selected_s_std": 0.020942285037817875,
      "failure_rate": 0.0,
      "n_failed": 0
    },
    "NGS": {
      "method": "NGS",
      "n_reps": 500,
      "target": 0.95,
      "coverage": 0.978,
      "coverage_lo": 0.9610391387886836,
      "coverage_hi": 0.9876719917300725,
      "coverage_gap": 0.028000000000000025,
      "meets_target": true,
      "significantly_below": false,
      "mean_obj": -5.0134053184293625,
      "obj_se": 0.011673961433633837,
      "mean_oracle_gap": 0.4772412099498999,
      "oracle_gap_se": 0.011924842655814059,
      "mean_rel_oracle_gap": 0.08682668842038797,
      "mean_excess_s": 0.030080000000000003,
      "selected_s_std": 0.019311929921024183,
      "failure_rate": 0.0,
      "n_failed": 0
    },
    "UNGS": {
      "method": "UNGS",
      "n_reps": 500,
      "target": 0.95,
      "coverage": 0.98,
      "coverage_lo": 0.9635798167531208,
      "coverage_hi": 0.9891008164037892,
      "coverage_gap": 0.030000000000000027,
      "meets_target": true,
      "significantly_below": false,
      "mean_obj": -4.918627893341074,
      "obj_se": 0.014195413832800659,
      "mean_oracle_gap": 0.572018635038188,
      "oracle_gap_se": 0.01447650265251871,
      "mean_rel_oracle_gap": 0.10407177183413867,
      "mean_excess_s": 0.033856000000000004,
      "selected_s_std": 0.021539109602882148,
      "failure_rate": 0.0,
      "n_failed": 0
    },
    "_n_replication_errors": 0
  }
}