{
  "key": "paper_so_n500_d10_c0.4",
  "config": "paper_so",
  "n": 500,
  "split": 0.5,
  "d": 10,
  "reps": 500,
  "alpha": null,
  "beta": null,
  "dgp_params": {
    "corr": 0.4
  },
  "folds": null,
  "mesh_p": 60,
  "elapsed_s": 2.7905046939849854,
  "summaries": {
    "NV": {
      "method": "NV",
      "n_reps": 500,
      "target": 0.95,
      "coverage": 0.836,
      "coverage_lo": 0.8010053635257086,
      "coverage_hi": 0.8658710796841282,
      "coverage_gap": -0.11399999999999999,
      "meets_target": false,
      "significantly_below": true,
      "mean_obj": -5.838738237107065,
      "obj_se": 0.0195417583240742,
      "mean_oracle_gap": -0.03273212533343144,
      "oracle_gap_se": 0.013638784514301424,
      "mean_rel_oracle_gap": -0.006691379356210351,
      "mean_excess_s": 0.098,
      "selected_s_std": 21.694303436690618,
      "failure_rate": 0.0,
      "n_failed": 0
    },
    "UG": {
      "method": "UG",
      "n_reps": 500,
      "target": 0.95,
      "coverage": 0.98,
      "coverage_lo": 0.9635798167531208,
      "coverage_hi": 0.9891008164037892,
      "coverage_gap": 0.030000000000000027,
      "meets_target": true,
      "significantly_below": false,
      "mean_obj": -5.561818272482053,
      "obj_se": 0.01680254178741803,
      "mean_oracle_gap": 0.2441878392915809,
      "oracle_gap_se": 0.01548011219136888,
      "mean_rel_oracle_gap": 0.04012665709443127,
      "mean_excess_s": 15.538,
      "selected_s_std": 33.27297307838525,
      "failure_rate": 0.0,
      "n_failed": 0
    },
    "NGS": {
      "method": "NGS",
      "n_reps": 500,
      "target": 0.95,
      "coverage": 0.99,
      "coverage_lo": 0.9768069002442693,
      "coverage_hi": 0.9957212461034096,
      "coverage_gap": 0.040000000000000036,
      "meets_target": true,
      "significantly_below": false,
      "mean_obj": -5.466106555880612,
      "obj_se": 0.015928638925252547,
      "mean_oracle_gap": 0.3398995558930218,
      "oracle_gap_se": 0.017104429897240207,
      "mean_rel_oracle_gap": 0.056046301750333975,
      "mean_excess_s": 24.172,
      "selected_s_std": 41.43728854261011,
      "failure_rate": 0.0,
      "n_failed": 0
    },
    "UNGS": {
      "method": "UNGS",
      "n_reps": 500,
      "target": 0.95,
      "coverage": 0.998,
      "coverage_lo": 0.9887592932948532,
      "coverage_hi": 0.9996468636054407,
      "coverage_gap": 0.04800000000000004,
      "meets_target": true,
      "significantly_below": false,
      "mean_obj": -5.271597835403929,
      "obj_se": 0.015114795485582356,
      "mean_oracle_gap": 0.5344082763697036,
      "oracle_gap_se": 0.019215523791687707,
      "mean_rel_oracle_gap": 0.08885880371924958,
      "mean_excess_s": 46.98,
      "selected_s_std": 57.894060390137724,
      "failure_rate": 0.0,
      "n_failed": 0
    },
    "benchmark": {
      "method": "benchmark",
      "n_reps": 500,
      "target": 0.95,
      "coverage": 1.0,
      "coverage_lo": 0.9923756595384479,
      "coverage_hi": 1.0,
      "coverage_gap": 0.050000000000000044,
      "meets_target": true,
      "significantly_below": false,
      "mean_obj": -4.576158801328283,
      "obj_se": 0.011965785183830794,
      "mean_oracle_gap": 1.2298473104453505,
      "oracle_gap_se": 0.019030937653914313,
      "mean_rel_oracle_gap": 0.20847270644075216,
      "mean_excess_s": NaN,
      "selected_s_std": NaN,
      "failure_rate": 0.0,
      "n_failed": 0
    },
    "_n_replication_errors": 0
  }
}