{
  "key": "paper_dro_wasserstein_n200_d10_c0.4",
  "config": "paper_dro_wasserstein",
  "n": 200,
  "split": 0.5,
  "d": 10,
  "reps": 500,
  "alpha": null,
  "beta": null,
  "dgp_params": {
    "corr": 0.4
  },
  "folds": null,
  "mesh_p": null,
  "elapsed_s": 60.146509885787964,
  "summaries": {
    "NV": {
      "method": "NV",
      "n_reps": 500,
      "target": 0.95,
      "coverage": 0.572,
      "coverage_lo": 0.5282438503629422,
      "coverage_hi": 0.6146582446105943,
      "coverage_gap": -0.378,
      "meets_target": false,
      "significantly_below": true,
      "mean_obj": -6.170376926248222,
      "obj_se": 0.015567580477234378,
      "mean_oracle_gap": -0.055782507502430634,
      "oracle_gap_se": 0.016105971734823636,
      "mean_rel_oracle_gap": -0.009392736278635034,
      "mean_excess_s": 0.0012077500472377825,
      "selected_s_std": 0.035500834538305964,
      "failure_rate": 0.0,
      "n_failed": 0
    },
    "UG": {
      "method": "UG",
      "n_reps": 500,
      "target": 0.95,
      "coverage": 0.916,
      "coverage_lo": 0.888400685539819,
      "coverage_hi": 0.9372558631961696,
      "coverage_gap": -0.03399999999999992,
      "meets_target": false,
      "significantly_below": true,
      "mean_obj": -5.684551792474129,
      "obj_se": 0.016876879679454223,
      "mean_oracle_gap": 0.43004262627166245,
      "oracle_gap_se": 0.017143022513193384,
      "mean_rel_oracle_gap": 0.07013886529931256,
      "mean_excess_s": 0.0470713249091377,
      "selected_s_std": 0.06475698754529882,
      "failure_rate": 0.0,
      "n_failed": 0
    },
    "NGS": {
      "method": "NGS",
      "n_reps": 500,
      "target": 0.95,
      "coverage": 0.954,
      "coverage_lo": 0.9319222072317267,
      "coverage_hi": 0.9691548916291838,
      "coverage_gap": 0.0040000000000000036,
      "meets_target": true,
      "significantly_below": false,
      "mean_obj": -5.508524602437261,
      "obj_se": 0.018326018433513752,
      "mean_oracle_gap": 0.6060698163085296,
      "oracle_gap_se": 0.01871122926870713,
      "mean_rel_oracle_gap": 0.09890096584057126,
      "mean_excess_s": 0.07442437863787692,
      "selected_s_std": 0.08710439962618145,
      "failure_rate": 0.0,
      "n_failed": 0
    },
    "UNGS": {
      "method": "UNGS",
      "n_reps": 500,
      "target": 0.95,
      "coverage": 0.974,
      "coverage_lo": 0.9560285091657758,
      "coverage_hi": 0.9847436160766728,
      "coverage_gap": 0.02400000000000002,
      "meets_target": true,
      "significantly_below": false,
      "mean_obj": -5.158117639841766,
      "obj_se": 0.02367171796624098,
      "mean_oracle_gap": 0.9564767789040254,
      "oracle_gap_se": 0.023313910649511924,
      "mean_rel_oracle_gap": 0.15643522456128273,
      "mean_excess_s": 0.15717876202462097,
      "selected_s_std": 0.16137568196615237,
      "failure_rate": 0.0,
      "n_failed": 0
    },
    "_n_replication_errors": 0
  }
}