{
  "key": "paper_ro_ellipsoid_n500_d20_c0.0",
  "config": "paper_ro_ellipsoid",
  "n": 500,
  "split": 0.5,
  "d": 20,
  "reps": 500,
  "alpha": null,
  "beta": null,
  "dgp_params": {
    "corr": 0.0
  },
  "folds": null,
  "mesh_p": null,
  "elapsed_s": 1.000093698501587,
  "summaries": {
    "NV": {
      "method": "NV",
      "n_reps": 500,
      "target": 0.95,
      "coverage": 0.872,
      "coverage_lo": 0.8398543146918417,
      "coverage_hi": 0.8984731760047634,
      "coverage_gap": -0.07799999999999996,
      "meets_target": false,
      "significantly_below": true,
      "mean_obj": -16.56519566715681,
      "obj_se": 0.022849519589266908,
      "mean_oracle_gap": 0.0044576358740807615,
      "oracle_gap_se": 0.027195488718168095,
      "mean_rel_oracle_gap": -0.00027575384321953586,
      "mean_excess_s": 0.004165077169428493,
      "selected_s_std": 0.9432427076039365,
      "failure_rate": 0.0,
      "n_failed": 0
    },
    "UG": {
      "method": "UG",
      "n_reps": 500,
      "target": 0.95,
      "coverage": 0.99,
      "coverage_lo": 0.9768069002442693,
      "coverage_hi": 0.9957212461034096,
      "coverage_gap": 0.040000000000000036,
      "meets_target": true,
      "significantly_below": false,
      "mean_obj": -16.060810414754283,
      "obj_se": 0.018766373722690202,
      "mean_oracle_gap": 0.508842888276609,
      "oracle_gap_se": 0.027593279637286545,
      "mean_rel_oracle_gap": 0.030011094909057387,
      "mean_excess_s": 0.8167060663165204,
      "selected_s_std": 0.7622552481160848,
      "failure_rate": 0.0,
      "n_failed": 0
    },
    "NGS": {
      "method": "NGS",
      "n_reps": 500,
      "target": 0.95,
      "coverage": 0.998,
      "coverage_lo": 0.9887592932948532,
      "coverage_hi": 0.9996468636054407,
      "coverage_gap": 0.04800000000000004,
      "meets_target": true,
      "significantly_below": false,
      "mean_obj": -15.946406052501498,
      "obj_se": 0.016024916198718264,
      "mean_oracle_gap": 0.6232472505293929,
      "oracle_gap_se": 0.026936542798152257,
      "mean_rel_oracle_gap": 0.03686457760651221,
      "mean_excess_s": 1.0119245407029203,
      "selected_s_std": 0.6567446013488116,
      "failure_rate": 0.0,
      "n_failed": 0
    },
    "UNGS": {
      "method": "UNGS",
      "n_reps": 500,
      "target": 0.95,
      "coverage": 0.994,
      "coverage_lo": 0.9825097478959467,
      "coverage_hi": 0.9979574037280398,
      "coverage_gap": 0.04400000000000004,
      "meets_target": true,
      "significantly_below": false,
      "mean_obj": -16.02381666245712,
      "obj_se": 0.01887371292343118,
      "mean_oracle_gap": 0.5458366405737736,
      "oracle_gap_se": 0.027268215321556682,
      "mean_rel_oracle_gap": 0.03226511796162451,
      "mean_excess_s": 0.8929468928006804,
      "selected_s_std": 0.8229364083824838,
      "failure_rate": 0.0,
      "n_failed": 0
    },
    "benchmark": {
      "method": "benchmark",
      "n_reps": 500,
      "target": 0.95,
      "coverage": 1.0,
      "coverage_lo": 0.9923756595384479,
      "coverage_hi": 1.0,
      "coverage_gap": 0.050000000000000044,
      "meets_target": true,
      "significantly_below": false,
      "mean_obj": -15.324547637443258,
      "obj_se": 1.590413067148138e-16,
      "mean_oracle_gap": 1.245105665587637,
      "oracle_gap_se": 0.01941513924634299,
      "mean_rel_oracle_gap": 0.07450426708747293,
      "mean_excess_s": NaN,
      "selected_s_std": NaN,
      "failure_rate": 0.0,
      "n_failed": 0
    },
    "_n_replication_errors": 0
  }
}