{
  "key": "paper_ro_ellipsoid_n500_d20_c0.4",
  "config": "paper_ro_ellipsoid",
  "n": 500,
  "split": 0.5,
  "d": 20,
  "reps": 500,
  "alpha": null,
  "beta": null,
  "dgp_params": {
    "corr": 0.4
  },
  "folds": null,
  "mesh_p": null,
  "elapsed_s": 0.9352202415466309,
  "summaries": {
    "NV": {
      "method": "NV",
      "n_reps": 500,
      "target": 0.95,
      "coverage": 0.878,
      "coverage_lo": 0.8463952769261602,
      "coverage_hi": 0.9038407216849063,
      "coverage_gap": -0.07199999999999995,
      "meets_target": false,
      "significantly_below": true,
      "mean_obj": -11.901128900119119,
      "obj_se": 0.03386274623791752,
      "mean_oracle_gap": 0.03593798907792631,
      "oracle_gap_se": 0.041471091877390155,
      "mean_rel_oracle_gap": 0.0005800814340632163,
      "mean_excess_s": 0.045976957313273586,
      "selected_s_std": 0.9379746768009959,
      "failure_rate": 0.0,
      "n_failed": 0
    },
    "UG": {
      "method": "UG",
      "n_reps": 500,
      "target": 0.95,
      "coverage": 0.986,
      "coverage_lo": 0.9713869308622147,
      "coverage_hi": 0.9932022102091564,
      "coverage_gap": 0.03600000000000003,
      "meets_target": true,
      "significantly_below": false,
      "mean_obj": -11.109795732428756,
      "obj_se": 0.026692439692055047,
      "mean_oracle_gap": 0.8272711567682863,
      "oracle_gap_se": 0.041887000409052626,
      "mean_rel_oracle_gap": 0.06622966352487014,
      "mean_excess_s": 0.9040959431406591,
      "selected_s_std": 0.7241246106916365,
      "failure_rate": 0.0,
      "n_failed": 0
    },
    "NGS": {
      "method": "NGS",
      "n_reps": 500,
      "target": 0.95,
      "coverage": 0.998,
      "coverage_lo": 0.9887592932948532,
      "coverage_hi": 0.9996468636054407,
      "coverage_gap": 0.04800000000000004,
      "meets_target": true,
      "significantly_below": false,
      "mean_obj": -10.983922664516497,
      "obj_se": 0.022294519036348204,
      "mean_oracle_gap": 0.9531442246805472,
      "oracle_gap_se": 0.03982128029606865,
      "mean_rel_oracle_gap": 0.0767121508579703,
      "mean_excess_s": 1.0457916406735683,
      "selected_s_std": 0.6000869419209346,
      "failure_rate": 0.0,
      "n_failed": 0
    },
    "UNGS": {
      "method": "UNGS",
      "n_reps": 500,
      "target": 0.95,
      "coverage": 0.988,
      "coverage_lo": 0.9740696388835527,
      "coverage_hi": 0.9944890048259724,
      "coverage_gap": 0.038000000000000034,
      "meets_target": true,
      "significantly_below": false,
      "mean_obj": -11.073843453381688,
      "obj_se": 0.026630282595070987,
      "mean_oracle_gap": 0.8632234358153572,
      "oracle_gap_se": 0.04130023315010226,
      "mean_rel_oracle_gap": 0.06932856326468076,
      "mean_excess_s": 0.9575474440554449,
      "selected_s_std": 0.7719978593627239,
      "failure_rate": 0.0,
      "n_failed": 0
    },
    "benchmark": {
      "method": "benchmark",
      "n_reps": 500,
      "target": 0.95,
      "coverage": 1.0,
      "coverage_lo": 0.9923756595384479,
      "coverage_hi": 1.0,
      "coverage_gap": 0.050000000000000044,
      "meets_target": true,
      "significantly_below": false,
      "mean_obj": -10.120512867211009,
      "obj_se": 7.95206533574069e-17,
      "mean_oracle_gap": 1.8165540219860372,
      "oracle_gap_se": 0.028066133972186193,
      "mean_rel_oracle_gap": 0.14977933548366434,
      "mean_excess_s": NaN,
      "selected_s_std": NaN,
      "failure_rate": 0.0,
      "n_failed": 0
    },
    "_n_replication_errors": 0
  }
}