{
  "key": "paper_so_n500_d20_c0.8",
  "config": "paper_so",
  "n": 500,
  "split": 0.5,
  "d": 20,
  "reps": 500,
  "alpha": null,
  "beta": null,
  "dgp_params": {
    "corr": 0.8
  },
  "folds": null,
  "mesh_p": 60,
  "elapsed_s": 4.5259153842926025,
  "summaries": {
    "NV": {
      "method": "NV",
      "n_reps": 500,
      "target": 0.95,
      "coverage": 0.874,
      "coverage_lo": 0.8420322822801359,
      "coverage_hi": 0.900264711054623,
      "coverage_gap": -0.07599999999999996,
      "meets_target": false,
      "significantly_below": true,
      "mean_obj": -10.015755686645106,
      "obj_se": 0.045040228354222285,
      "mean_oracle_gap": -0.03603590546743245,
      "oracle_gap_se": 0.032863671499552216,
      "mean_rel_oracle_gap": -0.0052529461606447385,
      "mean_excess_s": -0.394,
      "selected_s_std": 17.37990858563099,
      "failure_rate": 0.0,
      "n_failed": 0
    },
    "UG": {
      "method": "UG",
      "n_reps": 500,
      "target": 0.95,
      "coverage": 0.982,
      "coverage_lo": 0.9661483290912607,
      "coverage_hi": 0.990501806703803,
      "coverage_gap": 0.03200000000000003,
      "meets_target": true,
      "significantly_below": false,
      "mean_obj": -9.579728035533098,
      "obj_se": 0.03839181166383125,
      "mean_oracle_gap": 0.3999917456445752,
      "oracle_gap_se": 0.035581871942905074,
      "mean_rel_oracle_gap": 0.03692922651080591,
      "mean_excess_s": 7.928,
      "selected_s_std": 23.587896763965517,
      "failure_rate": 0.0,
      "n_failed": 0
    },
    "NGS": {
      "method": "NGS",
      "n_reps": 500,
      "target": 0.95,
      "coverage": 0.994,
      "coverage_lo": 0.9825097478959467,
      "coverage_hi": 0.9979574037280398,
      "coverage_gap": 0.04400000000000004,
      "meets_target": true,
      "significantly_below": false,
      "mean_obj": -9.392836567531987,
      "obj_se": 0.0371979498303659,
      "mean_oracle_gap": 0.586883213645684,
      "oracle_gap_se": 0.04033786738575405,
      "mean_rel_oracle_gap": 0.05461170959218909,
      "mean_excess_s": 12.792,
      "selected_s_std": 29.189680005743046,
      "failure_rate": 0.0,
      "n_failed": 0
    },
    "UNGS": {
      "method": "UNGS",
      "n_reps": 500,
      "target": 0.95,
      "coverage": 1.0,
      "coverage_lo": 0.9923756595384479,
      "coverage_hi": 1.0,
      "coverage_gap": 0.050000000000000044,
      "meets_target": true,
      "significantly_below": false,
      "mean_obj": -9.016433614463033,
      "obj_se": 0.036978556121877,
      "mean_oracle_gap": 0.9632861667146411,
      "oracle_gap_se": 0.04744012022204914,
      "mean_rel_oracle_gap": 0.09087762702707815,
      "mean_excess_s": 27.38,
      "selected_s_std": 44.11219054535173,
      "failure_rate": 0.0,
      "n_failed": 0
    },
    "benchmark": {
      "method": "benchmark",
      "n_reps": 500,
      "target": 0.95,
      "coverage": 1.0,
      "coverage_lo": 0.9923756595384479,
      "coverage_hi": 1.0,
      "coverage_gap": 0.050000000000000044,
      "meets_target": true,
      "significantly_below": false,
      "mean_obj": -7.496154688722367,
      "obj_se": 0.024276806629043406,
      "mean_oracle_gap": 2.4835650924553048,
      "oracle_gap_se": 0.04640722119670561,
      "mean_rel_oracle_gap": 0.24236878728315378,
      "mean_excess_s": null,
      "selected_s_std": null,
      "failure_rate": 0.0,
      "n_failed": 0
    },
    "_n_replication_errors": 0
  }
}