{
  "key": "paper_dro_wasserstein_n200_d10_c0.2",
  "config": "paper_dro_wasserstein",
  "n": 200,
  "split": 0.5,
  "d": 10,
  "reps": 500,
  "alpha": null,
  "beta": null,
  "dgp_params": {
    "corr": 0.2
  },
  "folds": null,
  "mesh_p": null,
  "elapsed_s": 83.0650749206543,
  "summaries": {
    "NV": {
      "method": "NV",
      "n_reps": 500,
      "target": 0.95,
      "coverage": 0.558,
      "coverage_lo": 0.5141915296492833,
      "coverage_hi": 0.6009240468571767,
      "coverage_gap": -0.3919999999999999,
      "meets_target": false,
      "significantly_below": true,
      "mean_obj": -6.763888360544811,
      "obj_se": 0.0152995397434818,
      "mean_oracle_gap": -0.06893813871611658,
      "oracle_gap_se": 0.015576348093663327,
      "mean_rel_oracle_gap": -0.010491094817295397,
      "mean_excess_s": -0.00018885710408575522,
      "selected_s_std": 0.028877878637934448,
      "failure_rate": 0.0,
      "n_failed": 0
    },
    "UG": {
      "method": "UG",
      "n_reps": 500,
      "target": 0.95,
      "coverage": 0.934,
      "coverage_lo": 0.9087605988391466,
      "coverage_hi": 0.9526214736402262,
      "coverage_gap": -0.015999999999999903,
      "meets_target": false,
      "significantly_below": false,
      "mean_obj": -6.253261228706971,
      "obj_se": 0.01698828374112545,
      "mean_oracle_gap": 0.44168899312172377,
      "oracle_gap_se": 0.01722920043072613,
      "mean_rel_oracle_gap": 0.06580266157048115,
      "mean_excess_s": 0.04377832255040472,
      "selected_s_std": 0.05278978561187079,
      "failure_rate": 0.0,
      "n_failed": 0
    },
    "NGS": {
      "method": "NGS",
      "n_reps": 500,
      "target": 0.95,
      "coverage": 0.972,
      "coverage_lo": 0.9535535973250512,
      "coverage_hi": 0.9832490252792435,
      "coverage_gap": 0.02200000000000002,
      "meets_target": true,
      "significantly_below": false,
      "mean_obj": -6.05721365666877,
      "obj_se": 0.017371137774482587,
      "mean_oracle_gap": 0.6377365651599246,
      "oracle_gap_se": 0.01755450339330045,
      "mean_rel_oracle_gap": 0.09510448500660647,
      "mean_excess_s": 0.0690146230100257,
      "selected_s_std": 0.06542560667110708,
      "failure_rate": 0.0,
      "n_failed": 0
    },
    "UNGS": {
      "method": "UNGS",
      "n_reps": 500,
      "target": 0.95,
      "coverage": 0.988,
      "coverage_lo": 0.9740696388835527,
      "coverage_hi": 0.9944890048259724,
      "coverage_gap": 0.038000000000000034,
      "meets_target": true,
      "significantly_below": false,
      "mean_obj": -5.659302790039748,
      "obj_se": 0.023734557959832567,
      "mean_oracle_gap": 1.035647431788947,
      "oracle_gap_se": 0.023458205333804348,
      "mean_rel_oracle_gap": 0.15466499567320915,
      "mean_excess_s": 0.149702312646005,
      "selected_s_std": 0.13503369416721137,
      "failure_rate": 0.0,
      "n_failed": 0
    },
    "_n_replication_errors": 0
  }
}