{
  "key": "paper_ro_ellipsoid_n500_d10_c0.0",
  "config": "paper_ro_ellipsoid",
  "n": 500,
  "split": 0.5,
  "d": 10,
  "reps": 500,
  "alpha": null,
  "beta": null,
  "dgp_params": {
    "corr": 0.0
  },
  "folds": null,
  "mesh_p": null,
  "elapsed_s": 0.5899410247802734,
  "summaries": {
    "NV": {
      "method": "NV",
      "n_reps": 500,
      "target": 0.95,
      "coverage": 0.862,
      "coverage_lo": 0.8289979864047199,
      "coverage_hi": 0.8894819911011163,
      "coverage_gap": -0.08799999999999997,
      "meets_target": false,
      "significantly_below": true,
      "mean_obj": -7.603537695471501,
      "obj_se": 0.010503338375288267,
      "mean_oracle_gap": -0.0836186255072478,
      "oracle_gap_se": 0.0112279682663982,
      "mean_rel_oracle_gap": -0.011369117573090438,
      "mean_excess_s": -0.17465763806459045,
      "selected_s_std": 0.5431656897648971,
      "failure_rate": 0.0,
      "n_failed": 0
    },
    "UG": {
      "method": "UG",
      "n_reps": 500,
      "target": 0.95,
      "coverage": 0.99,
      "coverage_lo": 0.9768069002442693,
      "coverage_hi": 0.9957212461034096,
      "coverage_gap": 0.040000000000000036,
      "meets_target": true,
      "significantly_below": false,
      "mean_obj": -7.440301990846368,
      "obj_se": 0.007597667805833757,
      "mean_oracle_gap": 0.07961707911788393,
      "oracle_gap_se": 0.009282305646606205,
      "mean_rel_oracle_gap": 0.010294519287956005,
      "mean_excess_s": 0.2342203626922774,
      "selected_s_std": 0.5332675989606197,
      "failure_rate": 0.0,
      "n_failed": 0
    },
    "NGS": {
      "method": "NGS",
      "n_reps": 500,
      "target": 0.95,
      "coverage": 0.996,
      "coverage_lo": 0.9855342847848231,
      "coverage_hi": 0.9989023694773173,
      "coverage_gap": 0.04600000000000004,
      "meets_target": true,
      "significantly_below": false,
      "mean_obj": -7.394216259277087,
      "obj_se": 0.008377053521409274,
      "mean_oracle_gap": 0.12570281068716577,
      "oracle_gap_se": 0.010046283144357947,
      "mean_rel_oracle_gap": 0.016414612781320396,
      "mean_excess_s": 0.37455208688625874,
      "selected_s_std": 0.6195701807320662,
      "failure_rate": 0.0,
      "n_failed": 0
    },
    "UNGS": {
      "method": "UNGS",
      "n_reps": 500,
      "target": 0.95,
      "coverage": 0.99,
      "coverage_lo": 0.9768069002442693,
      "coverage_hi": 0.9957212461034096,
      "coverage_gap": 0.040000000000000036,
      "meets_target": true,
      "significantly_below": false,
      "mean_obj": -7.376654265468927,
      "obj_se": 0.008993537384560308,
      "mean_oracle_gap": 0.1432648044953263,
      "oracle_gap_se": 0.010825632283270945,
      "mean_rel_oracle_gap": 0.01872592095796776,
      "mean_excess_s": 0.434168492849452,
      "selected_s_std": 0.6761877996353766,
      "failure_rate": 0.0,
      "n_failed": 0
    },
    "benchmark": {
      "method": "benchmark",
      "n_reps": 500,
      "target": 0.95,
      "coverage": 1.0,
      "coverage_lo": 0.9923756595384479,
      "coverage_hi": 1.0,
      "coverage_gap": 0.050000000000000044,
      "meets_target": true,
      "significantly_below": false,
      "mean_obj": -6.901634398385975,
      "obj_se": 7.95206533574069e-17,
      "mean_oracle_gap": 0.6182846715782794,
      "oracle_gap_se": 0.006367487770335111,
      "mean_rel_oracle_gap": 0.081896341260308,
      "mean_excess_s": null,
      "selected_s_std": null,
      "failure_rate": 0.0,
      "n_failed": 0
    },
    "_n_replication_errors": 0
  }
}