{
  "key": "paper_ro_ellipsoid_n500_d10_c0.8",
  "config": "paper_ro_ellipsoid",
  "n": 500,
  "split": 0.5,
  "d": 10,
  "reps": 500,
  "alpha": null,
  "beta": null,
  "dgp_params": {
    "corr": 0.8
  },
  "folds": null,
  "mesh_p": null,
  "elapsed_s": 0.6008517742156982,
  "summaries": {
    "NV": {
      "method": "NV",
      "n_reps": 500,
      "target": 0.95,
      "coverage": 0.842,
      "coverage_lo": 0.8074376489887337,
      "coverage_hi": 0.8713473021355645,
      "coverage_gap": -0.10799999999999998,
      "meets_target": false,
      "significantly_below": true,
      "mean_obj": -5.065971471805107,
      "obj_se": 0.0148238029557642,
      "mean_oracle_gap": -0.11314864646328004,
      "oracle_gap_se": 0.01662595573432267,
      "mean_rel_oracle_gap": -0.02420029796165864,
      "mean_excess_s": -0.17777303373245806,
      "selected_s_std": 0.5766826410704347,
      "failure_rate": 0.0,
      "n_failed": 0
    },
    "UG": {
      "method": "UG",
      "n_reps": 500,
      "target": 0.95,
      "coverage": 0.99,
      "coverage_lo": 0.9768069002442693,
      "coverage_hi": 0.9957212461034096,
      "coverage_gap": 0.040000000000000036,
      "meets_target": true,
      "significantly_below": false,
      "mean_obj": -4.860000297633831,
      "obj_se": 0.008538257516706463,
      "mean_oracle_gap": 0.09282252770799618,
      "oracle_gap_se": 0.012058516072850179,
      "mean_rel_oracle_gap": 0.017332753140780525,
      "mean_excess_s": 0.20037582058813513,
      "selected_s_std": 0.43890987601357195,
      "failure_rate": 0.0,
      "n_failed": 0
    },
    "NGS": {
      "method": "NGS",
      "n_reps": 500,
      "target": 0.95,
      "coverage": 0.994,
      "coverage_lo": 0.9825097478959467,
      "coverage_hi": 0.9979574037280398,
      "coverage_gap": 0.04400000000000004,
      "meets_target": true,
      "significantly_below": false,
      "mean_obj": -4.810062541833309,
      "obj_se": 0.009495950962020726,
      "mean_oracle_gap": 0.14276028350851816,
      "oracle_gap_se": 0.013087355266645867,
      "mean_rel_oracle_gap": 0.027344116814931513,
      "mean_excess_s": 0.3290517674498001,
      "selected_s_std": 0.557577077822925,
      "failure_rate": 0.0,
      "n_failed": 0
    },
    "UNGS": {
      "method": "UNGS",
      "n_reps": 500,
      "target": 0.95,
      "coverage": 0.992,
      "coverage_lo": 0.9796129641658948,
      "coverage_hi": 0.9968846848199377,
      "coverage_gap": 0.04200000000000004,
      "meets_target": true,
      "significantly_below": false,
      "mean_obj": -4.789288354748927,
      "obj_se": 0.010302642172153063,
      "mean_oracle_gap": 0.16353447059290047,
      "oracle_gap_se": 0.013652927848202717,
      "mean_rel_oracle_gap": 0.031543624584197266,
      "mean_excess_s": 0.39205957654465573,
      "selected_s_std": 0.6407594346949083,
      "failure_rate": 0.0,
      "n_failed": 0
    },
    "benchmark": {
      "method": "benchmark",
      "n_reps": 500,
      "target": 0.95,
      "coverage": 1.0,
      "coverage_lo": 0.9923756595384479,
      "coverage_hi": 1.0,
      "coverage_gap": 0.050000000000000044,
      "meets_target": true,
      "significantly_below": false,
      "mean_obj": -4.2299317110517975,
      "obj_se": 0.0,
      "mean_oracle_gap": 0.7228911142900304,
      "oracle_gap_se": 0.00886990056942423,
      "mean_rel_oracle_gap": 0.14465193134633406,
      "mean_excess_s": NaN,
      "selected_s_std": NaN,
      "failure_rate": 0.0,
      "n_failed": 0
    },
    "_n_replication_errors": 0
  }
}