{
  "key": "paper_so_n500_d20_c0.4",
  "config": "paper_so",
  "n": 500,
  "split": 0.5,
  "d": 20,
  "reps": 500,
  "alpha": null,
  "beta": null,
  "dgp_params": {
    "corr": 0.4
  },
  "folds": null,
  "mesh_p": 60,
  "elapsed_s": 4.545468330383301,
  "summaries": {
    "NV": {
      "method": "NV",
      "n_reps": 500,
      "target": 0.95,
      "coverage": 0.818,
      "coverage_lo": 0.7817973646706083,
      "coverage_hi": 0.8493535547958443,
      "coverage_gap": -0.132,
      "meets_target": false,
      "significantly_below": true,
      "mean_obj": -11.893338129336618,
      "obj_se": 0.04055118438998302,
      "mean_oracle_gap": -0.0869200873361776,
      "oracle_gap_se": 0.025648504238340017,
      "mean_rel_oracle_gap": -0.00811814930631189,
      "mean_excess_s": -1.006,
      "selected_s_std": 24.241527743413144,
      "failure_rate": 0.0,
      "n_failed": 0
    },
    "UG": {
      "method": "UG",
      "n_reps": 500,
      "target": 0.95,
      "coverage": 0.984,
      "coverage_lo": 0.9687488914666058,
      "coverage_hi": 0.9918707469666117,
      "coverage_gap": 0.03400000000000003,
      "meets_target": true,
      "significantly_below": false,
      "mean_obj": -11.367102699180265,
      "obj_se": 0.03585163896606734,
      "mean_oracle_gap": 0.43931534282017815,
      "oracle_gap_se": 0.03083477627921556,
      "mean_rel_oracle_gap": 0.035480959926885845,
      "mean_excess_s": 15.74,
      "selected_s_std": 37.917514103003946,
      "failure_rate": 0.0,
      "n_failed": 0
    },
    "NGS": {
      "method": "NGS",
      "n_reps": 500,
      "target": 0.95,
      "coverage": 0.998,
      "coverage_lo": 0.9887592932948532,
      "coverage_hi": 0.9996468636054407,
      "coverage_gap": 0.04800000000000004,
      "meets_target": true,
      "significantly_below": false,
      "mean_obj": -11.137740847378673,
      "obj_se": 0.03307738915399686,
      "mean_oracle_gap": 0.6686771946217694,
      "oracle_gap_se": 0.03410961981716775,
      "mean_rel_oracle_gap": 0.054222996061640154,
      "mean_excess_s": 25.892,
      "selected_s_std": 45.18305603991625,
      "failure_rate": 0.0,
      "n_failed": 0
    },
    "UNGS": {
      "method": "UNGS",
      "n_reps": 500,
      "target": 0.95,
      "coverage": 0.998,
      "coverage_lo": 0.9887592932948532,
      "coverage_hi": 0.9996468636054407,
      "coverage_gap": 0.04800000000000004,
      "meets_target": true,
      "significantly_below": false,
      "mean_obj": -10.803128429707762,
      "obj_se": 0.029598028403509558,
      "mean_oracle_gap": 1.0032896122926793,
      "oracle_gap_se": 0.036898117253111894,
      "mean_rel_oracle_gap": 0.08186827497134865,
      "mean_excess_s": 45.802,
      "selected_s_std": 56.48844026672656,
      "failure_rate": 0.0,
      "n_failed": 0
    },
    "benchmark": {
      "method": "benchmark",
      "n_reps": 500,
      "target": 0.95,
      "coverage": 1.0,
      "coverage_lo": 0.9923756595384479,
      "coverage_hi": 1.0,
      "coverage_gap": 0.050000000000000044,
      "meets_target": true,
      "significantly_below": false,
      "mean_obj": -9.55129645841405,
      "obj_se": 0.022675651273540536,
      "mean_oracle_gap": 2.255121583586391,
      "oracle_gap_se": 0.039167926254508934,
      "mean_rel_oracle_gap": 0.1873436778837305,
      "mean_excess_s": null,
      "selected_s_std": null,
      "failure_rate": 0.0,
      "n_failed": 0
    },
    "_n_replication_errors": 0
  }
}