{
  "key": "paper_ro_ellipsoid_n500_d20_c0.8",
  "config": "paper_ro_ellipsoid",
  "n": 500,
  "split": 0.5,
  "d": 20,
  "reps": 500,
  "alpha": null,
  "beta": null,
  "dgp_params": {
    "corr": 0.8
  },
  "folds": null,
  "mesh_p": null,
  "elapsed_s": 0.9842031002044678,
  "summaries": {
    "NV": {
      "method": "NV",
      "n_reps": 500,
      "target": 0.95,
      "coverage": 0.912,
      "coverage_lo": 0.8839235279346099,
      "coverage_hi": 0.9337940155250711,
      "coverage_gap": -0.03799999999999992,
      "meets_target": false,
      "significantly_below": true,
      "mean_obj": -10.295490626026181,
      "obj_se": 0.033558259832487385,
      "mean_oracle_gap": 0.1388178749960191,
      "oracle_gap_se": 0.04059928794840504,
      "mean_rel_oracle_gap": 0.010344611363586975,
      "mean_excess_s": 0.15337943480412772,
      "selected_s_std": 0.8904372236056601,
      "failure_rate": 0.0,
      "n_failed": 0
    },
    "UG": {
      "method": "UG",
      "n_reps": 500,
      "target": 0.95,
      "coverage": 0.996,
      "coverage_lo": 0.9855342847848231,
      "coverage_hi": 0.9989023694773173,
      "coverage_gap": 0.04600000000000004,
      "meets_target": true,
      "significantly_below": false,
      "mean_obj": -9.565511700987761,
      "obj_se": 0.030714348936146073,
      "mean_oracle_gap": 0.868796800034439,
      "oracle_gap_se": 0.040723847183197465,
      "mean_rel_oracle_gap": 0.080109337023176,
      "mean_excess_s": 0.9331049967624401,
      "selected_s_std": 0.866044047145161,
      "failure_rate": 0.0,
      "n_failed": 0
    },
    "NGS": {
      "method": "NGS",
      "n_reps": 500,
      "target": 0.95,
      "coverage": 0.998,
      "coverage_lo": 0.9887592932948532,
      "coverage_hi": 0.9996468636054407,
      "coverage_gap": 0.04800000000000004,
      "meets_target": true,
      "significantly_below": false,
      "mean_obj": -9.344972471517966,
      "obj_se": 0.02559880889840823,
      "mean_oracle_gap": 1.089336029504236,
      "oracle_gap_se": 0.03925233866427808,
      "mean_rel_oracle_gap": 0.10088068664293985,
      "mean_excess_s": 1.1743633388286165,
      "selected_s_std": 0.704004078459707,
      "failure_rate": 0.0,
      "n_failed": 0
    },
    "UNGS": {
      "method": "UNGS",
      "n_reps": 500,
      "target": 0.95,
      "coverage": 0.996,
      "coverage_lo": 0.9855342847848231,
      "coverage_hi": 0.9989023694773173,
      "coverage_gap": 0.04600000000000004,
      "meets_target": true,
      "significantly_below": false,
      "mean_obj": -9.556586752246108,
      "obj_se": 0.03078676833648243,
      "mean_oracle_gap": 0.8777217487760922,
      "oracle_gap_se": 0.04068328792826305,
      "mean_rel_oracle_gap": 0.08098558171174516,
      "mean_excess_s": 0.9445508527422635,
      "selected_s_std": 0.8683044918981176,
      "failure_rate": 0.0,
      "n_failed": 0
    },
    "benchmark": {
      "method": "benchmark",
      "n_reps": 500,
      "target": 0.95,
      "coverage": 1.0,
      "coverage_lo": 0.9923756595384479,
      "coverage_hi": 1.0,
      "coverage_gap": 0.050000000000000044,
      "meets_target": true,
      "significantly_below": false,
      "mean_obj": -8.490755647202535,
      "obj_se": 1.590413067148138e-16,
      "mean_oracle_gap": 1.9435528538196614,
      "oracle_gap_se": 0.02691993783365229,
      "mean_rel_oracle_gap": 0.1834157483687032,
      "mean_excess_s": null,
      "selected_s_std": null,
      "failure_rate": 0.0,
      "n_failed": 0
    },
    "_n_replication_errors": 0
  }
}