{
  "key": "paper_saa_n400_d10_c0.4",
  "config": "paper_saa",
  "n": 400,
  "split": 0.5,
  "d": 10,
  "reps": 500,
  "alpha": null,
  "beta": null,
  "dgp_params": {
    "corr": 0.4
  },
  "folds": null,
  "mesh_p": null,
  "elapsed_s": 31.307921648025513,
  "summaries": {
    "NV": {
      "method": "NV",
      "n_reps": 500,
      "target": 0.95,
      "coverage": 0.504,
      "coverage_lo": 0.460312154390353,
      "coverage_hi": 0.5476268508859545,
      "coverage_gap": -0.44599999999999995,
      "meets_target": false,
      "significantly_below": true,
      "mean_obj": -6.252590760582391,
      "obj_se": 0.01004672640918553,
      "mean_oracle_gap": -0.04861334558956736,
      "oracle_gap_se": 0.010062665204938601,
      "mean_rel_oracle_gap": -0.007857899916629621,
      "mean_excess_s": -0.004576,
      "selected_s_std": 0.022261703053578163,
      "failure_rate": 0.0,
      "n_failed": 0
    },
    "UG": {
      "method": "UG",
      "n_reps": 500,
      "target": 0.95,
      "coverage": 0.918,
      "coverage_lo": 0.8906451408426114,
      "coverage_hi": 0.9389809105315311,
      "coverage_gap": -0.03199999999999992,
      "meets_target": false,
      "significantly_below": true,
      "mean_obj": -5.872844111343518,
      "obj_se": 0.011604155305039575,
      "mean_oracle_gap": 0.3311333036493056,
      "oracle_gap_se": 0.011638403944415709,
      "mean_rel_oracle_gap": 0.05335161796533521,
      "mean_excess_s": 0.019184000000000003,
      "selected_s_std": 0.019791723538926127,
      "failure_rate": 0.0,
      "n_failed": 0
    },
    "NGS": {
      "method": "NGS",
      "n_reps": 500,
      "target": 0.95,
      "coverage": 0.984,
      "coverage_lo": 0.9687488914666058,
      "coverage_hi": 0.9918707469666117,
      "coverage_gap": 0.03400000000000003,
      "meets_target": true,
      "significantly_below": false,
      "mean_obj": -5.688901075995723,
      "obj_se": 0.01247409538604492,
      "mean_oracle_gap": 0.5150763389971014,
      "oracle_gap_se": 0.01250292039605707,
      "mean_rel_oracle_gap": 0.08300260233611854,
      "mean_excess_s": 0.028552000000000004,
      "selected_s_std": 0.016494893361705253,
      "failure_rate": 0.0,
      "n_failed": 0
    },
    "UNGS": {
      "method": "UNGS",
      "n_reps": 500,
      "target": 0.95,
      "coverage": 0.986,
      "coverage_lo": 0.9713869308622147,
      "coverage_hi": 0.9932022102091564,
      "coverage_gap": 0.03600000000000003,
      "meets_target": true,
      "significantly_below": false,
      "mean_obj": -5.559211576786953,
      "obj_se": 0.014370910517773346,
      "mean_oracle_gap": 0.6447658382058714,
      "oracle_gap_se": 0.014370883949148166,
      "mean_rel_oracle_gap": 0.10391245678568038,
      "mean_excess_s": 0.03316,
      "selected_s_std": 0.017619247991886577,
      "failure_rate": 0.0,
      "n_failed": 0
    },
    "_n_replication_errors": 0
  }
}