{
  "key": "paper_dro_wasserstein_n200_d10_c0.8",
  "config": "paper_dro_wasserstein",
  "n": 200,
  "split": 0.5,
  "d": 10,
  "reps": 500,
  "alpha": null,
  "beta": null,
  "dgp_params": {
    "corr": 0.8
  },
  "folds": null,
  "mesh_p": null,
  "elapsed_s": 52.64362859725952,
  "summaries": {
    "NV": {
      "method": "NV",
      "n_reps": 500,
      "target": 0.95,
      "coverage": 0.572,
      "coverage_lo": 0.5282438503629422,
      "coverage_hi": 0.6146582446105943,
      "coverage_gap": -0.378,
      "meets_target": false,
      "significantly_below": true,
      "mean_obj": -5.475771679228386,
      "obj_se": 0.015048301023650516,
      "mean_oracle_gap": -0.030881015496649938,
      "oracle_gap_se": 0.014839980831749915,
      "mean_rel_oracle_gap": -0.005780800972878341,
      "mean_excess_s": 0.004546978634641154,
      "selected_s_std": 0.04293178838968467,
      "failure_rate": 0.0,
      "n_failed": 0
    },
    "UG": {
      "method": "UG",
      "n_reps": 500,
      "target": 0.95,
      "coverage": 0.906,
      "coverage_lo": 0.8772354441374409,
      "coverage_hi": 0.9285735914077787,
      "coverage_gap": -0.04399999999999993,
      "meets_target": false,
      "significantly_below": true,
      "mean_obj": -5.027378395133206,
      "obj_se": 0.01687252430557178,
      "mean_oracle_gap": 0.41751226859853136,
      "oracle_gap_se": 0.017163510065579493,
      "mean_rel_oracle_gap": 0.07645415473451384,
      "mean_excess_s": 0.05439855441664086,
      "selected_s_std": 0.08218033776346928,
      "failure_rate": 0.0,
      "n_failed": 0
    },
    "NGS": {
      "method": "NGS",
      "n_reps": 500,
      "target": 0.95,
      "coverage": 0.96,
      "coverage_lo": 0.9390264041651492,
      "coverage_hi": 0.9739592026102227,
      "coverage_gap": 0.010000000000000009,
      "meets_target": true,
      "significantly_below": false,
      "mean_obj": -4.858880372698057,
      "obj_se": 0.017616841827581012,
      "mean_oracle_gap": 0.5860102910336794,
      "oracle_gap_se": 0.017790008422275214,
      "mean_rel_oracle_gap": 0.10744095176634844,
      "mean_excess_s": 0.08717851346633076,
      "selected_s_std": 0.10867585928204729,
      "failure_rate": 0.0,
      "n_failed": 0
    },
    "UNGS": {
      "method": "UNGS",
      "n_reps": 500,
      "target": 0.95,
      "coverage": 0.962,
      "coverage_lo": 0.9414152274693561,
      "coverage_hi": 0.9755398819441696,
      "coverage_gap": 0.01200000000000001,
      "meets_target": true,
      "significantly_below": false,
      "mean_obj": -4.6023182523509,
      "obj_se": 0.023270286315887807,
      "mean_oracle_gap": 0.8425724113808378,
      "oracle_gap_se": 0.023343397352551018,
      "mean_rel_oracle_gap": 0.15459535160566765,
      "mean_excess_s": 0.1697463431583184,
      "selected_s_std": 0.2052419983841455,
      "failure_rate": 0.0,
      "n_failed": 0
    },
    "_n_replication_errors": 0
  }
}