{
  "key": "paper_saa_n400_d10_c0.6",
  "config": "paper_saa",
  "n": 400,
  "split": 0.5,
  "d": 10,
  "reps": 500,
  "alpha": null,
  "beta": null,
  "dgp_params": {
    "corr": 0.6
  },
  "folds": null,
  "mesh_p": null,
  "elapsed_s": 28.984917879104614,
  "summaries": {
    "NV": {
      "method": "NV",
      "n_reps": 500,
      "target": 0.95,
      "coverage": 0.55,
      "coverage_lo": 0.5061772177351765,
      "coverage_hi": 0.5930603482186684,
      "coverage_gap": -0.3999999999999999,
      "meets_target": false,
      "significantly_below": true,
      "mean_obj": -5.822740321236336,
      "obj_se": 0.010024323994513928,
      "mean_oracle_gap": -0.018051443317226867,
      "oracle_gap_se": 0.010218626538132767,
      "mean_rel_oracle_gap": -0.003166479556882461,
      "mean_excess_s": -0.0017120000000000002,
      "selected_s_std": 0.0216408372220518,
      "failure_rate": 0.0,
      "n_failed": 0
    },
    "UG": {
      "method": "UG",
      "n_reps": 500,
      "target": 0.95,
      "coverage": 0.942,
      "coverage_lo": 0.917943812143745,
      "coverage_hi": 0.9593162708882429,
      "coverage_gap": -0.008000000000000007,
      "meets_target": false,
      "significantly_below": false,
      "mean_obj": -5.463842901923711,
      "obj_se": 0.011732612308533912,
      "mean_oracle_gap": 0.3408459759953977,
      "oracle_gap_se": 0.011968600625147478,
      "mean_rel_oracle_gap": 0.05865340220481405,
      "mean_excess_s": 0.021568,
      "selected_s_std": 0.021235605144466766,
      "failure_rate": 0.0,
      "n_failed": 0
    },
    "NGS": {
      "method": "NGS",
      "n_reps": 500,
      "target": 0.95,
      "coverage": 0.986,
      "coverage_lo": 0.9713869308622147,
      "coverage_hi": 0.9932022102091564,
      "coverage_gap": 0.03600000000000003,
      "meets_target": true,
      "significantly_below": false,
      "mean_obj": -5.287089429254442,
      "obj_se": 0.011818279121146753,
      "mean_oracle_gap": 0.5175994486646668,
      "oracle_gap_se": 0.012041950301598882,
      "mean_rel_oracle_gap": 0.08910671470894431,
      "mean_excess_s": 0.031008000000000004,
      "selected_s_std": 0.018800411030342384,
      "failure_rate": 0.0,
      "n_failed": 0
    },
    "UNGS": {
      "method": "UNGS",
      "n_reps": 500,
      "target": 0.95,
      "coverage": 0.986,
      "coverage_lo": 0.9713869308622147,
      "coverage_hi": 0.9932022102091564,
      "coverage_gap": 0.03600000000000003,
      "meets_target": true,
      "significantly_below": false,
      "mean_obj": -5.177972537850482,
      "obj_se": 0.013358309298379773,
      "mean_oracle_gap": 0.6267163400686273,
      "oracle_gap_se": 0.013497468686861908,
      "mean_rel_oracle_gap": 0.10791808173491046,
      "mean_excess_s": 0.03549600000000001,
      "selected_s_std": 0.02023878456828876,
      "failure_rate": 0.0,
      "n_failed": 0
    },
    "_n_replication_errors": 0
  }
}