{
  "key": "paper_so_n500_d10_c0.8",
  "config": "paper_so",
  "n": 500,
  "split": 0.5,
  "d": 10,
  "reps": 500,
  "alpha": null,
  "beta": null,
  "dgp_params": {
    "corr": 0.8
  },
  "folds": null,
  "mesh_p": 60,
  "elapsed_s": 2.7764968872070312,
  "summaries": {
    "NV": {
      "method": "NV",
      "n_reps": 500,
      "target": 0.95,
      "coverage": 0.896,
      "coverage_lo": 0.8661557291243417,
      "coverage_hi": 0.919805793230109,
      "coverage_gap": -0.05399999999999994,
      "meets_target": false,
      "significantly_below": true,
      "mean_obj": -4.991483385648402,
      "obj_se": 0.022684534185231454,
      "mean_oracle_gap": -0.013516216884874227,
      "oracle_gap_se": 0.01616040541268772,
      "mean_rel_oracle_gap": -0.004788833184340667,
      "mean_excess_s": 0.046,
      "selected_s_std": 17.80474942829606,
      "failure_rate": 0.0,
      "n_failed": 0
    },
    "UG": {
      "method": "UG",
      "n_reps": 500,
      "target": 0.95,
      "coverage": 0.988,
      "coverage_lo": 0.9740696388835527,
      "coverage_hi": 0.9944890048259724,
      "coverage_gap": 0.038000000000000034,
      "meets_target": true,
      "significantly_below": false,
      "mean_obj": -4.746511077088364,
      "obj_se": 0.021019345289343398,
      "mean_oracle_gap": 0.23145609167516273,
      "oracle_gap_se": 0.01954621524008306,
      "mean_rel_oracle_gap": 0.04293190786173844,
      "mean_excess_s": 8.722,
      "selected_s_std": 25.30727199901372,
      "failure_rate": 0.0,
      "n_failed": 0
    },
    "NGS": {
      "method": "NGS",
      "n_reps": 500,
      "target": 0.95,
      "coverage": 0.996,
      "coverage_lo": 0.9855342847848231,
      "coverage_hi": 0.9989023694773173,
      "coverage_gap": 0.04600000000000004,
      "meets_target": true,
      "significantly_below": false,
      "mean_obj": -4.655958930713765,
      "obj_se": 0.019766353593697498,
      "mean_oracle_gap": 0.3220082380497618,
      "oracle_gap_se": 0.020883196257812982,
      "mean_rel_oracle_gap": 0.06014426565170912,
      "mean_excess_s": 13.964,
      "selected_s_std": 29.77701390526304,
      "failure_rate": 0.0,
      "n_failed": 0
    },
    "UNGS": {
      "method": "UNGS",
      "n_reps": 500,
      "target": 0.95,
      "coverage": 0.998,
      "coverage_lo": 0.9887592932948532,
      "coverage_hi": 0.9996468636054407,
      "coverage_gap": 0.04800000000000004,
      "meets_target": true,
      "significantly_below": false,
      "mean_obj": -4.4789179313099,
      "obj_se": 0.018380464584805467,
      "mean_oracle_gap": 0.4990492374536267,
      "oracle_gap_se": 0.023169377181494838,
      "mean_rel_oracle_gap": 0.09430002721789614,
      "mean_excess_s": 28.034,
      "selected_s_std": 42.826913559700984,
      "failure_rate": 0.0,
      "n_failed": 0
    },
    "benchmark": {
      "method": "benchmark",
      "n_reps": 500,
      "target": 0.95,
      "coverage": 1.0,
      "coverage_lo": 0.9923756595384479,
      "coverage_hi": 1.0,
      "coverage_gap": 0.050000000000000044,
      "meets_target": true,
      "significantly_below": false,
      "mean_obj": -3.7209978866137523,
      "obj_se": 0.011838369264781158,
      "mean_oracle_gap": 1.2569692821497749,
      "oracle_gap_se": 0.022596857216624883,
      "mean_rel_oracle_gap": 0.24577702528054599,
      "mean_excess_s": null,
      "selected_s_std": null,
      "failure_rate": 0.0,
      "n_failed": 0
    },
    "_n_replication_errors": 0
  }
}