{
  "key": "paper_ro_ellipsoid_n500_d10_c0.2",
  "config": "paper_ro_ellipsoid",
  "n": 500,
  "split": 0.5,
  "d": 10,
  "reps": 500,
  "alpha": null,
  "beta": null,
  "dgp_params": {
    "corr": 0.2
  },
  "folds": null,
  "mesh_p": null,
  "elapsed_s": 0.580714225769043,
  "summaries": {
    "NV": {
      "method": "NV",
      "n_reps": 500,
      "target": 0.95,
      "coverage": 0.862,
      "coverage_lo": 0.8289979864047199,
      "coverage_hi": 0.8894819911011163,
      "coverage_gap": -0.08799999999999997,
      "meets_target": false,
      "significantly_below": true,
      "mean_obj": -6.429323565418137,
      "obj_se": 0.013021432208795123,
      "mean_oracle_gap": -0.09081833358107763,
      "oracle_gap_se": 0.014446947942206231,
      "mean_rel_oracle_gap": -0.014956618079383343,
      "mean_excess_s": -0.15210261975853934,
      "selected_s_std": 0.5730696762718822,
      "failure_rate": 0.0,
      "n_failed": 0
    },
    "UG": {
      "method": "UG",
      "n_reps": 500,
      "target": 0.95,
      "coverage": 0.996,
      "coverage_lo": 0.9855342847848231,
      "coverage_hi": 0.9989023694773173,
      "coverage_gap": 0.04600000000000004,
      "meets_target": true,
      "significantly_below": false,
      "mean_obj": -6.226044878035829,
      "obj_se": 0.00886287748034056,
      "mean_oracle_gap": 0.11246035380123183,
      "oracle_gap_se": 0.011257074828992712,
      "mean_rel_oracle_gap": 0.017093846643170096,
      "mean_excess_s": 0.2664401288404738,
      "selected_s_std": 0.528277082463331,
      "failure_rate": 0.0,
      "n_failed": 0
    },
    "NGS": {
      "method": "NGS",
      "n_reps": 500,
      "target": 0.95,
      "coverage": 1.0,
      "coverage_lo": 0.9923756595384479,
      "coverage_hi": 1.0,
      "coverage_gap": 0.050000000000000044,
      "meets_target": true,
      "significantly_below": false,
      "mean_obj": -6.169065244001643,
      "obj_se": 0.009227484303841337,
      "mean_oracle_gap": 0.16943998783541755,
      "oracle_gap_se": 0.012470220900626966,
      "mean_rel_oracle_gap": 0.02595622586788698,
      "mean_excess_s": 0.4120251704448081,
      "selected_s_std": 0.6029180993351152,
      "failure_rate": 0.0,
      "n_failed": 0
    },
    "UNGS": {
      "method": "UNGS",
      "n_reps": 500,
      "target": 0.95,
      "coverage": 0.996,
      "coverage_lo": 0.9855342847848231,
      "coverage_hi": 0.9989023694773173,
      "coverage_gap": 0.04600000000000004,
      "meets_target": true,
      "significantly_below": false,
      "mean_obj": -6.150304063413344,
      "obj_se": 0.010248536853856093,
      "mean_oracle_gap": 0.18820116842371623,
      "oracle_gap_se": 0.013120711126196968,
      "mean_rel_oracle_gap": 0.028932391999848525,
      "mean_excess_s": 0.474842694081417,
      "selected_s_std": 0.7002356716253272,
      "failure_rate": 0.0,
      "n_failed": 0
    },
    "benchmark": {
      "method": "benchmark",
      "n_reps": 500,
      "target": 0.95,
      "coverage": 1.0,
      "coverage_lo": 0.9923756595384479,
      "coverage_hi": 1.0,
      "coverage_gap": 0.050000000000000044,
      "meets_target": true,
      "significantly_below": false,
      "mean_obj": -5.619270370665534,
      "obj_se": 0.0,
      "mean_oracle_gap": 0.7192348611715262,
      "oracle_gap_se": 0.007923260000473751,
      "mean_rel_oracle_gap": 0.11279715217077142,
      "mean_excess_s": null,
      "selected_s_std": null,
      "failure_rate": 0.0,
      "n_failed": 0
    },
    "_n_replication_errors": 0
  }
}