{
  "key": "paper_dro_wasserstein_n200_s0.5_d20",
  "config": "paper_dro_wasserstein",
  "n": 200,
  "split": 0.5,
  "d": 20,
  "reps": 500,
  "alpha": null,
  "beta": null,
  "dgp_params": null,
  "folds": null,
  "mesh_p": null,
  "elapsed_s": 117.95301699638367,
  "summaries": {
    "NV": {
      "method": "NV",
      "n_reps": 500,
      "target": 0.95,
      "coverage": 0.536,
      "coverage_lo": 0.492179234494295,
      "coverage_hi": 0.5792718129924732,
      "coverage_gap": -0.4139999999999999,
      "meets_target": false,
      "significantly_below": true,
      "mean_obj": -16.944161519793727,
      "obj_se": 0.024492886262033182,
      "mean_oracle_gap": -0.13315032569918964,
      "oracle_gap_se": 0.024635114566679498,
      "mean_rel_oracle_gap": -0.007977810778918206,
      "mean_excess_s": -0.0023633616898164553,
      "selected_s_std": 0.04088005509851236,
      "failure_rate": 0.0,
      "n_failed": 0
    },
    "UG": {
      "method": "UG",
      "n_reps": 500,
      "target": 0.95,
      "coverage": 0.934,
      "coverage_lo": 0.9087605988391466,
      "coverage_hi": 0.9526214736402262,
      "coverage_gap": -0.015999999999999903,
      "meets_target": false,
      "significantly_below": false,
      "mean_obj": -16.102353162543018,
      "obj_se": 0.02835613752184083,
      "mean_oracle_gap": 0.7086580315515216,
      "oracle_gap_se": 0.028780093880689365,
      "mean_rel_oracle_gap": 0.042086346602900365,
      "mean_excess_s": 0.05601953367268018,
      "selected_s_std": 0.06323424523395246,
      "failure_rate": 0.0,
      "n_failed": 0
    },
    "NGS": {
      "method": "NGS",
      "n_reps": 500,
      "target": 0.95,
      "coverage": 0.966,
      "coverage_lo": 0.9462286344983655,
      "coverage_hi": 0.9786654801914678,
      "coverage_gap": 0.016000000000000014,
      "meets_target": true,
      "significantly_below": false,
      "mean_obj": -15.745005597663148,
      "obj_se": 0.030162401906051965,
      "mean_oracle_gap": 1.0660055964313906,
      "oracle_gap_se": 0.030220002726167764,
      "mean_rel_oracle_gap": 0.06336381996019667,
      "mean_excess_s": 0.08732254227605234,
      "selected_s_std": 0.07412995285678277,
      "failure_rate": 0.0,
      "n_failed": 0
    },
    "UNGS": {
      "method": "UNGS",
      "n_reps": 500,
      "target": 0.95,
      "coverage": 0.984,
      "coverage_lo": 0.9687488914666058,
      "coverage_hi": 0.9918707469666117,
      "coverage_gap": 0.03400000000000003,
      "meets_target": true,
      "significantly_below": false,
      "mean_obj": -15.040093830401187,
      "obj_se": 0.04451292479700413,
      "mean_oracle_gap": 1.7709173636933515,
      "oracle_gap_se": 0.04400145977482515,
      "mean_rel_oracle_gap": 0.1053433630077773,
      "mean_excess_s": 0.17142801102605232,
      "selected_s_std": 0.17478456608872925,
      "failure_rate": 0.0,
      "n_failed": 0
    },
    "_n_replication_errors": 0
  }
}