{
  "key": "paper_so_n500_s0.4_d100",
  "config": "paper_so",
  "n": 500,
  "split": 0.4,
  "d": 100,
  "reps": 500,
  "alpha": null,
  "beta": null,
  "dgp_params": null,
  "folds": null,
  "mesh_p": 60,
  "elapsed_s": 16.625096082687378,
  "summaries": {
    "NV": {
      "method": "NV",
      "n_reps": 500,
      "target": 0.95,
      "coverage": 0.708,
      "coverage_lo": 0.6666807682036219,
      "coverage_hi": 0.7461475061643724,
      "coverage_gap": -0.242,
      "meets_target": false,
      "significantly_below": true,
      "mean_obj": -94.4293179448884,
      "obj_se": 0.04334337670915943,
      "mean_oracle_gap": -0.15210788496844427,
      "oracle_gap_se": 0.04122721068151762,
      "mean_rel_oracle_gap": -0.0016449048893522674,
      "mean_excess_s": -1.158,
      "selected_s_std": 34.066130371337366,
      "failure_rate": 0.0,
      "n_failed": 0
    },
    "UG": {
      "method": "UG",
      "n_reps": 500,
      "target": 0.95,
      "coverage": 0.97,
      "coverage_lo": 0.9510963331640543,
      "coverage_hi": 0.9817367868020865,
      "coverage_gap": 0.020000000000000018,
      "meets_target": true,
      "significantly_below": false,
      "mean_obj": -93.50449862935967,
      "obj_se": 0.03999256291964522,
      "mean_oracle_gap": 0.772711430560267,
      "oracle_gap_se": 0.039204235904076616,
      "mean_rel_oracle_gap": 0.008162470159594376,
      "mean_excess_s": 32.438,
      "selected_s_std": 50.52929224469207,
      "failure_rate": 0.0,
      "n_failed": 0
    },
    "NGS": {
      "method": "NGS",
      "n_reps": 500,
      "target": 0.95,
      "coverage": 0.992,
      "coverage_lo": 0.9796129641658948,
      "coverage_hi": 0.9968846848199377,
      "coverage_gap": 0.04200000000000004,
      "meets_target": true,
      "significantly_below": false,
      "mean_obj": -93.17834403428729,
      "obj_se": 0.03996814491008976,
      "mean_oracle_gap": 1.0988660256326346,
      "oracle_gap_se": 0.04200792137990592,
      "mean_rel_oracle_gap": 0.011615650919467747,
      "mean_excess_s": 47.892,
      "selected_s_std": 55.04490365908251,
      "failure_rate": 0.0,
      "n_failed": 0
    },
    "UNGS": {
      "method": "UNGS",
      "n_reps": 500,
      "target": 0.95,
      "coverage": 0.994,
      "coverage_lo": 0.9825097478959467,
      "coverage_hi": 0.9979574037280398,
      "coverage_gap": 0.04400000000000004,
      "meets_target": true,
      "significantly_below": false,
      "mean_obj": -92.79169519744488,
      "obj_se": 0.04293803740672966,
      "mean_oracle_gap": 1.4855148624750645,
      "oracle_gap_se": 0.04537919547085383,
      "mean_rel_oracle_gap": 0.01571565816654639,
      "mean_excess_s": 65.612,
      "selected_s_std": 55.79735967492895,
      "failure_rate": 0.0,
      "n_failed": 0
    },
    "benchmark": {
      "method": "benchmark",
      "n_reps": 500,
      "target": 0.95,
      "coverage": 1.0,
      "coverage_lo": 0.9923756595384479,
      "coverage_hi": 1.0,
      "coverage_gap": 0.050000000000000044,
      "meets_target": true,
      "significantly_below": false,
      "mean_obj": -90.47479873169443,
      "obj_se": 0.03933476599788526,
      "mean_oracle_gap": 3.802411328225495,
      "oracle_gap_se": 0.04650576356231535,
      "mean_rel_oracle_gap": 0.04028126990090375,
      "mean_excess_s": null,
      "selected_s_std": null,
      "failure_rate": 0.0,
      "n_failed": 0
    },
    "_n_replication_errors": 0
  }
}