{
  "key": "paper_dro_wasserstein_n100_s0.4_d20",
  "config": "paper_dro_wasserstein",
  "n": 100,
  "split": 0.4,
  "d": 20,
  "reps": 500,
  "alpha": null,
  "beta": null,
  "dgp_params": null,
  "folds": null,
  "mesh_p": null,
  "elapsed_s": 11.437042951583862,
  "summaries": {
    "NV": {
      "method": "NV",
      "n_reps": 500,
      "target": 0.95,
      "coverage": 0.546,
      "coverage_lo": 0.502174287351395,
      "coverage_hi": 0.5891242733261424,
      "coverage_gap": -0.4039999999999999,
      "meets_target": false,
      "significantly_below": true,
      "mean_obj": -16.864170353917608,
      "obj_se": 0.03289986251330053,
      "mean_oracle_gap": -0.20615048036481723,
      "oracle_gap_se": 0.03390325406822869,
      "mean_rel_oracle_gap": -0.012584358453352547,
      "mean_excess_s": -0.009951729950034807,
      "selected_s_std": 0.08019302743001755,
      "failure_rate": 0.0,
      "n_failed": 0
    },
    "UG": {
      "method": "UG",
      "n_reps": 500,
      "target": 0.95,
      "coverage": 0.926,
      "coverage_lo": 0.8996652466777695,
      "coverage_hi": 0.945838815248988,
      "coverage_gap": -0.02399999999999991,
      "meets_target": false,
      "significantly_below": true,
      "mean_obj": -15.748896777635025,
      "obj_se": 0.04093601022980868,
      "mean_oracle_gap": 0.909123095917762,
      "oracle_gap_se": 0.0415397057879384,
      "mean_rel_oracle_gap": 0.054401525778253086,
      "mean_excess_s": 0.09206102552136806,
      "selected_s_std": 0.11596667321829064,
      "failure_rate": 0.0,
      "n_failed": 0
    },
    "NGS": {
      "method": "NGS",
      "n_reps": 500,
      "target": 0.95,
      "coverage": 0.97,
      "coverage_lo": 0.9510963331640543,
      "coverage_hi": 0.9817367868020865,
      "coverage_gap": 0.020000000000000018,
      "meets_target": true,
      "significantly_below": false,
      "mean_obj": -15.2887420435021,
      "obj_se": 0.042404842480484664,
      "mean_oracle_gap": 1.3692778300506896,
      "oracle_gap_se": 0.043589251040166005,
      "mean_rel_oracle_gap": 0.08198427313983503,
      "mean_excess_s": 0.14186850402109757,
      "selected_s_std": 0.1226117677958097,
      "failure_rate": 0.0,
      "n_failed": 0
    },
    "UNGS": {
      "method": "UNGS",
      "n_reps": 500,
      "target": 0.95,
      "coverage": 0.99,
      "coverage_lo": 0.9768069002442693,
      "coverage_hi": 0.9957212461034096,
      "coverage_gap": 0.040000000000000036,
      "meets_target": true,
      "significantly_below": false,
      "mean_obj": -11.239213938749948,
      "obj_se": 0.17210919425248497,
      "mean_oracle_gap": 5.418805934802843,
      "oracle_gap_se": 0.1686819599121142,
      "mean_rel_oracle_gap": 0.3263228871150831,
      "mean_excess_s": 1.3097304310590585,
      "selected_s_std": 1.304868028764899,
      "failure_rate": 0.0,
      "n_failed": 0
    },
    "_n_replication_errors": 0
  }
}