{
  "key": "paper_dro_wasserstein_n200_s0.9_d20",
  "config": "paper_dro_wasserstein",
  "n": 200,
  "split": 0.9,
  "d": 20,
  "reps": 500,
  "alpha": null,
  "beta": null,
  "dgp_params": null,
  "folds": null,
  "mesh_p": null,
  "elapsed_s": 639.7399346828461,
  "summaries": {
    "NV": {
      "method": "NV",
      "n_reps": 500,
      "target": 0.95,
      "coverage": 0.274,
      "coverage_lo": 0.2367406256658206,
      "coverage_hi": 0.3147055762228011,
      "coverage_gap": -0.6759999999999999,
      "meets_target": false,
      "significantly_below": true,
      "mean_obj": -17.27165183462582,
      "obj_se": 0.03059927188548838,
      "mean_oracle_gap": -0.3827431080087614,
      "oracle_gap_se": 0.03158004441380319,
      "mean_rel_oracle_gap": -0.02275158973180699,
      "mean_excess_s": -0.006216928257177783,
      "selected_s_std": 0.03714173845561475,
      "failure_rate": 0.0,
      "n_failed": 0
    },
    "UG": {
      "method": "UG",
      "n_reps": 500,
      "target": 0.95,
      "coverage": 0.868,
      "coverage_lo": 0.8355052092686175,
      "coverage_hi": 0.8948832761516801,
      "coverage_gap": -0.08199999999999996,
      "meets_target": false,
      "significantly_below": true,
      "mean_obj": -15.449563822717925,
      "obj_se": 0.05826452330388054,
      "mean_oracle_gap": 1.4393449038991322,
      "oracle_gap_se": 0.05838571988957254,
      "mean_rel_oracle_gap": 0.08518391067381581,
      "mean_excess_s": 0.13930410054500816,
      "selected_s_std": 0.1481271947044093,
      "failure_rate": 0.0,
      "n_failed": 0
    },
    "NGS": {
      "method": "NGS",
      "n_reps": 500,
      "target": 0.95,
      "coverage": 0.868,
      "coverage_lo": 0.8355052092686175,
      "coverage_hi": 0.8948832761516801,
      "coverage_gap": -0.08199999999999996,
      "meets_target": false,
      "significantly_below": true,
      "mean_obj": -15.449563822717925,
      "obj_se": 0.05826452330388054,
      "mean_oracle_gap": 1.4393449038991322,
      "oracle_gap_se": 0.05838571988957254,
      "mean_rel_oracle_gap": 0.08518391067381581,
      "mean_excess_s": 0.13930410054500816,
      "selected_s_std": 0.1481271947044093,
      "failure_rate": 0.0,
      "n_failed": 0
    },
    "UNGS": {
      "method": "UNGS",
      "n_reps": 500,
      "target": 0.95,
      "coverage": 0.956,
      "coverage_lo": 0.9342805571276716,
      "coverage_hi": 0.9707660443713928,
      "coverage_gap": 0.006000000000000005,
      "meets_target": true,
      "significantly_below": false,
      "mean_obj": -7.329901294224194,
      "obj_se": 0.12084276125262446,
      "mean_oracle_gap": 9.559007432392864,
      "oracle_gap_se": 0.12048991506023445,
      "mean_rel_oracle_gap": 0.5660726913142599,
      "mean_excess_s": 2.7609161486478584,
      "selected_s_std": 0.7682516008280563,
      "failure_rate": 0.0,
      "n_failed": 0
    },
    "_n_replication_errors": 0
  }
}