{
  "key": "paper_so_n500_s0.2_d100",
  "config": "paper_so",
  "n": 500,
  "split": 0.2,
  "d": 100,
  "reps": 500,
  "alpha": null,
  "beta": null,
  "dgp_params": null,
  "folds": null,
  "mesh_p": 60,
  "elapsed_s": 10.240386962890625,
  "summaries": {
    "NV": {
      "method": "NV",
      "n_reps": 500,
      "target": 0.95,
      "coverage": 0.738,
      "coverage_lo": 0.6977470833575388,
      "coverage_hi": 0.7746237305827623,
      "coverage_gap": -0.21199999999999997,
      "meets_target": false,
      "significantly_below": true,
      "mean_obj": -94.45974338455554,
      "obj_se": 0.0389672579627868,
      "mean_oracle_gap": -0.13378805558097287,
      "oracle_gap_se": 0.03174125050594211,
      "mean_rel_oracle_gap": -0.0014380280300524486,
      "mean_excess_s": -0.40625,
      "selected_s_std": 25.0161147261517,
      "failure_rate": 0.0,
      "n_failed": 0
    },
    "UG": {
      "method": "UG",
      "n_reps": 500,
      "target": 0.95,
      "coverage": 0.938,
      "coverage_lo": 0.9133402868983618,
      "coverage_hi": 0.9559807908573184,
      "coverage_gap": -0.01200000000000001,
      "meets_target": false,
      "significantly_below": false,
      "mean_obj": -93.81717739629073,
      "obj_se": 0.03954778167710517,
      "mean_oracle_gap": 0.5329644104350665,
      "oracle_gap_se": 0.03187609776243356,
      "mean_rel_oracle_gap": 0.005631770757887303,
      "mean_excess_s": 16.914583333333333,
      "selected_s_std": 27.64612762658617,
      "failure_rate": 0.0,
      "n_failed": 0
    },
    "NGS": {
      "method": "NGS",
      "n_reps": 500,
      "target": 0.95,
      "coverage": 0.954,
      "coverage_lo": 0.9319222072317267,
      "coverage_hi": 0.9691548916291838,
      "coverage_gap": 0.0040000000000000036,
      "meets_target": true,
      "significantly_below": false,
      "mean_obj": -93.68379892038222,
      "obj_se": 0.039378683121052624,
      "mean_oracle_gap": 0.6719003228397604,
      "oracle_gap_se": 0.032329588533172124,
      "mean_rel_oracle_gap": 0.007103144354398694,
      "mean_excess_s": 22.091666666666665,
      "selected_s_std": 26.84260842866261,
      "failure_rate": 0.0,
      "n_failed": 0
    },
    "UNGS": {
      "method": "UNGS",
      "n_reps": 500,
      "target": 0.95,
      "coverage": 0.954,
      "coverage_lo": 0.9319222072317267,
      "coverage_hi": 0.9691548916291838,
      "coverage_gap": 0.0040000000000000036,
      "meets_target": true,
      "significantly_below": false,
      "mean_obj": -93.5312756336841,
      "obj_se": 0.041698293845164366,
      "mean_oracle_gap": 0.8307787464836605,
      "oracle_gap_se": 0.03473670981909938,
      "mean_rel_oracle_gap": 0.008788118327342538,
      "mean_excess_s": 27.95,
      "selected_s_std": 25.387941214644332,
      "failure_rate": 0.0,
      "n_failed": 0
    },
    "benchmark": {
      "method": "benchmark",
      "n_reps": 500,
      "target": 0.95,
      "coverage": 1.0,
      "coverage_lo": 0.9923756595384479,
      "coverage_hi": 1.0,
      "coverage_gap": 0.050000000000000044,
      "meets_target": true,
      "significantly_below": false,
      "mean_obj": -90.46006135308731,
      "obj_se": 0.04024678128094263,
      "mean_oracle_gap": 3.830198933101578,
      "oracle_gap_se": 0.04660594405866185,
      "mean_rel_oracle_gap": 0.04058423080736185,
      "mean_excess_s": NaN,
      "selected_s_std": NaN,
      "failure_rate": 0.0,
      "n_failed": 0
    },
    "_n_replication_errors": 0
  }
}