{
  "key": "paper_ro_ellipsoid_n500_s0.5_d100",
  "config": "paper_ro_ellipsoid",
  "n": 500,
  "split": 0.5,
  "d": 100,
  "reps": 500,
  "alpha": null,
  "beta": null,
  "dgp_params": null,
  "folds": null,
  "mesh_p": null,
  "elapsed_s": 97.14251685142517,
  "summaries": {
    "NV": {
      "method": "NV",
      "n_reps": 500,
      "target": 0.95,
      "coverage": 1.0,
      "coverage_lo": 0.9923756595384479,
      "coverage_hi": 1.0,
      "coverage_gap": 0.050000000000000044,
      "meets_target": true,
      "significantly_below": false,
      "mean_obj": -90.16019686471388,
      "obj_se": 0.0300072312044953,
      "mean_oracle_gap": 2.5579538487363605e-16,
      "oracle_gap_se": 6.147068098942331e-16,
      "mean_rel_oracle_gap": 2.8429934592097235e-18,
      "mean_excess_s": 0.0,
      "selected_s_std": 0.03892399206510589,
      "failure_rate": 0.0,
      "n_failed": 0
    },
    "UG": {
      "method": "UG",
      "n_reps": 500,
      "target": 0.95,
      "coverage": 1.0,
      "coverage_lo": 0.9923756595384479,
      "coverage_hi": 1.0,
      "coverage_gap": 0.050000000000000044,
      "meets_target": true,
      "significantly_below": false,
      "mean_obj": -90.16019686471388,
      "obj_se": 0.0300072312044953,
      "mean_oracle_gap": 2.5579538487363605e-16,
      "oracle_gap_se": 6.147068098942331e-16,
      "mean_rel_oracle_gap": 2.8429934592097235e-18,
      "mean_excess_s": 0.0,
      "selected_s_std": 0.03892399206510589,
      "failure_rate": 0.0,
      "n_failed": 0
    },
    "NGS": {
      "method": "NGS",
      "n_reps": 500,
      "target": 0.95,
      "coverage": 1.0,
      "coverage_lo": 0.9923756595384479,
      "coverage_hi": 1.0,
      "coverage_gap": 0.050000000000000044,
      "meets_target": true,
      "significantly_below": false,
      "mean_obj": -90.16019686471388,
      "obj_se": 0.0300072312044953,
      "mean_oracle_gap": 2.5579538487363605e-16,
      "oracle_gap_se": 6.147068098942331e-16,
      "mean_rel_oracle_gap": 2.8429934592097235e-18,
      "mean_excess_s": 0.0,
      "selected_s_std": 0.03892399206510589,
      "failure_rate": 0.0,
      "n_failed": 0
    },
    "UNGS": {
      "method": "UNGS",
      "n_reps": 500,
      "target": 0.95,
      "coverage": 1.0,
      "coverage_lo": 0.9923756595384479,
      "coverage_hi": 1.0,
      "coverage_gap": 0.050000000000000044,
      "meets_target": true,
      "significantly_below": false,
      "mean_obj": -90.16019686471388,
      "obj_se": 0.0300072312044953,
      "mean_oracle_gap": 2.5579538487363605e-16,
      "oracle_gap_se": 6.147068098942331e-16,
      "mean_rel_oracle_gap": 2.8429934592097235e-18,
      "mean_excess_s": 0.0,
      "selected_s_std": 0.03892399206510589,
      "failure_rate": 0.0,
      "n_failed": 0
    },
    "benchmark": {
      "method": "benchmark",
      "n_reps": 500,
      "target": 0.95,
      "coverage": 1.0,
      "coverage_lo": 0.9923756595384479,
      "coverage_hi": 1.0,
      "coverage_gap": 0.050000000000000044,
      "meets_target": true,
      "significantly_below": false,
      "mean_obj": -89.83596171629073,
      "obj_se": 0.0,
      "mean_oracle_gap": 0.3242351484231659,
      "oracle_gap_se": 0.030007231204495298,
      "mean_rel_oracle_gap": 0.003541132474620114,
      "mean_excess_s": null,
      "selected_s_std": null,
      "failure_rate": 0.0,
      "n_failed": 0
    },
    "_n_replication_errors": 0
  }
}