{
  "key": "paper_ro_ellipsoid_n500_s0.9_d100",
  "config": "paper_ro_ellipsoid",
  "n": 500,
  "split": 0.9,
  "d": 100,
  "reps": 500,
  "alpha": null,
  "beta": null,
  "dgp_params": null,
  "folds": null,
  "mesh_p": null,
  "elapsed_s": 96.81111526489258,
  "summaries": {
    "NV": {
      "method": "NV",
      "n_reps": 500,
      "target": 0.95,
      "coverage": 1.0,
      "coverage_lo": 0.9923756595384479,
      "coverage_hi": 1.0,
      "coverage_gap": 0.050000000000000044,
      "meets_target": true,
      "significantly_below": false,
      "mean_obj": -89.60682709944881,
      "obj_se": 0.023137836913401624,
      "mean_oracle_gap": -1.4210854715202004e-16,
      "oracle_gap_se": 6.054942962852762e-16,
      "mean_rel_oracle_gap": -1.5841280900862958e-18,
      "mean_excess_s": 0.0,
      "selected_s_std": 0.034029983558499996,
      "failure_rate": 0.0,
      "n_failed": 0
    },
    "UG": {
      "method": "UG",
      "n_reps": 500,
      "target": 0.95,
      "coverage": 1.0,
      "coverage_lo": 0.9923756595384479,
      "coverage_hi": 1.0,
      "coverage_gap": 0.050000000000000044,
      "meets_target": true,
      "significantly_below": false,
      "mean_obj": -89.39004964413164,
      "obj_se": 0.04778299500800956,
      "mean_oracle_gap": 0.21677745531717646,
      "oracle_gap_se": 0.04420649802698042,
      "mean_rel_oracle_gap": 0.0024129254792072483,
      "mean_excess_s": 0.25008144983953656,
      "selected_s_std": 1.1406882422034963,
      "failure_rate": 0.0,
      "n_failed": 0
    },
    "NGS": {
      "method": "NGS",
      "n_reps": 500,
      "target": 0.95,
      "coverage": 1.0,
      "coverage_lo": 0.9923756595384479,
      "coverage_hi": 1.0,
      "coverage_gap": 0.050000000000000044,
      "meets_target": true,
      "significantly_below": false,
      "mean_obj": -89.39004964413164,
      "obj_se": 0.04778299500800956,
      "mean_oracle_gap": 0.21677745531717646,
      "oracle_gap_se": 0.04420649802698042,
      "mean_rel_oracle_gap": 0.0024129254792072483,
      "mean_excess_s": 0.25008144983953656,
      "selected_s_std": 1.1406882422034963,
      "failure_rate": 0.0,
      "n_failed": 0
    },
    "UNGS": {
      "method": "UNGS",
      "n_reps": 500,
      "target": 0.95,
      "coverage": 1.0,
      "coverage_lo": 0.9923756595384479,
      "coverage_hi": 1.0,
      "coverage_gap": 0.050000000000000044,
      "meets_target": true,
      "significantly_below": false,
      "mean_obj": -89.38367503068106,
      "obj_se": 0.049145969226138876,
      "mean_oracle_gap": 0.22315206876775268,
      "oracle_gap_se": 0.04590425140880487,
      "mean_rel_oracle_gap": 0.002483422528470211,
      "mean_excess_s": 0.26093867627397116,
      "selected_s_std": 1.2135159149878207,
      "failure_rate": 0.0,
      "n_failed": 0
    },
    "benchmark": {
      "method": "benchmark",
      "n_reps": 500,
      "target": 0.95,
      "coverage": 1.0,
      "coverage_lo": 0.9923756595384479,
      "coverage_hi": 1.0,
      "coverage_gap": 0.050000000000000044,
      "meets_target": true,
      "significantly_below": false,
      "mean_obj": -89.83596171629073,
      "obj_se": 0.0,
      "mean_oracle_gap": -0.22913461684190783,
      "oracle_gap_se": 0.023137836913401624,
      "mean_rel_oracle_gap": -0.0025904324809584442,
      "mean_excess_s": null,
      "selected_s_std": null,
      "failure_rate": 0.0,
      "n_failed": 0
    },
    "_n_replication_errors": 0
  }
}