{
  "key": "paper_ro_ellipsoid_n500_s0.8_d100",
  "config": "paper_ro_ellipsoid",
  "n": 500,
  "split": 0.8,
  "d": 100,
  "reps": 500,
  "alpha": null,
  "beta": null,
  "dgp_params": null,
  "folds": null,
  "mesh_p": null,
  "elapsed_s": 98.95603561401367,
  "summaries": {
    "NV": {
      "method": "NV",
      "n_reps": 500,
      "target": 0.95,
      "coverage": 1.0,
      "coverage_lo": 0.9923756595384479,
      "coverage_hi": 1.0,
      "coverage_gap": 0.050000000000000044,
      "meets_target": true,
      "significantly_below": false,
      "mean_obj": -89.72356337025136,
      "obj_se": 0.02390378243797694,
      "mean_oracle_gap": 1.7053025658242405e-16,
      "oracle_gap_se": 6.335694662827148e-16,
      "mean_rel_oracle_gap": 1.907006141544341e-18,
      "mean_excess_s": 0.0,
      "selected_s_std": 0.034524667419394674,
      "failure_rate": 0.0,
      "n_failed": 0
    },
    "UG": {
      "method": "UG",
      "n_reps": 500,
      "target": 0.95,
      "coverage": 1.0,
      "coverage_lo": 0.9923756595384479,
      "coverage_hi": 1.0,
      "coverage_gap": 0.050000000000000044,
      "meets_target": true,
      "significantly_below": false,
      "mean_obj": -89.72356337025136,
      "obj_se": 0.02390378243797694,
      "mean_oracle_gap": 1.7053025658242405e-16,
      "oracle_gap_se": 6.335694662827148e-16,
      "mean_rel_oracle_gap": 1.907006141544341e-18,
      "mean_excess_s": 0.0,
      "selected_s_std": 0.034524667419394674,
      "failure_rate": 0.0,
      "n_failed": 0
    },
    "NGS": {
      "method": "NGS",
      "n_reps": 500,
      "target": 0.95,
      "coverage": 1.0,
      "coverage_lo": 0.9923756595384479,
      "coverage_hi": 1.0,
      "coverage_gap": 0.050000000000000044,
      "meets_target": true,
      "significantly_below": false,
      "mean_obj": -89.7145837054365,
      "obj_se": 0.02435602369213128,
      "mean_oracle_gap": 0.008979664814863213,
      "oracle_gap_se": 0.00897966481486304,
      "mean_rel_oracle_gap": 9.829140412285611e-05,
      "mean_excess_s": 0.010832103045749266,
      "selected_s_std": 0.2443471583108532,
      "failure_rate": 0.0,
      "n_failed": 0
    },
    "UNGS": {
      "method": "UNGS",
      "n_reps": 500,
      "target": 0.95,
      "coverage": 1.0,
      "coverage_lo": 0.9923756595384479,
      "coverage_hi": 1.0,
      "coverage_gap": 0.050000000000000044,
      "meets_target": true,
      "significantly_below": false,
      "mean_obj": -89.72356337025136,
      "obj_se": 0.02390378243797694,
      "mean_oracle_gap": 1.7053025658242405e-16,
      "oracle_gap_se": 6.335694662827148e-16,
      "mean_rel_oracle_gap": 1.907006141544341e-18,
      "mean_excess_s": 0.0,
      "selected_s_std": 0.034524667419394674,
      "failure_rate": 0.0,
      "n_failed": 0
    },
    "benchmark": {
      "method": "benchmark",
      "n_reps": 500,
      "target": 0.95,
      "coverage": 1.0,
      "coverage_lo": 0.9923756595384479,
      "coverage_hi": 1.0,
      "coverage_gap": 0.050000000000000044,
      "meets_target": true,
      "significantly_below": false,
      "mean_obj": -89.83596171629073,
      "obj_se": 0.0,
      "mean_oracle_gap": -0.11239834603937578,
      "oracle_gap_se": 0.02390378243797694,
      "mean_rel_oracle_gap": -0.0012881811327264058,
      "mean_excess_s": null,
      "selected_s_std": null,
      "failure_rate": 0.0,
      "n_failed": 0
    },
    "_n_replication_errors": 0
  }
}