{
  "key": "paper_dro_wasserstein_n200_s0.4_d20",
  "config": "paper_dro_wasserstein",
  "n": 200,
  "split": 0.4,
  "d": 20,
  "reps": 500,
  "alpha": null,
  "beta": null,
  "dgp_params": null,
  "folds": null,
  "mesh_p": null,
  "elapsed_s": 49.406615257263184,
  "summaries": {
    "NV": {
      "method": "NV",
      "n_reps": 500,
      "target": 0.95,
      "coverage": 0.592,
      "coverage_lo": 0.5483795122858897,
      "coverage_hi": 0.6342176090691847,
      "coverage_gap": -0.358,
      "meets_target": false,
      "significantly_below": true,
      "mean_obj": -16.889947353490907,
      "obj_se": 0.024048151158499734,
      "mean_oracle_gap": -0.12564984841004037,
      "oracle_gap_se": 0.024933712775756463,
      "mean_rel_oracle_gap": -0.0076098182887926824,
      "mean_excess_s": -0.0030667988569770183,
      "selected_s_std": 0.045139574091242356,
      "failure_rate": 0.0,
      "n_failed": 0
    },
    "UG": {
      "method": "UG",
      "n_reps": 500,
      "target": 0.95,
      "coverage": 0.954,
      "coverage_lo": 0.9319222072317267,
      "coverage_hi": 0.9691548916291838,
      "coverage_gap": 0.0040000000000000036,
      "meets_target": true,
      "significantly_below": false,
      "mean_obj": -16.0008506637824,
      "obj_se": 0.02797471113977401,
      "mean_oracle_gap": 0.7634468412984661,
      "oracle_gap_se": 0.02881742855649443,
      "mean_rel_oracle_gap": 0.045429252442014074,
      "mean_excess_s": 0.06398610109541403,
      "selected_s_std": 0.06981509947660927,
      "failure_rate": 0.0,
      "n_failed": 0
    },
    "NGS": {
      "method": "NGS",
      "n_reps": 500,
      "target": 0.95,
      "coverage": 0.972,
      "coverage_lo": 0.9535535973250512,
      "coverage_hi": 0.9832490252792435,
      "coverage_gap": 0.02200000000000002,
      "meets_target": true,
      "significantly_below": false,
      "mean_obj": -15.77564995481972,
      "obj_se": 0.029122532801693475,
      "mean_oracle_gap": 0.9886475502611487,
      "oracle_gap_se": 0.02967458972913189,
      "mean_rel_oracle_gap": 0.05887861340869118,
      "mean_excess_s": 0.08495931042942252,
      "selected_s_std": 0.07672320485806909,
      "failure_rate": 0.0,
      "n_failed": 0
    },
    "UNGS": {
      "method": "UNGS",
      "n_reps": 500,
      "target": 0.95,
      "coverage": 0.988,
      "coverage_lo": 0.9740696388835527,
      "coverage_hi": 0.9944890048259724,
      "coverage_gap": 0.038000000000000034,
      "meets_target": true,
      "significantly_below": false,
      "mean_obj": -15.12683289123361,
      "obj_se": 0.035482316559950725,
      "mean_oracle_gap": 1.6374646138472595,
      "oracle_gap_se": 0.03536770431098876,
      "mean_rel_oracle_gap": 0.09762335620032235,
      "mean_excess_s": 0.1553792323044225,
      "selected_s_std": 0.10849840779094064,
      "failure_rate": 0.0,
      "n_failed": 0
    },
    "_n_replication_errors": 0
  }
}