{
  "key": "paper_ro_ellipsoid_n500_s0.6_d100",
  "config": "paper_ro_ellipsoid",
  "n": 500,
  "split": 0.6,
  "d": 100,
  "reps": 500,
  "alpha": null,
  "beta": null,
  "dgp_params": null,
  "folds": null,
  "mesh_p": null,
  "elapsed_s": 95.82530117034912,
  "summaries": {
    "NV": {
      "method": "NV",
      "n_reps": 500,
      "target": 0.95,
      "coverage": 1.0,
      "coverage_lo": 0.9923756595384479,
      "coverage_hi": 1.0,
      "coverage_gap": 0.050000000000000044,
      "meets_target": true,
      "significantly_below": false,
      "mean_obj": -89.9752480505153,
      "obj_se": 0.027168208392179274,
      "mean_oracle_gap": -8.526512829121202e-17,
      "oracle_gap_se": 6.226507578213579e-16,
      "mean_rel_oracle_gap": -9.550002275552028e-19,
      "mean_excess_s": 0.0,
      "selected_s_std": 0.03571071976679087,
      "failure_rate": 0.0,
      "n_failed": 0
    },
    "UG": {
      "method": "UG",
      "n_reps": 500,
      "target": 0.95,
      "coverage": 1.0,
      "coverage_lo": 0.9923756595384479,
      "coverage_hi": 1.0,
      "coverage_gap": 0.050000000000000044,
      "meets_target": true,
      "significantly_below": false,
      "mean_obj": -89.9752480505153,
      "obj_se": 0.027168208392179274,
      "mean_oracle_gap": -8.526512829121202e-17,
      "oracle_gap_se": 6.226507578213579e-16,
      "mean_rel_oracle_gap": -9.550002275552028e-19,
      "mean_excess_s": 0.0,
      "selected_s_std": 0.03571071976679087,
      "failure_rate": 0.0,
      "n_failed": 0
    },
    "NGS": {
      "method": "NGS",
      "n_reps": 500,
      "target": 0.95,
      "coverage": 1.0,
      "coverage_lo": 0.9923756595384479,
      "coverage_hi": 1.0,
      "coverage_gap": 0.050000000000000044,
      "meets_target": true,
      "significantly_below": false,
      "mean_obj": -89.9752480505153,
      "obj_se": 0.027168208392179274,
      "mean_oracle_gap": -8.526512829121202e-17,
      "oracle_gap_se": 6.226507578213579e-16,
      "mean_rel_oracle_gap": -9.550002275552028e-19,
      "mean_excess_s": 0.0,
      "selected_s_std": 0.03571071976679087,
      "failure_rate": 0.0,
      "n_failed": 0
    },
    "UNGS": {
      "method": "UNGS",
      "n_reps": 500,
      "target": 0.95,
      "coverage": 1.0,
      "coverage_lo": 0.9923756595384479,
      "coverage_hi": 1.0,
      "coverage_gap": 0.050000000000000044,
      "meets_target": true,
      "significantly_below": false,
      "mean_obj": -89.9752480505153,
      "obj_se": 0.027168208392179274,
      "mean_oracle_gap": -8.526512829121202e-17,
      "oracle_gap_se": 6.226507578213579e-16,
      "mean_rel_oracle_gap": -9.550002275552028e-19,
      "mean_excess_s": 0.0,
      "selected_s_std": 0.03571071976679087,
      "failure_rate": 0.0,
      "n_failed": 0
    },
    "benchmark": {
      "method": "benchmark",
      "n_reps": 500,
      "target": 0.95,
      "coverage": 1.0,
      "coverage_lo": 0.9923756595384479,
      "coverage_hi": 1.0,
      "coverage_gap": 0.050000000000000044,
      "meets_target": true,
      "significantly_below": false,
      "mean_obj": -89.83596171629073,
      "obj_se": 0.0,
      "mean_oracle_gap": 0.13928633422457556,
      "oracle_gap_se": 0.027168208392179274,
      "mean_rel_oracle_gap": 0.001502645827666226,
      "mean_excess_s": null,
      "selected_s_std": null,
      "failure_rate": 0.0,
      "n_failed": 0
    },
    "_n_replication_errors": 0
  }
}