{
  "key": "paper_so_n500_s0.8_d100",
  "config": "paper_so",
  "n": 500,
  "split": 0.8,
  "d": 100,
  "reps": 500,
  "alpha": null,
  "beta": null,
  "dgp_params": null,
  "folds": null,
  "mesh_p": 60,
  "elapsed_s": 31.568596124649048,
  "summaries": {
    "NV": {
      "method": "NV",
      "n_reps": 500,
      "target": 0.95,
      "coverage": 0.63,
      "coverage_lo": 0.5868399352542358,
      "coverage_hi": 0.6711777362257606,
      "coverage_gap": -0.31999999999999995,
      "meets_target": false,
      "significantly_below": true,
      "mean_obj": -94.4933923982217,
      "obj_se": 0.0549210123638514,
      "mean_oracle_gap": -0.29253073939576896,
      "oracle_gap_se": 0.05373629798328496,
      "mean_rel_oracle_gap": -0.0031446773802796305,
      "mean_excess_s": -0.692,
      "selected_s_std": 42.090392089079245,
      "failure_rate": 0.0,
      "n_failed": 0
    },
    "UG": {
      "method": "UG",
      "n_reps": 500,
      "target": 0.95,
      "coverage": 0.928,
      "coverage_lo": 0.9019315959830375,
      "coverage_hi": 0.9475419685818739,
      "coverage_gap": -0.02199999999999991,
      "meets_target": false,
      "significantly_below": true,
      "mean_obj": -93.13228301608197,
      "obj_se": 0.054517052815124284,
      "mean_oracle_gap": 1.0685786427439548,
      "oracle_gap_se": 0.05816932607463119,
      "mean_rel_oracle_gap": 0.011290307997844723,
      "mean_excess_s": 58.092,
      "selected_s_std": 82.03764960006964,
      "failure_rate": 0.0,
      "n_failed": 0
    },
    "NGS": {
      "method": "NGS",
      "n_reps": 500,
      "target": 0.95,
      "coverage": 0.982,
      "coverage_lo": 0.9661483290912607,
      "coverage_hi": 0.990501806703803,
      "coverage_gap": 0.03200000000000003,
      "meets_target": true,
      "significantly_below": false,
      "mean_obj": -92.41251658103744,
      "obj_se": 0.04815641749738465,
      "mean_oracle_gap": 1.7883450777884857,
      "oracle_gap_se": 0.0555138064820599,
      "mean_rel_oracle_gap": 0.01892153045089651,
      "mean_excess_s": 105.882,
      "selected_s_std": 98.14504980692203,
      "failure_rate": 0.0,
      "n_failed": 0
    },
    "UNGS": {
      "method": "UNGS",
      "n_reps": 500,
      "target": 0.95,
      "coverage": 0.998,
      "coverage_lo": 0.9887592932948532,
      "coverage_hi": 0.9996468636054407,
      "coverage_gap": 0.04800000000000004,
      "meets_target": true,
      "significantly_below": false,
      "mean_obj": -91.71395027470373,
      "obj_se": 0.045486303272200254,
      "mean_oracle_gap": 2.4869113841221986,
      "oracle_gap_se": 0.053312944943391845,
      "mean_rel_oracle_gap": 0.026337507433871168,
      "mean_excess_s": 170.066,
      "selected_s_std": 100.36502698292152,
      "failure_rate": 0.0,
      "n_failed": 0
    },
    "benchmark": {
      "method": "benchmark",
      "n_reps": 500,
      "target": 0.95,
      "coverage": 1.0,
      "coverage_lo": 0.9923756595384479,
      "coverage_hi": 1.0,
      "coverage_gap": 0.050000000000000044,
      "meets_target": true,
      "significantly_below": false,
      "mean_obj": -90.51500625524672,
      "obj_se": 0.037371896611919336,
      "mean_oracle_gap": 3.6858554035792093,
      "oracle_gap_se": 0.046300644352483086,
      "mean_rel_oracle_gap": 0.03906674077043251,
      "mean_excess_s": NaN,
      "selected_s_std": NaN,
      "failure_rate": 0.0,
      "n_failed": 0
    },
    "_n_replication_errors": 0
  }
}