{
  "key": "paper_dro_wasserstein_n200_s0.2_d20",
  "config": "paper_dro_wasserstein",
  "n": 200,
  "split": 0.2,
  "d": 20,
  "reps": 500,
  "alpha": null,
  "beta": null,
  "dgp_params": null,
  "folds": null,
  "mesh_p": null,
  "elapsed_s": 11.579205751419067,
  "summaries": {
    "NV": {
      "method": "NV",
      "n_reps": 500,
      "target": 0.95,
      "coverage": 0.686,
      "coverage_lo": 0.6440316011844003,
      "coverage_hi": 0.7251321441639025,
      "coverage_gap": -0.2639999999999999,
      "meets_target": false,
      "significantly_below": true,
      "mean_obj": -16.76304534668353,
      "obj_se": 0.021566637759495345,
      "mean_oracle_gap": -0.09056400907209457,
      "oracle_gap_se": 0.02226590297061088,
      "mean_rel_oracle_gap": -0.005581618730869752,
      "mean_excess_s": -0.004818351726265798,
      "selected_s_std": 0.05977116765135118,
      "failure_rate": 0.0,
      "n_failed": 0
    },
    "UG": {
      "method": "UG",
      "n_reps": 500,
      "target": 0.95,
      "coverage": 0.974,
      "coverage_lo": 0.9560285091657758,
      "coverage_hi": 0.9847436160766728,
      "coverage_gap": 0.02400000000000002,
      "meets_target": true,
      "significantly_below": false,
      "mean_obj": -15.933412344963298,
      "obj_se": 0.02550570221540828,
      "mean_oracle_gap": 0.7390689926481401,
      "oracle_gap_se": 0.026686722775575968,
      "mean_rel_oracle_gap": 0.044160999610753794,
      "mean_excess_s": 0.06963942929884462,
      "selected_s_std": 0.08240905093739487,
      "failure_rate": 0.0,
      "n_failed": 0
    },
    "NGS": {
      "method": "NGS",
      "n_reps": 500,
      "target": 0.95,
      "coverage": 0.988,
      "coverage_lo": 0.9740696388835527,
      "coverage_hi": 0.9944890048259724,
      "coverage_gap": 0.038000000000000034,
      "meets_target": true,
      "significantly_below": false,
      "mean_obj": -15.758683493232319,
      "obj_se": 0.027110546535921574,
      "mean_oracle_gap": 0.9137978443791189,
      "oracle_gap_se": 0.027952478998211353,
      "mean_rel_oracle_gap": 0.05465814631507847,
      "mean_excess_s": 0.08810139761481683,
      "selected_s_std": 0.08927714139669189,
      "failure_rate": 0.0,
      "n_failed": 0
    },
    "UNGS": {
      "method": "UNGS",
      "n_reps": 500,
      "target": 0.95,
      "coverage": 0.996,
      "coverage_lo": 0.9855342847848231,
      "coverage_hi": 0.9989023694773173,
      "coverage_gap": 0.04600000000000004,
      "meets_target": true,
      "significantly_below": false,
      "mean_obj": -15.199348539460976,
      "obj_se": 0.0350527339169815,
      "mean_oracle_gap": 1.4731327981504618,
      "oracle_gap_se": 0.03426073026747798,
      "mean_rel_oracle_gap": 0.08830808502476979,
      "mean_excess_s": 0.15128889761481684,
      "selected_s_std": 0.12005478640962172,
      "failure_rate": 0.0,
      "n_failed": 0
    },
    "_n_replication_errors": 0
  }
}