{
  "key": "paper_so_n500_s0.6_d100",
  "config": "paper_so",
  "n": 500,
  "split": 0.6,
  "d": 100,
  "reps": 500,
  "alpha": null,
  "beta": null,
  "dgp_params": null,
  "folds": null,
  "mesh_p": 60,
  "elapsed_s": 24.26897931098938,
  "summaries": {
    "NV": {
      "method": "NV",
      "n_reps": 500,
      "target": 0.95,
      "coverage": 0.716,
      "coverage_lo": 0.674944056876268,
      "coverage_hi": 0.7537622280443413,
      "coverage_gap": -0.23399999999999999,
      "meets_target": false,
      "significantly_below": true,
      "mean_obj": -94.44340148606246,
      "obj_se": 0.045125992422042197,
      "mean_oracle_gap": -0.16021599215378032,
      "oracle_gap_se": 0.03838865783752364,
      "mean_rel_oracle_gap": -0.0017124140902325116,
      "mean_excess_s": -1.974,
      "selected_s_std": 31.468560765202888,
      "failure_rate": 0.0,
      "n_failed": 0
    },
    "UG": {
      "method": "UG",
      "n_reps": 500,
      "target": 0.95,
      "coverage": 0.964,
      "coverage_lo": 0.9438156730319722,
      "coverage_hi": 0.9771089390197072,
      "coverage_gap": 0.014000000000000012,
      "meets_target": true,
      "significantly_below": false,
      "mean_obj": -93.39294492149685,
      "obj_se": 0.04290933834076532,
      "mean_oracle_gap": 0.8902405724118277,
      "oracle_gap_se": 0.045685509547067224,
      "mean_rel_oracle_gap": 0.00940680988729378,
      "mean_excess_s": 38.97,
      "selected_s_std": 58.28079235490051,
      "failure_rate": 0.0,
      "n_failed": 0
    },
    "NGS": {
      "method": "NGS",
      "n_reps": 500,
      "target": 0.95,
      "coverage": 0.992,
      "coverage_lo": 0.9796129641658948,
      "coverage_hi": 0.9968846848199377,
      "coverage_gap": 0.04200000000000004,
      "meets_target": true,
      "significantly_below": false,
      "mean_obj": -92.90995396376692,
      "obj_se": 0.040758533813815015,
      "mean_oracle_gap": 1.3732315301417488,
      "oracle_gap_se": 0.0476194509280536,
      "mean_rel_oracle_gap": 0.014519626771175633,
      "mean_excess_s": 69.216,
      "selected_s_std": 74.35258199213929,
      "failure_rate": 0.0,
      "n_failed": 0
    },
    "UNGS": {
      "method": "UNGS",
      "n_reps": 500,
      "target": 0.95,
      "coverage": 0.994,
      "coverage_lo": 0.9825097478959467,
      "coverage_hi": 0.9979574037280398,
      "coverage_gap": 0.04400000000000004,
      "meets_target": true,
      "significantly_below": false,
      "mean_obj": -92.34693155326482,
      "obj_se": 0.042913662680697594,
      "mean_oracle_gap": 1.9362539406438632,
      "oracle_gap_se": 0.049952062221501614,
      "mean_rel_oracle_gap": 0.02049018842908039,
      "mean_excess_s": 113.028,
      "selected_s_std": 83.12142589540781,
      "failure_rate": 0.0,
      "n_failed": 0
    },
    "benchmark": {
      "method": "benchmark",
      "n_reps": 500,
      "target": 0.95,
      "coverage": 1.0,
      "coverage_lo": 0.9923756595384479,
      "coverage_hi": 1.0,
      "coverage_gap": 0.050000000000000044,
      "meets_target": true,
      "significantly_below": false,
      "mean_obj": -90.55714606981623,
      "obj_se": 0.03813582481252114,
      "mean_oracle_gap": 3.726039424092447,
      "oracle_gap_se": 0.04506627710663807,
      "mean_rel_oracle_gap": 0.03947658303994586,
      "mean_excess_s": NaN,
      "selected_s_std": NaN,
      "failure_rate": 0.0,
      "n_failed": 0
    },
    "_n_replication_errors": 0
  }
}