{
  "key": "paper_ro_ellipsoid_n500_s0.1_d100",
  "config": "paper_ro_ellipsoid",
  "n": 500,
  "split": 0.1,
  "d": 100,
  "reps": 500,
  "alpha": null,
  "beta": null,
  "dgp_params": null,
  "folds": null,
  "mesh_p": null,
  "elapsed_s": 99.07578873634338,
  "summaries": {
    "NV": {
      "method": "NV",
      "n_reps": 500,
      "target": 0.95,
      "coverage": 0.898,
      "coverage_lo": 0.868365377095774,
      "coverage_hi": 0.9215656478968306,
      "coverage_gap": -0.051999999999999935,
      "meets_target": false,
      "significantly_below": true,
      "mean_obj": -93.65987489103229,
      "obj_se": 0.04583387238799378,
      "mean_oracle_gap": -0.0884778537514556,
      "oracle_gap_se": 0.04971330311105561,
      "mean_rel_oracle_gap": -0.0009970042669440516,
      "mean_excess_s": -0.10339042026503228,
      "selected_s_std": 1.348351380491525,
      "failure_rate": 0.0,
      "n_failed": 0
    },
    "UG": {
      "method": "UG",
      "n_reps": 500,
      "target": 0.95,
      "coverage": 0.994,
      "coverage_lo": 0.9825097478959467,
      "coverage_hi": 0.9979574037280398,
      "coverage_gap": 0.04400000000000004,
      "meets_target": true,
      "significantly_below": false,
      "mean_obj": -92.71628519090079,
      "obj_se": 0.04505149244884856,
      "mean_oracle_gap": 0.8551118463800567,
      "oracle_gap_se": 0.059061890429024905,
      "mean_rel_oracle_gap": 0.009057056701889958,
      "mean_excess_s": 0.865214548765314,
      "selected_s_std": 1.5186529821464263,
      "failure_rate": 0.0,
      "n_failed": 0
    },
    "NGS": {
      "method": "NGS",
      "n_reps": 500,
      "target": 0.95,
      "coverage": 1.0,
      "coverage_lo": 0.9923756595384479,
      "coverage_hi": 1.0,
      "coverage_gap": 0.050000000000000044,
      "meets_target": true,
      "significantly_below": false,
      "mean_obj": -92.43066678516107,
      "obj_se": 0.04421345781606242,
      "mean_oracle_gap": 1.1407302521197844,
      "oracle_gap_se": 0.061072130765374606,
      "mean_rel_oracle_gap": 0.0121006198827616,
      "mean_excess_s": 1.159061001438274,
      "selected_s_std": 1.497800284621729,
      "failure_rate": 0.0,
      "n_failed": 0
    },
    "UNGS": {
      "method": "UNGS",
      "n_reps": 500,
      "target": 0.95,
      "coverage": 0.996,
      "coverage_lo": 0.9855342847848231,
      "coverage_hi": 0.9989023694773173,
      "coverage_gap": 0.04600000000000004,
      "meets_target": true,
      "significantly_below": false,
      "mean_obj": -92.67033902158751,
      "obj_se": 0.04512088021789363,
      "mean_oracle_gap": 0.9010580156933361,
      "oracle_gap_se": 0.05862246284664544,
      "mean_rel_oracle_gap": 0.009549758776941539,
      "mean_excess_s": 0.9359553600840281,
      "selected_s_std": 1.612400615393042,
      "failure_rate": 0.0,
      "n_failed": 0
    },
    "benchmark": {
      "method": "benchmark",
      "n_reps": 500,
      "target": 0.95,
      "coverage": 1.0,
      "coverage_lo": 0.9923756595384479,
      "coverage_hi": 1.0,
      "coverage_gap": 0.050000000000000044,
      "meets_target": true,
      "significantly_below": false,
      "mean_obj": -89.83596171629073,
      "obj_se": 0.0,
      "mean_oracle_gap": 3.735435320990119,
      "oracle_gap_se": 0.03786183524416325,
      "mean_rel_oracle_gap": 0.039842147846310176,
      "mean_excess_s": null,
      "selected_s_std": null,
      "failure_rate": 0.0,
      "n_failed": 0
    },
    "_n_replication_errors": 0
  }
}