{
  "key": "paper_ro_ellipsoid_n1000_s0.1_d100",
  "config": "paper_ro_ellipsoid",
  "n": 1000,
  "split": 0.1,
  "d": 100,
  "reps": 500,
  "alpha": null,
  "beta": null,
  "dgp_params": null,
  "folds": null,
  "mesh_p": null,
  "elapsed_s": 96.75820636749268,
  "summaries": {
    "NV": {
      "method": "NV",
      "n_reps": 500,
      "target": 0.95,
      "coverage": 1.0,
      "coverage_lo": 0.9923756595384479,
      "coverage_hi": 1.0,
      "coverage_gap": 0.050000000000000044,
      "meets_target": true,
      "significantly_below": false,
      "mean_obj": -91.61389964298887,
      "obj_se": 0.04440150892707298,
      "mean_oracle_gap": -1.1368683772161603e-16,
      "oracle_gap_se": 6.167640739508577e-16,
      "mean_rel_oracle_gap": -1.1818311525481169e-18,
      "mean_excess_s": 0.0,
      "selected_s_std": 1.2324326460406831e-07,
      "failure_rate": 0.0,
      "n_failed": 0
    },
    "UG": {
      "method": "UG",
      "n_reps": 500,
      "target": 0.95,
      "coverage": 1.0,
      "coverage_lo": 0.9923756595384479,
      "coverage_hi": 1.0,
      "coverage_gap": 0.050000000000000044,
      "meets_target": true,
      "significantly_below": false,
      "mean_obj": -91.60104607980942,
      "obj_se": 0.043738787666410255,
      "mean_oracle_gap": 0.012853563179430011,
      "oracle_gap_se": 0.00911079213355608,
      "mean_rel_oracle_gap": 0.00013621982306536104,
      "mean_excess_s": 0.018881599908636883,
      "selected_s_std": 0.2982450157284733,
      "failure_rate": 0.0,
      "n_failed": 0
    },
    "NGS": {
      "method": "NGS",
      "n_reps": 500,
      "target": 0.95,
      "coverage": 1.0,
      "coverage_lo": 0.9923756595384479,
      "coverage_hi": 1.0,
      "coverage_gap": 0.050000000000000044,
      "meets_target": true,
      "significantly_below": false,
      "mean_obj": -91.58082029781899,
      "obj_se": 0.042734611959988573,
      "mean_oracle_gap": 0.033079345169874645,
      "oracle_gap_se": 0.014763152258420382,
      "mean_rel_oracle_gap": 0.0003505902527484713,
      "mean_excess_s": 0.04720399991417397,
      "selected_s_std": 0.47014425065615245,
      "failure_rate": 0.0,
      "n_failed": 0
    },
    "UNGS": {
      "method": "UNGS",
      "n_reps": 500,
      "target": 0.95,
      "coverage": 1.0,
      "coverage_lo": 0.9923756595384479,
      "coverage_hi": 1.0,
      "coverage_gap": 0.050000000000000044,
      "meets_target": true,
      "significantly_below": false,
      "mean_obj": -91.5942875461438,
      "obj_se": 0.043423161353505685,
      "mean_oracle_gap": 0.019612096845052746,
      "oracle_gap_se": 0.01132855371570867,
      "mean_rel_oracle_gap": 0.000207888185347826,
      "mean_excess_s": 0.028322399910095147,
      "selected_s_std": 0.36490712934149266,
      "failure_rate": 0.0,
      "n_failed": 0
    },
    "benchmark": {
      "method": "benchmark",
      "n_reps": 500,
      "target": 0.95,
      "coverage": 1.0,
      "coverage_lo": 0.9923756595384479,
      "coverage_hi": 1.0,
      "coverage_gap": 0.050000000000000044,
      "meets_target": true,
      "significantly_below": false,
      "mean_obj": -89.83596171629073,
      "obj_se": 0.0,
      "mean_oracle_gap": 1.7779379266981423,
      "oracle_gap_se": 0.04440150892707296,
      "mean_rel_oracle_gap": 0.019291905438031522,
      "mean_excess_s": NaN,
      "selected_s_std": NaN,
      "failure_rate": 0.0,
      "n_failed": 0
    },
    "_n_replication_errors": 0
  }
}