{
  "key": "paper_so_n1000_s0.6_d100",
  "config": "paper_so",
  "n": 1000,
  "split": 0.6,
  "d": 100,
  "reps": 500,
  "alpha": null,
  "beta": null,
  "dgp_params": null,
  "folds": null,
  "mesh_p": 60,
  "elapsed_s": 47.43966031074524,
  "summaries": {
    "NV": {
      "method": "NV",
      "n_reps": 500,
      "target": 0.95,
      "coverage": 0.776,
      "coverage_lo": 0.7374303353251315,
      "coverage_hi": 0.8103610287400917,
      "coverage_gap": -0.17399999999999993,
      "meets_target": false,
      "significantly_below": true,
      "mean_obj": -94.24124059940208,
      "obj_se": 0.045674081054616865,
      "mean_oracle_gap": -0.11944313472009344,
      "oracle_gap_se": 0.033807073025751457,
      "mean_rel_oracle_gap": -0.001287718085083145,
      "mean_excess_s": -1.086,
      "selected_s_std": 35.93338721347135,
      "failure_rate": 0.0,
      "n_failed": 0
    },
    "UG": {
      "method": "UG",
      "n_reps": 500,
      "target": 0.95,
      "coverage": 0.974,
      "coverage_lo": 0.9560285091657758,
      "coverage_hi": 0.9847436160766728,
      "coverage_gap": 0.02400000000000002,
      "meets_target": true,
      "significantly_below": false,
      "mean_obj": -93.5034419119807,
      "obj_se": 0.03891929134689756,
      "mean_oracle_gap": 0.6183555527012788,
      "oracle_gap_se": 0.03572396227851884,
      "mean_rel_oracle_gap": 0.006531680649397202,
      "mean_excess_s": 28.306,
      "selected_s_std": 54.06271497345098,
      "failure_rate": 0.0,
      "n_failed": 0
    },
    "NGS": {
      "method": "NGS",
      "n_reps": 500,
      "target": 0.95,
      "coverage": 0.99,
      "coverage_lo": 0.9768069002442693,
      "coverage_hi": 0.9957212461034096,
      "coverage_gap": 0.040000000000000036,
      "meets_target": true,
      "significantly_below": false,
      "mean_obj": -93.1133373459221,
      "obj_se": 0.03733808330770312,
      "mean_oracle_gap": 1.0084601187598934,
      "oracle_gap_se": 0.041165193952040595,
      "mean_rel_oracle_gap": 0.010661331768382845,
      "mean_excess_s": 50.436,
      "selected_s_std": 73.18081058635626,
      "failure_rate": 0.0,
      "n_failed": 0
    },
    "UNGS": {
      "method": "UNGS",
      "n_reps": 500,
      "target": 0.95,
      "coverage": 0.992,
      "coverage_lo": 0.9796129641658948,
      "coverage_hi": 0.9968846848199377,
      "coverage_gap": 0.04200000000000004,
      "meets_target": true,
      "significantly_below": false,
      "mean_obj": -92.80775665530282,
      "obj_se": 0.03871486662305327,
      "mean_oracle_gap": 1.314040809379159,
      "oracle_gap_se": 0.046959190730751166,
      "mean_rel_oracle_gap": 0.013896701801315761,
      "mean_excess_s": 72.912,
      "selected_s_std": 88.883391308506,
      "failure_rate": 0.0,
      "n_failed": 0
    },
    "benchmark": {
      "method": "benchmark",
      "n_reps": 500,
      "target": 0.95,
      "coverage": 1.0,
      "coverage_lo": 0.9923756595384479,
      "coverage_hi": 1.0,
      "coverage_gap": 0.050000000000000044,
      "meets_target": true,
      "significantly_below": false,
      "mean_obj": -89.40644242729137,
      "obj_se": 0.034125483317247934,
      "mean_oracle_gap": 4.7153550373906326,
      "oracle_gap_se": 0.047712607936177494,
      "mean_rel_oracle_gap": 0.05002535421196301,
      "mean_excess_s": NaN,
      "selected_s_std": NaN,
      "failure_rate": 0.0,
      "n_failed": 0
    },
    "_n_replication_errors": 0
  }
}