{
  "key": "paper_ro_ellipsoid_n500_s0.3_d100",
  "config": "paper_ro_ellipsoid",
  "n": 500,
  "split": 0.3,
  "d": 100,
  "reps": 500,
  "alpha": null,
  "beta": null,
  "dgp_params": null,
  "folds": null,
  "mesh_p": null,
  "elapsed_s": 96.71201014518738,
  "summaries": {
    "NV": {
      "method": "NV",
      "n_reps": 500,
      "target": 0.95,
      "coverage": 1.0,
      "coverage_lo": 0.9923756595384479,
      "coverage_hi": 1.0,
      "coverage_gap": 0.050000000000000044,
      "meets_target": true,
      "significantly_below": false,
      "mean_obj": -90.72478716090139,
      "obj_se": 0.03681404606468079,
      "mean_oracle_gap": -1.7053025658242405e-16,
      "oracle_gap_se": 5.926438224756232e-16,
      "mean_rel_oracle_gap": -1.7388645725384704e-18,
      "mean_excess_s": 0.0,
      "selected_s_std": 0.03475774209987901,
      "failure_rate": 0.0,
      "n_failed": 0
    },
    "UG": {
      "method": "UG",
      "n_reps": 500,
      "target": 0.95,
      "coverage": 1.0,
      "coverage_lo": 0.9923756595384479,
      "coverage_hi": 1.0,
      "coverage_gap": 0.050000000000000044,
      "meets_target": true,
      "significantly_below": false,
      "mean_obj": -90.72478716090139,
      "obj_se": 0.03681404606468079,
      "mean_oracle_gap": -1.7053025658242405e-16,
      "oracle_gap_se": 5.926438224756232e-16,
      "mean_rel_oracle_gap": -1.7388645725384704e-18,
      "mean_excess_s": 0.0,
      "selected_s_std": 0.03475774209987901,
      "failure_rate": 0.0,
      "n_failed": 0
    },
    "NGS": {
      "method": "NGS",
      "n_reps": 500,
      "target": 0.95,
      "coverage": 1.0,
      "coverage_lo": 0.9923756595384479,
      "coverage_hi": 1.0,
      "coverage_gap": 0.050000000000000044,
      "meets_target": true,
      "significantly_below": false,
      "mean_obj": -90.72478716090139,
      "obj_se": 0.03681404606468079,
      "mean_oracle_gap": -1.7053025658242405e-16,
      "oracle_gap_se": 5.926438224756232e-16,
      "mean_rel_oracle_gap": -1.7388645725384704e-18,
      "mean_excess_s": 0.0,
      "selected_s_std": 0.03475774209987901,
      "failure_rate": 0.0,
      "n_failed": 0
    },
    "UNGS": {
      "method": "UNGS",
      "n_reps": 500,
      "target": 0.95,
      "coverage": 1.0,
      "coverage_lo": 0.9923756595384479,
      "coverage_hi": 1.0,
      "coverage_gap": 0.050000000000000044,
      "meets_target": true,
      "significantly_below": false,
      "mean_obj": -90.72478716090139,
      "obj_se": 0.03681404606468079,
      "mean_oracle_gap": -1.7053025658242405e-16,
      "oracle_gap_se": 5.926438224756232e-16,
      "mean_rel_oracle_gap": -1.7388645725384704e-18,
      "mean_excess_s": 0.0,
      "selected_s_std": 0.03475774209987901,
      "failure_rate": 0.0,
      "n_failed": 0
    },
    "benchmark": {
      "method": "benchmark",
      "n_reps": 500,
      "target": 0.95,
      "coverage": 1.0,
      "coverage_lo": 0.9923756595384479,
      "coverage_hi": 1.0,
      "coverage_gap": 0.050000000000000044,
      "meets_target": true,
      "significantly_below": false,
      "mean_obj": -89.83596171629073,
      "obj_se": 0.0,
      "mean_oracle_gap": 0.888825444610671,
      "oracle_gap_se": 0.03681404606468073,
      "mean_rel_oracle_gap": 0.009715537476188132,
      "mean_excess_s": null,
      "selected_s_std": null,
      "failure_rate": 0.0,
      "n_failed": 0
    },
    "_n_replication_errors": 0
  }
}