{
  "key": "paper_so_n500_s0.3_d100",
  "config": "paper_so",
  "n": 500,
  "split": 0.3,
  "d": 100,
  "reps": 500,
  "alpha": null,
  "beta": null,
  "dgp_params": null,
  "folds": null,
  "mesh_p": 60,
  "elapsed_s": 13.14186692237854,
  "summaries": {
    "NV": {
      "method": "NV",
      "n_reps": 500,
      "target": 0.95,
      "coverage": 0.712,
      "coverage_lo": 0.6708105507601558,
      "coverage_hi": 0.749956728884146,
      "coverage_gap": -0.238,
      "meets_target": false,
      "significantly_below": true,
      "mean_obj": -94.4456930841103,
      "obj_se": 0.0419527450764218,
      "mean_oracle_gap": -0.123851847477877,
      "oracle_gap_se": 0.03197111017082486,
      "mean_rel_oracle_gap": -0.00132285487097553,
      "mean_excess_s": -2.9617706237424546,
      "selected_s_std": 32.136374985277804,
      "failure_rate": 0.0,
      "n_failed": 0
    },
    "UG": {
      "method": "UG",
      "n_reps": 500,
      "target": 0.95,
      "coverage": 0.966,
      "coverage_lo": 0.9462286344983655,
      "coverage_hi": 0.9786654801914678,
      "coverage_gap": 0.016000000000000014,
      "meets_target": true,
      "significantly_below": false,
      "mean_obj": -93.62194559871394,
      "obj_se": 0.03984668057295847,
      "mean_oracle_gap": 0.7041114494497801,
      "oracle_gap_se": 0.03732616902334546,
      "mean_rel_oracle_gap": 0.007440187922627841,
      "mean_excess_s": 25.269617706237426,
      "selected_s_std": 40.04502896352278,
      "failure_rate": 0.0,
      "n_failed": 0
    },
    "NGS": {
      "method": "NGS",
      "n_reps": 500,
      "target": 0.95,
      "coverage": 0.98,
      "coverage_lo": 0.9635798167531208,
      "coverage_hi": 0.9891008164037892,
      "coverage_gap": 0.030000000000000027,
      "meets_target": true,
      "significantly_below": false,
      "mean_obj": -93.40228343055604,
      "obj_se": 0.03978472513202756,
      "mean_oracle_gap": 0.9258560534821477,
      "oracle_gap_se": 0.03933916018935737,
      "mean_rel_oracle_gap": 0.00978645387600298,
      "mean_excess_s": 33.287726358148895,
      "selected_s_std": 40.05168984848753,
      "failure_rate": 0.0,
      "n_failed": 0
    },
    "UNGS": {
      "method": "UNGS",
      "n_reps": 500,
      "target": 0.95,
      "coverage": 0.986,
      "coverage_lo": 0.9713869308622147,
      "coverage_hi": 0.9932022102091564,
      "coverage_gap": 0.03600000000000003,
      "meets_target": true,
      "significantly_below": false,
      "mean_obj": -93.10495039035013,
      "obj_se": 0.04261626304037733,
      "mean_oracle_gap": 1.2249838605303474,
      "oracle_gap_se": 0.041513561525556214,
      "mean_rel_oracle_gap": 0.012959352638702947,
      "mean_excess_s": 46.23943661971831,
      "selected_s_std": 40.187350575679716,
      "failure_rate": 0.0,
      "n_failed": 0
    },
    "benchmark": {
      "method": "benchmark",
      "n_reps": 500,
      "target": 0.95,
      "coverage": 1.0,
      "coverage_lo": 0.9923756595384479,
      "coverage_hi": 1.0,
      "coverage_gap": 0.050000000000000044,
      "meets_target": true,
      "significantly_below": false,
      "mean_obj": -90.54426308276327,
      "obj_se": 0.03845308992415216,
      "mean_oracle_gap": 3.7755889354243077,
      "oracle_gap_se": 0.044615243119402015,
      "mean_rel_oracle_gap": 0.03998826409051733,
      "mean_excess_s": null,
      "selected_s_std": null,
      "failure_rate": 0.0,
      "n_failed": 0
    },
    "_n_replication_errors": 0
  }
}