{
  "key": "paper_dro_wasserstein_n200_s0.8_d20",
  "config": "paper_dro_wasserstein",
  "n": 200,
  "split": 0.8,
  "d": 20,
  "reps": 500,
  "alpha": null,
  "beta": null,
  "dgp_params": null,
  "folds": null,
  "mesh_p": null,
  "elapsed_s": 561.0466175079346,
  "summaries": {
    "NV": {
      "method": "NV",
      "n_reps": 500,
      "target": 0.95,
      "coverage": 0.382,
      "coverage_lo": 0.3404646252341933,
      "coverage_hi": 0.4253347191147331,
      "coverage_gap": -0.568,
      "meets_target": false,
      "significantly_below": true,
      "mean_obj": -17.110802537384455,
      "obj_se": 0.030957090864318387,
      "mean_oracle_gap": -0.22880339651636558,
      "oracle_gap_se": 0.03146650137221731,
      "mean_rel_oracle_gap": -0.013611602721444743,
      "mean_excess_s": -0.0009218140918305795,
      "selected_s_std": 0.038490826442092604,
      "failure_rate": 0.0,
      "n_failed": 0
    },
    "UG": {
      "method": "UG",
      "n_reps": 500,
      "target": 0.95,
      "coverage": 0.92,
      "coverage_lo": 0.8928936834221488,
      "coverage_hi": 0.9407018705901475,
      "coverage_gap": -0.029999999999999916,
      "meets_target": false,
      "significantly_below": true,
      "mean_obj": -15.548005607119249,
      "obj_se": 0.04377956747410762,
      "mean_oracle_gap": 1.3339935337488384,
      "oracle_gap_se": 0.04355592506837164,
      "mean_rel_oracle_gap": 0.07901049043698512,
      "mean_excess_s": 0.11426466995366094,
      "selected_s_std": 0.09986737815084135,
      "failure_rate": 0.0,
      "n_failed": 0
    },
    "NGS": {
      "method": "NGS",
      "n_reps": 500,
      "target": 0.95,
      "coverage": 0.92,
      "coverage_lo": 0.8928936834221488,
      "coverage_hi": 0.9407018705901475,
      "coverage_gap": -0.029999999999999916,
      "meets_target": false,
      "significantly_below": true,
      "mean_obj": -15.548005607119249,
      "obj_se": 0.04377956747410762,
      "mean_oracle_gap": 1.3339935337488384,
      "oracle_gap_se": 0.04355592506837164,
      "mean_rel_oracle_gap": 0.07901049043698512,
      "mean_excess_s": 0.11426466995366094,
      "selected_s_std": 0.09986737815084135,
      "failure_rate": 0.0,
      "n_failed": 0
    },
    "UNGS": {
      "method": "UNGS",
      "n_reps": 500,
      "target": 0.95,
      "coverage": 0.96,
      "coverage_lo": 0.9390264041651492,
      "coverage_hi": 0.9739592026102227,
      "coverage_gap": 0.010000000000000009,
      "meets_target": true,
      "significantly_below": false,
      "mean_obj": -9.063260420816492,
      "obj_se": 0.18054813777180806,
      "mean_oracle_gap": 7.818738720051597,
      "oracle_gap_se": 0.18008993278491198,
      "mean_rel_oracle_gap": 0.4632834843529663,
      "mean_excess_s": 2.1764361738074753,
      "selected_s_std": 1.2787406197838087,
      "failure_rate": 0.0,
      "n_failed": 0
    },
    "_n_replication_errors": 0
  }
}