{
  "key": "paper_dro_wasserstein_n100_s0.1_d20",
  "config": "paper_dro_wasserstein",
  "n": 100,
  "split": 0.1,
  "d": 20,
  "reps": 500,
  "alpha": null,
  "beta": null,
  "dgp_params": null,
  "folds": null,
  "mesh_p": null,
  "elapsed_s": 0.7992525100708008,
  "summaries": {
    "NV": {
      "method": "NV",
      "n_reps": 500,
      "target": 0.95,
      "coverage": 0.73,
      "coverage_lo": 0.6894413425907917,
      "coverage_hi": 0.7670514607968943,
      "coverage_gap": -0.21999999999999997,
      "meets_target": false,
      "significantly_below": true,
      "mean_obj": -16.366106883135004,
      "obj_se": 0.03744353404958227,
      "mean_oracle_gap": -0.10170049988252082,
      "oracle_gap_se": 0.03941683364205161,
      "mean_rel_oracle_gap": -0.007066516926880136,
      "mean_excess_s": -0.013178083414737526,
      "selected_s_std": 0.16860605816204494,
      "failure_rate": 0.0,
      "n_failed": 0
    },
    "UG": {
      "method": "UG",
      "n_reps": 500,
      "target": 0.95,
      "coverage": 0.98,
      "coverage_lo": 0.9635798167531208,
      "coverage_hi": 0.9891008164037892,
      "coverage_gap": 0.030000000000000027,
      "meets_target": true,
      "significantly_below": false,
      "mean_obj": -15.388832969060074,
      "obj_se": 0.046636505162664835,
      "mean_oracle_gap": 0.8755734141924081,
      "oracle_gap_se": 0.04956058859076985,
      "mean_rel_oracle_gap": 0.0529785932257985,
      "mean_excess_s": 0.1126881403432879,
      "selected_s_std": 0.19418989545651813,
      "failure_rate": 0.0,
      "n_failed": 0
    },
    "NGS": {
      "method": "NGS",
      "n_reps": 500,
      "target": 0.95,
      "coverage": 0.986,
      "coverage_lo": 0.9713869308622147,
      "coverage_hi": 0.9932022102091564,
      "coverage_gap": 0.03600000000000003,
      "meets_target": true,
      "significantly_below": false,
      "mean_obj": -15.069425700555719,
      "obj_se": 0.04944309538493815,
      "mean_oracle_gap": 1.1949806826967637,
      "oracle_gap_se": 0.05211286285548053,
      "mean_rel_oracle_gap": 0.07264213662134679,
      "mean_excess_s": 0.1547931798812923,
      "selected_s_std": 0.2030673572595422,
      "failure_rate": 0.0,
      "n_failed": 0
    },
    "UNGS": {
      "method": "UNGS",
      "n_reps": 500,
      "target": 0.95,
      "coverage": 0.998,
      "coverage_lo": 0.9887592932948532,
      "coverage_hi": 0.9996468636054407,
      "coverage_gap": 0.04800000000000004,
      "meets_target": true,
      "significantly_below": false,
      "mean_obj": -13.839148032484381,
      "obj_se": 0.07343431051096845,
      "mean_oracle_gap": 2.4252583507681016,
      "oracle_gap_se": 0.06854611967459881,
      "mean_rel_oracle_gap": 0.14935136523472636,
      "mean_excess_s": 0.3518368060472584,
      "selected_s_std": 0.42531223663149575,
      "failure_rate": 0.0,
      "n_failed": 0
    },
    "_n_replication_errors": 0
  }
}