{
  "key": "paper_so_n500_s0.1_d100",
  "config": "paper_so",
  "n": 500,
  "split": 0.1,
  "d": 100,
  "reps": 500,
  "alpha": null,
  "beta": null,
  "dgp_params": null,
  "folds": null,
  "mesh_p": 60,
  "elapsed_s": 5.978813409805298,
  "summaries": {
    "NV": {
      "method": "NV",
      "n_reps": 500,
      "target": 0.95,
      "coverage": 0.482,
      "coverage_lo": 0.4385065876245351,
      "coverage_hi": 0.5257678886320809,
      "coverage_gap": -0.46799999999999997,
      "meets_target": false,
      "significantly_below": true,
      "mean_obj": -95.0566086664474,
      "obj_se": 0.04712431124673208,
      "mean_oracle_gap": -0.09459501058762664,
      "oracle_gap_se": 0.029728892699604128,
      "mean_rel_oracle_gap": -0.001007196604897645,
      "mean_excess_s": -0.8239202657807309,
      "selected_s_std": 14.223975779434802,
      "failure_rate": 0.0,
      "n_failed": 0
    },
    "UG": {
      "method": "UG",
      "n_reps": 500,
      "target": 0.95,
      "coverage": 0.576,
      "coverage_lo": 0.532265218043708,
      "coverage_hi": 0.618575882206136,
      "coverage_gap": -0.374,
      "meets_target": false,
      "significantly_below": true,
      "mean_obj": -94.8133424490838,
      "obj_se": 0.05355912883818738,
      "mean_oracle_gap": 0.2955130910295157,
      "oracle_gap_se": 0.0350459577324389,
      "mean_rel_oracle_gap": 0.0031229743489764213,
      "mean_excess_s": 5.45514950166113,
      "selected_s_std": 12.719669019275614,
      "failure_rate": 0.0,
      "n_failed": 0
    },
    "NGS": {
      "method": "NGS",
      "n_reps": 500,
      "target": 0.95,
      "coverage": 0.586,
      "coverage_lo": 0.5423312223504144,
      "coverage_hi": 0.6283573910901985,
      "coverage_gap": -0.364,
      "meets_target": false,
      "significantly_below": true,
      "mean_obj": -94.78659574825882,
      "obj_se": 0.054427734300430505,
      "mean_oracle_gap": 0.33994282661921843,
      "oracle_gap_se": 0.03556027856884293,
      "mean_rel_oracle_gap": 0.003593816844194939,
      "mean_excess_s": 6.458471760797342,
      "selected_s_std": 12.408103241515368,
      "failure_rate": 0.0,
      "n_failed": 0
    },
    "UNGS": {
      "method": "UNGS",
      "n_reps": 500,
      "target": 0.95,
      "coverage": 0.588,
      "coverage_lo": 0.5443465920099858,
      "coverage_hi": 0.630311524068781,
      "coverage_gap": -0.362,
      "meets_target": false,
      "significantly_below": true,
      "mean_obj": -94.74849677713812,
      "obj_se": 0.05578320286872437,
      "mean_oracle_gap": 0.4032301540621862,
      "oracle_gap_se": 0.03661676833432767,
      "mean_rel_oracle_gap": 0.004264659480533,
      "mean_excess_s": 7.903654485049834,
      "selected_s_std": 11.89890801813545,
      "failure_rate": 0.0,
      "n_failed": 0
    },
    "benchmark": {
      "method": "benchmark",
      "n_reps": 500,
      "target": 0.95,
      "coverage": 1.0,
      "coverage_lo": 0.9923756595384479,
      "coverage_hi": 1.0,
      "coverage_gap": 0.050000000000000044,
      "meets_target": true,
      "significantly_below": false,
      "mean_obj": -90.48017214208507,
      "obj_se": 0.039289577121622815,
      "mean_oracle_gap": 4.030861728684024,
      "oracle_gap_se": 0.05812706030406166,
      "mean_rel_oracle_gap": 0.04268103599255061,
      "mean_excess_s": null,
      "selected_s_std": null,
      "failure_rate": 0.0,
      "n_failed": 0
    },
    "_n_replication_errors": 0
  }
}