{
  "key": "paper_dro_wasserstein_n200_s0.1_d20",
  "config": "paper_dro_wasserstein",
  "n": 200,
  "split": 0.1,
  "d": 20,
  "reps": 500,
  "alpha": null,
  "beta": null,
  "dgp_params": null,
  "folds": null,
  "mesh_p": null,
  "elapsed_s": 5.693033933639526,
  "summaries": {
    "NV": {
      "method": "NV",
      "n_reps": 500,
      "target": 0.95,
      "coverage": 0.722,
      "coverage_lo": 0.6811514003636959,
      "coverage_hi": 0.7594633924713748,
      "coverage_gap": -0.22799999999999998,
      "meets_target": false,
      "significantly_below": true,
      "mean_obj": -16.581852943112114,
      "obj_se": 0.026856229473108395,
      "mean_oracle_gap": -0.048573637191394264,
      "oracle_gap_se": 0.027839107352390306,
      "mean_rel_oracle_gap": -0.0033135825791888287,
      "mean_excess_s": -0.0033427090094134537,
      "selected_s_std": 0.10463418245768517,
      "failure_rate": 0.0,
      "n_failed": 0
    },
    "UG": {
      "method": "UG",
      "n_reps": 500,
      "target": 0.95,
      "coverage": 0.97,
      "coverage_lo": 0.9510963331640543,
      "coverage_hi": 0.9817367868020865,
      "coverage_gap": 0.020000000000000018,
      "meets_target": true,
      "significantly_below": false,
      "mean_obj": -15.831786588527368,
      "obj_se": 0.029397345868855253,
      "mean_oracle_gap": 0.7014927173933497,
      "oracle_gap_se": 0.0325954022901525,
      "mean_rel_oracle_gap": 0.041945357605682736,
      "mean_excess_s": 0.07743152459244126,
      "selected_s_std": 0.11762228775055884,
      "failure_rate": 0.0,
      "n_failed": 0
    },
    "NGS": {
      "method": "NGS",
      "n_reps": 500,
      "target": 0.95,
      "coverage": 0.984,
      "coverage_lo": 0.9687488914666058,
      "coverage_hi": 0.9918707469666117,
      "coverage_gap": 0.03400000000000003,
      "meets_target": true,
      "significantly_below": false,
      "mean_obj": -15.600656612830338,
      "obj_se": 0.030074459148383404,
      "mean_oracle_gap": 0.9326226930903806,
      "oracle_gap_se": 0.033750419024392915,
      "mean_rel_oracle_gap": 0.055896147833758236,
      "mean_excess_s": 0.1044290906372593,
      "selected_s_std": 0.12018309982291198,
      "failure_rate": 0.0,
      "n_failed": 0
    },
    "UNGS": {
      "method": "UNGS",
      "n_reps": 500,
      "target": 0.95,
      "coverage": 0.992,
      "coverage_lo": 0.9796129641658948,
      "coverage_hi": 0.9968846848199377,
      "coverage_gap": 0.04200000000000004,
      "meets_target": true,
      "significantly_below": false,
      "mean_obj": -15.156391845937065,
      "obj_se": 0.03921144097999468,
      "mean_oracle_gap": 1.3768874599836518,
      "oracle_gap_se": 0.03982192064080423,
      "mean_rel_oracle_gap": 0.08295864973441704,
      "mean_excess_s": 0.15988297624825368,
      "selected_s_std": 0.15536075108877362,
      "failure_rate": 0.0,
      "n_failed": 0
    },
    "_n_replication_errors": 0
  }
}