{
  "key": "paper_dro_wasserstein_n100_s0.9_d20",
  "config": "paper_dro_wasserstein",
  "n": 100,
  "split": 0.9,
  "d": 20,
  "reps": 500,
  "alpha": null,
  "beta": null,
  "dgp_params": null,
  "folds": null,
  "mesh_p": null,
  "elapsed_s": 99.68929839134216,
  "summaries": {
    "NV": {
      "method": "NV",
      "n_reps": 500,
      "target": 0.95,
      "coverage": 0.26,
      "coverage_lo": 0.22348572318538285,
      "coverage_hi": 0.3001739602361623,
      "coverage_gap": -0.69,
      "meets_target": false,
      "significantly_below": true,
      "mean_obj": -17.347280539534474,
      "obj_se": 0.04225323338988443,
      "mean_oracle_gap": -0.5607658248703292,
      "oracle_gap_se": 0.04365355589528999,
      "mean_rel_oracle_gap": -0.033572230845603866,
      "mean_excess_s": -0.016100941666438173,
      "selected_s_std": 0.06539418441665495,
      "failure_rate": 0.0,
      "n_failed": 0
    },
    "UG": {
      "method": "UG",
      "n_reps": 500,
      "target": 0.95,
      "coverage": 0.634,
      "coverage_lo": 0.5909042816385175,
      "coverage_hi": 0.6750523951177865,
      "coverage_gap": -0.31599999999999995,
      "meets_target": false,
      "significantly_below": true,
      "mean_obj": -16.262849321856653,
      "obj_se": 0.06511395798109984,
      "mean_oracle_gap": 0.5236653928074945,
      "oracle_gap_se": 0.06614357340649034,
      "mean_rel_oracle_gap": 0.031023334288881935,
      "mean_excess_s": 0.06880203990855949,
      "selected_s_std": 0.14549331844603647,
      "failure_rate": 0.0,
      "n_failed": 0
    },
    "NGS": {
      "method": "NGS",
      "n_reps": 500,
      "target": 0.95,
      "coverage": 0.634,
      "coverage_lo": 0.5909042816385175,
      "coverage_hi": 0.6750523951177865,
      "coverage_gap": -0.31599999999999995,
      "meets_target": false,
      "significantly_below": true,
      "mean_obj": -16.262849321856653,
      "obj_se": 0.06511395798109984,
      "mean_oracle_gap": 0.5236653928074945,
      "oracle_gap_se": 0.06614357340649034,
      "mean_rel_oracle_gap": 0.031023334288881935,
      "mean_excess_s": 0.06880203990855949,
      "selected_s_std": 0.14549331844603647,
      "failure_rate": 0.0,
      "n_failed": 0
    },
    "UNGS": {
      "method": "UNGS",
      "n_reps": 500,
      "target": 0.95,
      "coverage": 0.862,
      "coverage_lo": 0.8289979864047199,
      "coverage_hi": 0.8894819911011163,
      "coverage_gap": -0.08799999999999997,
      "meets_target": false,
      "significantly_below": true,
      "mean_obj": -8.143625711811529,
      "obj_se": 0.1742578184376839,
      "mean_oracle_gap": 8.642889002852616,
      "oracle_gap_se": 0.17459279738074437,
      "mean_rel_oracle_gap": 0.5147676773138231,
      "mean_excess_s": 2.537210748093809,
      "selected_s_std": 1.0356017917138631,
      "failure_rate": 0.0,
      "n_failed": 0
    },
    "_n_replication_errors": 0
  }
}