{
  "key": "paper_so_n1000_s0.8_d100",
  "config": "paper_so",
  "n": 1000,
  "split": 0.8,
  "d": 100,
  "reps": 500,
  "alpha": null,
  "beta": null,
  "dgp_params": null,
  "folds": null,
  "mesh_p": 60,
  "elapsed_s": 64.04675197601318,
  "summaries": {
    "NV": {
      "method": "NV",
      "n_reps": 500,
      "target": 0.95,
      "coverage": 0.778,
      "coverage_lo": 0.739530218085007,
      "coverage_hi": 0.8122306486183701,
      "coverage_gap": -0.17199999999999993,
      "meets_target": false,
      "significantly_below": true,
      "mean_obj": -94.16167586633117,
      "obj_se": 0.05053565280205214,
      "mean_oracle_gap": -0.049911189365879835,
      "oracle_gap_se": 0.04072783979816975,
      "mean_rel_oracle_gap": -0.0005543000501392871,
      "mean_excess_s": 0.78,
      "selected_s_std": 39.26721059173048,
      "failure_rate": 0.0,
      "n_failed": 0
    },
    "UG": {
      "method": "UG",
      "n_reps": 500,
      "target": 0.95,
      "coverage": 0.976,
      "coverage_lo": 0.9585229425360993,
      "coverage_hi": 0.986218685344503,
      "coverage_gap": 0.026000000000000023,
      "meets_target": true,
      "significantly_below": false,
      "mean_obj": -93.18305492834266,
      "obj_se": 0.04614588831661559,
      "mean_oracle_gap": 0.9287097486226314,
      "oracle_gap_se": 0.04639357185379437,
      "mean_rel_oracle_gap": 0.009818915718383841,
      "mean_excess_s": 49.59,
      "selected_s_std": 79.5888098749732,
      "failure_rate": 0.0,
      "n_failed": 0
    },
    "NGS": {
      "method": "NGS",
      "n_reps": 500,
      "target": 0.95,
      "coverage": 0.992,
      "coverage_lo": 0.9796129641658948,
      "coverage_hi": 0.9968846848199377,
      "coverage_gap": 0.04200000000000004,
      "meets_target": true,
      "significantly_below": false,
      "mean_obj": -92.59138634751523,
      "obj_se": 0.04656418052982859,
      "mean_oracle_gap": 1.520378329450053,
      "oracle_gap_se": 0.05448608007137574,
      "mean_rel_oracle_gap": 0.016084155988332852,
      "mean_excess_s": 95.934,
      "selected_s_std": 119.02056491946043,
      "failure_rate": 0.0,
      "n_failed": 0
    },
    "UNGS": {
      "method": "UNGS",
      "n_reps": 500,
      "target": 0.95,
      "coverage": 1.0,
      "coverage_lo": 0.9923756595384479,
      "coverage_hi": 1.0,
      "coverage_gap": 0.050000000000000044,
      "meets_target": true,
      "significantly_below": false,
      "mean_obj": -91.9265030861494,
      "obj_se": 0.04904045196267796,
      "mean_oracle_gap": 2.185261590815876,
      "oracle_gap_se": 0.059532636146307404,
      "mean_rel_oracle_gap": 0.0231398488826403,
      "mean_excess_s": 176.014,
      "selected_s_std": 174.1926237943752,
      "failure_rate": 0.0,
      "n_failed": 0
    },
    "benchmark": {
      "method": "benchmark",
      "n_reps": 500,
      "target": 0.95,
      "coverage": 1.0,
      "coverage_lo": 0.9923756595384479,
      "coverage_hi": 1.0,
      "coverage_gap": 0.050000000000000044,
      "meets_target": true,
      "significantly_below": false,
      "mean_obj": -89.35020641273307,
      "obj_se": 0.03397593307270271,
      "mean_oracle_gap": 4.761558264232211,
      "oracle_gap_se": 0.04862010986975285,
      "mean_rel_oracle_gap": 0.05051507517383094,
      "mean_excess_s": NaN,
      "selected_s_std": NaN,
      "failure_rate": 0.0,
      "n_failed": 0
    },
    "_n_replication_errors": 0
  }
}