{
  "key": "paper_so_n1000_s0.1_d100",
  "config": "paper_so",
  "n": 1000,
  "split": 0.1,
  "d": 100,
  "reps": 500,
  "alpha": null,
  "beta": null,
  "dgp_params": null,
  "folds": null,
  "mesh_p": 60,
  "elapsed_s": 10.843972444534302,
  "summaries": {
    "NV": {
      "method": "NV",
      "n_reps": 500,
      "target": 0.95,
      "coverage": 0.758,
      "coverage_lo": 0.7185836488729677,
      "coverage_hi": 0.7934821914488713,
      "coverage_gap": -0.19199999999999995,
      "meets_target": false,
      "significantly_below": true,
      "mean_obj": -94.39244345106128,
      "obj_se": 0.04087663835505009,
      "mean_oracle_gap": -0.06920673079845654,
      "oracle_gap_se": 0.024043922314644625,
      "mean_rel_oracle_gap": -0.0007420728993845766,
      "mean_excess_s": -1.0191489361702128,
      "selected_s_std": 26.77118392184317,
      "failure_rate": 0.0,
      "n_failed": 0
    },
    "UG": {
      "method": "UG",
      "n_reps": 500,
      "target": 0.95,
      "coverage": 0.916,
      "coverage_lo": 0.888400685539819,
      "coverage_hi": 0.9372558631961696,
      "coverage_gap": -0.03399999999999992,
      "meets_target": false,
      "significantly_below": true,
      "mean_obj": -93.99566880862699,
      "obj_se": 0.039214818647328,
      "mean_oracle_gap": 0.3525844856960515,
      "oracle_gap_se": 0.026527964569070184,
      "mean_rel_oracle_gap": 0.003722141114943189,
      "mean_excess_s": 9.753191489361702,
      "selected_s_std": 28.652545029601587,
      "failure_rate": 0.0,
      "n_failed": 0
    },
    "NGS": {
      "method": "NGS",
      "n_reps": 500,
      "target": 0.95,
      "coverage": 0.928,
      "coverage_lo": 0.9019315959830375,
      "coverage_hi": 0.9475419685818739,
      "coverage_gap": -0.02199999999999991,
      "meets_target": false,
      "significantly_below": true,
      "mean_obj": -93.86169489720191,
      "obj_se": 0.039727804681206715,
      "mean_oracle_gap": 0.494751645523164,
      "oracle_gap_se": 0.029932080503992913,
      "mean_rel_oracle_gap": 0.005225130869698048,
      "mean_excess_s": 13.997872340425532,
      "selected_s_std": 28.482580831477392,
      "failure_rate": 0.0,
      "n_failed": 0
    },
    "UNGS": {
      "method": "UNGS",
      "n_reps": 500,
      "target": 0.95,
      "coverage": 0.93,
      "coverage_lo": 0.9042028101480832,
      "coverage_hi": 0.949240257054982,
      "coverage_gap": -0.019999999999999907,
      "meets_target": false,
      "significantly_below": true,
      "mean_obj": -93.74281245221248,
      "obj_se": 0.04134474883800329,
      "mean_oracle_gap": 0.6212223316821485,
      "oracle_gap_se": 0.033200437153959796,
      "mean_rel_oracle_gap": 0.0065639318777712735,
      "mean_excess_s": 18.604255319148937,
      "selected_s_std": 28.439889779345535,
      "failure_rate": 0.0,
      "n_failed": 0
    },
    "benchmark": {
      "method": "benchmark",
      "n_reps": 500,
      "target": 0.95,
      "coverage": 1.0,
      "coverage_lo": 0.9923756595384479,
      "coverage_hi": 1.0,
      "coverage_gap": 0.050000000000000044,
      "meets_target": true,
      "significantly_below": false,
      "mean_obj": -89.40511950675815,
      "obj_se": 0.034131425982535886,
      "mean_oracle_gap": 4.864904769416492,
      "oracle_gap_se": 0.04547250529629702,
      "mean_rel_oracle_gap": 0.05155642680158284,
      "mean_excess_s": NaN,
      "selected_s_std": NaN,
      "failure_rate": 0.0,
      "n_failed": 0
    },
    "_n_replication_errors": 0
  }
}