{
  "key": "paper_ro_ellipsoid_n1000_s0.5_d100",
  "config": "paper_ro_ellipsoid",
  "n": 1000,
  "split": 0.5,
  "d": 100,
  "reps": 500,
  "alpha": null,
  "beta": null,
  "dgp_params": null,
  "folds": null,
  "mesh_p": null,
  "elapsed_s": 94.93148684501648,
  "summaries": {
    "NV": {
      "method": "NV",
      "n_reps": 500,
      "target": 0.95,
      "coverage": 1.0,
      "coverage_lo": 0.9923756595384479,
      "coverage_hi": 1.0,
      "coverage_gap": 0.050000000000000044,
      "meets_target": true,
      "significantly_below": false,
      "mean_obj": -89.56233445159575,
      "obj_se": 0.021935365929011335,
      "mean_oracle_gap": 2.842170943040401e-16,
      "oracle_gap_se": 5.80132461151107e-16,
      "mean_rel_oracle_gap": 3.1686631947977296e-18,
      "mean_excess_s": 0.0,
      "selected_s_std": 0.03288999345518557,
      "failure_rate": 0.0,
      "n_failed": 0
    },
    "UG": {
      "method": "UG",
      "n_reps": 500,
      "target": 0.95,
      "coverage": 1.0,
      "coverage_lo": 0.9923756595384479,
      "coverage_hi": 1.0,
      "coverage_gap": 0.050000000000000044,
      "meets_target": true,
      "significantly_below": false,
      "mean_obj": -89.56233445159575,
      "obj_se": 0.021935365929011335,
      "mean_oracle_gap": 2.842170943040401e-16,
      "oracle_gap_se": 5.80132461151107e-16,
      "mean_rel_oracle_gap": 3.1686631947977296e-18,
      "mean_excess_s": 0.0,
      "selected_s_std": 0.03288999345518557,
      "failure_rate": 0.0,
      "n_failed": 0
    },
    "NGS": {
      "method": "NGS",
      "n_reps": 500,
      "target": 0.95,
      "coverage": 1.0,
      "coverage_lo": 0.9923756595384479,
      "coverage_hi": 1.0,
      "coverage_gap": 0.050000000000000044,
      "meets_target": true,
      "significantly_below": false,
      "mean_obj": -89.56233445159575,
      "obj_se": 0.021935365929011335,
      "mean_oracle_gap": 2.842170943040401e-16,
      "oracle_gap_se": 5.80132461151107e-16,
      "mean_rel_oracle_gap": 3.1686631947977296e-18,
      "mean_excess_s": 0.0,
      "selected_s_std": 0.03288999345518557,
      "failure_rate": 0.0,
      "n_failed": 0
    },
    "UNGS": {
      "method": "UNGS",
      "n_reps": 500,
      "target": 0.95,
      "coverage": 1.0,
      "coverage_lo": 0.9923756595384479,
      "coverage_hi": 1.0,
      "coverage_gap": 0.050000000000000044,
      "meets_target": true,
      "significantly_below": false,
      "mean_obj": -89.56233445159575,
      "obj_se": 0.021935365929011335,
      "mean_oracle_gap": 2.842170943040401e-16,
      "oracle_gap_se": 5.80132461151107e-16,
      "mean_rel_oracle_gap": 3.1686631947977296e-18,
      "mean_excess_s": 0.0,
      "selected_s_std": 0.03288999345518557,
      "failure_rate": 0.0,
      "n_failed": 0
    },
    "benchmark": {
      "method": "benchmark",
      "n_reps": 500,
      "target": 0.95,
      "coverage": 1.0,
      "coverage_lo": 0.9923756595384479,
      "coverage_hi": 1.0,
      "coverage_gap": 0.050000000000000044,
      "meets_target": true,
      "significantly_below": false,
      "mean_obj": -89.83596171629073,
      "obj_se": 0.0,
      "mean_oracle_gap": -0.2736272646949849,
      "oracle_gap_se": 0.021935365929011342,
      "mean_rel_oracle_gap": -0.0030851800582681137,
      "mean_excess_s": NaN,
      "selected_s_std": NaN,
      "failure_rate": 0.0,
      "n_failed": 0
    },
    "_n_replication_errors": 0
  }
}