{
  "key": "paper_dro_wasserstein_n100_s0.6_d20",
  "config": "paper_dro_wasserstein",
  "n": 100,
  "split": 0.6,
  "d": 20,
  "reps": 500,
  "alpha": null,
  "beta": null,
  "dgp_params": null,
  "folds": null,
  "mesh_p": null,
  "elapsed_s": 20.90063500404358,
  "summaries": {
    "NV": {
      "method": "NV",
      "n_reps": 500,
      "target": 0.95,
      "coverage": 0.482,
      "coverage_lo": 0.4385065876245351,
      "coverage_hi": 0.5257678886320809,
      "coverage_gap": -0.46799999999999997,
      "meets_target": false,
      "significantly_below": true,
      "mean_obj": -16.960343204449792,
      "obj_se": 0.035858924288950884,
      "mean_oracle_gap": -0.2091404756723919,
      "oracle_gap_se": 0.03697747433492113,
      "mean_rel_oracle_gap": -0.012637233429031464,
      "mean_excess_s": -0.005408074515415251,
      "selected_s_std": 0.06627982088897394,
      "failure_rate": 0.0,
      "n_failed": 0
    },
    "UG": {
      "method": "UG",
      "n_reps": 500,
      "target": 0.95,
      "coverage": 0.948,
      "coverage_lo": 0.9248988560621544,
      "coverage_hi": 0.9642697348842947,
      "coverage_gap": -0.0020000000000000018,
      "meets_target": false,
      "significantly_below": false,
      "mean_obj": -15.257157884659154,
      "obj_se": 0.04707119064031128,
      "mean_oracle_gap": 1.4940448441182448,
      "oracle_gap_se": 0.047917083834819844,
      "mean_rel_oracle_gap": 0.08905469903653966,
      "mean_excess_s": 0.14921568897872325,
      "selected_s_std": 0.12780207043587558,
      "failure_rate": 0.0,
      "n_failed": 0
    },
    "NGS": {
      "method": "NGS",
      "n_reps": 500,
      "target": 0.95,
      "coverage": 0.948,
      "coverage_lo": 0.9248988560621544,
      "coverage_hi": 0.9642697348842947,
      "coverage_gap": -0.0020000000000000018,
      "meets_target": false,
      "significantly_below": false,
      "mean_obj": -15.257157884659154,
      "obj_se": 0.04707119064031128,
      "mean_oracle_gap": 1.4940448441182448,
      "oracle_gap_se": 0.047917083834819844,
      "mean_rel_oracle_gap": 0.08905469903653966,
      "mean_excess_s": 0.14921568897872325,
      "selected_s_std": 0.12780207043587558,
      "failure_rate": 0.0,
      "n_failed": 0
    },
    "UNGS": {
      "method": "UNGS",
      "n_reps": 500,
      "target": 0.95,
      "coverage": 0.982,
      "coverage_lo": 0.9661483290912607,
      "coverage_hi": 0.990501806703803,
      "coverage_gap": 0.03200000000000003,
      "meets_target": true,
      "significantly_below": false,
      "mean_obj": -8.200931534630014,
      "obj_se": 0.15115876060310732,
      "mean_oracle_gap": 8.550271194147385,
      "oracle_gap_se": 0.1505506667694622,
      "mean_rel_oracle_gap": 0.5105926758955188,
      "mean_excess_s": 2.41205130095789,
      "selected_s_std": 1.089404284255227,
      "failure_rate": 0.0,
      "n_failed": 0
    },
    "_n_replication_errors": 0
  }
}