{
  "key": "paper_so_n1000_s0.7_d100",
  "config": "paper_so",
  "n": 1000,
  "split": 0.7,
  "d": 100,
  "reps": 500,
  "alpha": null,
  "beta": null,
  "dgp_params": null,
  "folds": null,
  "mesh_p": 60,
  "elapsed_s": 55.499573707580566,
  "summaries": {
    "NV": {
      "method": "NV",
      "n_reps": 500,
      "target": 0.95,
      "coverage": 0.784,
      "coverage_lo": 0.7458371194720326,
      "coverage_hi": 0.8178322551458059,
      "coverage_gap": -0.16599999999999993,
      "meets_target": false,
      "significantly_below": true,
      "mean_obj": -94.26997712225955,
      "obj_se": 0.04535491009122441,
      "mean_oracle_gap": -0.14497559531864362,
      "oracle_gap_se": 0.03778572065355962,
      "mean_rel_oracle_gap": -0.0015677420133470398,
      "mean_excess_s": -1.388,
      "selected_s_std": 33.95522048221734,
      "failure_rate": 0.0,
      "n_failed": 0
    },
    "UG": {
      "method": "UG",
      "n_reps": 500,
      "target": 0.95,
      "coverage": 0.982,
      "coverage_lo": 0.9661483290912607,
      "coverage_hi": 0.990501806703803,
      "coverage_gap": 0.03200000000000003,
      "meets_target": true,
      "significantly_below": false,
      "mean_obj": -93.37744602380323,
      "obj_se": 0.041190222645951104,
      "mean_oracle_gap": 0.7475555031376748,
      "oracle_gap_se": 0.039356809086525946,
      "mean_rel_oracle_gap": 0.007902082504070339,
      "mean_excess_s": 34.736,
      "selected_s_std": 56.78047517167713,
      "failure_rate": 0.0,
      "n_failed": 0
    },
    "NGS": {
      "method": "NGS",
      "n_reps": 500,
      "target": 0.95,
      "coverage": 0.996,
      "coverage_lo": 0.9855342847848231,
      "coverage_hi": 0.9989023694773173,
      "coverage_gap": 0.04600000000000004,
      "meets_target": true,
      "significantly_below": false,
      "mean_obj": -92.98005076236001,
      "obj_se": 0.040358302492086634,
      "mean_oracle_gap": 1.1449507645808854,
      "oracle_gap_se": 0.043827437066952225,
      "mean_rel_oracle_gap": 0.01211185292254728,
      "mean_excess_s": 59.52,
      "selected_s_std": 74.87767282558634,
      "failure_rate": 0.0,
      "n_failed": 0
    },
    "UNGS": {
      "method": "UNGS",
      "n_reps": 500,
      "target": 0.95,
      "coverage": 0.998,
      "coverage_lo": 0.9887592932948532,
      "coverage_hi": 0.9996468636054407,
      "coverage_gap": 0.04800000000000004,
      "meets_target": true,
      "significantly_below": false,
      "mean_obj": -92.53058986426744,
      "obj_se": 0.04088960645021007,
      "mean_oracle_gap": 1.5944116626734695,
      "oracle_gap_se": 0.04881487155314318,
      "mean_rel_oracle_gap": 0.016875398183984494,
      "mean_excess_s": 98.356,
      "selected_s_std": 107.09208479271705,
      "failure_rate": 0.0,
      "n_failed": 0
    },
    "benchmark": {
      "method": "benchmark",
      "n_reps": 500,
      "target": 0.95,
      "coverage": 1.0,
      "coverage_lo": 0.9923756595384479,
      "coverage_hi": 1.0,
      "coverage_gap": 0.050000000000000044,
      "meets_target": true,
      "significantly_below": false,
      "mean_obj": -89.36944508179529,
      "obj_se": 0.034506115401417785,
      "mean_oracle_gap": 4.755556445145617,
      "oracle_gap_se": 0.046927005788011636,
      "mean_rel_oracle_gap": 0.05045416156120987,
      "mean_excess_s": null,
      "selected_s_std": null,
      "failure_rate": 0.0,
      "n_failed": 0
    },
    "_n_replication_errors": 0
  }
}