{
  "key": "port_n100_d5",
  "n": 100,
  "split": 0.5,
  "d": 5,
  "gamma": 0.15,
  "dgp": "gaussian",
  "reps": 500,
  "elapsed_s": 2.433337450027466,
  "summaries": {
    "NV": {
      "method": "NV",
      "n_reps": 500,
      "target": 0.95,
      "coverage": 0.552,
      "coverage_lo": 0.508179738010616,
      "coverage_hi": 0.5950273305813826,
      "coverage_gap": -0.3979999999999999,
      "meets_target": false,
      "significantly_below": true,
      "mean_obj": -0.11907844162288414,
      "obj_se": 0.00021610345743850988,
      "mean_oracle_gap": NaN,
      "oracle_gap_se": NaN,
      "mean_rel_oracle_gap": NaN,
      "mean_excess_s": NaN,
      "selected_s_std": NaN,
      "failure_rate": 0.0,
      "mean_return": 0.11907844162288414,
      "mean_true_cvar": 0.15782307363958653
    },
    "UG": {
      "method": "UG",
      "n_reps": 500,
      "target": 0.95,
      "coverage": 0.782,
      "coverage_lo": 0.743733598415673,
      "coverage_hi": 0.8159662735640116,
      "coverage_gap": -0.16799999999999993,
      "meets_target": false,
      "significantly_below": true,
      "mean_obj": -0.11666546634738754,
      "obj_se": 0.00016736002027580444,
      "mean_oracle_gap": NaN,
      "oracle_gap_se": NaN,
      "mean_rel_oracle_gap": NaN,
      "mean_excess_s": NaN,
      "selected_s_std": NaN,
      "failure_rate": 0.0,
      "mean_return": 0.11666546634738754,
      "mean_true_cvar": 0.14627497277914636
    },
    "NGS": {
      "method": "NGS",
      "n_reps": 500,
      "target": 0.95,
      "coverage": 0.798,
      "coverage_lo": 0.7605971137604937,
      "coverage_hi": 0.8308587793244213,
      "coverage_gap": -0.1519999999999999,
      "meets_target": false,
      "significantly_below": true,
      "mean_obj": -0.11651725823761255,
      "obj_se": 0.0001638156038536797,
      "mean_oracle_gap": NaN,
      "oracle_gap_se": NaN,
      "mean_rel_oracle_gap": NaN,
      "mean_excess_s": NaN,
      "selected_s_std": NaN,
      "failure_rate": 0.0,
      "mean_return": 0.11651725823761255,
      "mean_true_cvar": 0.14576267605613352
    },
    "UNGS": {
      "method": "UNGS",
      "n_reps": 500,
      "target": 0.95,
      "coverage": 0.858,
      "coverage_lo": 0.8246703326752246,
      "coverage_hi": 0.885870639554304,
      "coverage_gap": -0.09199999999999997,
      "meets_target": false,
      "significantly_below": true,
      "mean_obj": -0.11606964213908083,
      "obj_se": 0.00013786271757005388,
      "mean_oracle_gap": NaN,
      "oracle_gap_se": NaN,
      "mean_rel_oracle_gap": NaN,
      "mean_excess_s": NaN,
      "selected_s_std": NaN,
      "failure_rate": 0.0,
      "mean_return": 0.11606964213908083,
      "mean_true_cvar": 0.1432440252053422
    },
    "benchmark": {
      "method": "benchmark",
      "n_reps": 500,
      "target": 0.95,
      "coverage": 0.096,
      "coverage_lo": 0.07317350466541904,
      "coverage_hi": 0.12498696242751521,
      "coverage_gap": -0.854,
      "meets_target": false,
      "significantly_below": true,
      "mean_obj": -0.12513788538794626,
      "obj_se": 0.00029922167158945436,
      "mean_oracle_gap": NaN,
      "oracle_gap_se": NaN,
      "mean_rel_oracle_gap": NaN,
      "mean_excess_s": NaN,
      "selected_s_std": NaN,
      "failure_rate": 0.0,
      "mean_return": 0.12513788538794626,
      "mean_true_cvar": 0.2012322577151802
    },
    "_n_replication_errors": 0
  }
}