{
  "key": "port_n500_d2",
  "n": 500,
  "split": 0.5,
  "d": 2,
  "gamma": 0.15,
  "dgp": "gaussian",
  "reps": 500,
  "elapsed_s": 4.032683610916138,
  "summaries": {
    "NV": {
      "method": "NV",
      "n_reps": 500,
      "target": 0.95,
      "coverage": 0.0,
      "coverage_lo": 4.336808689942018e-19,
      "coverage_hi": 0.007624340461552241,
      "coverage_gap": -0.95,
      "meets_target": false,
      "significantly_below": true,
      "mean_obj": -0.12499696412831554,
      "obj_se": 3.0358716844565146e-06,
      "mean_oracle_gap": NaN,
      "oracle_gap_se": NaN,
      "mean_rel_oracle_gap": NaN,
      "mean_excess_s": NaN,
      "selected_s_std": NaN,
      "failure_rate": 0.0,
      "mean_return": 0.12499696412831554,
      "mean_true_cvar": 0.23425121643825866
    },
    "UG": {
      "method": "UG",
      "n_reps": 500,
      "target": 0.95,
      "coverage": 0.0,
      "coverage_lo": 4.336808689942018e-19,
      "coverage_hi": 0.007624340461552241,
      "coverage_gap": -0.95,
      "meets_target": false,
      "significantly_below": true,
      "mean_obj": -0.12499696412831554,
      "obj_se": 3.0358716844565146e-06,
      "mean_oracle_gap": NaN,
      "oracle_gap_se": NaN,
      "mean_rel_oracle_gap": NaN,
      "mean_excess_s": NaN,
      "selected_s_std": NaN,
      "failure_rate": 0.0,
      "mean_return": 0.12499696412831554,
      "mean_true_cvar": 0.23425121643825866
    },
    "NGS": {
      "method": "NGS",
      "n_reps": 500,
      "target": 0.95,
      "coverage": 0.0,
      "coverage_lo": 4.336808689942018e-19,
      "coverage_hi": 0.007624340461552241,
      "coverage_gap": -0.95,
      "meets_target": false,
      "significantly_below": true,
      "mean_obj": -0.12499696412831554,
      "obj_se": 3.0358716844565146e-06,
      "mean_oracle_gap": NaN,
      "oracle_gap_se": NaN,
      "mean_rel_oracle_gap": NaN,
      "mean_excess_s": NaN,
      "selected_s_std": NaN,
      "failure_rate": 0.0,
      "mean_return": 0.12499696412831554,
      "mean_true_cvar": 0.23425121643825866
    },
    "UNGS": {
      "method": "UNGS",
      "n_reps": 500,
      "target": 0.95,
      "coverage": 0.0,
      "coverage_lo": 4.336808689942018e-19,
      "coverage_hi": 0.007624340461552241,
      "coverage_gap": -0.95,
      "meets_target": false,
      "significantly_below": true,
      "mean_obj": -0.12499696412831554,
      "obj_se": 3.0358716844565146e-06,
      "mean_oracle_gap": NaN,
      "oracle_gap_se": NaN,
      "mean_rel_oracle_gap": NaN,
      "mean_excess_s": NaN,
      "selected_s_std": NaN,
      "failure_rate": 0.0,
      "mean_return": 0.12499696412831554,
      "mean_true_cvar": 0.23425121643825866
    },
    "benchmark": {
      "method": "benchmark",
      "n_reps": 500,
      "target": 0.95,
      "coverage": 0.0,
      "coverage_lo": 4.336808689942018e-19,
      "coverage_hi": 0.007624340461552241,
      "coverage_gap": -0.95,
      "meets_target": false,
      "significantly_below": true,
      "mean_obj": -0.12499871534432205,
      "obj_se": 1.2846556779491373e-06,
      "mean_oracle_gap": NaN,
      "oracle_gap_se": NaN,
      "mean_rel_oracle_gap": NaN,
      "mean_excess_s": NaN,
      "selected_s_std": NaN,
      "failure_rate": 0.0,
      "mean_return": 0.12499871534432205,
      "mean_true_cvar": 0.23425738916575284
    },
    "_n_replication_errors": 0
  }
}