{
  "key": "port_n200_d2",
  "n": 200,
  "split": 0.5,
  "d": 2,
  "gamma": 0.15,
  "dgp": "gaussian",
  "reps": 500,
  "elapsed_s": 3.101011276245117,
  "summaries": {
    "NV": {
      "method": "NV",
      "n_reps": 18,
      "target": 0.95,
      "coverage": 0.0,
      "coverage_lo": 1.3877787807814457e-17,
      "coverage_hi": 0.17587922364665765,
      "coverage_gap": -0.95,
      "meets_target": false,
      "significantly_below": true,
      "mean_obj": -0.12320144411366869,
      "obj_se": 0.0005896223430000249,
      "mean_oracle_gap": null,
      "oracle_gap_se": null,
      "mean_rel_oracle_gap": null,
      "mean_excess_s": null,
      "selected_s_std": null,
      "failure_rate": 0.0,
      "mean_return": 0.12320144411366869,
      "mean_true_cvar": 0.23071245947165211
    },
    "UG": {
      "method": "UG",
      "n_reps": 18,
      "target": 0.95,
      "coverage": 0.0,
      "coverage_lo": 1.3877787807814457e-17,
      "coverage_hi": 0.17587922364665765,
      "coverage_gap": -0.95,
      "meets_target": false,
      "significantly_below": true,
      "mean_obj": -0.12329854548423842,
      "obj_se": 0.0006309313320931072,
      "mean_oracle_gap": null,
      "oracle_gap_se": null,
      "mean_rel_oracle_gap": null,
      "mean_excess_s": null,
      "selected_s_std": null,
      "failure_rate": 0.0,
      "mean_return": 0.12329854548423842,
      "mean_true_cvar": 0.2314496383589704
    },
    "NGS": {
      "method": "NGS",
      "n_reps": 18,
      "target": 0.95,
      "coverage": 0.0,
      "coverage_lo": 1.3877787807814457e-17,
      "coverage_hi": 0.17587922364665765,
      "coverage_gap": -0.95,
      "meets_target": false,
      "significantly_below": true,
      "mean_obj": -0.12329854548423842,
      "obj_se": 0.0006309313320931072,
      "mean_oracle_gap": null,
      "oracle_gap_se": null,
      "mean_rel_oracle_gap": null,
      "mean_excess_s": null,
      "selected_s_std": null,
      "failure_rate": 0.0,
      "mean_return": 0.12329854548423842,
      "mean_true_cvar": 0.2314496383589704
    },
    "UNGS": {
      "method": "UNGS",
      "n_reps": 18,
      "target": 0.95,
      "coverage": 0.0,
      "coverage_lo": 1.3877787807814457e-17,
      "coverage_hi": 0.17587922364665765,
      "coverage_gap": -0.95,
      "meets_target": false,
      "significantly_below": true,
      "mean_obj": -0.12308997137651723,
      "obj_se": 0.0006273774586891062,
      "mean_oracle_gap": null,
      "oracle_gap_se": null,
      "mean_rel_oracle_gap": null,
      "mean_excess_s": null,
      "selected_s_std": null,
      "failure_rate": 0.0,
      "mean_return": 0.12308997137651723,
      "mean_true_cvar": 0.23084402570818202
    },
    "benchmark": {
      "method": "benchmark",
      "n_reps": 18,
      "target": 0.95,
      "coverage": 0.0,
      "coverage_lo": 1.3877787807814457e-17,
      "coverage_hi": 0.17587922364665765,
      "coverage_gap": -0.95,
      "meets_target": false,
      "significantly_below": true,
      "mean_obj": -0.1253753250957148,
      "obj_se": 0.0008438977994950505,
      "mean_oracle_gap": null,
      "oracle_gap_se": null,
      "mean_rel_oracle_gap": null,
      "mean_excess_s": null,
      "selected_s_std": null,
      "failure_rate": 0.0,
      "mean_return": 0.1253753250957148,
      "mean_true_cvar": 0.24182539458953517
    },
    "_n_replication_errors": 482
  },
  "_provenance": {
    "git_commit": "d34ff2286f94f415327062e8df3721cd49ec3996",
    "git_dirty": true,
    "versions": {
      "numpy": "2.5.1",
      "scipy": "1.18.0",
      "cvxpy": "1.9.2",
      "gurobipy": "13.0.2"
    },
    "timestamp": null
  }
}