{
  "key": "port_n100_d10",
  "n": 100,
  "split": 0.5,
  "d": 10,
  "gamma": 0.15,
  "dgp": "gaussian",
  "reps": 500,
  "elapsed_s": 2.179091691970825,
  "summaries": {
    "NV": {
      "method": "NV",
      "n_reps": 500,
      "target": 0.95,
      "coverage": 0.414,
      "coverage_lo": 0.37164260890980144,
      "coverage_hi": 0.45766877764958563,
      "coverage_gap": -0.536,
      "meets_target": false,
      "significantly_below": true,
      "mean_obj": -0.12491305942794585,
      "obj_se": 0.00028954869056476844,
      "mean_oracle_gap": NaN,
      "oracle_gap_se": NaN,
      "mean_rel_oracle_gap": NaN,
      "mean_excess_s": NaN,
      "selected_s_std": NaN,
      "failure_rate": 0.0,
      "mean_return": 0.12491305942794585,
      "mean_true_cvar": 0.15805580868713084
    },
    "UG": {
      "method": "UG",
      "n_reps": 500,
      "target": 0.95,
      "coverage": 0.832,
      "coverage_lo": 0.7967256709103735,
      "coverage_hi": 0.8622117670231558,
      "coverage_gap": -0.118,
      "meets_target": false,
      "significantly_below": true,
      "mean_obj": -0.11784649833284058,
      "obj_se": 0.000277010439510881,
      "mean_oracle_gap": NaN,
      "oracle_gap_se": NaN,
      "mean_rel_oracle_gap": NaN,
      "mean_excess_s": NaN,
      "selected_s_std": NaN,
      "failure_rate": 0.0,
      "mean_return": 0.11784649833284058,
      "mean_true_cvar": 0.1248380053896071
    },
    "NGS": {
      "method": "NGS",
      "n_reps": 500,
      "target": 0.95,
      "coverage": 0.858,
      "coverage_lo": 0.8246703326752246,
      "coverage_hi": 0.885870639554304,
      "coverage_gap": -0.09199999999999997,
      "meets_target": false,
      "significantly_below": true,
      "mean_obj": -0.11706878660597511,
      "obj_se": 0.00026615806919219625,
      "mean_oracle_gap": NaN,
      "oracle_gap_se": NaN,
      "mean_rel_oracle_gap": NaN,
      "mean_excess_s": NaN,
      "selected_s_std": NaN,
      "failure_rate": 0.0,
      "mean_return": 0.11706878660597511,
      "mean_true_cvar": 0.12167315839081695
    },
    "UNGS": {
      "method": "UNGS",
      "n_reps": 500,
      "target": 0.95,
      "coverage": 0.934,
      "coverage_lo": 0.9087605988391466,
      "coverage_hi": 0.9526214736402262,
      "coverage_gap": -0.015999999999999903,
      "meets_target": false,
      "significantly_below": false,
      "mean_obj": -0.11511026726272428,
      "obj_se": 0.00020916292546083748,
      "mean_oracle_gap": NaN,
      "oracle_gap_se": NaN,
      "mean_rel_oracle_gap": NaN,
      "mean_excess_s": NaN,
      "selected_s_std": NaN,
      "failure_rate": 0.0,
      "mean_return": 0.11511026726272428,
      "mean_true_cvar": 0.11333780257857685
    },
    "benchmark": {
      "method": "benchmark",
      "n_reps": 500,
      "target": 0.95,
      "coverage": 0.016,
      "coverage_lo": 0.008129253033388314,
      "coverage_hi": 0.03125110853339426,
      "coverage_gap": -0.9339999999999999,
      "meets_target": false,
      "significantly_below": true,
      "mean_obj": -0.1321503309138399,
      "obj_se": 0.00017801232795020108,
      "mean_oracle_gap": NaN,
      "oracle_gap_se": NaN,
      "mean_rel_oracle_gap": NaN,
      "mean_excess_s": NaN,
      "selected_s_std": NaN,
      "failure_rate": 0.0,
      "mean_return": 0.1321503309138399,
      "mean_true_cvar": 0.21338891277670166
    },
    "_n_replication_errors": 0
  }
}