{
  "key": "port_n200_d10",
  "n": 200,
  "split": 0.5,
  "d": 10,
  "gamma": 0.15,
  "dgp": "gaussian",
  "reps": 500,
  "elapsed_s": 2.323063611984253,
  "summaries": {
    "NV": {
      "method": "NV",
      "n_reps": 500,
      "target": 0.95,
      "coverage": 0.506,
      "coverage_lo": 0.4622986388334935,
      "coverage_hi": 0.5496098690809679,
      "coverage_gap": -0.44399999999999995,
      "meets_target": false,
      "significantly_below": true,
      "mean_obj": -0.12438353322045487,
      "obj_se": 0.0002515597380790411,
      "mean_oracle_gap": null,
      "oracle_gap_se": null,
      "mean_rel_oracle_gap": null,
      "mean_excess_s": null,
      "selected_s_std": null,
      "failure_rate": 0.0,
      "mean_return": 0.12438353322045487,
      "mean_true_cvar": 0.15031486200758615
    },
    "UG": {
      "method": "UG",
      "n_reps": 500,
      "target": 0.95,
      "coverage": 0.914,
      "coverage_lo": 0.8861601885014425,
      "coverage_hi": 0.9355268575963924,
      "coverage_gap": -0.03599999999999992,
      "meets_target": false,
      "significantly_below": true,
      "mean_obj": -0.11814743454137971,
      "obj_se": 0.000225691050458331,
      "mean_oracle_gap": null,
      "oracle_gap_se": null,
      "mean_rel_oracle_gap": null,
      "mean_excess_s": null,
      "selected_s_std": null,
      "failure_rate": 0.0,
      "mean_return": 0.11814743454137971,
      "mean_true_cvar": 0.12366096696154648
    },
    "NGS": {
      "method": "NGS",
      "n_reps": 500,
      "target": 0.95,
      "coverage": 0.93,
      "coverage_lo": 0.9042028101480832,
      "coverage_hi": 0.949240257054982,
      "coverage_gap": -0.019999999999999907,
      "meets_target": false,
      "significantly_below": true,
      "mean_obj": -0.11749082192941968,
      "obj_se": 0.00021108148251917455,
      "mean_oracle_gap": null,
      "oracle_gap_se": null,
      "mean_rel_oracle_gap": null,
      "mean_excess_s": null,
      "selected_s_std": null,
      "failure_rate": 0.0,
      "mean_return": 0.11749082192941968,
      "mean_true_cvar": 0.12122981319427299
    },
    "UNGS": {
      "method": "UNGS",
      "n_reps": 500,
      "target": 0.95,
      "coverage": 0.948,
      "coverage_lo": 0.9248988560621544,
      "coverage_hi": 0.9642697348842947,
      "coverage_gap": -0.0020000000000000018,
      "meets_target": false,
      "significantly_below": false,
      "mean_obj": -0.1166257079118153,
      "obj_se": 0.00018903123247159182,
      "mean_oracle_gap": null,
      "oracle_gap_se": null,
      "mean_rel_oracle_gap": null,
      "mean_excess_s": null,
      "selected_s_std": null,
      "failure_rate": 0.0,
      "mean_return": 0.1166257079118153,
      "mean_true_cvar": 0.11816854861053812
    },
    "benchmark": {
      "method": "benchmark",
      "n_reps": 500,
      "target": 0.95,
      "coverage": 0.064,
      "coverage_lo": 0.04569601604478943,
      "coverage_hi": 0.08895240883768415,
      "coverage_gap": -0.8859999999999999,
      "meets_target": false,
      "significantly_below": true,
      "mean_obj": -0.13039677279555012,
      "obj_se": 0.0001803885341635044,
      "mean_oracle_gap": null,
      "oracle_gap_se": null,
      "mean_rel_oracle_gap": null,
      "mean_excess_s": null,
      "selected_s_std": null,
      "failure_rate": 0.0,
      "mean_return": 0.13039677279555012,
      "mean_true_cvar": 0.18884930890806628
    },
    "_n_replication_errors": 0
  },
  "_provenance": {
    "git_commit": "d34ff2286f94f415327062e8df3721cd49ec3996",
    "git_dirty": true,
    "versions": {
      "numpy": "2.5.1",
      "scipy": "1.18.0",
      "cvxpy": "1.9.2",
      "gurobipy": "13.0.2"
    },
    "timestamp": null
  }
}