{
  "key": "port_n1000_d5",
  "n": 1000,
  "split": 0.5,
  "d": 5,
  "gamma": 0.15,
  "dgp": "gaussian",
  "reps": 500,
  "elapsed_s": 4.5693182945251465,
  "summaries": {
    "NV": {
      "method": "NV",
      "n_reps": 494,
      "target": 0.95,
      "coverage": 0.6720647773279352,
      "coverage_lo": 0.62947728514502,
      "coverage_hi": 0.7119968869793799,
      "coverage_gap": -0.2779352226720647,
      "meets_target": false,
      "significantly_below": true,
      "mean_obj": -0.11788341157482093,
      "obj_se": 0.00011937977741850057,
      "mean_oracle_gap": null,
      "oracle_gap_se": null,
      "mean_rel_oracle_gap": null,
      "mean_excess_s": null,
      "selected_s_std": null,
      "failure_rate": 0.0,
      "mean_return": 0.11788341157482093,
      "mean_true_cvar": 0.14682277063196464
    },
    "UG": {
      "method": "UG",
      "n_reps": 494,
      "target": 0.95,
      "coverage": 0.9615384615384616,
      "coverage_lo": 0.9407130980461711,
      "coverage_hi": 0.9752411518875133,
      "coverage_gap": 0.011538461538461608,
      "meets_target": true,
      "significantly_below": false,
      "mean_obj": -0.11547132089481209,
      "obj_se": 0.00010100450377730187,
      "mean_oracle_gap": null,
      "oracle_gap_se": null,
      "mean_rel_oracle_gap": null,
      "mean_excess_s": null,
      "selected_s_std": null,
      "failure_rate": 0.0,
      "mean_return": 0.11547132089481209,
      "mean_true_cvar": 0.13890363674176862
    },
    "NGS": {
      "method": "NGS",
      "n_reps": 494,
      "target": 0.95,
      "coverage": 0.9635627530364372,
      "coverage_lo": 0.9431421586288881,
      "coverage_hi": 0.9768294345062597,
      "coverage_gap": 0.01356275303643728,
      "meets_target": true,
      "significantly_below": false,
      "mean_obj": -0.11534756512872793,
      "obj_se": 9.956535854843961e-05,
      "mean_oracle_gap": null,
      "oracle_gap_se": null,
      "mean_rel_oracle_gap": null,
      "mean_excess_s": null,
      "selected_s_std": null,
      "failure_rate": 0.0,
      "mean_return": 0.11534756512872793,
      "mean_true_cvar": 0.1385530319908865
    },
    "UNGS": {
      "method": "UNGS",
      "n_reps": 494,
      "target": 0.95,
      "coverage": 0.9635627530364372,
      "coverage_lo": 0.9431421586288881,
      "coverage_hi": 0.9768294345062597,
      "coverage_gap": 0.01356275303643728,
      "meets_target": true,
      "significantly_below": false,
      "mean_obj": -0.11532810121682298,
      "obj_se": 9.954977331564023e-05,
      "mean_oracle_gap": null,
      "oracle_gap_se": null,
      "mean_rel_oracle_gap": null,
      "mean_excess_s": null,
      "selected_s_std": null,
      "failure_rate": 0.0,
      "mean_return": 0.11532810121682298,
      "mean_true_cvar": 0.13850983904081357
    },
    "benchmark": {
      "method": "benchmark",
      "n_reps": 494,
      "target": 0.95,
      "coverage": 0.3259109311740891,
      "coverage_lo": 0.2860595096033647,
      "coverage_hi": 0.3684489750707721,
      "coverage_gap": -0.6240890688259109,
      "meets_target": false,
      "significantly_below": true,
      "mean_obj": -0.12025894640911125,
      "obj_se": 0.00014498894720547405,
      "mean_oracle_gap": null,
      "oracle_gap_se": null,
      "mean_rel_oracle_gap": null,
      "mean_excess_s": null,
      "selected_s_std": null,
      "failure_rate": 0.0,
      "mean_return": 0.12025894640911125,
      "mean_true_cvar": 0.15679572239408288
    },
    "_n_replication_errors": 6
  },
  "_provenance": {
    "git_commit": "d34ff2286f94f415327062e8df3721cd49ec3996",
    "git_dirty": true,
    "versions": {
      "numpy": "2.5.1",
      "scipy": "1.18.0",
      "cvxpy": "1.9.2",
      "gurobipy": "13.0.2"
    },
    "timestamp": null
  }
}