{
  "key": "port_n500_d5",
  "n": 500,
  "split": 0.5,
  "d": 5,
  "gamma": 0.15,
  "dgp": "gaussian",
  "reps": 500,
  "elapsed_s": 3.3887746334075928,
  "summaries": {
    "NV": {
      "method": "NV",
      "n_reps": 500,
      "target": 0.95,
      "coverage": 0.646,
      "coverage_lo": 0.6031159977821284,
      "coverage_hi": 0.6866576948030984,
      "coverage_gap": -0.30399999999999994,
      "meets_target": false,
      "significantly_below": true,
      "mean_obj": -0.11773557502113216,
      "obj_se": 0.00013069671798650315,
      "mean_oracle_gap": NaN,
      "oracle_gap_se": NaN,
      "mean_rel_oracle_gap": NaN,
      "mean_excess_s": NaN,
      "selected_s_std": NaN,
      "failure_rate": 0.0,
      "mean_return": 0.11773557502113216,
      "mean_true_cvar": 0.14724007491720983
    },
    "UG": {
      "method": "UG",
      "n_reps": 500,
      "target": 0.95,
      "coverage": 0.954,
      "coverage_lo": 0.9319222072317267,
      "coverage_hi": 0.9691548916291838,
      "coverage_gap": 0.0040000000000000036,
      "meets_target": true,
      "significantly_below": false,
      "mean_obj": -0.11527166195147075,
      "obj_se": 0.00010184629986985546,
      "mean_oracle_gap": NaN,
      "oracle_gap_se": NaN,
      "mean_rel_oracle_gap": NaN,
      "mean_excess_s": NaN,
      "selected_s_std": NaN,
      "failure_rate": 0.0,
      "mean_return": 0.11527166195147075,
      "mean_true_cvar": 0.13863647093508466
    },
    "NGS": {
      "method": "NGS",
      "n_reps": 500,
      "target": 0.95,
      "coverage": 0.97,
      "coverage_lo": 0.9510963331640543,
      "coverage_hi": 0.9817367868020865,
      "coverage_gap": 0.020000000000000018,
      "meets_target": true,
      "significantly_below": false,
      "mean_obj": -0.11512391099998803,
      "obj_se": 9.833406641279598e-05,
      "mean_oracle_gap": NaN,
      "oracle_gap_se": NaN,
      "mean_rel_oracle_gap": NaN,
      "mean_excess_s": NaN,
      "selected_s_std": NaN,
      "failure_rate": 0.0,
      "mean_return": 0.11512391099998803,
      "mean_true_cvar": 0.1381911642882123
    },
    "UNGS": {
      "method": "UNGS",
      "n_reps": 500,
      "target": 0.95,
      "coverage": 0.974,
      "coverage_lo": 0.9560285091657758,
      "coverage_hi": 0.9847436160766728,
      "coverage_gap": 0.02400000000000002,
      "meets_target": true,
      "significantly_below": false,
      "mean_obj": -0.11501602070164768,
      "obj_se": 9.620439003904716e-05,
      "mean_oracle_gap": NaN,
      "oracle_gap_se": NaN,
      "mean_rel_oracle_gap": NaN,
      "mean_excess_s": NaN,
      "selected_s_std": NaN,
      "failure_rate": 0.0,
      "mean_return": 0.11501602070164768,
      "mean_true_cvar": 0.1378868745530167
    },
    "benchmark": {
      "method": "benchmark",
      "n_reps": 500,
      "target": 0.95,
      "coverage": 0.274,
      "coverage_lo": 0.2367406256658206,
      "coverage_hi": 0.3147055762228011,
      "coverage_gap": -0.6759999999999999,
      "meets_target": false,
      "significantly_below": true,
      "mean_obj": -0.12072252036859715,
      "obj_se": 0.00019156653659936973,
      "mean_oracle_gap": NaN,
      "oracle_gap_se": NaN,
      "mean_rel_oracle_gap": NaN,
      "mean_excess_s": NaN,
      "selected_s_std": NaN,
      "failure_rate": 0.0,
      "mean_return": 0.12072252036859715,
      "mean_true_cvar": 0.16229974565407793
    },
    "_n_replication_errors": 0
  }
}