{
  "key": "port_n200_d2",
  "n": 200,
  "split": 0.5,
  "d": 2,
  "gamma": 0.15,
  "dgp": "gaussian",
  "reps": 500,
  "elapsed_s": 3.3006207942962646,
  "summaries": {
    "NV": {
      "method": "NV",
      "n_reps": 500,
      "target": 0.95,
      "coverage": 0.0,
      "coverage_lo": 4.336808689942018e-19,
      "coverage_hi": 0.007624340461552241,
      "coverage_gap": -0.95,
      "meets_target": false,
      "significantly_below": true,
      "mean_obj": -0.12492147680551927,
      "obj_se": 2.5802601063624946e-05,
      "mean_oracle_gap": NaN,
      "oracle_gap_se": NaN,
      "mean_rel_oracle_gap": NaN,
      "mean_excess_s": NaN,
      "selected_s_std": NaN,
      "failure_rate": 0.0,
      "mean_return": 0.12492147680551927,
      "mean_true_cvar": 0.23407743024881117
    },
    "UG": {
      "method": "UG",
      "n_reps": 500,
      "target": 0.95,
      "coverage": 0.0,
      "coverage_lo": 4.336808689942018e-19,
      "coverage_hi": 0.007624340461552241,
      "coverage_gap": -0.95,
      "meets_target": false,
      "significantly_below": true,
      "mean_obj": -0.1249341384140261,
      "obj_se": 2.300666017244956e-05,
      "mean_oracle_gap": NaN,
      "oracle_gap_se": NaN,
      "mean_rel_oracle_gap": NaN,
      "mean_excess_s": NaN,
      "selected_s_std": NaN,
      "failure_rate": 0.0,
      "mean_return": 0.1249341384140261,
      "mean_true_cvar": 0.23409900196750397
    },
    "NGS": {
      "method": "NGS",
      "n_reps": 500,
      "target": 0.95,
      "coverage": 0.0,
      "coverage_lo": 4.336808689942018e-19,
      "coverage_hi": 0.007624340461552241,
      "coverage_gap": -0.95,
      "meets_target": false,
      "significantly_below": true,
      "mean_obj": -0.1249341384140261,
      "obj_se": 2.300666017244956e-05,
      "mean_oracle_gap": NaN,
      "oracle_gap_se": NaN,
      "mean_rel_oracle_gap": NaN,
      "mean_excess_s": NaN,
      "selected_s_std": NaN,
      "failure_rate": 0.0,
      "mean_return": 0.1249341384140261,
      "mean_true_cvar": 0.23409900196750397
    },
    "UNGS": {
      "method": "UNGS",
      "n_reps": 500,
      "target": 0.95,
      "coverage": 0.0,
      "coverage_lo": 4.336808689942018e-19,
      "coverage_hi": 0.007624340461552241,
      "coverage_gap": -0.95,
      "meets_target": false,
      "significantly_below": true,
      "mean_obj": -0.12492147680551927,
      "obj_se": 2.5802601063624946e-05,
      "mean_oracle_gap": NaN,
      "oracle_gap_se": NaN,
      "mean_rel_oracle_gap": NaN,
      "mean_excess_s": NaN,
      "selected_s_std": NaN,
      "failure_rate": 0.0,
      "mean_return": 0.12492147680551927,
      "mean_true_cvar": 0.23407743024881117
    },
    "benchmark": {
      "method": "benchmark",
      "n_reps": 500,
      "target": 0.95,
      "coverage": 0.0,
      "coverage_lo": 4.336808689942018e-19,
      "coverage_hi": 0.007624340461552241,
      "coverage_gap": -0.95,
      "meets_target": false,
      "significantly_below": true,
      "mean_obj": -0.1249446694575731,
      "obj_se": 2.7629617772658952e-05,
      "mean_oracle_gap": NaN,
      "oracle_gap_se": NaN,
      "mean_rel_oracle_gap": NaN,
      "mean_excess_s": NaN,
      "selected_s_std": NaN,
      "failure_rate": 0.0,
      "mean_return": 0.1249446694575731,
      "mean_true_cvar": 0.2342032156131175
    },
    "_n_replication_errors": 0
  }
}