{
  "key": "port_n100_d10",
  "n": 100,
  "split": 0.5,
  "d": 10,
  "gamma": 0.15,
  "dgp": "gaussian",
  "reps": 500,
  "elapsed_s": 2.0363271236419678,
  "summaries": {
    "NV": {
      "method": "NV",
      "n_reps": 499,
      "target": 0.95,
      "coverage": 0.5070140280561122,
      "coverage_lo": 0.46326258655417857,
      "coverage_hi": 0.5506583021816407,
      "coverage_gap": -0.4429859719438878,
      "meets_target": false,
      "significantly_below": true,
      "mean_obj": -0.12408789070485847,
      "obj_se": 0.00029362946641614096,
      "mean_oracle_gap": null,
      "oracle_gap_se": null,
      "mean_rel_oracle_gap": null,
      "mean_excess_s": null,
      "selected_s_std": null,
      "failure_rate": 0.0,
      "mean_return": 0.12408789070485847,
      "mean_true_cvar": 0.15457576289945787
    },
    "UG": {
      "method": "UG",
      "n_reps": 499,
      "target": 0.95,
      "coverage": 0.8396793587174348,
      "coverage_lo": 0.8049106607913729,
      "coverage_hi": 0.8692580937004527,
      "coverage_gap": -0.11032064128256514,
      "meets_target": false,
      "significantly_below": true,
      "mean_obj": -0.11888898498207937,
      "obj_se": 0.00026326758050749095,
      "mean_oracle_gap": null,
      "oracle_gap_se": null,
      "mean_rel_oracle_gap": null,
      "mean_excess_s": null,
      "selected_s_std": null,
      "failure_rate": 0.0,
      "mean_return": 0.11888898498207937,
      "mean_true_cvar": 0.13018111107019542
    },
    "NGS": {
      "method": "NGS",
      "n_reps": 499,
      "target": 0.95,
      "coverage": 0.8557114228456913,
      "coverage_lo": 0.8221616873833008,
      "coverage_hi": 0.8838262413618264,
      "coverage_gap": -0.0942885771543086,
      "meets_target": false,
      "significantly_below": true,
      "mean_obj": -0.1184837740918194,
      "obj_se": 0.00025379349438318786,
      "mean_oracle_gap": null,
      "oracle_gap_se": null,
      "mean_rel_oracle_gap": null,
      "mean_excess_s": null,
      "selected_s_std": null,
      "failure_rate": 0.0,
      "mean_return": 0.1184837740918194,
      "mean_true_cvar": 0.12819734970700566
    },
    "UNGS": {
      "method": "UNGS",
      "n_reps": 499,
      "target": 0.95,
      "coverage": 0.9418837675350702,
      "coverage_lo": 0.9177818625084385,
      "coverage_hi": 0.9592341278481843,
      "coverage_gap": -0.008116232464929762,
      "meets_target": false,
      "significantly_below": false,
      "mean_obj": -0.1168771432261754,
      "obj_se": 0.00021172525834822835,
      "mean_oracle_gap": null,
      "oracle_gap_se": null,
      "mean_rel_oracle_gap": null,
      "mean_excess_s": null,
      "selected_s_std": null,
      "failure_rate": 0.0,
      "mean_return": 0.1168771432261754,
      "mean_true_cvar": 0.12152525768148766
    },
    "benchmark": {
      "method": "benchmark",
      "n_reps": 499,
      "target": 0.95,
      "coverage": 0.012024048096192385,
      "coverage_lo": 0.00552206202410771,
      "coverage_hi": 0.025981821641027705,
      "coverage_gap": -0.9379759519038076,
      "meets_target": false,
      "significantly_below": true,
      "mean_obj": -0.13236697850592977,
      "obj_se": 0.00017734529710562824,
      "mean_oracle_gap": null,
      "oracle_gap_se": null,
      "mean_rel_oracle_gap": null,
      "mean_excess_s": null,
      "selected_s_std": null,
      "failure_rate": 0.0,
      "mean_return": 0.13236697850592977,
      "mean_true_cvar": 0.21557850812443233
    },
    "_n_replication_errors": 1
  },
  "_provenance": {
    "git_commit": "d34ff2286f94f415327062e8df3721cd49ec3996",
    "git_dirty": true,
    "versions": {
      "numpy": "2.5.1",
      "scipy": "1.18.0",
      "cvxpy": "1.9.2",
      "gurobipy": "13.0.2"
    },
    "timestamp": null
  }
}