{
  "key": "port_n1000_d20",
  "n": 1000,
  "split": 0.5,
  "d": 20,
  "gamma": 0.15,
  "dgp": "gaussian",
  "reps": 500,
  "elapsed_s": 7.504653215408325,
  "summaries": {
    "NV": {
      "method": "NV",
      "n_reps": 500,
      "target": 0.95,
      "coverage": 0.588,
      "coverage_lo": 0.5443465920099858,
      "coverage_hi": 0.630311524068781,
      "coverage_gap": -0.362,
      "meets_target": false,
      "significantly_below": true,
      "mean_obj": -0.1314486500689651,
      "obj_se": 8.906109298453498e-05,
      "mean_oracle_gap": null,
      "oracle_gap_se": null,
      "mean_rel_oracle_gap": null,
      "mean_excess_s": null,
      "selected_s_std": null,
      "failure_rate": 0.0,
      "mean_return": 0.1314486500689651,
      "mean_true_cvar": 0.14700799748010734
    },
    "UG": {
      "method": "UG",
      "n_reps": 500,
      "target": 0.95,
      "coverage": 0.938,
      "coverage_lo": 0.9133402868983618,
      "coverage_hi": 0.9559807908573184,
      "coverage_gap": -0.01200000000000001,
      "meets_target": false,
      "significantly_below": false,
      "mean_obj": -0.12779510016762197,
      "obj_se": 0.0001483099362686852,
      "mean_oracle_gap": null,
      "oracle_gap_se": null,
      "mean_rel_oracle_gap": null,
      "mean_excess_s": null,
      "selected_s_std": null,
      "failure_rate": 0.0,
      "mean_return": 0.12779510016762197,
      "mean_true_cvar": 0.12838766381324143
    },
    "NGS": {
      "method": "NGS",
      "n_reps": 500,
      "target": 0.95,
      "coverage": 0.966,
      "coverage_lo": 0.9462286344983655,
      "coverage_hi": 0.9786654801914678,
      "coverage_gap": 0.016000000000000014,
      "meets_target": true,
      "significantly_below": false,
      "mean_obj": -0.12677667593672062,
      "obj_se": 0.00016102489870041233,
      "mean_oracle_gap": null,
      "oracle_gap_se": null,
      "mean_rel_oracle_gap": null,
      "mean_excess_s": null,
      "selected_s_std": null,
      "failure_rate": 0.0,
      "mean_return": 0.12677667593672062,
      "mean_true_cvar": 0.12435613258982936
    },
    "UNGS": {
      "method": "UNGS",
      "n_reps": 500,
      "target": 0.95,
      "coverage": 0.966,
      "coverage_lo": 0.9462286344983655,
      "coverage_hi": 0.9786654801914678,
      "coverage_gap": 0.016000000000000014,
      "meets_target": true,
      "significantly_below": false,
      "mean_obj": -0.12629894564197713,
      "obj_se": 0.00017950721684239606,
      "mean_oracle_gap": null,
      "oracle_gap_se": null,
      "mean_rel_oracle_gap": null,
      "mean_excess_s": null,
      "selected_s_std": null,
      "failure_rate": 0.0,
      "mean_return": 0.12629894564197713,
      "mean_true_cvar": 0.12293620806140756
    },
    "benchmark": {
      "method": "benchmark",
      "n_reps": 500,
      "target": 0.95,
      "coverage": 0.162,
      "coverage_lo": 0.13230178838983928,
      "coverage_hi": 0.19685226576217005,
      "coverage_gap": -0.7879999999999999,
      "meets_target": false,
      "significantly_below": true,
      "mean_obj": -0.13328845551979265,
      "obj_se": 7.222234964087817e-05,
      "mean_oracle_gap": null,
      "oracle_gap_se": null,
      "mean_rel_oracle_gap": null,
      "mean_excess_s": null,
      "selected_s_std": null,
      "failure_rate": 0.0,
      "mean_return": 0.13328845551979265,
      "mean_true_cvar": 0.16155170489936194
    },
    "_n_replication_errors": 0
  },
  "_provenance": {
    "git_commit": "d34ff2286f94f415327062e8df3721cd49ec3996",
    "git_dirty": true,
    "versions": {
      "numpy": "2.5.1",
      "scipy": "1.18.0",
      "cvxpy": "1.9.2",
      "gurobipy": "13.0.2"
    },
    "timestamp": null
  }
}