{
  "key": "port_n500_d20",
  "n": 500,
  "split": 0.5,
  "d": 20,
  "gamma": 0.15,
  "dgp": "gaussian",
  "reps": 500,
  "elapsed_s": 3.7576210498809814,
  "summaries": {
    "NV": {
      "method": "NV",
      "n_reps": 500,
      "target": 0.95,
      "coverage": 0.572,
      "coverage_lo": 0.5282438503629422,
      "coverage_hi": 0.6146582446105943,
      "coverage_gap": -0.378,
      "meets_target": false,
      "significantly_below": true,
      "mean_obj": -0.13066333796891383,
      "obj_se": 0.00013434953852229368,
      "mean_oracle_gap": NaN,
      "oracle_gap_se": NaN,
      "mean_rel_oracle_gap": NaN,
      "mean_excess_s": NaN,
      "selected_s_std": NaN,
      "failure_rate": 0.0,
      "mean_return": 0.13066333796891383,
      "mean_true_cvar": 0.14634479543390733
    },
    "UG": {
      "method": "UG",
      "n_reps": 500,
      "target": 0.95,
      "coverage": 0.94,
      "coverage_lo": 0.9156389368747802,
      "coverage_hi": 0.9576516435190539,
      "coverage_gap": -0.010000000000000009,
      "meets_target": false,
      "significantly_below": false,
      "mean_obj": -0.12493953274041918,
      "obj_se": 0.00022738642717842056,
      "mean_oracle_gap": NaN,
      "oracle_gap_se": NaN,
      "mean_rel_oracle_gap": NaN,
      "mean_excess_s": NaN,
      "selected_s_std": NaN,
      "failure_rate": 0.0,
      "mean_return": 0.12493953274041918,
      "mean_true_cvar": 0.12064159454696362
    },
    "NGS": {
      "method": "NGS",
      "n_reps": 500,
      "target": 0.95,
      "coverage": 0.966,
      "coverage_lo": 0.9462286344983655,
      "coverage_hi": 0.9786654801914678,
      "coverage_gap": 0.016000000000000014,
      "meets_target": true,
      "significantly_below": false,
      "mean_obj": -0.1231815568413019,
      "obj_se": 0.0002444424452941107,
      "mean_oracle_gap": NaN,
      "oracle_gap_se": NaN,
      "mean_rel_oracle_gap": NaN,
      "mean_excess_s": NaN,
      "selected_s_std": NaN,
      "failure_rate": 0.0,
      "mean_return": 0.1231815568413019,
      "mean_true_cvar": 0.11491253574568595
    },
    "UNGS": {
      "method": "UNGS",
      "n_reps": 500,
      "target": 0.95,
      "coverage": 0.966,
      "coverage_lo": 0.9462286344983655,
      "coverage_hi": 0.9786654801914678,
      "coverage_gap": 0.016000000000000014,
      "meets_target": true,
      "significantly_below": false,
      "mean_obj": -0.12152322673377361,
      "obj_se": 0.0002771342536213669,
      "mean_oracle_gap": NaN,
      "oracle_gap_se": NaN,
      "mean_rel_oracle_gap": NaN,
      "mean_excess_s": NaN,
      "selected_s_std": NaN,
      "failure_rate": 0.0,
      "mean_return": 0.12152322673377361,
      "mean_true_cvar": 0.11071965299615649
    },
    "benchmark": {
      "method": "benchmark",
      "n_reps": 500,
      "target": 0.95,
      "coverage": 0.088,
      "coverage_lo": 0.06620598447492893,
      "coverage_hi": 0.11607647206539012,
      "coverage_gap": -0.862,
      "meets_target": false,
      "significantly_below": true,
      "mean_obj": -0.13376354914587943,
      "obj_se": 9.061635950564094e-05,
      "mean_oracle_gap": NaN,
      "oracle_gap_se": NaN,
      "mean_rel_oracle_gap": NaN,
      "mean_excess_s": NaN,
      "selected_s_std": NaN,
      "failure_rate": 0.0,
      "mean_return": 0.13376354914587943,
      "mean_true_cvar": 0.17113698093918964
    },
    "_n_replication_errors": 0
  }
}