{
  "key": "port_n1000_d20",
  "n": 1000,
  "split": 0.5,
  "d": 20,
  "gamma": 0.15,
  "dgp": "gaussian",
  "reps": 500,
  "elapsed_s": 7.5243613719940186,
  "summaries": {
    "NV": {
      "method": "NV",
      "n_reps": 500,
      "target": 0.95,
      "coverage": 0.614,
      "coverage_lo": 0.5706131270887722,
      "coverage_hi": 0.6556485232859939,
      "coverage_gap": -0.33599999999999997,
      "meets_target": false,
      "significantly_below": true,
      "mean_obj": -0.13114396249292337,
      "obj_se": 9.84168043898459e-05,
      "mean_oracle_gap": NaN,
      "oracle_gap_se": NaN,
      "mean_rel_oracle_gap": NaN,
      "mean_excess_s": NaN,
      "selected_s_std": NaN,
      "failure_rate": 0.0,
      "mean_return": 0.13114396249292337,
      "mean_true_cvar": 0.14520364238735828
    },
    "UG": {
      "method": "UG",
      "n_reps": 500,
      "target": 0.95,
      "coverage": 0.952,
      "coverage_lo": 0.92957280316411,
      "coverage_hi": 0.9675347930586469,
      "coverage_gap": 0.0020000000000000018,
      "meets_target": true,
      "significantly_below": false,
      "mean_obj": -0.1271776786245767,
      "obj_se": 0.00016444279057590186,
      "mean_oracle_gap": NaN,
      "oracle_gap_se": NaN,
      "mean_rel_oracle_gap": NaN,
      "mean_excess_s": NaN,
      "selected_s_std": NaN,
      "failure_rate": 0.0,
      "mean_return": 0.1271776786245767,
      "mean_true_cvar": 0.12607820584861393
    },
    "NGS": {
      "method": "NGS",
      "n_reps": 500,
      "target": 0.95,
      "coverage": 0.974,
      "coverage_lo": 0.9560285091657758,
      "coverage_hi": 0.9847436160766728,
      "coverage_gap": 0.02400000000000002,
      "meets_target": true,
      "significantly_below": false,
      "mean_obj": -0.1260936810491354,
      "obj_se": 0.0001749642880227128,
      "mean_oracle_gap": NaN,
      "oracle_gap_se": NaN,
      "mean_rel_oracle_gap": NaN,
      "mean_excess_s": NaN,
      "selected_s_std": NaN,
      "failure_rate": 0.0,
      "mean_return": 0.1260936810491354,
      "mean_true_cvar": 0.12193507454491541
    },
    "UNGS": {
      "method": "UNGS",
      "n_reps": 500,
      "target": 0.95,
      "coverage": 0.97,
      "coverage_lo": 0.9510963331640543,
      "coverage_hi": 0.9817367868020865,
      "coverage_gap": 0.020000000000000018,
      "meets_target": true,
      "significantly_below": false,
      "mean_obj": -0.12559313199715416,
      "obj_se": 0.00019851497276159654,
      "mean_oracle_gap": NaN,
      "oracle_gap_se": NaN,
      "mean_rel_oracle_gap": NaN,
      "mean_excess_s": NaN,
      "selected_s_std": NaN,
      "failure_rate": 0.0,
      "mean_return": 0.12559313199715416,
      "mean_true_cvar": 0.12067585901092022
    },
    "benchmark": {
      "method": "benchmark",
      "n_reps": 500,
      "target": 0.95,
      "coverage": 0.162,
      "coverage_lo": 0.13230178838983928,
      "coverage_hi": 0.19685226576217005,
      "coverage_gap": -0.7879999999999999,
      "meets_target": false,
      "significantly_below": true,
      "mean_obj": -0.1333099537345363,
      "obj_se": 6.658366648641212e-05,
      "mean_oracle_gap": NaN,
      "oracle_gap_se": NaN,
      "mean_rel_oracle_gap": NaN,
      "mean_excess_s": NaN,
      "selected_s_std": NaN,
      "failure_rate": 0.0,
      "mean_return": 0.1333099537345363,
      "mean_true_cvar": 0.16145499902559443
    },
    "_n_replication_errors": 0
  }
}