{
  "key": "port_n100_d20",
  "n": 100,
  "split": 0.5,
  "d": 20,
  "gamma": 0.15,
  "dgp": "gaussian",
  "reps": 500,
  "elapsed_s": 2.0576255321502686,
  "summaries": {
    "NV": {
      "method": "NV",
      "n_reps": 500,
      "target": 0.95,
      "coverage": 0.474,
      "coverage_lo": 0.43059811407349635,
      "coverage_hi": 0.5177983516305045,
      "coverage_gap": -0.476,
      "meets_target": false,
      "significantly_below": true,
      "mean_obj": -0.12930518733721966,
      "obj_se": 0.0002826570219093975,
      "mean_oracle_gap": null,
      "oracle_gap_se": null,
      "mean_rel_oracle_gap": null,
      "mean_excess_s": null,
      "selected_s_std": null,
      "failure_rate": 0.0,
      "mean_return": 0.12930518733721966,
      "mean_true_cvar": 0.15439725847153574
    },
    "UG": {
      "method": "UG",
      "n_reps": 500,
      "target": 0.95,
      "coverage": 0.838,
      "coverage_lo": 0.8031477342378299,
      "coverage_hi": 0.8676982116101608,
      "coverage_gap": -0.11199999999999999,
      "meets_target": false,
      "significantly_below": true,
      "mean_obj": -0.12236382014847161,
      "obj_se": 0.000326013213217419,
      "mean_oracle_gap": null,
      "oracle_gap_se": null,
      "mean_rel_oracle_gap": null,
      "mean_excess_s": null,
      "selected_s_std": null,
      "failure_rate": 0.0,
      "mean_return": 0.12236382014847161,
      "mean_true_cvar": 0.12110096475441727
    },
    "NGS": {
      "method": "NGS",
      "n_reps": 500,
      "target": 0.95,
      "coverage": 0.884,
      "coverage_lo": 0.8529581630365658,
      "coverage_hi": 0.9091863434889621,
      "coverage_gap": -0.06599999999999995,
      "meets_target": false,
      "significantly_below": true,
      "mean_obj": -0.12140316682741381,
      "obj_se": 0.0003125844049453314,
      "mean_oracle_gap": null,
      "oracle_gap_se": null,
      "mean_rel_oracle_gap": null,
      "mean_excess_s": null,
      "selected_s_std": null,
      "failure_rate": 0.0,
      "mean_return": 0.12140316682741381,
      "mean_true_cvar": 0.11744988772951642
    },
    "UNGS": {
      "method": "UNGS",
      "n_reps": 500,
      "target": 0.95,
      "coverage": 0.952,
      "coverage_lo": 0.92957280316411,
      "coverage_hi": 0.9675347930586469,
      "coverage_gap": 0.0020000000000000018,
      "meets_target": true,
      "significantly_below": false,
      "mean_obj": -0.11859231445167771,
      "obj_se": 0.00026477777616029213,
      "mean_oracle_gap": null,
      "oracle_gap_se": null,
      "mean_rel_oracle_gap": null,
      "mean_excess_s": null,
      "selected_s_std": null,
      "failure_rate": 0.0,
      "mean_return": 0.11859231445167771,
      "mean_true_cvar": 0.1069184802925876
    },
    "benchmark": {
      "method": "benchmark",
      "n_reps": 500,
      "target": 0.95,
      "coverage": 0.006,
      "coverage_lo": 0.002042596271960237,
      "coverage_hi": 0.01749025210405338,
      "coverage_gap": -0.944,
      "meets_target": false,
      "significantly_below": true,
      "mean_obj": -0.13583929212795376,
      "obj_se": 0.00011221431752277666,
      "mean_oracle_gap": null,
      "oracle_gap_se": null,
      "mean_rel_oracle_gap": null,
      "mean_excess_s": null,
      "selected_s_std": null,
      "failure_rate": 0.0,
      "mean_return": 0.13583929212795376,
      "mean_true_cvar": 0.21838884993028268
    },
    "_n_replication_errors": 0
  },
  "_provenance": {
    "git_commit": "d34ff2286f94f415327062e8df3721cd49ec3996",
    "git_dirty": true,
    "versions": {
      "numpy": "2.5.1",
      "scipy": "1.18.0",
      "cvxpy": "1.9.2",
      "gurobipy": "13.0.2"
    },
    "timestamp": null
  }
}