{
  "key": "port_n200_d10",
  "n": 200,
  "split": 0.5,
  "d": 10,
  "gamma": 0.15,
  "dgp": "gaussian",
  "reps": 500,
  "elapsed_s": 2.3972580432891846,
  "summaries": {
    "NV": {
      "method": "NV",
      "n_reps": 500,
      "target": 0.95,
      "coverage": 0.528,
      "coverage_lo": 0.48419577166421596,
      "coverage_hi": 0.5713772652699372,
      "coverage_gap": -0.42199999999999993,
      "meets_target": false,
      "significantly_below": true,
      "mean_obj": -0.1241910746685835,
      "obj_se": 0.0002552301133764345,
      "mean_oracle_gap": NaN,
      "oracle_gap_se": NaN,
      "mean_rel_oracle_gap": NaN,
      "mean_excess_s": NaN,
      "selected_s_std": NaN,
      "failure_rate": 0.0,
      "mean_return": 0.1241910746685835,
      "mean_true_cvar": 0.14961208325870573
    },
    "UG": {
      "method": "UG",
      "n_reps": 500,
      "target": 0.95,
      "coverage": 0.88,
      "coverage_lo": 0.8485804013755894,
      "coverage_hi": 0.9056250998736309,
      "coverage_gap": -0.06999999999999995,
      "meets_target": false,
      "significantly_below": true,
      "mean_obj": -0.11706327056705598,
      "obj_se": 0.000252494728754192,
      "mean_oracle_gap": NaN,
      "oracle_gap_se": NaN,
      "mean_rel_oracle_gap": NaN,
      "mean_excess_s": NaN,
      "selected_s_std": NaN,
      "failure_rate": 0.0,
      "mean_return": 0.11706327056705598,
      "mean_true_cvar": 0.11962666317241162
    },
    "NGS": {
      "method": "NGS",
      "n_reps": 500,
      "target": 0.95,
      "coverage": 0.926,
      "coverage_lo": 0.8996652466777695,
      "coverage_hi": 0.945838815248988,
      "coverage_gap": -0.02399999999999991,
      "meets_target": false,
      "significantly_below": true,
      "mean_obj": -0.11609493520307784,
      "obj_se": 0.00022717242320102185,
      "mean_oracle_gap": NaN,
      "oracle_gap_se": NaN,
      "mean_rel_oracle_gap": NaN,
      "mean_excess_s": NaN,
      "selected_s_std": NaN,
      "failure_rate": 0.0,
      "mean_return": 0.11609493520307784,
      "mean_true_cvar": 0.11598260931888364
    },
    "UNGS": {
      "method": "UNGS",
      "n_reps": 500,
      "target": 0.95,
      "coverage": 0.95,
      "coverage_lo": 0.9272318388284524,
      "coverage_hi": 0.9659062547561506,
      "coverage_gap": 0.0,
      "meets_target": true,
      "significantly_below": false,
      "mean_obj": -0.11501194269925585,
      "obj_se": 0.0002039616949671369,
      "mean_oracle_gap": NaN,
      "oracle_gap_se": NaN,
      "mean_rel_oracle_gap": NaN,
      "mean_excess_s": NaN,
      "selected_s_std": NaN,
      "failure_rate": 0.0,
      "mean_return": 0.11501194269925585,
      "mean_true_cvar": 0.1122010754147218
    },
    "benchmark": {
      "method": "benchmark",
      "n_reps": 500,
      "target": 0.95,
      "coverage": 0.058,
      "coverage_lo": 0.0406837291117572,
      "coverage_hi": 0.08205618785625499,
      "coverage_gap": -0.8919999999999999,
      "meets_target": false,
      "significantly_below": true,
      "mean_obj": -0.13035687183359213,
      "obj_se": 0.00017929719739560705,
      "mean_oracle_gap": NaN,
      "oracle_gap_se": NaN,
      "mean_rel_oracle_gap": NaN,
      "mean_excess_s": NaN,
      "selected_s_std": NaN,
      "failure_rate": 0.0,
      "mean_return": 0.13035687183359213,
      "mean_true_cvar": 0.18859957855462622
    },
    "_n_replication_errors": 0
  }
}