{
  "key": "port_n1000_d10",
  "n": 1000,
  "split": 0.5,
  "d": 10,
  "gamma": 0.15,
  "dgp": "gaussian",
  "reps": 500,
  "elapsed_s": 5.268816709518433,
  "summaries": {
    "NV": {
      "method": "NV",
      "n_reps": 500,
      "target": 0.95,
      "coverage": 0.652,
      "coverage_lo": 0.6092325025566356,
      "coverage_hi": 0.6924496979430526,
      "coverage_gap": -0.29799999999999993,
      "meets_target": false,
      "significantly_below": true,
      "mean_obj": -0.1255846251176787,
      "obj_se": 0.00011505645375096819,
      "mean_oracle_gap": NaN,
      "oracle_gap_se": NaN,
      "mean_rel_oracle_gap": NaN,
      "mean_excess_s": NaN,
      "selected_s_std": NaN,
      "failure_rate": 0.0,
      "mean_return": 0.1255846251176787,
      "mean_true_cvar": 0.14569816894655505
    },
    "UG": {
      "method": "UG",
      "n_reps": 500,
      "target": 0.95,
      "coverage": 0.956,
      "coverage_lo": 0.9342805571276716,
      "coverage_hi": 0.9707660443713928,
      "coverage_gap": 0.006000000000000005,
      "meets_target": true,
      "significantly_below": false,
      "mean_obj": -0.12113461987405512,
      "obj_se": 0.0001646704693317644,
      "mean_oracle_gap": NaN,
      "oracle_gap_se": NaN,
      "mean_rel_oracle_gap": NaN,
      "mean_excess_s": NaN,
      "selected_s_std": NaN,
      "failure_rate": 0.0,
      "mean_return": 0.12113461987405512,
      "mean_true_cvar": 0.12809787209186538
    },
    "NGS": {
      "method": "NGS",
      "n_reps": 500,
      "target": 0.95,
      "coverage": 0.97,
      "coverage_lo": 0.9510963331640543,
      "coverage_hi": 0.9817367868020865,
      "coverage_gap": 0.020000000000000018,
      "meets_target": true,
      "significantly_below": false,
      "mean_obj": -0.12012292273392765,
      "obj_se": 0.00017035431113947755,
      "mean_oracle_gap": NaN,
      "oracle_gap_se": NaN,
      "mean_rel_oracle_gap": NaN,
      "mean_excess_s": NaN,
      "selected_s_std": NaN,
      "failure_rate": 0.0,
      "mean_return": 0.12012292273392765,
      "mean_true_cvar": 0.12469338662118822
    },
    "UNGS": {
      "method": "UNGS",
      "n_reps": 500,
      "target": 0.95,
      "coverage": 0.97,
      "coverage_lo": 0.9510963331640543,
      "coverage_hi": 0.9817367868020865,
      "coverage_gap": 0.020000000000000018,
      "meets_target": true,
      "significantly_below": false,
      "mean_obj": -0.11960219084523206,
      "obj_se": 0.00018148134563241773,
      "mean_oracle_gap": NaN,
      "oracle_gap_se": NaN,
      "mean_rel_oracle_gap": NaN,
      "mean_excess_s": NaN,
      "selected_s_std": NaN,
      "failure_rate": 0.0,
      "mean_return": 0.11960219084523206,
      "mean_true_cvar": 0.12322250933916064
    },
    "benchmark": {
      "method": "benchmark",
      "n_reps": 500,
      "target": 0.95,
      "coverage": 0.244,
      "coverage_lo": 0.208398855460222,
      "coverage_hi": 0.2835048068560928,
      "coverage_gap": -0.706,
      "meets_target": false,
      "significantly_below": true,
      "mean_obj": -0.12818231793582488,
      "obj_se": 0.00010849238557344702,
      "mean_oracle_gap": NaN,
      "oracle_gap_se": NaN,
      "mean_rel_oracle_gap": NaN,
      "mean_excess_s": NaN,
      "selected_s_std": NaN,
      "failure_rate": 0.0,
      "mean_return": 0.12818231793582488,
      "mean_true_cvar": 0.1599127551736809
    },
    "_n_replication_errors": 0
  }
}