{
  "key": "port_n200_d5",
  "n": 200,
  "split": 0.5,
  "d": 5,
  "gamma": 0.15,
  "dgp": "gaussian",
  "reps": 500,
  "elapsed_s": 2.5107078552246094,
  "summaries": {
    "NV": {
      "method": "NV",
      "n_reps": 468,
      "target": 0.95,
      "coverage": 0.47649572649572647,
      "coverage_lo": 0.4316216485381431,
      "coverage_hi": 0.5217525207114472,
      "coverage_gap": -0.4735042735042735,
      "meets_target": false,
      "significantly_below": true,
      "mean_obj": -0.11819130946028102,
      "obj_se": 0.00021737036915677924,
      "mean_oracle_gap": null,
      "oracle_gap_se": null,
      "mean_rel_oracle_gap": null,
      "mean_excess_s": null,
      "selected_s_std": null,
      "failure_rate": 0.0,
      "mean_return": 0.11819130946028102,
      "mean_true_cvar": 0.1554687496427482
    },
    "UG": {
      "method": "UG",
      "n_reps": 468,
      "target": 0.95,
      "coverage": 0.6944444444444444,
      "coverage_lo": 0.6512675845141169,
      "coverage_hi": 0.7344551971483617,
      "coverage_gap": -0.25555555555555554,
      "meets_target": false,
      "significantly_below": true,
      "mean_obj": -0.1162805954332816,
      "obj_se": 0.00017686025164266947,
      "mean_oracle_gap": null,
      "oracle_gap_se": null,
      "mean_rel_oracle_gap": null,
      "mean_excess_s": null,
      "selected_s_std": null,
      "failure_rate": 0.0,
      "mean_return": 0.1162805954332816,
      "mean_true_cvar": 0.14695763666565287
    },
    "NGS": {
      "method": "NGS",
      "n_reps": 468,
      "target": 0.95,
      "coverage": 0.6987179487179487,
      "coverage_lo": 0.6556697149242907,
      "coverage_hi": 0.7385304905109895,
      "coverage_gap": -0.2512820512820513,
      "meets_target": false,
      "significantly_below": true,
      "mean_obj": -0.11620996575017475,
      "obj_se": 0.00017711693261411945,
      "mean_oracle_gap": null,
      "oracle_gap_se": null,
      "mean_rel_oracle_gap": null,
      "mean_excess_s": null,
      "selected_s_std": null,
      "failure_rate": 0.0,
      "mean_return": 0.11620996575017475,
      "mean_true_cvar": 0.14672745492132344
    },
    "UNGS": {
      "method": "UNGS",
      "n_reps": 468,
      "target": 0.95,
      "coverage": 0.7521367521367521,
      "coverage_lo": 0.7110712533549601,
      "coverage_hi": 0.7890967492403418,
      "coverage_gap": -0.19786324786324783,
      "meets_target": false,
      "significantly_below": true,
      "mean_obj": -0.11581960232838107,
      "obj_se": 0.00016610888633108778,
      "mean_oracle_gap": null,
      "oracle_gap_se": null,
      "mean_rel_oracle_gap": null,
      "mean_excess_s": null,
      "selected_s_std": null,
      "failure_rate": 0.0,
      "mean_return": 0.11581960232838107,
      "mean_true_cvar": 0.14527242928760345
    },
    "benchmark": {
      "method": "benchmark",
      "n_reps": 468,
      "target": 0.95,
      "coverage": 0.11538461538461539,
      "coverage_lo": 0.08951924219062349,
      "coverage_hi": 0.14751261825722098,
      "coverage_gap": -0.8346153846153845,
      "meets_target": false,
      "significantly_below": true,
      "mean_obj": -0.1235171961261639,
      "obj_se": 0.0002706379134480515,
      "mean_oracle_gap": null,
      "oracle_gap_se": null,
      "mean_rel_oracle_gap": null,
      "mean_excess_s": null,
      "selected_s_std": null,
      "failure_rate": 0.0,
      "mean_return": 0.1235171961261639,
      "mean_true_cvar": 0.18385058585677333
    },
    "_n_replication_errors": 32
  },
  "_provenance": {
    "git_commit": "d34ff2286f94f415327062e8df3721cd49ec3996",
    "git_dirty": true,
    "versions": {
      "numpy": "2.5.1",
      "scipy": "1.18.0",
      "cvxpy": "1.9.2",
      "gurobipy": "13.0.2"
    },
    "timestamp": null
  }
}