{
  "key": "port_n200_d20",
  "n": 200,
  "split": 0.5,
  "d": 20,
  "gamma": 0.15,
  "dgp": "gaussian",
  "reps": 500,
  "elapsed_s": 2.384157657623291,
  "summaries": {
    "NV": {
      "method": "NV",
      "n_reps": 500,
      "target": 0.95,
      "coverage": 0.458,
      "coverage_lo": 0.4148146097748511,
      "coverage_hi": 0.5018258348239194,
      "coverage_gap": -0.49199999999999994,
      "meets_target": false,
      "significantly_below": true,
      "mean_obj": -0.13029549302779986,
      "obj_se": 0.000217617112308559,
      "mean_oracle_gap": null,
      "oracle_gap_se": null,
      "mean_rel_oracle_gap": null,
      "mean_excess_s": null,
      "selected_s_std": null,
      "failure_rate": 0.0,
      "mean_return": 0.13029549302779986,
      "mean_true_cvar": 0.15299623857588268
    },
    "UG": {
      "method": "UG",
      "n_reps": 500,
      "target": 0.95,
      "coverage": 0.896,
      "coverage_lo": 0.8661557291243417,
      "coverage_hi": 0.919805793230109,
      "coverage_gap": -0.05399999999999994,
      "meets_target": false,
      "significantly_below": true,
      "mean_obj": -0.12237505413198503,
      "obj_se": 0.00029392340853115023,
      "mean_oracle_gap": null,
      "oracle_gap_se": null,
      "mean_rel_oracle_gap": null,
      "mean_excess_s": null,
      "selected_s_std": null,
      "failure_rate": 0.0,
      "mean_return": 0.12237505413198503,
      "mean_true_cvar": 0.1169259827593086
    },
    "NGS": {
      "method": "NGS",
      "n_reps": 500,
      "target": 0.95,
      "coverage": 0.936,
      "coverage_lo": 0.911047591162316,
      "coverage_hi": 0.9543039839552107,
      "coverage_gap": -0.013999999999999901,
      "meets_target": false,
      "significantly_below": false,
      "mean_obj": -0.12065662154017466,
      "obj_se": 0.0002833631034586708,
      "mean_oracle_gap": null,
      "oracle_gap_se": null,
      "mean_rel_oracle_gap": null,
      "mean_excess_s": null,
      "selected_s_std": null,
      "failure_rate": 0.0,
      "mean_return": 0.12065662154017466,
      "mean_true_cvar": 0.11104277034632506
    },
    "UNGS": {
      "method": "UNGS",
      "n_reps": 500,
      "target": 0.95,
      "coverage": 0.952,
      "coverage_lo": 0.92957280316411,
      "coverage_hi": 0.9675347930586469,
      "coverage_gap": 0.0020000000000000018,
      "meets_target": true,
      "significantly_below": false,
      "mean_obj": -0.1182120893707209,
      "obj_se": 0.0002578812192261623,
      "mean_oracle_gap": null,
      "oracle_gap_se": null,
      "mean_rel_oracle_gap": null,
      "mean_excess_s": null,
      "selected_s_std": null,
      "failure_rate": 0.0,
      "mean_return": 0.1182120893707209,
      "mean_true_cvar": 0.1038531010459152
    },
    "benchmark": {
      "method": "benchmark",
      "n_reps": 500,
      "target": 0.95,
      "coverage": 0.018,
      "coverage_lo": 0.009498193296197078,
      "coverage_hi": 0.033851670908739286,
      "coverage_gap": -0.9319999999999999,
      "meets_target": false,
      "significantly_below": true,
      "mean_obj": -0.134903996145161,
      "obj_se": 0.00010028974909748288,
      "mean_oracle_gap": null,
      "oracle_gap_se": null,
      "mean_rel_oracle_gap": null,
      "mean_excess_s": null,
      "selected_s_std": null,
      "failure_rate": 0.0,
      "mean_return": 0.134903996145161,
      "mean_true_cvar": 0.19422237925082958
    },
    "_n_replication_errors": 0
  },
  "_provenance": {
    "git_commit": "d34ff2286f94f415327062e8df3721cd49ec3996",
    "git_dirty": true,
    "versions": {
      "numpy": "2.5.1",
      "scipy": "1.18.0",
      "cvxpy": "1.9.2",
      "gurobipy": "13.0.2"
    },
    "timestamp": null
  }
}