{
  "key": "port_n100_d5",
  "n": 100,
  "split": 0.5,
  "d": 5,
  "gamma": 0.15,
  "dgp": "gaussian",
  "reps": 500,
  "elapsed_s": 2.1526482105255127,
  "summaries": {
    "NV": {
      "method": "NV",
      "n_reps": 479,
      "target": 0.95,
      "coverage": 0.31315240083507306,
      "coverage_lo": 0.27324526214378153,
      "coverage_hi": 0.35603263698858645,
      "coverage_gap": -0.636847599164927,
      "meets_target": false,
      "significantly_below": true,
      "mean_obj": -0.11996942134065432,
      "obj_se": 0.00026736736197514313,
      "mean_oracle_gap": null,
      "oracle_gap_se": null,
      "mean_rel_oracle_gap": null,
      "mean_excess_s": null,
      "selected_s_std": null,
      "failure_rate": 0.0,
      "mean_return": 0.11996942134065432,
      "mean_true_cvar": 0.16850761383127957
    },
    "UG": {
      "method": "UG",
      "n_reps": 479,
      "target": 0.95,
      "coverage": 0.4551148225469729,
      "coverage_lo": 0.41105251125500664,
      "coverage_hi": 0.4998913416091936,
      "coverage_gap": -0.49488517745302707,
      "meets_target": false,
      "significantly_below": true,
      "mean_obj": -0.11793947577668487,
      "obj_se": 0.000232519463495631,
      "mean_oracle_gap": null,
      "oracle_gap_se": null,
      "mean_rel_oracle_gap": null,
      "mean_excess_s": null,
      "selected_s_std": null,
      "failure_rate": 0.0,
      "mean_return": 0.11793947577668487,
      "mean_true_cvar": 0.1581618827959671
    },
    "NGS": {
      "method": "NGS",
      "n_reps": 479,
      "target": 0.95,
      "coverage": 0.46346555323590816,
      "coverage_lo": 0.4192764399667467,
      "coverage_hi": 0.5082359984110908,
      "coverage_gap": -0.4865344467640918,
      "meets_target": false,
      "significantly_below": true,
      "mean_obj": -0.11783596943938048,
      "obj_se": 0.00023002265535068038,
      "mean_oracle_gap": null,
      "oracle_gap_se": null,
      "mean_rel_oracle_gap": null,
      "mean_excess_s": null,
      "selected_s_std": null,
      "failure_rate": 0.0,
      "mean_return": 0.11783596943938048,
      "mean_true_cvar": 0.15765925361973768
    },
    "UNGS": {
      "method": "UNGS",
      "n_reps": 479,
      "target": 0.95,
      "coverage": 0.511482254697286,
      "coverage_lo": 0.46680452559396246,
      "coverage_hi": 0.5559772794872887,
      "coverage_gap": -0.4385177453027139,
      "meets_target": false,
      "significantly_below": true,
      "mean_obj": -0.11732486424269523,
      "obj_se": 0.00021819432527509484,
      "mean_oracle_gap": null,
      "oracle_gap_se": null,
      "mean_rel_oracle_gap": null,
      "mean_excess_s": null,
      "selected_s_std": null,
      "failure_rate": 0.0,
      "mean_return": 0.11732486424269523,
      "mean_true_cvar": 0.15518639734780496
    },
    "benchmark": {
      "method": "benchmark",
      "n_reps": 479,
      "target": 0.95,
      "coverage": 0.029227557411273485,
      "coverage_lo": 0.01748865836947508,
      "coverage_hi": 0.0484573332992284,
      "coverage_gap": -0.9207724425887265,
      "meets_target": false,
      "significantly_below": true,
      "mean_obj": -0.12646544457054282,
      "obj_se": 0.0002965941965821345,
      "mean_oracle_gap": null,
      "oracle_gap_se": null,
      "mean_rel_oracle_gap": null,
      "mean_excess_s": null,
      "selected_s_std": null,
      "failure_rate": 0.0,
      "mean_return": 0.12646544457054282,
      "mean_true_cvar": 0.21044682863781677
    },
    "_n_replication_errors": 21
  },
  "_provenance": {
    "git_commit": "d34ff2286f94f415327062e8df3721cd49ec3996",
    "git_dirty": true,
    "versions": {
      "numpy": "2.5.1",
      "scipy": "1.18.0",
      "cvxpy": "1.9.2",
      "gurobipy": "13.0.2"
    },
    "timestamp": null
  }
}