{
  "key": "port_n100_d20",
  "n": 100,
  "split": 0.5,
  "d": 20,
  "gamma": 0.15,
  "dgp": "gaussian",
  "reps": 500,
  "elapsed_s": 2.2572996616363525,
  "summaries": {
    "NV": {
      "method": "NV",
      "n_reps": 500,
      "target": 0.95,
      "coverage": 0.44,
      "coverage_lo": 0.397111794441699,
      "coverage_hi": 0.4838031264136874,
      "coverage_gap": -0.51,
      "meets_target": false,
      "significantly_below": true,
      "mean_obj": -0.12960999152836758,
      "obj_se": 0.0002875612526469257,
      "mean_oracle_gap": NaN,
      "oracle_gap_se": NaN,
      "mean_rel_oracle_gap": NaN,
      "mean_excess_s": NaN,
      "selected_s_std": NaN,
      "failure_rate": 0.0,
      "mean_return": 0.12960999152836758,
      "mean_true_cvar": 0.1571781807013109
    },
    "UG": {
      "method": "UG",
      "n_reps": 500,
      "target": 0.95,
      "coverage": 0.814,
      "coverage_lo": 0.7775459059402153,
      "coverage_hi": 0.8456660082499298,
      "coverage_gap": -0.136,
      "meets_target": false,
      "significantly_below": true,
      "mean_obj": -0.12173257471474026,
      "obj_se": 0.0003641221308439626,
      "mean_oracle_gap": NaN,
      "oracle_gap_se": NaN,
      "mean_rel_oracle_gap": NaN,
      "mean_excess_s": NaN,
      "selected_s_std": NaN,
      "failure_rate": 0.0,
      "mean_return": 0.12173257471474026,
      "mean_true_cvar": 0.12018015358655944
    },
    "NGS": {
      "method": "NGS",
      "n_reps": 500,
      "target": 0.95,
      "coverage": 0.852,
      "coverage_lo": 0.8181938697042727,
      "coverage_hi": 0.8804385946107945,
      "coverage_gap": -0.09799999999999998,
      "meets_target": false,
      "significantly_below": true,
      "mean_obj": -0.12074587299834465,
      "obj_se": 0.0003589357149157897,
      "mean_oracle_gap": NaN,
      "oracle_gap_se": NaN,
      "mean_rel_oracle_gap": NaN,
      "mean_excess_s": NaN,
      "selected_s_std": NaN,
      "failure_rate": 0.0,
      "mean_return": 0.12074587299834465,
      "mean_true_cvar": 0.11607893059633034
    },
    "UNGS": {
      "method": "UNGS",
      "n_reps": 500,
      "target": 0.95,
      "coverage": 0.94,
      "coverage_lo": 0.9156389368747802,
      "coverage_hi": 0.9576516435190539,
      "coverage_gap": -0.010000000000000009,
      "meets_target": false,
      "significantly_below": false,
      "mean_obj": -0.11743101250467572,
      "obj_se": 0.00029844867854110344,
      "mean_oracle_gap": NaN,
      "oracle_gap_se": NaN,
      "mean_rel_oracle_gap": NaN,
      "mean_excess_s": NaN,
      "selected_s_std": NaN,
      "failure_rate": 0.0,
      "mean_return": 0.11743101250467572,
      "mean_true_cvar": 0.10315698426199182
    },
    "benchmark": {
      "method": "benchmark",
      "n_reps": 500,
      "target": 0.95,
      "coverage": 0.01,
      "coverage_lo": 0.004278753896590494,
      "coverage_hi": 0.023193099755730702,
      "coverage_gap": -0.94,
      "meets_target": false,
      "significantly_below": true,
      "mean_obj": -0.1357830833987834,
      "obj_se": 0.00011215013999633636,
      "mean_oracle_gap": NaN,
      "oracle_gap_se": NaN,
      "mean_rel_oracle_gap": NaN,
      "mean_excess_s": NaN,
      "selected_s_std": NaN,
      "failure_rate": 0.0,
      "mean_return": 0.1357830833987834,
      "mean_true_cvar": 0.21853534867189722
    },
    "_n_replication_errors": 0
  }
}