{
  "config": "paper_ro_ellipsoid",
  "n": 200,
  "split": 0.5,
  "d": 10,
  "reps": 1000,
  "mesh_p": null,
  "include_existing": false,
  "folds": null,
  "elapsed_s": 1.0322082042694092,
  "summaries": {
    "NV": {
      "method": "NV",
      "n_reps": 1000,
      "target": 0.95,
      "coverage": 0.779,
      "coverage_lo": 0.7522428263299143,
      "coverage_hi": 0.803621842435146,
      "coverage_gap": -0.17099999999999993,
      "meets_target": false,
      "significantly_below": true,
      "mean_obj": -7.68792331205317,
      "obj_se": 0.008951282578562956,
      "mean_oracle_gap": -0.09740789524277203,
      "oracle_gap_se": 0.010336006026855228,
      "mean_rel_oracle_gap": -0.013307222880529653,
      "mean_excess_s": -0.17249357854313702,
      "selected_s_std": 0.8261661870618131,
      "failure_rate": 0.0,
      "n_failed": 0
    },
    "UG": {
      "method": "UG",
      "n_reps": 1000,
      "target": 0.95,
      "coverage": 0.972,
      "coverage_lo": 0.9598298168024069,
      "coverage_hi": 0.9805577231872291,
      "coverage_gap": 0.02200000000000002,
      "meets_target": true,
      "significantly_below": false,
      "mean_obj": -7.355711873940434,
      "obj_se": 0.00845100083776503,
      "mean_oracle_gap": 0.23480354286996447,
      "oracle_gap_se": 0.009650538842222063,
      "mean_rel_oracle_gap": 0.0305251545633339,
      "mean_excess_s": 0.7812952826415939,
      "selected_s_std": 1.0233863331517943,
      "failure_rate": 0.0,
      "n_failed": 0
    },
    "NGS": {
      "method": "NGS",
      "n_reps": 1000,
      "target": 0.95,
      "coverage": 0.985,
      "coverage_lo": 0.9753990230730932,
      "coverage_hi": 0.9908890211959184,
      "coverage_gap": 0.03500000000000003,
      "meets_target": true,
      "significantly_below": false,
      "mean_obj": -7.262058202223214,
      "obj_se": 0.008484733842139925,
      "mean_oracle_gap": 0.32845721458718413,
      "oracle_gap_se": 0.00986197383661143,
      "mean_rel_oracle_gap": 0.042838012954094416,
      "mean_excess_s": 1.1082940676851472,
      "selected_s_std": 1.1371913123552921,
      "failure_rate": 0.0,
      "n_failed": 0
    },
    "UNGS": {
      "method": "UNGS",
      "n_reps": 1000,
      "target": 0.95,
      "coverage": 0.983,
      "coverage_lo": 0.9729440411597701,
      "coverage_hi": 0.9893593101431837,
      "coverage_gap": 0.03300000000000003,
      "meets_target": true,
      "significantly_below": false,
      "mean_obj": -7.115935215887113,
      "obj_se": 0.010395663356997924,
      "mean_oracle_gap": 0.47458020092328446,
      "oracle_gap_se": 0.012047832879213299,
      "mean_rel_oracle_gap": 0.06199466982338641,
      "mean_excess_s": 1.722607925313132,
      "selected_s_std": 1.5762141432939956,
      "failure_rate": 0.0,
      "n_failed": 0
    },
    "benchmark": {
      "method": "benchmark",
      "n_reps": 1000,
      "target": 0.95,
      "coverage": 1.0,
      "coverage_lo": 0.996173241514445,
      "coverage_hi": 1.0,
      "coverage_gap": 0.050000000000000044,
      "meets_target": true,
      "significantly_below": false,
      "mean_obj": -6.901634398385977,
      "obj_se": 1.1240288649509236e-16,
      "mean_oracle_gap": 0.6888810184244247,
      "oracle_gap_se": 0.005209884232061084,
      "mean_rel_oracle_gap": 0.09032784295103287,
      "mean_excess_s": null,
      "selected_s_std": null,
      "failure_rate": 0.0,
      "n_failed": 0
    },
    "_n_replication_errors": 0
  }
}