{
  "config": "paper_fast",
  "n": 1000,
  "split": 0.5,
  "d": 20,
  "reps": 1000,
  "mesh_p": null,
  "include_existing": false,
  "folds": null,
  "elapsed_s": 1.4582359790802002,
  "summaries": {
    "NV": {
      "method": "NV",
      "n_reps": 1000,
      "target": 0.95,
      "coverage": 1.0,
      "coverage_lo": 0.996173241514445,
      "coverage_hi": 1.0,
      "coverage_gap": 0.050000000000000044,
      "meets_target": true,
      "significantly_below": false,
      "mean_obj": -15.176392200978036,
      "obj_se": 0.010316867956899628,
      "mean_oracle_gap": 1.0658141036401503e-17,
      "oracle_gap_se": 5.384684885053475e-17,
      "mean_rel_oracle_gap": 6.750132017989477e-19,
      "mean_excess_s": 1.0,
      "selected_s_std": 0.0,
      "failure_rate": 0.0,
      "n_failed": 0
    },
    "UG": {
      "method": "UG",
      "n_reps": 1000,
      "target": 0.95,
      "coverage": 1.0,
      "coverage_lo": 0.996173241514445,
      "coverage_hi": 1.0,
      "coverage_gap": 0.050000000000000044,
      "meets_target": true,
      "significantly_below": false,
      "mean_obj": -15.176392200978036,
      "obj_se": 0.010316867956899628,
      "mean_oracle_gap": 1.0658141036401503e-17,
      "oracle_gap_se": 5.384684885053475e-17,
      "mean_rel_oracle_gap": 6.750132017989477e-19,
      "mean_excess_s": 1.0,
      "selected_s_std": 0.0,
      "failure_rate": 0.0,
      "n_failed": 0
    },
    "NGS": {
      "method": "NGS",
      "n_reps": 1000,
      "target": 0.95,
      "coverage": 1.0,
      "coverage_lo": 0.996173241514445,
      "coverage_hi": 1.0,
      "coverage_gap": 0.050000000000000044,
      "meets_target": true,
      "significantly_below": false,
      "mean_obj": -15.176392200978036,
      "obj_se": 0.010316867956899628,
      "mean_oracle_gap": 1.0658141036401503e-17,
      "oracle_gap_se": 5.384684885053475e-17,
      "mean_rel_oracle_gap": 6.750132017989477e-19,
      "mean_excess_s": 1.0,
      "selected_s_std": 0.0,
      "failure_rate": 0.0,
      "n_failed": 0
    },
    "UNGS": {
      "method": "UNGS",
      "n_reps": 1000,
      "target": 0.95,
      "coverage": 1.0,
      "coverage_lo": 0.996173241514445,
      "coverage_hi": 1.0,
      "coverage_gap": 0.050000000000000044,
      "meets_target": true,
      "significantly_below": false,
      "mean_obj": -15.176392200978036,
      "obj_se": 0.010316867956899628,
      "mean_oracle_gap": 1.0658141036401503e-17,
      "oracle_gap_se": 5.384684885053475e-17,
      "mean_rel_oracle_gap": 6.750132017989477e-19,
      "mean_excess_s": 1.0,
      "selected_s_std": 0.0,
      "failure_rate": 0.0,
      "n_failed": 0
    },
    "benchmark": {
      "method": "benchmark",
      "n_reps": 1000,
      "target": 0.95,
      "coverage": 1.0,
      "coverage_lo": 0.996173241514445,
      "coverage_hi": 1.0,
      "coverage_gap": 0.050000000000000044,
      "meets_target": true,
      "significantly_below": false,
      "mean_obj": -13.024503764991662,
      "obj_se": 0.019386115083970076,
      "mean_oracle_gap": 2.1518884359863724,
      "oracle_gap_se": 0.018598692319920486,
      "mean_rel_oracle_gap": 0.14169253379258567,
      "mean_excess_s": null,
      "selected_s_std": null,
      "failure_rate": 0.0,
      "n_failed": 0
    },
    "_n_replication_errors": 0
  }
}