{
  "config": "paper_so",
  "n": 2000,
  "split": 0.5,
  "d": 50,
  "reps": 1000,
  "mesh_p": 60,
  "include_existing": false,
  "folds": null,
  "elapsed_s": 82.19594550132751,
  "summaries": {
    "NV": {
      "method": "NV",
      "n_reps": 1000,
      "target": 0.95,
      "coverage": 0.856,
      "coverage_lo": 0.8328762978702983,
      "coverage_hi": 0.8763990500879865,
      "coverage_gap": -0.09399999999999997,
      "meets_target": false,
      "significantly_below": true,
      "mean_obj": -45.13410097813423,
      "obj_se": 0.0195322063305973,
      "mean_oracle_gap": -0.03207224445197507,
      "oracle_gap_se": 0.012769733093943596,
      "mean_rel_oracle_gap": -0.0007372778680398826,
      "mean_excess_s": -0.576,
      "selected_s_std": 34.21700190284385,
      "failure_rate": 0.0,
      "n_failed": 0
    },
    "UG": {
      "method": "UG",
      "n_reps": 1000,
      "target": 0.95,
      "coverage": 0.991,
      "coverage_lo": 0.982984183834662,
      "coverage_hi": 0.9952579393325229,
      "coverage_gap": 0.041000000000000036,
      "meets_target": true,
      "significantly_below": false,
      "mean_obj": -44.8129620959872,
      "obj_se": 0.017825981523629415,
      "mean_oracle_gap": 0.28906663769504826,
      "oracle_gap_se": 0.015481761818825594,
      "mean_rel_oracle_gap": 0.006349431404433881,
      "mean_excess_s": 17.15,
      "selected_s_std": 44.02655941512957,
      "failure_rate": 0.0,
      "n_failed": 0
    },
    "NGS": {
      "method": "NGS",
      "n_reps": 1000,
      "target": 0.95,
      "coverage": 0.998,
      "coverage_lo": 0.9927371921365079,
      "coverage_hi": 0.9994513564118793,
      "coverage_gap": 0.04800000000000004,
      "meets_target": true,
      "significantly_below": false,
      "mean_obj": -44.643690151350334,
      "obj_se": 0.016554619741424633,
      "mean_oracle_gap": 0.45833858233192304,
      "oracle_gap_se": 0.01702362092708057,
      "mean_rel_oracle_gap": 0.010079772226737706,
      "mean_excess_s": 28.825,
      "selected_s_std": 50.699271070569516,
      "failure_rate": 0.0,
      "n_failed": 0
    },
    "UNGS": {
      "method": "UNGS",
      "n_reps": 1000,
      "target": 0.95,
      "coverage": 0.998,
      "coverage_lo": 0.9927371921365079,
      "coverage_hi": 0.9994513564118793,
      "coverage_gap": 0.04800000000000004,
      "meets_target": true,
      "significantly_below": false,
      "mean_obj": -44.53360590868104,
      "obj_se": 0.016040621928428544,
      "mean_oracle_gap": 0.5684228250012102,
      "oracle_gap_se": 0.01809764455806419,
      "mean_rel_oracle_gap": 0.012507342608918132,
      "mean_excess_s": 36.808,
      "selected_s_std": 55.849745371470206,
      "failure_rate": 0.0,
      "n_failed": 0
    },
    "benchmark": {
      "method": "benchmark",
      "n_reps": 1000,
      "target": 0.95,
      "coverage": 1.0,
      "coverage_lo": 0.996173241514445,
      "coverage_hi": 1.0,
      "coverage_gap": 0.050000000000000044,
      "meets_target": true,
      "significantly_below": false,
      "mean_obj": -41.21281128334638,
      "obj_se": 0.013130725439960496,
      "mean_oracle_gap": 3.889217450335866,
      "oracle_gap_se": 0.02098098627560467,
      "mean_rel_oracle_gap": 0.08609734339064316,
      "mean_excess_s": NaN,
      "selected_s_std": NaN,
      "failure_rate": 0.0,
      "n_failed": 0
    },
    "_n_replication_errors": 0
  }
}