{
  "config": "paper_ro_ellipsoid",
  "n": 100,
  "split": 0.5,
  "d": 50,
  "reps": 1000,
  "mesh_p": null,
  "include_existing": false,
  "folds": null,
  "elapsed_s": 7.110548973083496,
  "summaries": {
    "NV": {
      "method": "NV",
      "n_reps": 1000,
      "target": 0.95,
      "coverage": 0.825,
      "coverage_lo": 0.800218354614785,
      "coverage_hi": 0.8472942523696041,
      "coverage_gap": -0.125,
      "meets_target": false,
      "significantly_below": true,
      "mean_obj": -44.83076742289878,
      "obj_se": 0.02969541027770946,
      "mean_oracle_gap": -0.05438945887505287,
      "oracle_gap_se": 0.03396411666134649,
      "mean_rel_oracle_gap": -0.0013693220591026916,
      "mean_excess_s": -0.05713679829101204,
      "selected_s_std": 1.5644993748093452,
      "failure_rate": 0.0,
      "n_failed": 0
    },
    "UG": {
      "method": "UG",
      "n_reps": 1000,
      "target": 0.95,
      "coverage": 0.973,
      "coverage_lo": 0.9610012692469598,
      "coverage_hi": 0.9813786172257051,
      "coverage_gap": 0.02300000000000002,
      "meets_target": true,
      "significantly_below": false,
      "mean_obj": -43.35785359003316,
      "obj_se": 0.03777470620660194,
      "mean_oracle_gap": 1.418524373990569,
      "oracle_gap_se": 0.04195983031634251,
      "mean_rel_oracle_gap": 0.03151583688422152,
      "mean_excess_s": 2.4786488053326967,
      "selected_s_std": 2.7543310365425286,
      "failure_rate": 0.0,
      "n_failed": 0
    },
    "NGS": {
      "method": "NGS",
      "n_reps": 1000,
      "target": 0.95,
      "coverage": 0.973,
      "coverage_lo": 0.9610012692469598,
      "coverage_hi": 0.9813786172257051,
      "coverage_gap": 0.02300000000000002,
      "meets_target": true,
      "significantly_below": false,
      "mean_obj": -43.31639372466381,
      "obj_se": 0.039667887755532726,
      "mean_oracle_gap": 1.4599842393599174,
      "oracle_gap_se": 0.04363018295140174,
      "mean_rel_oracle_gap": 0.032442814527173826,
      "mean_excess_s": 2.6391760052671396,
      "selected_s_std": 3.2416862493669765,
      "failure_rate": 0.0,
      "n_failed": 0
    },
    "UNGS": {
      "method": "UNGS",
      "n_reps": 1000,
      "target": 0.95,
      "coverage": 0.974,
      "coverage_lo": 0.9621761711573101,
      "coverage_hi": 0.9821960617983837,
      "coverage_gap": 0.02400000000000002,
      "meets_target": true,
      "significantly_below": false,
      "mean_obj": -42.56585855582307,
      "obj_se": 0.0583460178637051,
      "mean_oracle_gap": 2.2105194082006556,
      "oracle_gap_se": 0.06090869300711848,
      "mean_rel_oracle_gap": 0.049213615923156644,
      "mean_excess_s": 5.106941607897352,
      "selected_s_std": 6.6701504154232705,
      "failure_rate": 0.0,
      "n_failed": 0
    },
    "benchmark": {
      "method": "benchmark",
      "n_reps": 1000,
      "target": 0.95,
      "coverage": 1.0,
      "coverage_lo": 0.996173241514445,
      "coverage_hi": 1.0,
      "coverage_gap": 0.050000000000000044,
      "meets_target": true,
      "significantly_below": false,
      "mean_obj": -42.46409155317787,
      "obj_se": 2.2480577299018473e-16,
      "mean_oracle_gap": 2.312286410845847,
      "oracle_gap_se": 0.018618268615860373,
      "mean_rel_oracle_gap": 0.051476534275966004,
      "mean_excess_s": null,
      "selected_s_std": null,
      "failure_rate": 0.0,
      "n_failed": 0
    },
    "_n_replication_errors": 0
  }
}