{
  "config": "paper_so",
  "n": 200,
  "split": 0.5,
  "d": 20,
  "reps": 1000,
  "mesh_p": 60,
  "include_existing": false,
  "folds": null,
  "elapsed_s": 3.964085340499878,
  "summaries": {
    "NV": {
      "method": "NV",
      "n_reps": 1000,
      "target": 0.95,
      "coverage": 0.576,
      "coverage_lo": 0.545136779327173,
      "coverage_hi": 0.6062815533830225,
      "coverage_gap": -0.374,
      "meets_target": false,
      "significantly_below": true,
      "mean_obj": -16.85626688047793,
      "obj_se": 0.014866423374340184,
      "mean_oracle_gap": -0.13054247319233933,
      "oracle_gap_se": 0.01341688741417386,
      "mean_rel_oracle_gap": -0.007917887811076966,
      "mean_excess_s": -4.924867724867725,
      "selected_s_std": 26.06500826118526,
      "failure_rate": 0.0,
      "n_failed": 0
    },
    "UG": {
      "method": "UG",
      "n_reps": 1000,
      "target": 0.95,
      "coverage": 0.842,
      "coverage_lo": 0.8180901541085861,
      "coverage_hi": 0.8632923430872941,
      "coverage_gap": -0.10799999999999998,
      "meets_target": false,
      "significantly_below": true,
      "mean_obj": -16.528160266166967,
      "obj_se": 0.014303750201087921,
      "mean_oracle_gap": 0.21242404758352465,
      "oracle_gap_se": 0.011897251076634042,
      "mean_rel_oracle_gap": 0.01263033922566608,
      "mean_excess_s": 13.88042328042328,
      "selected_s_std": 27.51427677454791,
      "failure_rate": 0.0,
      "n_failed": 0
    },
    "NGS": {
      "method": "NGS",
      "n_reps": 1000,
      "target": 0.95,
      "coverage": 0.885,
      "coverage_lo": 0.8637368277535603,
      "coverage_hi": 0.9033165682125622,
      "coverage_gap": -0.06499999999999995,
      "meets_target": false,
      "significantly_below": true,
      "mean_obj": -16.42883768453758,
      "obj_se": 0.014789536812696048,
      "mean_oracle_gap": 0.31736494460442877,
      "oracle_gap_se": 0.012401904526090786,
      "mean_rel_oracle_gap": 0.018905557113910107,
      "mean_excess_s": 20.942857142857143,
      "selected_s_std": 26.38012143275324,
      "failure_rate": 0.0,
      "n_failed": 0
    },
    "UNGS": {
      "method": "UNGS",
      "n_reps": 1000,
      "target": 0.95,
      "coverage": 0.895,
      "coverage_lo": 0.8744646434108284,
      "coverage_hi": 0.9125122173855832,
      "coverage_gap": -0.05499999999999994,
      "meets_target": false,
      "significantly_below": true,
      "mean_obj": -16.369620320395352,
      "obj_se": 0.015794522266520068,
      "mean_oracle_gap": 0.38031354556603614,
      "oracle_gap_se": 0.013054587194039988,
      "mean_rel_oracle_gap": 0.022695155315726148,
      "mean_excess_s": 25.737566137566137,
      "selected_s_std": 24.662743296456433,
      "failure_rate": 0.0,
      "n_failed": 0
    },
    "benchmark": {
      "method": "benchmark",
      "n_reps": 1000,
      "target": 0.95,
      "coverage": 0.999,
      "coverage_lo": 0.9943574414020421,
      "coverage_hi": 0.9998234536293739,
      "coverage_gap": 0.049000000000000044,
      "meets_target": true,
      "significantly_below": false,
      "mean_obj": -15.773831450000605,
      "obj_se": 0.013022170392739944,
      "mean_oracle_gap": 0.9507763507653804,
      "oracle_gap_se": 0.013239883715269931,
      "mean_rel_oracle_gap": 0.056765487810650064,
      "mean_excess_s": null,
      "selected_s_std": null,
      "failure_rate": 0.0,
      "n_failed": 0
    },
    "_n_replication_errors": 0
  }
}