{
  "config": "paper_ro_ellipsoid",
  "n": 1000,
  "split": 0.5,
  "d": 5,
  "reps": 1000,
  "mesh_p": null,
  "include_existing": false,
  "folds": null,
  "elapsed_s": 0.783764123916626,
  "summaries": {
    "NV": {
      "method": "NV",
      "n_reps": 1000,
      "target": 0.95,
      "coverage": 0.988,
      "coverage_lo": 0.9791427315245017,
      "coverage_hi": 0.9931223521935965,
      "coverage_gap": 0.038000000000000034,
      "meets_target": true,
      "significantly_below": false,
      "mean_obj": -3.4498804259977236,
      "obj_se": 0.0019331741913866287,
      "mean_oracle_gap": -0.0014795281924797363,
      "oracle_gap_se": 0.0015314910066392472,
      "mean_rel_oracle_gap": -0.00047976562488661706,
      "mean_excess_s": -1.5734896303222003e-05,
      "selected_s_std": 0.17788815034409425,
      "failure_rate": 0.0,
      "n_failed": 0
    },
    "UG": {
      "method": "UG",
      "n_reps": 1000,
      "target": 0.95,
      "coverage": 1.0,
      "coverage_lo": 0.996173241514445,
      "coverage_hi": 1.0,
      "coverage_gap": 0.050000000000000044,
      "meets_target": true,
      "significantly_below": false,
      "mean_obj": -3.4159633230793927,
      "obj_se": 0.002559817193755661,
      "mean_oracle_gap": 0.03243757472585159,
      "oracle_gap_se": 0.0026324733675331027,
      "mean_rel_oracle_gap": 0.009284878570270156,
      "mean_excess_s": 0.1539870996717818,
      "selected_s_std": 0.39612339508079525,
      "failure_rate": 0.0,
      "n_failed": 0
    },
    "NGS": {
      "method": "NGS",
      "n_reps": 1000,
      "target": 0.95,
      "coverage": 1.0,
      "coverage_lo": 0.996173241514445,
      "coverage_hi": 1.0,
      "coverage_gap": 0.050000000000000044,
      "meets_target": true,
      "significantly_below": false,
      "mean_obj": -3.3812835786925484,
      "obj_se": 0.0031289609269038797,
      "mean_oracle_gap": 0.0671173191126957,
      "oracle_gap_se": 0.0034801962891709455,
      "mean_rel_oracle_gap": 0.019262108282954875,
      "mean_excess_s": 0.3186781169221406,
      "selected_s_std": 0.5236320973780875,
      "failure_rate": 0.0,
      "n_failed": 0
    },
    "UNGS": {
      "method": "UNGS",
      "n_reps": 1000,
      "target": 0.95,
      "coverage": 1.0,
      "coverage_lo": 0.996173241514445,
      "coverage_hi": 1.0,
      "coverage_gap": 0.050000000000000044,
      "meets_target": true,
      "significantly_below": false,
      "mean_obj": -3.3785379502959714,
      "obj_se": 0.0031350599134266706,
      "mean_oracle_gap": 0.06986294750927277,
      "oracle_gap_se": 0.0035243649519236704,
      "mean_rel_oracle_gap": 0.020047037707708187,
      "mean_excess_s": 0.3314531188780424,
      "selected_s_std": 0.5295095383633704,
      "failure_rate": 0.0,
      "n_failed": 0
    },
    "benchmark": {
      "method": "benchmark",
      "n_reps": 1000,
      "target": 0.95,
      "coverage": 1.0,
      "coverage_lo": 0.996173241514445,
      "coverage_hi": 1.0,
      "coverage_gap": 0.050000000000000044,
      "meets_target": true,
      "significantly_below": false,
      "mean_obj": -3.025999410968635,
      "obj_se": 0.0,
      "mean_oracle_gap": 0.42240148683660933,
      "oracle_gap_se": 0.0016096342834255864,
      "mean_rel_oracle_gap": 0.12230107770086554,
      "mean_excess_s": null,
      "selected_s_std": null,
      "failure_rate": 0.0,
      "n_failed": 0
    },
    "_n_replication_errors": 0
  }
}