{
  "config": "paper_fast",
  "n": 200,
  "split": 0.5,
  "d": 50,
  "reps": 1000,
  "mesh_p": null,
  "include_existing": false,
  "folds": null,
  "elapsed_s": 1.027069091796875,
  "summaries": {
    "NV": {
      "method": "NV",
      "n_reps": 1000,
      "target": 0.95,
      "coverage": 0.959,
      "coverage_lo": 0.9448520067923587,
      "coverage_hi": 0.9696350289179017,
      "coverage_gap": 0.009000000000000008,
      "meets_target": true,
      "significantly_below": false,
      "mean_obj": -44.12525358963654,
      "obj_se": 0.04340844125697987,
      "mean_oracle_gap": 0.12769279722521568,
      "oracle_gap_se": 0.0477698236976126,
      "mean_rel_oracle_gap": 0.002444444444444369,
      "mean_excess_s": 0.9886000000000001,
      "selected_s_std": 0.031797028965786275,
      "failure_rate": 0.0,
      "n_failed": 0
    },
    "UG": {
      "method": "UG",
      "n_reps": 1000,
      "target": 0.95,
      "coverage": 0.992,
      "coverage_lo": 0.9842936654690199,
      "coverage_hi": 0.995940804181194,
      "coverage_gap": 0.04200000000000004,
      "meets_target": true,
      "significantly_below": false,
      "mean_obj": -42.447491296749206,
      "obj_se": 0.06102531853041725,
      "mean_oracle_gap": 1.8054550901125563,
      "oracle_gap_se": 0.07205327399351054,
      "mean_rel_oracle_gap": 0.040111111111111014,
      "mean_excess_s": 0.9513,
      "selected_s_std": 0.05000810745080051,
      "failure_rate": 0.0,
      "n_failed": 0
    },
    "NGS": {
      "method": "NGS",
      "n_reps": 1000,
      "target": 0.95,
      "coverage": 0.994,
      "coverage_lo": 0.9869718317581478,
      "coverage_hi": 0.9972473308581237,
      "coverage_gap": 0.04400000000000004,
      "meets_target": true,
      "significantly_below": false,
      "mean_obj": -42.12649383423422,
      "obj_se": 0.0606280488803015,
      "mean_oracle_gap": 2.126452552627538,
      "oracle_gap_se": 0.07264195942762626,
      "mean_rel_oracle_gap": 0.047333333333333234,
      "mean_excess_s": 0.9441000000000002,
      "selected_s_std": 0.049675523728066086,
      "failure_rate": 0.0,
      "n_failed": 0
    },
    "UNGS": {
      "method": "UNGS",
      "n_reps": 1000,
      "target": 0.95,
      "coverage": 0.993,
      "coverage_lo": 0.9856216845342334,
      "coverage_hi": 0.9966051315990092,
      "coverage_gap": 0.04300000000000004,
      "meets_target": true,
      "significantly_below": false,
      "mean_obj": -42.29583260873736,
      "obj_se": 0.060993604294961805,
      "mean_oracle_gap": 1.9571137781243946,
      "oracle_gap_se": 0.07249630878359738,
      "mean_rel_oracle_gap": 0.04352222222222213,
      "mean_excess_s": 0.9479000000000001,
      "selected_s_std": 0.04998087722407528,
      "failure_rate": 0.0,
      "n_failed": 0
    },
    "benchmark": {
      "method": "benchmark",
      "n_reps": 583,
      "target": 0.95,
      "coverage": 1.0,
      "coverage_lo": 0.9934540091485463,
      "coverage_hi": 1.0,
      "coverage_gap": 0.050000000000000044,
      "meets_target": true,
      "significantly_below": false,
      "mean_obj": -25.481027119415366,
      "obj_se": 0.2853995121465721,
      "mean_oracle_gap": 18.779030825462346,
      "oracle_gap_se": 0.289538583693954,
      "mean_rel_oracle_gap": 0.423871555736485,
      "mean_excess_s": null,
      "selected_s_std": null,
      "failure_rate": 0.0,
      "n_failed": 0
    },
    "_n_replication_errors": 0
  }
}