{
  "config": "paper_ro_ellipsoid",
  "n": 500,
  "split": 0.5,
  "d": 2,
  "reps": 1000,
  "mesh_p": null,
  "include_existing": false,
  "folds": null,
  "elapsed_s": 0.6130928993225098,
  "summaries": {
    "NV": {
      "method": "NV",
      "n_reps": 1000,
      "target": 0.95,
      "coverage": 0.945,
      "coverage_lo": 0.9290916123226243,
      "coverage_hi": 0.9575025726252315,
      "coverage_gap": -0.0050000000000000044,
      "meets_target": false,
      "significantly_below": false,
      "mean_obj": -1.1779865159174383,
      "obj_se": 0.001357096304687249,
      "mean_oracle_gap": 0.006422457578954921,
      "oracle_gap_se": 0.001510891014428358,
      "mean_rel_oracle_gap": 0.004971732259265625,
      "mean_excess_s": 0.0698604819544109,
      "selected_s_std": 0.41806380860304887,
      "failure_rate": 0.0,
      "n_failed": 0
    },
    "UG": {
      "method": "UG",
      "n_reps": 1000,
      "target": 0.95,
      "coverage": 0.993,
      "coverage_lo": 0.9856216845342334,
      "coverage_hi": 0.9966051315990092,
      "coverage_gap": 0.04300000000000004,
      "meets_target": true,
      "significantly_below": false,
      "mean_obj": -1.1262330866995558,
      "obj_se": 0.0015346173004604506,
      "mean_oracle_gap": 0.0581758867968375,
      "oracle_gap_se": 0.0018078071238917621,
      "mean_rel_oracle_gap": 0.048525170535153705,
      "mean_excess_s": 0.5579689865709646,
      "selected_s_std": 0.5688443272855814,
      "failure_rate": 0.0,
      "n_failed": 0
    },
    "NGS": {
      "method": "NGS",
      "n_reps": 1000,
      "target": 0.95,
      "coverage": 0.999,
      "coverage_lo": 0.9943574414020421,
      "coverage_hi": 0.9998234536293739,
      "coverage_gap": 0.049000000000000044,
      "meets_target": true,
      "significantly_below": false,
      "mean_obj": -1.1034299789774393,
      "obj_se": 0.0014892663188634187,
      "mean_oracle_gap": 0.08097899451895386,
      "oracle_gap_se": 0.0017583843778627263,
      "mean_rel_oracle_gap": 0.06780290725170555,
      "mean_excess_s": 0.794664854905739,
      "selected_s_std": 0.5931632868561605,
      "failure_rate": 0.0,
      "n_failed": 0
    },
    "UNGS": {
      "method": "UNGS",
      "n_reps": 1000,
      "target": 0.95,
      "coverage": 0.999,
      "coverage_lo": 0.9943574414020421,
      "coverage_hi": 0.9998234536293739,
      "coverage_gap": 0.049000000000000044,
      "meets_target": true,
      "significantly_below": false,
      "mean_obj": -1.0932909957164727,
      "obj_se": 0.001539629221964518,
      "mean_oracle_gap": 0.09111797777992058,
      "oracle_gap_se": 0.0018139520475439514,
      "mean_rel_oracle_gap": 0.07635224149180518,
      "mean_excess_s": 0.9145525194320603,
      "selected_s_std": 0.65794230077014,
      "failure_rate": 0.0,
      "n_failed": 0
    },
    "benchmark": {
      "method": "benchmark",
      "n_reps": 1000,
      "target": 0.95,
      "coverage": 1.0,
      "coverage_lo": 0.996173241514445,
      "coverage_hi": 1.0,
      "coverage_gap": 0.050000000000000044,
      "meets_target": true,
      "significantly_below": false,
      "mean_obj": -0.9727869233715887,
      "obj_se": 7.025180405943273e-18,
      "mean_oracle_gap": 0.21162205012480428,
      "oracle_gap_se": 0.0009093830133439643,
      "mean_rel_oracle_gap": 0.1781863424195879,
      "mean_excess_s": null,
      "selected_s_std": null,
      "failure_rate": 0.0,
      "n_failed": 0
    },
    "_n_replication_errors": 0
  }
}