{
  "config": "paper_ro_ellipsoid",
  "n": 500,
  "split": 0.5,
  "d": 20,
  "reps": 1000,
  "mesh_p": null,
  "include_existing": false,
  "folds": null,
  "elapsed_s": 1.8027732372283936,
  "summaries": {
    "NV": {
      "method": "NV",
      "n_reps": 1000,
      "target": 0.95,
      "coverage": 0.87,
      "coverage_lo": 0.8477319733455312,
      "coverage_hi": 0.8894362253751581,
      "coverage_gap": -0.07999999999999996,
      "meets_target": false,
      "significantly_below": true,
      "mean_obj": -16.55107868469532,
      "obj_se": 0.01650079801888899,
      "mean_oracle_gap": 0.0019134078877605276,
      "oracle_gap_se": 0.019399751665570186,
      "mean_rel_oracle_gap": -0.00045113981697175455,
      "mean_excess_s": 0.0004149558075669191,
      "selected_s_std": 0.9453029169474332,
      "failure_rate": 0.0,
      "n_failed": 0
    },
    "UG": {
      "method": "UG",
      "n_reps": 1000,
      "target": 0.95,
      "coverage": 0.99,
      "coverage_lo": 0.9816905311296853,
      "coverage_hi": 0.9945592455544707,
      "coverage_gap": 0.040000000000000036,
      "meets_target": true,
      "significantly_below": false,
      "mean_obj": -16.01089060470027,
      "obj_se": 0.012431864198831483,
      "mean_oracle_gap": 0.5421014878828118,
      "oracle_gap_se": 0.019702762094024308,
      "mean_rel_oracle_gap": 0.031969517045792595,
      "mean_excess_s": 0.8647566701386699,
      "selected_s_std": 0.6634077331508301,
      "failure_rate": 0.0,
      "n_failed": 0
    },
    "NGS": {
      "method": "NGS",
      "n_reps": 1000,
      "target": 0.95,
      "coverage": 0.996,
      "coverage_lo": 0.9897604437227377,
      "coverage_hi": 0.9984434118595916,
      "coverage_gap": 0.04600000000000004,
      "meets_target": true,
      "significantly_below": false,
      "mean_obj": -15.913838437649963,
      "obj_se": 0.01045666765004655,
      "mean_oracle_gap": 0.6391536549331146,
      "oracle_gap_se": 0.019467761374562447,
      "mean_rel_oracle_gap": 0.03777031062660295,
      "mean_excess_s": 1.0315216785062384,
      "selected_s_std": 0.5639395448214943,
      "failure_rate": 0.0,
      "n_failed": 0
    },
    "UNGS": {
      "method": "UNGS",
      "n_reps": 1000,
      "target": 0.95,
      "coverage": 0.99,
      "coverage_lo": 0.9816905311296853,
      "coverage_hi": 0.9945592455544707,
      "coverage_gap": 0.040000000000000036,
      "meets_target": true,
      "significantly_below": false,
      "mean_obj": -15.981616637908084,
      "obj_se": 0.012787260458942318,
      "mean_oracle_gap": 0.5713754546749937,
      "oracle_gap_se": 0.019832679436543415,
      "mean_rel_oracle_gap": 0.03374617162038905,
      "mean_excess_s": 0.9296391325287836,
      "selected_s_std": 0.7428677612455054,
      "failure_rate": 0.0,
      "n_failed": 0
    },
    "benchmark": {
      "method": "benchmark",
      "n_reps": 1000,
      "target": 0.95,
      "coverage": 1.0,
      "coverage_lo": 0.996173241514445,
      "coverage_hi": 1.0,
      "coverage_gap": 0.050000000000000044,
      "meets_target": true,
      "significantly_below": false,
      "mean_obj": -15.324547637443258,
      "obj_se": 1.1240288649509236e-16,
      "mean_oracle_gap": 1.2284444551398237,
      "oracle_gap_se": 0.014295071695090816,
      "mean_rel_oracle_gap": 0.07351710298169299,
      "mean_excess_s": NaN,
      "selected_s_std": NaN,
      "failure_rate": 0.0,
      "n_failed": 0
    },
    "_n_replication_errors": 0
  }
}