{
  "config": "paper_fast",
  "n": 500,
  "split": 0.5,
  "d": 5,
  "reps": 1000,
  "mesh_p": null,
  "include_existing": false,
  "folds": null,
  "elapsed_s": 0.6650474071502686,
  "summaries": {
    "NV": {
      "method": "NV",
      "n_reps": 1000,
      "target": 0.95,
      "coverage": 1.0,
      "coverage_lo": 0.996173241514445,
      "coverage_hi": 1.0,
      "coverage_gap": 0.050000000000000044,
      "meets_target": true,
      "significantly_below": false,
      "mean_obj": -2.909652111986085,
      "obj_se": 0.00446181337688873,
      "mean_oracle_gap": 9.769962616701377e-18,
      "oracle_gap_se": 8.471284014742913e-18,
      "mean_rel_oracle_gap": 3.34671174694743e-18,
      "mean_excess_s": 1.0,
      "selected_s_std": 0.0,
      "failure_rate": 0.0,
      "n_failed": 0
    },
    "UG": {
      "method": "UG",
      "n_reps": 1000,
      "target": 0.95,
      "coverage": 1.0,
      "coverage_lo": 0.996173241514445,
      "coverage_hi": 1.0,
      "coverage_gap": 0.050000000000000044,
      "meets_target": true,
      "significantly_below": false,
      "mean_obj": -2.909336821354141,
      "obj_se": 0.004455742553390779,
      "mean_oracle_gap": 0.00031529063194473127,
      "oracle_gap_se": 0.0003152906319447214,
      "mean_rel_oracle_gap": 0.00010000000000000343,
      "mean_excess_s": 0.9999,
      "selected_s_std": 0.0031622776601683785,
      "failure_rate": 0.0,
      "n_failed": 0
    },
    "NGS": {
      "method": "NGS",
      "n_reps": 1000,
      "target": 0.95,
      "coverage": 1.0,
      "coverage_lo": 0.996173241514445,
      "coverage_hi": 1.0,
      "coverage_gap": 0.050000000000000044,
      "meets_target": true,
      "significantly_below": false,
      "mean_obj": -2.909336821354141,
      "obj_se": 0.004455742553390779,
      "mean_oracle_gap": 0.00031529063194473127,
      "oracle_gap_se": 0.0003152906319447214,
      "mean_rel_oracle_gap": 0.00010000000000000343,
      "mean_excess_s": 0.9999,
      "selected_s_std": 0.0031622776601683785,
      "failure_rate": 0.0,
      "n_failed": 0
    },
    "UNGS": {
      "method": "UNGS",
      "n_reps": 1000,
      "target": 0.95,
      "coverage": 1.0,
      "coverage_lo": 0.996173241514445,
      "coverage_hi": 1.0,
      "coverage_gap": 0.050000000000000044,
      "meets_target": true,
      "significantly_below": false,
      "mean_obj": -2.909336821354141,
      "obj_se": 0.004455742553390779,
      "mean_oracle_gap": 0.00031529063194473127,
      "oracle_gap_se": 0.0003152906319447214,
      "mean_rel_oracle_gap": 0.00010000000000000343,
      "mean_excess_s": 0.9999,
      "selected_s_std": 0.0031622776601683785,
      "failure_rate": 0.0,
      "n_failed": 0
    },
    "benchmark": {
      "method": "benchmark",
      "n_reps": 1000,
      "target": 0.95,
      "coverage": 1.0,
      "coverage_lo": 0.996173241514445,
      "coverage_hi": 1.0,
      "coverage_gap": 0.050000000000000044,
      "meets_target": true,
      "significantly_below": false,
      "mean_obj": -2.5359795524330067,
      "obj_se": 0.006384320926869466,
      "mean_oracle_gap": 0.3736725595530789,
      "oracle_gap_se": 0.006159142299925707,
      "mean_rel_oracle_gap": 0.12773632795032216,
      "mean_excess_s": null,
      "selected_s_std": null,
      "failure_rate": 0.0,
      "n_failed": 0
    },
    "_n_replication_errors": 0
  }
}