{
  "config": "paper_dro_wasserstein",
  "n": 200,
  "split": 0.5,
  "d": 5,
  "reps": 1000,
  "mesh_p": null,
  "include_existing": false,
  "folds": null,
  "elapsed_s": 152.8603138923645,
  "summaries": {
    "NV": {
      "method": "NV",
      "n_reps": 1000,
      "target": 0.95,
      "coverage": 0.526,
      "coverage_lo": 0.49501179061158157,
      "coverage_hi": 0.5567892179471697,
      "coverage_gap": -0.42399999999999993,
      "meets_target": false,
      "significantly_below": true,
      "mean_obj": -3.5731724562497944,
      "obj_se": 0.005110215463199793,
      "mean_oracle_gap": -0.02779720744744957,
      "oracle_gap_se": 0.005152848919989165,
      "mean_rel_oracle_gap": -0.008009318741823554,
      "mean_excess_s": 0.0001559229893760633,
      "selected_s_std": 0.012228202334099778,
      "failure_rate": 0.0,
      "n_failed": 0
    },
    "UG": {
      "method": "UG",
      "n_reps": 1000,
      "target": 0.95,
      "coverage": 0.914,
      "coverage_lo": 0.8949999687497208,
      "coverage_hi": 0.9298314752242396,
      "coverage_gap": -0.03599999999999992,
      "meets_target": false,
      "significantly_below": true,
      "mean_obj": -3.343148112587008,
      "obj_se": 0.0058182092545672704,
      "mean_oracle_gap": 0.20222713621533678,
      "oracle_gap_se": 0.005839364398187292,
      "mean_rel_oracle_gap": 0.0568977252844914,
      "mean_excess_s": 0.017747286793003587,
      "selected_s_std": 0.02305239199191254,
      "failure_rate": 0.0,
      "n_failed": 0
    },
    "NGS": {
      "method": "NGS",
      "n_reps": 1000,
      "target": 0.95,
      "coverage": 0.971,
      "coverage_lo": 0.9586616416633058,
      "coverage_hi": 0.9797335518433012,
      "coverage_gap": 0.02100000000000002,
      "meets_target": true,
      "significantly_below": false,
      "mean_obj": -3.242564176856366,
      "obj_se": 0.006006758555218835,
      "mean_oracle_gap": 0.3028110719459778,
      "oracle_gap_se": 0.006155621155595248,
      "mean_rel_oracle_gap": 0.08521322478606419,
      "mean_excess_s": 0.029056393867587647,
      "selected_s_std": 0.029314368974050372,
      "failure_rate": 0.0,
      "n_failed": 0
    },
    "UNGS": {
      "method": "UNGS",
      "n_reps": 1000,
      "target": 0.95,
      "coverage": 0.983,
      "coverage_lo": 0.9729440411597701,
      "coverage_hi": 0.9893593101431837,
      "coverage_gap": 0.03300000000000003,
      "meets_target": true,
      "significantly_below": false,
      "mean_obj": -3.081107771023432,
      "obj_se": 0.008111505976296876,
      "mean_oracle_gap": 0.4642674777789125,
      "oracle_gap_se": 0.008008160337154928,
      "mean_rel_oracle_gap": 0.13090879683262244,
      "mean_excess_s": 0.05680181188115185,
      "selected_s_std": 0.05494140172793369,
      "failure_rate": 0.0,
      "n_failed": 0
    },
    "_n_replication_errors": 0
  }
}