{
  "config": "paper_ro_ellipsoid",
  "n": 200,
  "split": 0.5,
  "d": 100,
  "reps": 1000,
  "mesh_p": null,
  "include_existing": false,
  "folds": null,
  "elapsed_s": 174.0884702205658,
  "summaries": {
    "NV": {
      "method": "NV",
      "n_reps": 1000,
      "target": 0.95,
      "coverage": 1.0,
      "coverage_lo": 0.996173241514445,
      "coverage_hi": 1.0,
      "coverage_gap": 0.050000000000000044,
      "meets_target": true,
      "significantly_below": false,
      "mean_obj": -91.5837136339003,
      "obj_se": 0.03056532744232804,
      "mean_oracle_gap": 0.0180683439135249,
      "oracle_gap_se": 0.008096267164199648,
      "mean_rel_oracle_gap": 0.00019536662851023435,
      "mean_excess_s": 0.02360199977798111,
      "selected_s_std": 0.333113776518757,
      "failure_rate": 0.0,
      "n_failed": 0
    },
    "UG": {
      "method": "UG",
      "n_reps": 1000,
      "target": 0.95,
      "coverage": 1.0,
      "coverage_lo": 0.996173241514445,
      "coverage_hi": 1.0,
      "coverage_gap": 0.050000000000000044,
      "meets_target": true,
      "significantly_below": false,
      "mean_obj": -91.18428006501485,
      "obj_se": 0.04098480183590331,
      "mean_oracle_gap": 0.4175019127989799,
      "oracle_gap_se": 0.03708884884760187,
      "mean_rel_oracle_gap": 0.0045229109623186915,
      "mean_excess_s": 0.5334051973567125,
      "selected_s_std": 1.4951924213733305,
      "failure_rate": 0.0,
      "n_failed": 0
    },
    "NGS": {
      "method": "NGS",
      "n_reps": 1000,
      "target": 0.95,
      "coverage": 1.0,
      "coverage_lo": 0.996173241514445,
      "coverage_hi": 1.0,
      "coverage_gap": 0.050000000000000044,
      "meets_target": true,
      "significantly_below": false,
      "mean_obj": -90.88892355169291,
      "obj_se": 0.04615934927086282,
      "mean_oracle_gap": 0.7128584261209046,
      "oracle_gap_se": 0.04646687946203044,
      "mean_rel_oracle_gap": 0.007727838396645324,
      "mean_excess_s": 0.9157575952598632,
      "selected_s_std": 1.8912524142382707,
      "failure_rate": 0.0,
      "n_failed": 0
    },
    "UNGS": {
      "method": "UNGS",
      "n_reps": 1000,
      "target": 0.95,
      "coverage": 1.0,
      "coverage_lo": 0.996173241514445,
      "coverage_hi": 1.0,
      "coverage_gap": 0.050000000000000044,
      "meets_target": true,
      "significantly_below": false,
      "mean_obj": -91.08237440360023,
      "obj_se": 0.04363752056721906,
      "mean_oracle_gap": 0.5194075742135833,
      "oracle_gap_se": 0.04108450954845596,
      "mean_rel_oracle_gap": 0.005630275771501711,
      "mean_excess_s": 0.6655763968911865,
      "selected_s_std": 1.6705431119108576,
      "failure_rate": 0.0,
      "n_failed": 0
    },
    "benchmark": {
      "method": "benchmark",
      "n_reps": 1000,
      "target": 0.95,
      "coverage": 1.0,
      "coverage_lo": 0.996173241514445,
      "coverage_hi": 1.0,
      "coverage_gap": 0.050000000000000044,
      "meets_target": true,
      "significantly_below": false,
      "mean_obj": -89.83596171629073,
      "obj_se": 0.0,
      "mean_oracle_gap": 1.7658202615231016,
      "oracle_gap_se": 0.030013567174578655,
      "mean_rel_oracle_gap": 0.019171894384219446,
      "mean_excess_s": null,
      "selected_s_std": null,
      "failure_rate": 0.0,
      "n_failed": 0
    },
    "_n_replication_errors": 0
  }
}