{
  "config": "paper_ro_ellipsoid",
  "n": 2000,
  "split": 0.5,
  "d": 2,
  "reps": 1000,
  "mesh_p": null,
  "include_existing": false,
  "folds": null,
  "elapsed_s": 0.6068882942199707,
  "summaries": {
    "NV": {
      "method": "NV",
      "n_reps": 1000,
      "target": 0.95,
      "coverage": 0.999,
      "coverage_lo": 0.9943574414020421,
      "coverage_hi": 0.9998234536293739,
      "coverage_gap": 0.049000000000000044,
      "meets_target": true,
      "significantly_below": false,
      "mean_obj": -1.1894786832960604,
      "obj_se": 0.0007553253143292515,
      "mean_oracle_gap": 0.004585081577418958,
      "oracle_gap_se": 0.0007007546698730039,
      "mean_rel_oracle_gap": 0.0037710425698656903,
      "mean_excess_s": 0.04227429088500343,
      "selected_s_std": 0.21012620871995885,
      "failure_rate": 0.0,
      "n_failed": 0
    },
    "UG": {
      "method": "UG",
      "n_reps": 1000,
      "target": 0.95,
      "coverage": 1.0,
      "coverage_lo": 0.996173241514445,
      "coverage_hi": 1.0,
      "coverage_gap": 0.050000000000000044,
      "meets_target": true,
      "significantly_below": false,
      "mean_obj": -1.1598911836335357,
      "obj_se": 0.0013896474543146616,
      "mean_oracle_gap": 0.034172581239943614,
      "oracle_gap_se": 0.001565590897896399,
      "mean_rel_oracle_gap": 0.028345179718403973,
      "mean_excess_s": 0.3178701368238336,
      "selected_s_std": 0.4627522334497434,
      "failure_rate": 0.0,
      "n_failed": 0
    },
    "NGS": {
      "method": "NGS",
      "n_reps": 1000,
      "target": 0.95,
      "coverage": 1.0,
      "coverage_lo": 0.996173241514445,
      "coverage_hi": 1.0,
      "coverage_gap": 0.050000000000000044,
      "meets_target": true,
      "significantly_below": false,
      "mean_obj": -1.1379675719901132,
      "obj_se": 0.0014623741658068019,
      "mean_oracle_gap": 0.056096192883366244,
      "oracle_gap_se": 0.0016651808719443312,
      "mean_rel_oracle_gap": 0.04666761215243476,
      "mean_excess_s": 0.5235244493446034,
      "selected_s_std": 0.49155911087991533,
      "failure_rate": 0.0,
      "n_failed": 0
    },
    "UNGS": {
      "method": "UNGS",
      "n_reps": 1000,
      "target": 0.95,
      "coverage": 1.0,
      "coverage_lo": 0.996173241514445,
      "coverage_hi": 1.0,
      "coverage_gap": 0.050000000000000044,
      "meets_target": true,
      "significantly_below": false,
      "mean_obj": -1.1412002869576996,
      "obj_se": 0.0014687632538449072,
      "mean_oracle_gap": 0.052863477915780006,
      "oracle_gap_se": 0.0016696862330270225,
      "mean_rel_oracle_gap": 0.04396137923754408,
      "mean_excess_s": 0.4930383287988236,
      "selected_s_std": 0.49293701513695276,
      "failure_rate": 0.0,
      "n_failed": 0
    },
    "benchmark": {
      "method": "benchmark",
      "n_reps": 1000,
      "target": 0.95,
      "coverage": 1.0,
      "coverage_lo": 0.996173241514445,
      "coverage_hi": 1.0,
      "coverage_gap": 0.050000000000000044,
      "meets_target": true,
      "significantly_below": false,
      "mean_obj": -0.9727869233715887,
      "obj_se": 7.025180405943273e-18,
      "mean_oracle_gap": 0.22127684150189048,
      "oracle_gap_se": 0.0005287980341734694,
      "mean_rel_oracle_gap": 0.18515402471847756,
      "mean_excess_s": NaN,
      "selected_s_std": NaN,
      "failure_rate": 0.0,
      "n_failed": 0
    },
    "_n_replication_errors": 0
  }
}