{
  "config": "paper_so",
  "n": 2000,
  "split": 0.5,
  "d": 10,
  "reps": 1000,
  "mesh_p": 60,
  "include_existing": false,
  "folds": null,
  "elapsed_s": 19.236856937408447,
  "summaries": {
    "NV": {
      "method": "NV",
      "n_reps": 1000,
      "target": 0.95,
      "coverage": 0.911,
      "coverage_lo": 0.8917426484378812,
      "coverage_hi": 0.9271117560869926,
      "coverage_gap": -0.038999999999999924,
      "meets_target": false,
      "significantly_below": true,
      "mean_obj": -7.589004338497381,
      "obj_se": 0.007816667895240105,
      "mean_oracle_gap": -0.003468001899778847,
      "oracle_gap_se": 0.004072186570008632,
      "mean_rel_oracle_gap": -0.0005626384215467554,
      "mean_excess_s": 0.578,
      "selected_s_std": 25.63370745635438,
      "failure_rate": 0.0,
      "n_failed": 0
    },
    "UG": {
      "method": "UG",
      "n_reps": 1000,
      "target": 0.95,
      "coverage": 0.99,
      "coverage_lo": 0.9816905311296853,
      "coverage_hi": 0.9945592455544707,
      "coverage_gap": 0.040000000000000036,
      "meets_target": true,
      "significantly_below": false,
      "mean_obj": -7.4928381563458295,
      "obj_se": 0.00735408115929084,
      "mean_oracle_gap": 0.0926981802517723,
      "oracle_gap_se": 0.005616964421135681,
      "mean_rel_oracle_gap": 0.011932401833759326,
      "mean_excess_s": 10.538,
      "selected_s_std": 30.515990179849265,
      "failure_rate": 0.0,
      "n_failed": 0
    },
    "NGS": {
      "method": "NGS",
      "n_reps": 1000,
      "target": 0.95,
      "coverage": 0.998,
      "coverage_lo": 0.9927371921365079,
      "coverage_hi": 0.9994513564118793,
      "coverage_gap": 0.04800000000000004,
      "meets_target": true,
      "significantly_below": false,
      "mean_obj": -7.428355450369871,
      "obj_se": 0.007116283612331088,
      "mean_oracle_gap": 0.1571808862277322,
      "oracle_gap_se": 0.006794629928407283,
      "mean_rel_oracle_gap": 0.02028058241453496,
      "mean_excess_s": 18.698,
      "selected_s_std": 35.81893335914663,
      "failure_rate": 0.0,
      "n_failed": 0
    },
    "UNGS": {
      "method": "UNGS",
      "n_reps": 1000,
      "target": 0.95,
      "coverage": 0.999,
      "coverage_lo": 0.9943574414020421,
      "coverage_hi": 0.9998234536293739,
      "coverage_gap": 0.049000000000000044,
      "meets_target": true,
      "significantly_below": false,
      "mean_obj": -7.393015804114143,
      "obj_se": 0.006971956932783486,
      "mean_oracle_gap": 0.19252053248345993,
      "oracle_gap_se": 0.007168174112532331,
      "mean_rel_oracle_gap": 0.024878574703843196,
      "mean_excess_s": 23.488,
      "selected_s_std": 39.58179315479971,
      "failure_rate": 0.0,
      "n_failed": 0
    },
    "benchmark": {
      "method": "benchmark",
      "n_reps": 1000,
      "target": 0.95,
      "coverage": 1.0,
      "coverage_lo": 0.996173241514445,
      "coverage_hi": 1.0,
      "coverage_gap": 0.050000000000000044,
      "meets_target": true,
      "significantly_below": false,
      "mean_obj": -6.212720605753224,
      "obj_se": 0.0046485804361830665,
      "mean_oracle_gap": 1.3728157308443778,
      "oracle_gap_se": 0.008371939574648931,
      "mean_rel_oracle_gap": 0.1802012406452233,
      "mean_excess_s": NaN,
      "selected_s_std": NaN,
      "failure_rate": 0.0,
      "n_failed": 0
    },
    "_n_replication_errors": 0
  }
}