{
  "config": "paper_ro_ellipsoid",
  "n": 2000,
  "split": 0.5,
  "d": 50,
  "reps": 1000,
  "mesh_p": null,
  "include_existing": false,
  "folds": null,
  "elapsed_s": 6.817448139190674,
  "summaries": {
    "NV": {
      "method": "NV",
      "n_reps": 1000,
      "target": 0.95,
      "coverage": 1.0,
      "coverage_lo": 0.996173241514445,
      "coverage_hi": 1.0,
      "coverage_gap": 0.050000000000000044,
      "meets_target": true,
      "significantly_below": false,
      "mean_obj": -43.88488325904832,
      "obj_se": 0.006319208727013664,
      "mean_oracle_gap": -3.0553337637684306e-16,
      "oracle_gap_se": 2.0221913450232658e-16,
      "mean_rel_oracle_gap": -6.943664117013136e-18,
      "mean_excess_s": 0.0,
      "selected_s_std": 0.01894822295354902,
      "failure_rate": 0.0,
      "n_failed": 0
    },
    "UG": {
      "method": "UG",
      "n_reps": 1000,
      "target": 0.95,
      "coverage": 1.0,
      "coverage_lo": 0.996173241514445,
      "coverage_hi": 1.0,
      "coverage_gap": 0.050000000000000044,
      "meets_target": true,
      "significantly_below": false,
      "mean_obj": -43.88488325904832,
      "obj_se": 0.006319208727013664,
      "mean_oracle_gap": -3.0553337637684306e-16,
      "oracle_gap_se": 2.0221913450232658e-16,
      "mean_rel_oracle_gap": -6.943664117013136e-18,
      "mean_excess_s": 0.0,
      "selected_s_std": 0.01894822295354902,
      "failure_rate": 0.0,
      "n_failed": 0
    },
    "NGS": {
      "method": "NGS",
      "n_reps": 1000,
      "target": 0.95,
      "coverage": 1.0,
      "coverage_lo": 0.996173241514445,
      "coverage_hi": 1.0,
      "coverage_gap": 0.050000000000000044,
      "meets_target": true,
      "significantly_below": false,
      "mean_obj": -43.88488325904832,
      "obj_se": 0.006319208727013664,
      "mean_oracle_gap": -3.0553337637684306e-16,
      "oracle_gap_se": 2.0221913450232658e-16,
      "mean_rel_oracle_gap": -6.943664117013136e-18,
      "mean_excess_s": 0.0,
      "selected_s_std": 0.01894822295354902,
      "failure_rate": 0.0,
      "n_failed": 0
    },
    "UNGS": {
      "method": "UNGS",
      "n_reps": 1000,
      "target": 0.95,
      "coverage": 1.0,
      "coverage_lo": 0.996173241514445,
      "coverage_hi": 1.0,
      "coverage_gap": 0.050000000000000044,
      "meets_target": true,
      "significantly_below": false,
      "mean_obj": -43.88488325904832,
      "obj_se": 0.006319208727013664,
      "mean_oracle_gap": -3.0553337637684306e-16,
      "oracle_gap_se": 2.0221913450232658e-16,
      "mean_rel_oracle_gap": -6.943664117013136e-18,
      "mean_excess_s": 0.0,
      "selected_s_std": 0.01894822295354902,
      "failure_rate": 0.0,
      "n_failed": 0
    },
    "benchmark": {
      "method": "benchmark",
      "n_reps": 1000,
      "target": 0.95,
      "coverage": 1.0,
      "coverage_lo": 0.996173241514445,
      "coverage_hi": 1.0,
      "coverage_gap": 0.050000000000000044,
      "meets_target": true,
      "significantly_below": false,
      "mean_obj": -42.46409155317787,
      "obj_se": 2.2480577299018473e-16,
      "mean_oracle_gap": 1.4207917058704465,
      "oracle_gap_se": 0.006319208727013658,
      "mean_rel_oracle_gap": 0.03235536658975382,
      "mean_excess_s": NaN,
      "selected_s_std": NaN,
      "failure_rate": 0.0,
      "n_failed": 0
    },
    "_n_replication_errors": 0
  }
}