{
  "config": "paper_ro_ellipsoid",
  "n": 200,
  "split": 0.5,
  "d": 5,
  "reps": 1000,
  "mesh_p": null,
  "include_existing": false,
  "folds": null,
  "elapsed_s": 0.7450718879699707,
  "summaries": {
    "NV": {
      "method": "NV",
      "n_reps": 1000,
      "target": 0.95,
      "coverage": 0.836,
      "coverage_lo": 0.8117726060331938,
      "coverage_hi": 0.857655812264513,
      "coverage_gap": -0.11399999999999999,
      "meets_target": false,
      "significantly_below": true,
      "mean_obj": -3.4808759231323676,
      "obj_se": 0.004698037938918425,
      "mean_oracle_gap": -0.020049845079599688,
      "oracle_gap_se": 0.005084013217646193,
      "mean_rel_oracle_gap": -0.006242599500215205,
      "mean_excess_s": -0.03478831846915483,
      "selected_s_std": 0.6728545828147267,
      "failure_rate": 0.0,
      "n_failed": 0
    },
    "UG": {
      "method": "UG",
      "n_reps": 1000,
      "target": 0.95,
      "coverage": 0.986,
      "coverage_lo": 0.9766379658824644,
      "coverage_hi": 0.9916424248695761,
      "coverage_gap": 0.03600000000000003,
      "meets_target": true,
      "significantly_below": false,
      "mean_obj": -3.316645199308024,
      "obj_se": 0.0045427974843139885,
      "mean_oracle_gap": 0.14418087874474345,
      "oracle_gap_se": 0.00491086202602058,
      "mean_rel_oracle_gap": 0.04125338693825104,
      "mean_excess_s": 0.7324957163305613,
      "selected_s_std": 0.8897688685096798,
      "failure_rate": 0.0,
      "n_failed": 0
    },
    "NGS": {
      "method": "NGS",
      "n_reps": 1000,
      "target": 0.95,
      "coverage": 0.991,
      "coverage_lo": 0.982984183834662,
      "coverage_hi": 0.9952579393325229,
      "coverage_gap": 0.041000000000000036,
      "meets_target": true,
      "significantly_below": false,
      "mean_obj": -3.2579112906406027,
      "obj_se": 0.004828471527658342,
      "mean_oracle_gap": 0.20291478741216462,
      "oracle_gap_se": 0.005212768651880396,
      "mean_rel_oracle_gap": 0.05821765080089291,
      "mean_excess_s": 1.0682439888685444,
      "selected_s_std": 1.0494851900141118,
      "failure_rate": 0.0,
      "n_failed": 0
    },
    "UNGS": {
      "method": "UNGS",
      "n_reps": 1000,
      "target": 0.95,
      "coverage": 0.991,
      "coverage_lo": 0.982984183834662,
      "coverage_hi": 0.9952579393325229,
      "coverage_gap": 0.041000000000000036,
      "meets_target": true,
      "significantly_below": false,
      "mean_obj": -3.1569361780490617,
      "obj_se": 0.00584371317176319,
      "mean_oracle_gap": 0.30388990000370575,
      "oracle_gap_se": 0.006430078332485051,
      "mean_rel_oracle_gap": 0.08726993792272171,
      "mean_excess_s": 1.7649196938068472,
      "selected_s_std": 1.5337128292992355,
      "failure_rate": 0.0,
      "n_failed": 0
    },
    "benchmark": {
      "method": "benchmark",
      "n_reps": 1000,
      "target": 0.95,
      "coverage": 1.0,
      "coverage_lo": 0.996173241514445,
      "coverage_hi": 1.0,
      "coverage_gap": 0.050000000000000044,
      "meets_target": true,
      "significantly_below": false,
      "mean_obj": -3.025999410968635,
      "obj_se": 0.0,
      "mean_oracle_gap": 0.43482666708413287,
      "oracle_gap_se": 0.0026128102036767635,
      "mean_rel_oracle_gap": 0.12514211380398352,
      "mean_excess_s": null,
      "selected_s_std": null,
      "failure_rate": 0.0,
      "n_failed": 0
    },
    "_n_replication_errors": 0
  }
}