{
  "config": "paper_ro_ellipsoid",
  "n": 1000,
  "split": 0.5,
  "d": 20,
  "reps": 1000,
  "mesh_p": null,
  "include_existing": false,
  "folds": null,
  "elapsed_s": 1.846330165863037,
  "summaries": {
    "NV": {
      "method": "NV",
      "n_reps": 1000,
      "target": 0.95,
      "coverage": 0.928,
      "coverage_lo": 0.9102882164172793,
      "coverage_hi": 0.9424360783190856,
      "coverage_gap": -0.02199999999999991,
      "meets_target": false,
      "significantly_below": true,
      "mean_obj": -16.635464811571552,
      "obj_se": 0.01618355396433902,
      "mean_oracle_gap": 0.12087432011918489,
      "oracle_gap_se": 0.018622553991691,
      "mean_rel_oracle_gap": 0.006769176532253741,
      "mean_excess_s": 0.19039068738764114,
      "selected_s_std": 0.8788535396232345,
      "failure_rate": 0.0,
      "n_failed": 0
    },
    "UG": {
      "method": "UG",
      "n_reps": 1000,
      "target": 0.95,
      "coverage": 0.994,
      "coverage_lo": 0.9869718317581478,
      "coverage_hi": 0.9972473308581237,
      "coverage_gap": 0.04400000000000004,
      "meets_target": true,
      "significantly_below": false,
      "mean_obj": -16.07231022252154,
      "obj_se": 0.015137463549140086,
      "mean_oracle_gap": 0.6840289091691985,
      "oracle_gap_se": 0.01965912874808746,
      "mean_rel_oracle_gap": 0.04026565617194032,
      "mean_excess_s": 1.077799802735487,
      "selected_s_std": 0.8241081208791469,
      "failure_rate": 0.0,
      "n_failed": 0
    },
    "NGS": {
      "method": "NGS",
      "n_reps": 1000,
      "target": 0.95,
      "coverage": 0.998,
      "coverage_lo": 0.9927371921365079,
      "coverage_hi": 0.9994513564118793,
      "coverage_gap": 0.04800000000000004,
      "meets_target": true,
      "significantly_below": false,
      "mean_obj": -15.94570806030154,
      "obj_se": 0.012396662776724233,
      "mean_oracle_gap": 0.8106310713891977,
      "oracle_gap_se": 0.01846142924884941,
      "mean_rel_oracle_gap": 0.047769633552635866,
      "mean_excess_s": 1.2763092757535606,
      "selected_s_std": 0.6662603923875501,
      "failure_rate": 0.0,
      "n_failed": 0
    },
    "UNGS": {
      "method": "UNGS",
      "n_reps": 1000,
      "target": 0.95,
      "coverage": 0.994,
      "coverage_lo": 0.9869718317581478,
      "coverage_hi": 0.9972473308581237,
      "coverage_gap": 0.04400000000000004,
      "meets_target": true,
      "significantly_below": false,
      "mean_obj": -16.046339026091037,
      "obj_se": 0.014751831371011739,
      "mean_oracle_gap": 0.7100001055997,
      "oracle_gap_se": 0.019555294645304953,
      "mean_rel_oracle_gap": 0.04180251192976561,
      "mean_excess_s": 1.118342870560362,
      "selected_s_std": 0.7987035357783023,
      "failure_rate": 0.0,
      "n_failed": 0
    },
    "benchmark": {
      "method": "benchmark",
      "n_reps": 1000,
      "target": 0.95,
      "coverage": 1.0,
      "coverage_lo": 0.996173241514445,
      "coverage_hi": 1.0,
      "coverage_gap": 0.050000000000000044,
      "meets_target": true,
      "significantly_below": false,
      "mean_obj": -15.324547637443258,
      "obj_se": 1.1240288649509236e-16,
      "mean_oracle_gap": 1.4317914942474839,
      "oracle_gap_se": 0.012634231531900032,
      "mean_rel_oracle_gap": 0.08491109258569943,
      "mean_excess_s": NaN,
      "selected_s_std": NaN,
      "failure_rate": 0.0,
      "n_failed": 0
    },
    "_n_replication_errors": 0
  }
}