{
  "config": "paper_fast",
  "n": 200,
  "split": 0.5,
  "d": 5,
  "reps": 1000,
  "mesh_p": null,
  "include_existing": false,
  "folds": null,
  "elapsed_s": 0.7639439105987549,
  "summaries": {
    "NV": {
      "method": "NV",
      "n_reps": 1000,
      "target": 0.95,
      "coverage": 0.999,
      "coverage_lo": 0.9943574414020421,
      "coverage_hi": 0.9998234536293739,
      "coverage_gap": 0.049000000000000044,
      "meets_target": true,
      "significantly_below": false,
      "mean_obj": -3.1119617556815347,
      "obj_se": 0.005612492183414574,
      "mean_oracle_gap": 0.007079357490602221,
      "oracle_gap_se": 0.0016119279543377741,
      "mean_rel_oracle_gap": 0.0020888888888888867,
      "mean_excess_s": 0.9977,
      "selected_s_std": 0.014997831007680238,
      "failure_rate": 0.0,
      "n_failed": 0
    },
    "UG": {
      "method": "UG",
      "n_reps": 1000,
      "target": 0.95,
      "coverage": 1.0,
      "coverage_lo": 0.996173241514445,
      "coverage_hi": 1.0,
      "coverage_gap": 0.050000000000000044,
      "meets_target": true,
      "significantly_below": false,
      "mean_obj": -3.0656911664913586,
      "obj_se": 0.005432526504063418,
      "mean_oracle_gap": 0.053349946680778214,
      "oracle_gap_se": 0.003991420535458047,
      "mean_rel_oracle_gap": 0.016199999999999996,
      "mean_excess_s": 0.9836000000000001,
      "selected_s_std": 0.03837333074561696,
      "failure_rate": 0.0,
      "n_failed": 0
    },
    "NGS": {
      "method": "NGS",
      "n_reps": 1000,
      "target": 0.95,
      "coverage": 1.0,
      "coverage_lo": 0.996173241514445,
      "coverage_hi": 1.0,
      "coverage_gap": 0.050000000000000044,
      "meets_target": true,
      "significantly_below": false,
      "mean_obj": -3.0370845377880182,
      "obj_se": 0.005297909076032986,
      "mean_oracle_gap": 0.08195657538411905,
      "oracle_gap_se": 0.004725871295385097,
      "mean_rel_oracle_gap": 0.024999999999999994,
      "mean_excess_s": 0.9748000000000001,
      "selected_s_std": 0.04546456891940169,
      "failure_rate": 0.0,
      "n_failed": 0
    },
    "UNGS": {
      "method": "UNGS",
      "n_reps": 1000,
      "target": 0.95,
      "coverage": 1.0,
      "coverage_lo": 0.996173241514445,
      "coverage_hi": 1.0,
      "coverage_gap": 0.050000000000000044,
      "meets_target": true,
      "significantly_below": false,
      "mean_obj": -3.051626309518848,
      "obj_se": 0.005506427214720299,
      "mean_oracle_gap": 0.0674148036532888,
      "oracle_gap_se": 0.004600669464697388,
      "mean_rel_oracle_gap": 0.020499999999999997,
      "mean_excess_s": 0.9793000000000001,
      "selected_s_std": 0.04408461697070139,
      "failure_rate": 0.0,
      "n_failed": 0
    },
    "benchmark": {
      "method": "benchmark",
      "n_reps": 1000,
      "target": 0.95,
      "coverage": 1.0,
      "coverage_lo": 0.996173241514445,
      "coverage_hi": 1.0,
      "coverage_gap": 0.050000000000000044,
      "meets_target": true,
      "significantly_below": false,
      "mean_obj": -2.6454639897166228,
      "obj_se": 0.008265938534354374,
      "mean_oracle_gap": 0.473577123455514,
      "oracle_gap_se": 0.008036244352778143,
      "mean_rel_oracle_gap": 0.1508847869176327,
      "mean_excess_s": null,
      "selected_s_std": null,
      "failure_rate": 0.0,
      "n_failed": 0
    },
    "_n_replication_errors": 0
  }
}