{
  "config": "paper_so",
  "n": 1000,
  "split": 0.5,
  "d": 10,
  "reps": 1000,
  "mesh_p": 60,
  "include_existing": false,
  "folds": null,
  "elapsed_s": 9.97666883468628,
  "summaries": {
    "NV": {
      "method": "NV",
      "n_reps": 1000,
      "target": 0.95,
      "coverage": 0.832,
      "coverage_lo": 0.8075669791195391,
      "coverage_hi": 0.8538920532460522,
      "coverage_gap": -0.118,
      "meets_target": false,
      "significantly_below": true,
      "mean_obj": -7.6195934645781955,
      "obj_se": 0.008235318049285269,
      "mean_oracle_gap": -0.017205959379301042,
      "oracle_gap_se": 0.006145145475756018,
      "mean_rel_oracle_gap": -0.0025129813944295867,
      "mean_excess_s": -0.159,
      "selected_s_std": 24.680697068920235,
      "failure_rate": 0.0,
      "n_failed": 0
    },
    "UG": {
      "method": "UG",
      "n_reps": 1000,
      "target": 0.95,
      "coverage": 0.985,
      "coverage_lo": 0.9753990230730932,
      "coverage_hi": 0.9908890211959184,
      "coverage_gap": 0.03500000000000003,
      "meets_target": true,
      "significantly_below": false,
      "mean_obj": -7.4650767714918524,
      "obj_se": 0.007585456105637742,
      "mean_oracle_gap": 0.13731073370704222,
      "oracle_gap_se": 0.00709591925060346,
      "mean_rel_oracle_gap": 0.017632773230122814,
      "mean_excess_s": 14.877,
      "selected_s_std": 34.06261723492329,
      "failure_rate": 0.0,
      "n_failed": 0
    },
    "NGS": {
      "method": "NGS",
      "n_reps": 1000,
      "target": 0.95,
      "coverage": 0.997,
      "coverage_lo": 0.9912169859464969,
      "coverage_hi": 0.9989792161188614,
      "coverage_gap": 0.04700000000000004,
      "meets_target": true,
      "significantly_below": false,
      "mean_obj": -7.382079870006681,
      "obj_se": 0.0071054990500468256,
      "mean_oracle_gap": 0.22030763519221308,
      "oracle_gap_se": 0.007765851665939557,
      "mean_rel_oracle_gap": 0.028408640489534412,
      "mean_excess_s": 25.748,
      "selected_s_std": 39.8031749579947,
      "failure_rate": 0.0,
      "n_failed": 0
    },
    "UNGS": {
      "method": "UNGS",
      "n_reps": 1000,
      "target": 0.95,
      "coverage": 0.999,
      "coverage_lo": 0.9943574414020421,
      "coverage_hi": 0.9998234536293739,
      "coverage_gap": 0.049000000000000044,
      "meets_target": true,
      "significantly_below": false,
      "mean_obj": -7.2990846965667,
      "obj_se": 0.006831024657625826,
      "mean_oracle_gap": 0.3033028086321946,
      "oracle_gap_se": 0.008331243030674193,
      "mean_rel_oracle_gap": 0.03921883039328843,
      "mean_excess_s": 40.845,
      "selected_s_std": 50.422918496549855,
      "failure_rate": 0.0,
      "n_failed": 0
    },
    "benchmark": {
      "method": "benchmark",
      "n_reps": 1000,
      "target": 0.95,
      "coverage": 1.0,
      "coverage_lo": 0.996173241514445,
      "coverage_hi": 1.0,
      "coverage_gap": 0.050000000000000044,
      "meets_target": true,
      "significantly_below": false,
      "mean_obj": -6.4047529453600545,
      "obj_se": 0.00557743923039234,
      "mean_oracle_gap": 1.197634559838839,
      "oracle_gap_se": 0.008845157389959784,
      "mean_rel_oracle_gap": 0.156747872416347,
      "mean_excess_s": NaN,
      "selected_s_std": NaN,
      "failure_rate": 0.0,
      "n_failed": 0
    },
    "_n_replication_errors": 0
  }
}