{
  "config": "paper_ro_ellipsoid",
  "n": 100,
  "split": 0.5,
  "d": 5,
  "reps": 1000,
  "mesh_p": null,
  "include_existing": false,
  "folds": null,
  "elapsed_s": 0.7932679653167725,
  "summaries": {
    "NV": {
      "method": "NV",
      "n_reps": 1000,
      "target": 0.95,
      "coverage": 0.681,
      "coverage_lo": 0.6514663972750635,
      "coverage_hi": 0.7091483161531656,
      "coverage_gap": -0.2689999999999999,
      "meets_target": false,
      "significantly_below": true,
      "mean_obj": -3.5072883256124707,
      "obj_se": 0.006366934138292623,
      "mean_oracle_gap": -0.05793380047957089,
      "oracle_gap_se": 0.006822557465617519,
      "mean_rel_oracle_gap": -0.017391042122073035,
      "mean_excess_s": -0.14264052237381464,
      "selected_s_std": 1.138854482395732,
      "failure_rate": 0.0,
      "n_failed": 0
    },
    "UG": {
      "method": "UG",
      "n_reps": 1000,
      "target": 0.95,
      "coverage": 0.961,
      "coverage_lo": 0.9471306895804986,
      "coverage_hi": 0.9713410390958196,
      "coverage_gap": 0.01100000000000001,
      "meets_target": true,
      "significantly_below": false,
      "mean_obj": -3.2172892672366253,
      "obj_se": 0.006517033807917937,
      "mean_oracle_gap": 0.23206525789627444,
      "oracle_gap_se": 0.00677965086895248,
      "mean_rel_oracle_gap": 0.06684132369747804,
      "mean_excess_s": 1.4391808739082153,
      "selected_s_std": 1.7918295817124688,
      "failure_rate": 0.0,
      "n_failed": 0
    },
    "NGS": {
      "method": "NGS",
      "n_reps": 1000,
      "target": 0.95,
      "coverage": 0.963,
      "coverage_lo": 0.9494176025179306,
      "coverage_hi": 0.9730388191244452,
      "coverage_gap": 0.013000000000000012,
      "meets_target": true,
      "significantly_below": false,
      "mean_obj": -3.175461506343133,
      "obj_se": 0.007482427536140267,
      "mean_oracle_gap": 0.27389301878976685,
      "oracle_gap_se": 0.007824610797355747,
      "mean_rel_oracle_gap": 0.07889990180014893,
      "mean_excess_s": 1.8482082088546856,
      "selected_s_std": 2.341430949749662,
      "failure_rate": 0.0,
      "n_failed": 0
    },
    "UNGS": {
      "method": "UNGS",
      "n_reps": 1000,
      "target": 0.95,
      "coverage": 0.987,
      "coverage_lo": 0.9778855576244203,
      "coverage_hi": 0.9923871796106489,
      "coverage_gap": 0.03700000000000003,
      "meets_target": true,
      "significantly_below": false,
      "mean_obj": -2.9446790763275206,
      "obj_se": 0.008914023787321562,
      "mean_oracle_gap": 0.504675448805379,
      "oracle_gap_se": 0.009382495059033878,
      "mean_rel_oracle_gap": 0.14570649057957744,
      "mean_excess_s": 4.035533210316998,
      "selected_s_std": 3.6411631705210628,
      "failure_rate": 0.0,
      "n_failed": 0
    },
    "benchmark": {
      "method": "benchmark",
      "n_reps": 1000,
      "target": 0.95,
      "coverage": 1.0,
      "coverage_lo": 0.996173241514445,
      "coverage_hi": 1.0,
      "coverage_gap": 0.050000000000000044,
      "meets_target": true,
      "significantly_below": false,
      "mean_obj": -3.025999410968635,
      "obj_se": 0.0,
      "mean_oracle_gap": 0.4233551141642649,
      "oracle_gap_se": 0.0027923323715494715,
      "mean_rel_oracle_gap": 0.122155052539819,
      "mean_excess_s": null,
      "selected_s_std": null,
      "failure_rate": 0.0,
      "n_failed": 0
    },
    "_n_replication_errors": 0
  }
}