{
  "config": "paper_so",
  "n": 100,
  "split": 0.5,
  "d": 20,
  "reps": 1000,
  "mesh_p": 60,
  "include_existing": false,
  "folds": null,
  "elapsed_s": 1.943180799484253,
  "summaries": {
    "NV": {
      "method": "NV",
      "n_reps": 1000,
      "target": 0.95,
      "coverage": 0.323,
      "coverage_lo": 0.2947418927752481,
      "coverage_hi": 0.35261277972863847,
      "coverage_gap": -0.627,
      "meets_target": false,
      "significantly_below": true,
      "mean_obj": -17.189509451619102,
      "obj_se": 0.017876235812841083,
      "mean_oracle_gap": -0.28838594983925964,
      "oracle_gap_se": 0.02045741661281383,
      "mean_rel_oracle_gap": -0.01749560038621969,
      "mean_excess_s": -5.889430894308943,
      "selected_s_std": 14.322577115003265,
      "failure_rate": 0.0,
      "n_failed": 0
    },
    "UG": {
      "method": "UG",
      "n_reps": 1000,
      "target": 0.95,
      "coverage": 0.482,
      "coverage_lo": 0.4511584546689284,
      "coverage_hi": 0.5129793086365515,
      "coverage_gap": -0.46799999999999997,
      "meets_target": false,
      "significantly_below": true,
      "mean_obj": -16.972334798807985,
      "obj_se": 0.018982430747381474,
      "mean_oracle_gap": 0.017342797651535312,
      "oracle_gap_se": 0.014213796230609277,
      "mean_rel_oracle_gap": 0.0010152333488341737,
      "mean_excess_s": 1.8390243902439025,
      "selected_s_std": 13.331448965942581,
      "failure_rate": 0.0,
      "n_failed": 0
    },
    "NGS": {
      "method": "NGS",
      "n_reps": 1000,
      "target": 0.95,
      "coverage": 0.496,
      "coverage_lo": 0.46508589340292905,
      "coverage_hi": 0.5269447206649553,
      "coverage_gap": -0.45399999999999996,
      "meets_target": false,
      "significantly_below": true,
      "mean_obj": -16.953063027440322,
      "obj_se": 0.019303723020736692,
      "mean_oracle_gap": 0.04591723532690461,
      "oracle_gap_se": 0.014315574558695032,
      "mean_rel_oracle_gap": 0.0027372741534800646,
      "mean_excess_s": 2.778861788617886,
      "selected_s_std": 13.286296574917959,
      "failure_rate": 0.0,
      "n_failed": 0
    },
    "UNGS": {
      "method": "UNGS",
      "n_reps": 1000,
      "target": 0.95,
      "coverage": 0.499,
      "coverage_lo": 0.468073488750724,
      "coverage_hi": 0.529934164766247,
      "coverage_gap": -0.45099999999999996,
      "meets_target": false,
      "significantly_below": true,
      "mean_obj": -16.949098544085384,
      "obj_se": 0.019515969099693265,
      "mean_oracle_gap": 0.05432375907756062,
      "oracle_gap_se": 0.014409922168894373,
      "mean_rel_oracle_gap": 0.0032464170240742787,
      "mean_excess_s": 2.939837398373984,
      "selected_s_std": 13.137281003013985,
      "failure_rate": 0.0,
      "n_failed": 0
    },
    "benchmark": {
      "method": "benchmark",
      "n_reps": 1000,
      "target": 0.95,
      "coverage": 0.948,
      "coverage_lo": 0.93244426068072,
      "coverage_hi": 0.9601269637162226,
      "coverage_gap": -0.0020000000000000018,
      "meets_target": false,
      "significantly_below": false,
      "mean_obj": -16.25357856759108,
      "obj_se": 0.016282070826982468,
      "mean_oracle_gap": 0.5724223902954132,
      "oracle_gap_se": 0.015940432837942855,
      "mean_rel_oracle_gap": 0.034220939156109555,
      "mean_excess_s": null,
      "selected_s_std": null,
      "failure_rate": 0.0,
      "n_failed": 0
    },
    "_n_replication_errors": 0
  }
}