{
  "config": "paper_saa",
  "n": 100,
  "split": 0.5,
  "d": 5,
  "reps": 1000,
  "mesh_p": null,
  "include_existing": false,
  "folds": null,
  "elapsed_s": 1.8726179599761963,
  "summaries": {
    "NV": {
      "method": "NV",
      "n_reps": 1000,
      "target": 0.95,
      "coverage": 0.418,
      "coverage_lo": 0.3878005681433438,
      "coverage_hi": 0.4488270202482872,
      "coverage_gap": -0.532,
      "meets_target": false,
      "significantly_below": true,
      "mean_obj": -3.5863411336845097,
      "obj_se": 0.0066272487904877365,
      "mean_oracle_gap": -0.11009397685440701,
      "oracle_gap_se": 0.007539022681073462,
      "mean_rel_oracle_gap": -0.03283492194505263,
      "mean_excess_s": -0.016252927400468384,
      "selected_s_std": 0.030457144279095467,
      "failure_rate": 0.0,
      "n_failed": 0
    },
    "UG": {
      "method": "UG",
      "n_reps": 1000,
      "target": 0.95,
      "coverage": 0.73,
      "coverage_lo": 0.7016420587131036,
      "coverage_hi": 0.756597632383541,
      "coverage_gap": -0.21999999999999997,
      "meets_target": false,
      "significantly_below": true,
      "mean_obj": -3.4202355701003277,
      "obj_se": 0.0075211058225849335,
      "mean_oracle_gap": 0.08108190093390094,
      "oracle_gap_se": 0.007132657894782603,
      "mean_rel_oracle_gap": 0.02297561041787132,
      "mean_excess_s": 0.008337236533957846,
      "selected_s_std": 0.020980528653553574,
      "failure_rate": 0.0,
      "n_failed": 0
    },
    "NGS": {
      "method": "NGS",
      "n_reps": 1000,
      "target": 0.95,
      "coverage": 0.736,
      "coverage_lo": 0.7078137382308571,
      "coverage_hi": 0.7623800317639609,
      "coverage_gap": -0.21399999999999997,
      "meets_target": false,
      "significantly_below": true,
      "mean_obj": -3.4109033843349015,
      "obj_se": 0.007580731711004055,
      "mean_oracle_gap": 0.09182368890274964,
      "oracle_gap_se": 0.007169484459886478,
      "mean_rel_oracle_gap": 0.026076756077022117,
      "mean_excess_s": 0.009789227166276348,
      "selected_s_std": 0.020107060796991042,
      "failure_rate": 0.0,
      "n_failed": 0
    },
    "UNGS": {
      "method": "UNGS",
      "n_reps": 1000,
      "target": 0.95,
      "coverage": 0.746,
      "coverage_lo": 0.7181143099237187,
      "coverage_hi": 0.7720029249013881,
      "coverage_gap": -0.20399999999999996,
      "meets_target": false,
      "significantly_below": true,
      "mean_obj": -3.397513375453387,
      "obj_se": 0.007748844762841674,
      "mean_oracle_gap": 0.10768868623476825,
      "oracle_gap_se": 0.007331614910950092,
      "mean_rel_oracle_gap": 0.03064288015479267,
      "mean_excess_s": 0.011709601873536302,
      "selected_s_std": 0.019267507281349003,
      "failure_rate": 0.0,
      "n_failed": 0
    },
    "_n_replication_errors": 0
  }
}