{
  "config": "paper_so",
  "n": 200,
  "split": 0.5,
  "d": 50,
  "reps": 1000,
  "mesh_p": 60,
  "include_existing": false,
  "folds": null,
  "elapsed_s": 8.820227146148682,
  "summaries": {
    "NV": {
      "method": "NV",
      "n_reps": 1000,
      "target": 0.95,
      "coverage": 0.54,
      "coverage_lo": 0.5090152862022621,
      "coverage_hi": 0.5706785731188935,
      "coverage_gap": -0.4099999999999999,
      "meets_target": false,
      "significantly_below": true,
      "mean_obj": -45.618776965620555,
      "obj_se": 0.025219076514249563,
      "mean_oracle_gap": -0.27035215288927084,
      "oracle_gap_se": 0.024915977150941123,
      "mean_rel_oracle_gap": -0.0060190220506551205,
      "mean_excess_s": -5.548633879781421,
      "selected_s_std": 26.80982974528132,
      "failure_rate": 0.0,
      "n_failed": 0
    },
    "UG": {
      "method": "UG",
      "n_reps": 1000,
      "target": 0.95,
      "coverage": 0.823,
      "coverage_lo": 0.7981212935038732,
      "coverage_hi": 0.8454066205144583,
      "coverage_gap": -0.127,
      "meets_target": false,
      "significantly_below": true,
      "mean_obj": -45.04486314930049,
      "obj_se": 0.024364865427635527,
      "mean_oracle_gap": 0.343110475073258,
      "oracle_gap_se": 0.020196524956698294,
      "mean_rel_oracle_gap": 0.007548352097583318,
      "mean_excess_s": 14.96174863387978,
      "selected_s_std": 26.412522889064675,
      "failure_rate": 0.0,
      "n_failed": 0
    },
    "NGS": {
      "method": "NGS",
      "n_reps": 1000,
      "target": 0.95,
      "coverage": 0.859,
      "coverage_lo": 0.8360535141123197,
      "coverage_hi": 0.8791988732950519,
      "coverage_gap": -0.09099999999999997,
      "meets_target": false,
      "significantly_below": true,
      "mean_obj": -44.913720657955885,
      "obj_se": 0.02501907925825328,
      "mean_oracle_gap": 0.48713724034850203,
      "oracle_gap_se": 0.020280440894210904,
      "mean_rel_oracle_gap": 0.010728715544330957,
      "mean_excess_s": 21.06448087431694,
      "selected_s_std": 24.91598849097668,
      "failure_rate": 0.0,
      "n_failed": 0
    },
    "UNGS": {
      "method": "UNGS",
      "n_reps": 1000,
      "target": 0.95,
      "coverage": 0.865,
      "coverage_lo": 0.8424178447972049,
      "coverage_hi": 0.8847886215083399,
      "coverage_gap": -0.08499999999999996,
      "meets_target": false,
      "significantly_below": true,
      "mean_obj": -44.856757178677505,
      "obj_se": 0.02641675211008219,
      "mean_oracle_gap": 0.5493924089587601,
      "oracle_gap_se": 0.02143147910490617,
      "mean_rel_oracle_gap": 0.012108509641147886,
      "mean_excess_s": 24.653551912568307,
      "selected_s_std": 23.800404518731508,
      "failure_rate": 0.0,
      "n_failed": 0
    },
    "benchmark": {
      "method": "benchmark",
      "n_reps": 1000,
      "target": 0.95,
      "coverage": 1.0,
      "coverage_lo": 0.996173241514445,
      "coverage_hi": 1.0,
      "coverage_gap": 0.050000000000000044,
      "meets_target": true,
      "significantly_below": false,
      "mean_obj": -43.80350997099554,
      "obj_se": 0.021756588508564885,
      "mean_oracle_gap": 1.5208362472735226,
      "oracle_gap_se": 0.022568043848749646,
      "mean_rel_oracle_gap": 0.033529330024822064,
      "mean_excess_s": null,
      "selected_s_std": null,
      "failure_rate": 0.0,
      "n_failed": 0
    },
    "_n_replication_errors": 0
  }
}