{
  "config": "paper_ro_ellipsoid",
  "n": 500,
  "split": 0.5,
  "d": 10,
  "reps": 1000,
  "mesh_p": null,
  "include_existing": false,
  "folds": null,
  "elapsed_s": 0.994070291519165,
  "summaries": {
    "NV": {
      "method": "NV",
      "n_reps": 1000,
      "target": 0.95,
      "coverage": 0.867,
      "coverage_lo": 0.8445423199288764,
      "coverage_hi": 0.8866488393427261,
      "coverage_gap": -0.08299999999999996,
      "meets_target": false,
      "significantly_below": true,
      "mean_obj": -7.594451846753259,
      "obj_se": 0.007269826324629843,
      "mean_oracle_gap": -0.08046521355511715,
      "oracle_gap_se": 0.007887370326762002,
      "mean_rel_oracle_gap": -0.010948773990793116,
      "mean_excess_s": -0.16445058042652347,
      "selected_s_std": 0.5375869596762838,
      "failure_rate": 0.0,
      "n_failed": 0
    },
    "UG": {
      "method": "UG",
      "n_reps": 1000,
      "target": 0.95,
      "coverage": 0.993,
      "coverage_lo": 0.9856216845342334,
      "coverage_hi": 0.9966051315990092,
      "coverage_gap": 0.04300000000000004,
      "meets_target": true,
      "significantly_below": false,
      "mean_obj": -7.440528594994114,
      "obj_se": 0.005385450800519989,
      "mean_oracle_gap": 0.07345803820402699,
      "oracle_gap_se": 0.006074179188392827,
      "mean_rel_oracle_gap": 0.009558852684268213,
      "mean_excess_s": 0.21966602805543578,
      "selected_s_std": 0.5192479474252872,
      "failure_rate": 0.0,
      "n_failed": 0
    },
    "NGS": {
      "method": "NGS",
      "n_reps": 1000,
      "target": 0.95,
      "coverage": 0.998,
      "coverage_lo": 0.9927371921365079,
      "coverage_hi": 0.9994513564118793,
      "coverage_gap": 0.04800000000000004,
      "meets_target": true,
      "significantly_below": false,
      "mean_obj": -7.389488791760608,
      "obj_se": 0.0058080290968506205,
      "mean_oracle_gap": 0.12449784143753369,
      "oracle_gap_se": 0.006907843503443062,
      "mean_rel_oracle_gap": 0.01630008887229975,
      "mean_excess_s": 0.3768842408781414,
      "selected_s_std": 0.6272994398272238,
      "failure_rate": 0.0,
      "n_failed": 0
    },
    "UNGS": {
      "method": "UNGS",
      "n_reps": 1000,
      "target": 0.95,
      "coverage": 0.994,
      "coverage_lo": 0.9869718317581478,
      "coverage_hi": 0.9972473308581237,
      "coverage_gap": 0.04400000000000004,
      "meets_target": true,
      "significantly_below": false,
      "mean_obj": -7.369719284848801,
      "obj_se": 0.00648473232900429,
      "mean_oracle_gap": 0.14426734834933985,
      "oracle_gap_se": 0.007475984387983013,
      "mean_rel_oracle_gap": 0.01893210596739705,
      "mean_excess_s": 0.4485468974069885,
      "selected_s_std": 0.7137066309362106,
      "failure_rate": 0.0,
      "n_failed": 0
    },
    "benchmark": {
      "method": "benchmark",
      "n_reps": 1000,
      "target": 0.95,
      "coverage": 1.0,
      "coverage_lo": 0.996173241514445,
      "coverage_hi": 1.0,
      "coverage_gap": 0.050000000000000044,
      "meets_target": true,
      "significantly_below": false,
      "mean_obj": -6.901634398385977,
      "obj_se": 1.1240288649509236e-16,
      "mean_oracle_gap": 0.6123522348121679,
      "oracle_gap_se": 0.004189266110063114,
      "mean_rel_oracle_gap": 0.08121264997263915,
      "mean_excess_s": NaN,
      "selected_s_std": NaN,
      "failure_rate": 0.0,
      "n_failed": 0
    },
    "_n_replication_errors": 0
  }
}