{
  "config": "paper_so",
  "n": 2000,
  "split": 0.5,
  "d": 20,
  "reps": 1000,
  "mesh_p": 60,
  "include_existing": false,
  "folds": null,
  "elapsed_s": 35.317837953567505,
  "summaries": {
    "NV": {
      "method": "NV",
      "n_reps": 1000,
      "target": 0.95,
      "coverage": 0.89,
      "coverage_lo": 0.8690945010531241,
      "coverage_hi": 0.9079206273281428,
      "coverage_gap": -0.05999999999999994,
      "meets_target": false,
      "significantly_below": true,
      "mean_obj": -16.607108713818366,
      "obj_se": 0.012103625940222022,
      "mean_oracle_gap": -0.011892347991398352,
      "oracle_gap_se": 0.006821965325285421,
      "mean_rel_oracle_gap": -0.0007800631134662481,
      "mean_excess_s": -0.408,
      "selected_s_std": 29.647398608381213,
      "failure_rate": 0.0,
      "n_failed": 0
    },
    "UG": {
      "method": "UG",
      "n_reps": 1000,
      "target": 0.95,
      "coverage": 0.989,
      "coverage_lo": 0.9804106042992137,
      "coverage_hi": 0.9938468259019134,
      "coverage_gap": 0.039000000000000035,
      "meets_target": true,
      "significantly_below": false,
      "mean_obj": -16.427910615156158,
      "obj_se": 0.01119592116351403,
      "mean_oracle_gap": 0.1673057506708069,
      "oracle_gap_se": 0.009236884596804591,
      "mean_rel_oracle_gap": 0.009913357151355317,
      "mean_excess_s": 13.99,
      "selected_s_std": 37.48622895626288,
      "failure_rate": 0.0,
      "n_failed": 0
    },
    "NGS": {
      "method": "NGS",
      "n_reps": 1000,
      "target": 0.95,
      "coverage": 0.998,
      "coverage_lo": 0.9927371921365079,
      "coverage_hi": 0.9994513564118793,
      "coverage_gap": 0.04800000000000004,
      "meets_target": true,
      "significantly_below": false,
      "mean_obj": -16.346711211458516,
      "obj_se": 0.010486424349798597,
      "mean_oracle_gap": 0.24850515436845025,
      "oracle_gap_se": 0.010215143137966294,
      "mean_rel_oracle_gap": 0.0147450492748055,
      "mean_excess_s": 22.181,
      "selected_s_std": 41.519764472379194,
      "failure_rate": 0.0,
      "n_failed": 0
    },
    "UNGS": {
      "method": "UNGS",
      "n_reps": 1000,
      "target": 0.95,
      "coverage": 1.0,
      "coverage_lo": 0.996173241514445,
      "coverage_hi": 1.0,
      "coverage_gap": 0.050000000000000044,
      "meets_target": true,
      "significantly_below": false,
      "mean_obj": -16.28463650790082,
      "obj_se": 0.01009919492469957,
      "mean_oracle_gap": 0.31057985792614395,
      "oracle_gap_se": 0.01077480143282727,
      "mean_rel_oracle_gap": 0.018450477306781756,
      "mean_excess_s": 29.354,
      "selected_s_std": 46.855555092678635,
      "failure_rate": 0.0,
      "n_failed": 0
    },
    "benchmark": {
      "method": "benchmark",
      "n_reps": 1000,
      "target": 0.95,
      "coverage": 1.0,
      "coverage_lo": 0.996173241514445,
      "coverage_hi": 1.0,
      "coverage_gap": 0.050000000000000044,
      "meets_target": true,
      "significantly_below": false,
      "mean_obj": -14.380843909115786,
      "obj_se": 0.007448619933952291,
      "mean_oracle_gap": 2.214372456711178,
      "oracle_gap_se": 0.01290756367385162,
      "mean_rel_oracle_gap": 0.1330416777968743,
      "mean_excess_s": null,
      "selected_s_std": null,
      "failure_rate": 0.0,
      "n_failed": 0
    },
    "_n_replication_errors": 0
  }
}