{
  "config": "paper_so",
  "n": 1000,
  "split": 0.5,
  "d": 50,
  "reps": 1000,
  "mesh_p": 60,
  "include_existing": false,
  "folds": null,
  "elapsed_s": 41.94115614891052,
  "summaries": {
    "NV": {
      "method": "NV",
      "n_reps": 1000,
      "target": 0.95,
      "coverage": 0.793,
      "coverage_lo": 0.7667904475082261,
      "coverage_hi": 0.8169670720192386,
      "coverage_gap": -0.15699999999999992,
      "meets_target": false,
      "significantly_below": true,
      "mean_obj": -45.26258382621124,
      "obj_se": 0.018853517669098947,
      "mean_oracle_gap": -0.03822318492432862,
      "oracle_gap_se": 0.014059718163737744,
      "mean_rel_oracle_gap": -0.0008707359362952965,
      "mean_excess_s": 0.113,
      "selected_s_std": 35.11931437602737,
      "failure_rate": 0.0,
      "n_failed": 0
    },
    "UG": {
      "method": "UG",
      "n_reps": 1000,
      "target": 0.95,
      "coverage": 0.982,
      "coverage_lo": 0.9717267448294926,
      "coverage_hi": 0.9885842599904322,
      "coverage_gap": 0.03200000000000003,
      "meets_target": true,
      "significantly_below": false,
      "mean_obj": -44.789590513306614,
      "obj_se": 0.017041332605161316,
      "mean_oracle_gap": 0.4347701279802868,
      "oracle_gap_se": 0.01697849356763985,
      "mean_rel_oracle_gap": 0.009550876047841559,
      "mean_excess_s": 27.095,
      "selected_s_std": 49.0476877709406,
      "failure_rate": 0.0,
      "n_failed": 0
    },
    "NGS": {
      "method": "NGS",
      "n_reps": 1000,
      "target": 0.95,
      "coverage": 0.996,
      "coverage_lo": 0.9897604437227377,
      "coverage_hi": 0.9984434118595916,
      "coverage_gap": 0.04600000000000004,
      "meets_target": true,
      "significantly_below": false,
      "mean_obj": -44.52505873912555,
      "obj_se": 0.017385340027366077,
      "mean_oracle_gap": 0.6993019021613609,
      "oracle_gap_se": 0.019602861152371472,
      "mean_rel_oracle_gap": 0.015379973188915442,
      "mean_excess_s": 45.53,
      "selected_s_std": 60.00223365044874,
      "failure_rate": 0.0,
      "n_failed": 0
    },
    "UNGS": {
      "method": "UNGS",
      "n_reps": 1000,
      "target": 0.95,
      "coverage": 0.999,
      "coverage_lo": 0.9943574414020421,
      "coverage_hi": 0.9998234536293739,
      "coverage_gap": 0.049000000000000044,
      "meets_target": true,
      "significantly_below": false,
      "mean_obj": -44.274441407771825,
      "obj_se": 0.017043869277594603,
      "mean_oracle_gap": 0.9499192335150867,
      "oracle_gap_se": 0.02098217537685173,
      "mean_rel_oracle_gap": 0.020905382240644404,
      "mean_excess_s": 70.1,
      "selected_s_std": 78.49298136217736,
      "failure_rate": 0.0,
      "n_failed": 0
    },
    "benchmark": {
      "method": "benchmark",
      "n_reps": 1000,
      "target": 0.95,
      "coverage": 1.0,
      "coverage_lo": 0.996173241514445,
      "coverage_hi": 1.0,
      "coverage_gap": 0.050000000000000044,
      "meets_target": true,
      "significantly_below": false,
      "mean_obj": -41.940739503857564,
      "obj_se": 0.01507730920918552,
      "mean_oracle_gap": 3.2836211374293436,
      "oracle_gap_se": 0.020080807391581214,
      "mean_rel_oracle_gap": 0.07250806811530644,
      "mean_excess_s": NaN,
      "selected_s_std": NaN,
      "failure_rate": 0.0,
      "n_failed": 0
    },
    "_n_replication_errors": 0
  }
}