{
  "config": "paper_so",
  "n": 500,
  "split": 0.5,
  "d": 10,
  "reps": 1000,
  "mesh_p": 60,
  "include_existing": false,
  "folds": null,
  "elapsed_s": 5.159881114959717,
  "summaries": {
    "NV": {
      "method": "NV",
      "n_reps": 1000,
      "target": 0.95,
      "coverage": 0.731,
      "coverage_lo": 0.7026702288645861,
      "coverage_hi": 0.7575618087150875,
      "coverage_gap": -0.21899999999999997,
      "meets_target": false,
      "significantly_below": true,
      "mean_obj": -7.666446705050188,
      "obj_se": 0.008532990193231126,
      "mean_oracle_gap": -0.03941744407028155,
      "oracle_gap_se": 0.007016803057623539,
      "mean_rel_oracle_gap": -0.005445772076845475,
      "mean_excess_s": -1.501,
      "selected_s_std": 26.36408809614209,
      "failure_rate": 0.0,
      "n_failed": 0
    },
    "UG": {
      "method": "UG",
      "n_reps": 1000,
      "target": 0.95,
      "coverage": 0.975,
      "coverage_lo": 0.9633547107321566,
      "coverage_hi": 0.9830098687065659,
      "coverage_gap": 0.025000000000000022,
      "meets_target": true,
      "significantly_below": false,
      "mean_obj": -7.440844076601264,
      "obj_se": 0.007884396096837549,
      "mean_oracle_gap": 0.18618518437864146,
      "oracle_gap_se": 0.007728593215197203,
      "mean_rel_oracle_gap": 0.023976708591916068,
      "mean_excess_s": 22.095,
      "selected_s_std": 39.982881772514034,
      "failure_rate": 0.0,
      "n_failed": 0
    },
    "NGS": {
      "method": "NGS",
      "n_reps": 1000,
      "target": 0.95,
      "coverage": 0.996,
      "coverage_lo": 0.9897604437227377,
      "coverage_hi": 0.9984434118595916,
      "coverage_gap": 0.04600000000000004,
      "meets_target": true,
      "significantly_below": false,
      "mean_obj": -7.333969495468947,
      "obj_se": 0.007502018754943131,
      "mean_oracle_gap": 0.29305976551095864,
      "oracle_gap_se": 0.00813025624264976,
      "mean_rel_oracle_gap": 0.03789510026165677,
      "mean_excess_s": 38.042,
      "selected_s_std": 46.123003050651526,
      "failure_rate": 0.0,
      "n_failed": 0
    },
    "UNGS": {
      "method": "UNGS",
      "n_reps": 1000,
      "target": 0.95,
      "coverage": 0.999,
      "coverage_lo": 0.9943574414020421,
      "coverage_hi": 0.9998234536293739,
      "coverage_gap": 0.049000000000000044,
      "meets_target": true,
      "significantly_below": false,
      "mean_obj": -7.169590310691309,
      "obj_se": 0.0074545635926096905,
      "mean_oracle_gap": 0.4574389502885979,
      "oracle_gap_se": 0.008903969409483412,
      "mean_rel_oracle_gap": 0.05934041090952593,
      "mean_excess_s": 73.735,
      "selected_s_std": 61.35365478074599,
      "failure_rate": 0.0,
      "n_failed": 0
    },
    "benchmark": {
      "method": "benchmark",
      "n_reps": 1000,
      "target": 0.95,
      "coverage": 1.0,
      "coverage_lo": 0.996173241514445,
      "coverage_hi": 1.0,
      "coverage_gap": 0.050000000000000044,
      "meets_target": true,
      "significantly_below": false,
      "mean_obj": -6.648868126103771,
      "obj_se": 0.006342013684595617,
      "mean_oracle_gap": 0.9781611348761342,
      "oracle_gap_se": 0.008159765826607894,
      "mean_rel_oracle_gap": 0.12764849319521385,
      "mean_excess_s": null,
      "selected_s_std": null,
      "failure_rate": 0.0,
      "n_failed": 0
    },
    "_n_replication_errors": 0
  }
}