{
  "config": "paper_dro_wasserstein",
  "n": 100,
  "split": 0.5,
  "d": 5,
  "reps": 1000,
  "mesh_p": null,
  "include_existing": false,
  "folds": null,
  "elapsed_s": 20.442802667617798,
  "summaries": {
    "NV": {
      "method": "NV",
      "n_reps": 1000,
      "target": 0.95,
      "coverage": 0.489,
      "coverage_lo": 0.4581191521232714,
      "coverage_hi": 0.5199650365634109,
      "coverage_gap": -0.46099999999999997,
      "meets_target": false,
      "significantly_below": true,
      "mean_obj": -3.559566575415154,
      "obj_se": 0.007206621559877741,
      "mean_oracle_gap": -0.05964453233469011,
      "oracle_gap_se": 0.0074895956580645845,
      "mean_rel_oracle_gap": -0.017482034309955884,
      "mean_excess_s": -0.0011037399954589304,
      "selected_s_std": 0.022571429054835987,
      "failure_rate": 0.0,
      "n_failed": 0
    },
    "UG": {
      "method": "UG",
      "n_reps": 1000,
      "target": 0.95,
      "coverage": 0.899,
      "coverage_lo": 0.8787702573809262,
      "coverage_hi": 0.9161759893476009,
      "coverage_gap": -0.050999999999999934,
      "meets_target": false,
      "significantly_below": true,
      "mean_obj": -3.211538156029305,
      "obj_se": 0.008419199869712242,
      "mean_oracle_gap": 0.28838388705115936,
      "oracle_gap_se": 0.008702056434133158,
      "mean_rel_oracle_gap": 0.08197904579618945,
      "mean_excess_s": 0.03473400530745671,
      "selected_s_std": 0.042735076844101764,
      "failure_rate": 0.0,
      "n_failed": 0
    },
    "NGS": {
      "method": "NGS",
      "n_reps": 1000,
      "target": 0.95,
      "coverage": 0.93,
      "coverage_lo": 0.9124853518487167,
      "coverage_hi": 0.9442236358537061,
      "coverage_gap": -0.019999999999999907,
      "meets_target": false,
      "significantly_below": true,
      "mean_obj": -3.1145203296231694,
      "obj_se": 0.009240472215905996,
      "mean_oracle_gap": 0.38540171345729507,
      "oracle_gap_se": 0.009434026946003987,
      "mean_rel_oracle_gap": 0.10976682901842687,
      "mean_excess_s": 0.05112788738070918,
      "selected_s_std": 0.05540563412217094,
      "failure_rate": 0.0,
      "n_failed": 0
    },
    "UNGS": {
      "method": "UNGS",
      "n_reps": 1000,
      "target": 0.95,
      "coverage": 0.959,
      "coverage_lo": 0.9448520067923587,
      "coverage_hi": 0.9696350289179017,
      "coverage_gap": 0.009000000000000008,
      "meets_target": true,
      "significantly_below": false,
      "mean_obj": -1.968247180779911,
      "obj_se": 0.03810468516069834,
      "mean_oracle_gap": 1.5316748623005534,
      "oracle_gap_se": 0.03770873483453755,
      "mean_rel_oracle_gap": 0.4388461224138023,
      "mean_excess_s": 1.280742951632709,
      "selected_s_std": 1.431550214694625,
      "failure_rate": 0.0,
      "n_failed": 0
    },
    "_n_replication_errors": 0
  }
}