{
  "config": "paper_so",
  "n": 100,
  "split": 0.5,
  "d": 5,
  "reps": 1000,
  "mesh_p": 60,
  "include_existing": false,
  "folds": null,
  "elapsed_s": 0.9997565746307373,
  "summaries": {
    "NV": {
      "method": "NV",
      "n_reps": 1000,
      "target": 0.95,
      "coverage": 0.534,
      "coverage_lo": 0.5030108102327143,
      "coverage_hi": 0.5647289701902679,
      "coverage_gap": -0.4159999999999999,
      "meets_target": false,
      "significantly_below": true,
      "mean_obj": -3.516159003649145,
      "obj_se": 0.007667285704465963,
      "mean_oracle_gap": -0.0853829489897196,
      "oracle_gap_se": 0.007419205070376982,
      "mean_rel_oracle_gap": -0.02592911483052911,
      "mean_excess_s": -3.292147806004619,
      "selected_s_std": 13.194210366186647,
      "failure_rate": 0.0,
      "n_failed": 0
    },
    "UG": {
      "method": "UG",
      "n_reps": 1000,
      "target": 0.95,
      "coverage": 0.769,
      "coverage_lo": 0.7418776678486424,
      "coverage_hi": 0.7940635360861289,
      "coverage_gap": -0.18099999999999994,
      "meets_target": false,
      "significantly_below": true,
      "mean_obj": -3.388527403493599,
      "obj_se": 0.007246778439715167,
      "mean_oracle_gap": 0.05617382028341918,
      "oracle_gap_se": 0.0055321838031414175,
      "mean_rel_oracle_gap": 0.016130513353524945,
      "mean_excess_s": 4.915704387990762,
      "selected_s_std": 13.353190019006083,
      "failure_rate": 0.0,
      "n_failed": 0
    },
    "NGS": {
      "method": "NGS",
      "n_reps": 1000,
      "target": 0.95,
      "coverage": 0.786,
      "coverage_lo": 0.7595111793607143,
      "coverage_hi": 0.8102999147855483,
      "coverage_gap": -0.16399999999999992,
      "meets_target": false,
      "significantly_below": true,
      "mean_obj": -3.375536281799323,
      "obj_se": 0.007355153641976691,
      "mean_oracle_gap": 0.07102021736505808,
      "oracle_gap_se": 0.00565538035094104,
      "mean_rel_oracle_gap": 0.02047908597180501,
      "mean_excess_s": 5.98729792147806,
      "selected_s_std": 13.248008934958518,
      "failure_rate": 0.0,
      "n_failed": 0
    },
    "UNGS": {
      "method": "UNGS",
      "n_reps": 1000,
      "target": 0.95,
      "coverage": 0.788,
      "coverage_lo": 0.7615898394196515,
      "coverage_hi": 0.8122059476926687,
      "coverage_gap": -0.16199999999999992,
      "meets_target": false,
      "significantly_below": true,
      "mean_obj": -3.3692239985970236,
      "obj_se": 0.007508899925452248,
      "mean_oracle_gap": 0.07836697582431655,
      "oracle_gap_se": 0.005647995781134871,
      "mean_rel_oracle_gap": 0.022751081473376015,
      "mean_excess_s": 6.540415704387991,
      "selected_s_std": 13.072090825822722,
      "failure_rate": 0.0,
      "n_failed": 0
    },
    "benchmark": {
      "method": "benchmark",
      "n_reps": 1000,
      "target": 0.95,
      "coverage": 0.994,
      "coverage_lo": 0.9869718317581478,
      "coverage_hi": 0.9972473308581237,
      "coverage_gap": 0.04400000000000004,
      "meets_target": true,
      "significantly_below": false,
      "mean_obj": -3.12547429102537,
      "obj_se": 0.005707180700184847,
      "mean_oracle_gap": 0.2892362558932763,
      "oracle_gap_se": 0.005884096411106693,
      "mean_rel_oracle_gap": 0.08433476203884478,
      "mean_excess_s": null,
      "selected_s_std": null,
      "failure_rate": 0.0,
      "n_failed": 0
    },
    "_n_replication_errors": 0
  }
}