{
  "config": "paper_so",
  "n": 100,
  "split": 0.5,
  "d": 10,
  "reps": 1000,
  "mesh_p": 60,
  "include_existing": false,
  "folds": null,
  "elapsed_s": 1.2606463432312012,
  "summaries": {
    "NV": {
      "method": "NV",
      "n_reps": 1000,
      "target": 0.95,
      "coverage": 0.429,
      "coverage_lo": 0.3986535230179055,
      "coverage_hi": 0.45988987668704334,
      "coverage_gap": -0.5209999999999999,
      "meets_target": false,
      "significantly_below": true,
      "mean_obj": -7.88339790540452,
      "obj_se": 0.011786394580424834,
      "mean_oracle_gap": -0.13478134799342142,
      "oracle_gap_se": 0.011481686583629606,
      "mean_rel_oracle_gap": -0.017880518397149218,
      "mean_excess_s": -3.928870292887029,
      "selected_s_std": 14.368240892550011,
      "failure_rate": 0.0,
      "n_failed": 0
    },
    "UG": {
      "method": "UG",
      "n_reps": 1000,
      "target": 0.95,
      "coverage": 0.587,
      "coverage_lo": 0.5562066759628382,
      "coverage_hi": 0.6171274680606752,
      "coverage_gap": -0.363,
      "meets_target": false,
      "significantly_below": true,
      "mean_obj": -7.750290655592625,
      "obj_se": 0.01207114844587817,
      "mean_oracle_gap": 0.03750215743168406,
      "oracle_gap_se": 0.008614188943994405,
      "mean_rel_oracle_gap": 0.004834875177476401,
      "mean_excess_s": 2.9790794979079496,
      "selected_s_std": 13.347838806368648,
      "failure_rate": 0.0,
      "n_failed": 0
    },
    "NGS": {
      "method": "NGS",
      "n_reps": 1000,
      "target": 0.95,
      "coverage": 0.607,
      "coverage_lo": 0.5763739069246411,
      "coverage_hi": 0.63680716675945,
      "coverage_gap": -0.34299999999999997,
      "meets_target": false,
      "significantly_below": true,
      "mean_obj": -7.733751460345365,
      "obj_se": 0.012282795618161415,
      "mean_oracle_gap": 0.060498591778854895,
      "oracle_gap_se": 0.008433515859293644,
      "mean_rel_oracle_gap": 0.007866378737878757,
      "mean_excess_s": 4.278940027894003,
      "selected_s_std": 12.997122920254474,
      "failure_rate": 0.0,
      "n_failed": 0
    },
    "UNGS": {
      "method": "UNGS",
      "n_reps": 1000,
      "target": 0.95,
      "coverage": 0.607,
      "coverage_lo": 0.5763739069246411,
      "coverage_hi": 0.63680716675945,
      "coverage_gap": -0.34299999999999997,
      "meets_target": false,
      "significantly_below": true,
      "mean_obj": -7.7309153778060695,
      "obj_se": 0.012396416151988233,
      "mean_oracle_gap": 0.06503228874100668,
      "oracle_gap_se": 0.008436891388819596,
      "mean_rel_oracle_gap": 0.008477122104744111,
      "mean_excess_s": 4.334728033472803,
      "selected_s_std": 12.926832674828084,
      "failure_rate": 0.0,
      "n_failed": 0
    },
    "benchmark": {
      "method": "benchmark",
      "n_reps": 1000,
      "target": 0.95,
      "coverage": 0.98,
      "coverage_lo": 0.9693099947702822,
      "coverage_hi": 0.987016317083585,
      "coverage_gap": 0.030000000000000027,
      "meets_target": true,
      "significantly_below": false,
      "mean_obj": -7.293901813627108,
      "obj_se": 0.009326504361681193,
      "mean_oracle_gap": 0.40258389571203707,
      "oracle_gap_se": 0.009160359906317335,
      "mean_rel_oracle_gap": 0.052453870310772435,
      "mean_excess_s": NaN,
      "selected_s_std": NaN,
      "failure_rate": 0.0,
      "n_failed": 0
    },
    "_n_replication_errors": 0
  }
}