{
  "config": "paper_so",
  "n": 1000,
  "split": 0.5,
  "d": 2,
  "reps": 1000,
  "mesh_p": 60,
  "include_existing": false,
  "folds": null,
  "elapsed_s": 3.9025015830993652,
  "summaries": {
    "NV": {
      "method": "NV",
      "n_reps": 1000,
      "target": 0.95,
      "coverage": 0.908,
      "coverage_lo": 0.8884912646437558,
      "coverage_hi": 0.9243861004320312,
      "coverage_gap": -0.041999999999999926,
      "meets_target": false,
      "significantly_below": true,
      "mean_obj": -1.0889309710060193,
      "obj_se": 0.003092359203409798,
      "mean_oracle_gap": -0.005855556340290501,
      "oracle_gap_se": 0.0017349640868557037,
      "mean_rel_oracle_gap": -0.0064929908316406415,
      "mean_excess_s": -0.554,
      "selected_s_std": 13.579281014577791,
      "failure_rate": 0.0,
      "n_failed": 0
    },
    "UG": {
      "method": "UG",
      "n_reps": 1000,
      "target": 0.95,
      "coverage": 0.992,
      "coverage_lo": 0.9842936654690199,
      "coverage_hi": 0.995940804181194,
      "coverage_gap": 0.04200000000000004,
      "meets_target": true,
      "significantly_below": false,
      "mean_obj": -1.0583248031924015,
      "obj_se": 0.0028260514375548023,
      "mean_oracle_gap": 0.02475061147332714,
      "oracle_gap_se": 0.0019613798336199253,
      "mean_rel_oracle_gap": 0.021038247374517066,
      "mean_excess_s": 4.884,
      "selected_s_std": 17.673709967746557,
      "failure_rate": 0.0,
      "n_failed": 0
    },
    "NGS": {
      "method": "NGS",
      "n_reps": 1000,
      "target": 0.95,
      "coverage": 0.999,
      "coverage_lo": 0.9943574414020421,
      "coverage_hi": 0.9998234536293739,
      "coverage_gap": 0.049000000000000044,
      "meets_target": true,
      "significantly_below": false,
      "mean_obj": -1.044915790575013,
      "obj_se": 0.0027087015024356673,
      "mean_oracle_gap": 0.0381596240907158,
      "oracle_gap_se": 0.0021945791523464374,
      "mean_rel_oracle_gap": 0.03281400096072976,
      "mean_excess_s": 7.787,
      "selected_s_std": 19.81429093167669,
      "failure_rate": 0.0,
      "n_failed": 0
    },
    "UNGS": {
      "method": "UNGS",
      "n_reps": 1000,
      "target": 0.95,
      "coverage": 0.999,
      "coverage_lo": 0.9943574414020421,
      "coverage_hi": 0.9998234536293739,
      "coverage_gap": 0.049000000000000044,
      "meets_target": true,
      "significantly_below": false,
      "mean_obj": -1.0272564572028466,
      "obj_se": 0.0025901315835175666,
      "mean_oracle_gap": 0.05581895746288204,
      "oracle_gap_se": 0.0024759912488817822,
      "mean_rel_oracle_gap": 0.04836859173081651,
      "mean_excess_s": 12.04,
      "selected_s_std": 22.699293247013525,
      "failure_rate": 0.0,
      "n_failed": 0
    },
    "benchmark": {
      "method": "benchmark",
      "n_reps": 1000,
      "target": 0.95,
      "coverage": 1.0,
      "coverage_lo": 0.996173241514445,
      "coverage_hi": 1.0,
      "coverage_gap": 0.050000000000000044,
      "meets_target": true,
      "significantly_below": false,
      "mean_obj": -0.7906024823089844,
      "obj_se": 0.0014174782807061736,
      "mean_oracle_gap": 0.2924729323567443,
      "oracle_gap_se": 0.0032503964303295437,
      "mean_rel_oracle_gap": 0.2642144467967577,
      "mean_excess_s": null,
      "selected_s_std": null,
      "failure_rate": 0.0,
      "n_failed": 0
    },
    "_n_replication_errors": 0
  }
}