{
  "config": "paper_saa",
  "n": 100,
  "split": 0.5,
  "d": 10,
  "reps": 1000,
  "mesh_p": null,
  "include_existing": false,
  "folds": null,
  "elapsed_s": 1.5566363334655762,
  "summaries": {
    "NV": {
      "method": "NV",
      "n_reps": 1000,
      "target": 0.95,
      "coverage": 0.357,
      "coverage_lo": 0.3279037500492223,
      "coverage_hi": 0.3871907028776464,
      "coverage_gap": -0.593,
      "meets_target": false,
      "significantly_below": true,
      "mean_obj": -7.970621416703618,
      "obj_se": 0.011163155445682063,
      "mean_oracle_gap": -0.19689738975038754,
      "oracle_gap_se": 0.013289453882865893,
      "mean_rel_oracle_gap": -0.026007261121156665,
      "mean_excess_s": -0.01613605442176871,
      "selected_s_std": 0.029369847870970734,
      "failure_rate": 0.0,
      "n_failed": 0
    },
    "UG": {
      "method": "UG",
      "n_reps": 1000,
      "target": 0.95,
      "coverage": 0.6,
      "coverage_lo": 0.5693094295142662,
      "coverage_hi": 0.6299252187886226,
      "coverage_gap": -0.35,
      "meets_target": false,
      "significantly_below": true,
      "mean_obj": -7.7607611124654206,
      "obj_se": 0.012379851748707123,
      "mean_oracle_gap": 0.06877234903935031,
      "oracle_gap_se": 0.011797231870295884,
      "mean_rel_oracle_gap": 0.008754132904489547,
      "mean_excess_s": 0.005039455782312926,
      "selected_s_std": 0.019328001335772813,
      "failure_rate": 0.0,
      "n_failed": 0
    },
    "NGS": {
      "method": "NGS",
      "n_reps": 1000,
      "target": 0.95,
      "coverage": 0.61,
      "coverage_lo": 0.5794035195028067,
      "coverage_hi": 0.6397545936303712,
      "coverage_gap": -0.33999999999999997,
      "meets_target": false,
      "significantly_below": true,
      "mean_obj": -7.747590850652143,
      "obj_se": 0.012577860002348234,
      "mean_oracle_gap": 0.08612318685586592,
      "oracle_gap_se": 0.011920039474268474,
      "mean_rel_oracle_gap": 0.011010958461317647,
      "mean_excess_s": 0.006231292517006804,
      "selected_s_std": 0.018544136242731532,
      "failure_rate": 0.0,
      "n_failed": 0
    },
    "UNGS": {
      "method": "UNGS",
      "n_reps": 1000,
      "target": 0.95,
      "coverage": 0.616,
      "coverage_lo": 0.5854663334716732,
      "coverage_hi": 0.645645858559678,
      "coverage_gap": -0.33399999999999996,
      "meets_target": false,
      "significantly_below": true,
      "mean_obj": -7.7356911680121465,
      "obj_se": 0.012804815339004327,
      "mean_oracle_gap": 0.1030942708584722,
      "oracle_gap_se": 0.01210279415727277,
      "mean_rel_oracle_gap": 0.013209632183825535,
      "mean_excess_s": 0.007020408163265307,
      "selected_s_std": 0.017651684961554864,
      "failure_rate": 0.0,
      "n_failed": 0
    },
    "_n_replication_errors": 0
  }
}