{
  "config": "paper_saa",
  "n": 200,
  "split": 0.5,
  "d": 5,
  "reps": 1000,
  "mesh_p": null,
  "include_existing": false,
  "folds": null,
  "elapsed_s": 7.9149816036224365,
  "summaries": {
    "NV": {
      "method": "NV",
      "n_reps": 1000,
      "target": 0.95,
      "coverage": 0.492,
      "coverage_lo": 0.4611041586281342,
      "coverage_hi": 0.5229570695076347,
      "coverage_gap": -0.45799999999999996,
      "meets_target": false,
      "significantly_below": true,
      "mean_obj": -3.5724190104025384,
      "obj_se": 0.005178127259016423,
      "mean_oracle_gap": -0.04271026766434794,
      "oracle_gap_se": 0.005292030790885191,
      "mean_rel_oracle_gap": -0.012324350789809167,
      "mean_excess_s": -0.008196589769307924,
      "selected_s_std": 0.028009193685840567,
      "failure_rate": 0.0,
      "n_failed": 0
    },
    "UG": {
      "method": "UG",
      "n_reps": 1000,
      "target": 0.95,
      "coverage": 0.913,
      "coverage_lo": 0.8939135189433066,
      "coverage_hi": 0.928925578547625,
      "coverage_gap": -0.03699999999999992,
      "meets_target": false,
      "significantly_below": true,
      "mean_obj": -3.3542710373982505,
      "obj_se": 0.005676377157117638,
      "mean_oracle_gap": 0.17593675829060004,
      "oracle_gap_se": 0.005868209180300748,
      "mean_rel_oracle_gap": 0.049598297295864714,
      "mean_excess_s": 0.019001003009027084,
      "selected_s_std": 0.021910334702298976,
      "failure_rate": 0.0,
      "n_failed": 0
    },
    "NGS": {
      "method": "NGS",
      "n_reps": 1000,
      "target": 0.95,
      "coverage": 0.962,
      "coverage_lo": 0.9482730796686497,
      "coverage_hi": 0.9721909954906974,
      "coverage_gap": 0.01200000000000001,
      "meets_target": true,
      "significantly_below": false,
      "mean_obj": -3.274533026954609,
      "obj_se": 0.005853043945295927,
      "mean_oracle_gap": 0.2559147025670706,
      "oracle_gap_se": 0.006098547261268171,
      "mean_rel_oracle_gap": 0.0722326872781695,
      "mean_excess_s": 0.026960882647943833,
      "selected_s_std": 0.017780499040975933,
      "failure_rate": 0.0,
      "n_failed": 0
    },
    "UNGS": {
      "method": "UNGS",
      "n_reps": 1000,
      "target": 0.95,
      "coverage": 0.975,
      "coverage_lo": 0.9633547107321566,
      "coverage_hi": 0.9830098687065659,
      "coverage_gap": 0.025000000000000022,
      "meets_target": true,
      "significantly_below": false,
      "mean_obj": -3.2273994673212756,
      "obj_se": 0.006159780337425752,
      "mean_oracle_gap": 0.30319008835777667,
      "oracle_gap_se": 0.0064614912742398676,
      "mean_rel_oracle_gap": 0.08559167656266621,
      "mean_excess_s": 0.030848545636910734,
      "selected_s_std": 0.01648069893655719,
      "failure_rate": 0.0,
      "n_failed": 0
    },
    "_n_replication_errors": 0
  }
}