{
  "config": "paper_so",
  "n": 1000,
  "split": 0.5,
  "d": 5,
  "reps": 1000,
  "mesh_p": 60,
  "include_existing": false,
  "folds": null,
  "elapsed_s": 6.272670269012451,
  "summaries": {
    "NV": {
      "method": "NV",
      "n_reps": 1000,
      "target": 0.95,
      "coverage": 0.869,
      "coverage_lo": 0.8466683584396694,
      "coverage_hi": 0.888507493797991,
      "coverage_gap": -0.08099999999999996,
      "meets_target": false,
      "significantly_below": true,
      "mean_obj": -3.371057653133822,
      "obj_se": 0.005691496598460789,
      "mean_oracle_gap": -0.00732350478096575,
      "oracle_gap_se": 0.004036770520274035,
      "mean_rel_oracle_gap": -0.002789843038350999,
      "mean_excess_s": -0.241,
      "selected_s_std": 21.088566182261506,
      "failure_rate": 0.0,
      "n_failed": 0
    },
    "UG": {
      "method": "UG",
      "n_reps": 1000,
      "target": 0.95,
      "coverage": 0.987,
      "coverage_lo": 0.9778855576244203,
      "coverage_hi": 0.9923871796106489,
      "coverage_gap": 0.03700000000000003,
      "meets_target": true,
      "significantly_below": false,
      "mean_obj": -3.2813711052786965,
      "obj_se": 0.005364333362921443,
      "mean_oracle_gap": 0.08236304307415993,
      "oracle_gap_se": 0.004560406664977297,
      "mean_rel_oracle_gap": 0.02360676695174891,
      "mean_excess_s": 10.69,
      "selected_s_std": 27.234516296014473,
      "failure_rate": 0.0,
      "n_failed": 0
    },
    "NGS": {
      "method": "NGS",
      "n_reps": 1000,
      "target": 0.95,
      "coverage": 1.0,
      "coverage_lo": 0.996173241514445,
      "coverage_hi": 1.0,
      "coverage_gap": 0.050000000000000044,
      "meets_target": true,
      "significantly_below": false,
      "mean_obj": -3.238686804611646,
      "obj_se": 0.0050501242223856425,
      "mean_oracle_gap": 0.12504734374121018,
      "oracle_gap_se": 0.005113657028300825,
      "mean_rel_oracle_gap": 0.03593351499657325,
      "mean_excess_s": 18.239,
      "selected_s_std": 32.102382761704455,
      "failure_rate": 0.0,
      "n_failed": 0
    },
    "UNGS": {
      "method": "UNGS",
      "n_reps": 1000,
      "target": 0.95,
      "coverage": 0.999,
      "coverage_lo": 0.9943574414020421,
      "coverage_hi": 0.9998234536293739,
      "coverage_gap": 0.049000000000000044,
      "meets_target": true,
      "significantly_below": false,
      "mean_obj": -3.1900893490318367,
      "obj_se": 0.004932705370881472,
      "mean_oracle_gap": 0.17364479932101987,
      "oracle_gap_se": 0.005545880060394182,
      "mean_rel_oracle_gap": 0.05014265625774654,
      "mean_excess_s": 27.809,
      "selected_s_std": 38.81138904909125,
      "failure_rate": 0.0,
      "n_failed": 0
    },
    "benchmark": {
      "method": "benchmark",
      "n_reps": 1000,
      "target": 0.95,
      "coverage": 1.0,
      "coverage_lo": 0.996173241514445,
      "coverage_hi": 1.0,
      "coverage_gap": 0.050000000000000044,
      "meets_target": true,
      "significantly_below": false,
      "mean_obj": -2.667782334727989,
      "obj_se": 0.0032967540317632156,
      "mean_oracle_gap": 0.6959518136248671,
      "oracle_gap_se": 0.005849485530387452,
      "mean_rel_oracle_gap": 0.20499732839353565,
      "mean_excess_s": null,
      "selected_s_std": null,
      "failure_rate": 0.0,
      "n_failed": 0
    },
    "_n_replication_errors": 0
  }
}