{
  "config": "paper_so",
  "n": 500,
  "split": 0.5,
  "d": 5,
  "reps": 1000,
  "mesh_p": 60,
  "include_existing": false,
  "folds": null,
  "elapsed_s": 3.4326491355895996,
  "summaries": {
    "NV": {
      "method": "NV",
      "n_reps": 1000,
      "target": 0.95,
      "coverage": 0.767,
      "coverage_lo": 0.7398071302206757,
      "coverage_hi": 0.792149380748038,
      "coverage_gap": -0.18299999999999994,
      "meets_target": false,
      "significantly_below": true,
      "mean_obj": -3.4044229719222607,
      "obj_se": 0.005794315741237808,
      "mean_oracle_gap": -0.027551258660413535,
      "oracle_gap_se": 0.004461198797676209,
      "mean_rel_oracle_gap": -0.008750151618780925,
      "mean_excess_s": -0.986,
      "selected_s_std": 19.93116281733836,
      "failure_rate": 0.0,
      "n_failed": 0
    },
    "UG": {
      "method": "UG",
      "n_reps": 1000,
      "target": 0.95,
      "coverage": 0.978,
      "coverage_lo": 0.9669143266526004,
      "coverage_hi": 0.985427292235209,
      "coverage_gap": 0.028000000000000025,
      "meets_target": true,
      "significantly_below": false,
      "mean_obj": -3.269207286350228,
      "obj_se": 0.005152021692468803,
      "mean_oracle_gap": 0.10766442691161932,
      "oracle_gap_se": 0.004937648109880771,
      "mean_rel_oracle_gap": 0.03086617248893468,
      "mean_excess_s": 15.503,
      "selected_s_std": 30.582713767443554,
      "failure_rate": 0.0,
      "n_failed": 0
    },
    "NGS": {
      "method": "NGS",
      "n_reps": 1000,
      "target": 0.95,
      "coverage": 0.988,
      "coverage_lo": 0.9791427315245017,
      "coverage_hi": 0.9931223521935965,
      "coverage_gap": 0.038000000000000034,
      "meets_target": true,
      "significantly_below": false,
      "mean_obj": -3.2177404323988386,
      "obj_se": 0.004889086441577973,
      "mean_oracle_gap": 0.1591312808630089,
      "oracle_gap_se": 0.0053111662286878,
      "mean_rel_oracle_gap": 0.04584315720420753,
      "mean_excess_s": 26.234,
      "selected_s_std": 37.90911105131194,
      "failure_rate": 0.0,
      "n_failed": 0
    },
    "UNGS": {
      "method": "UNGS",
      "n_reps": 1000,
      "target": 0.95,
      "coverage": 0.999,
      "coverage_lo": 0.9943574414020421,
      "coverage_hi": 0.9998234536293739,
      "coverage_gap": 0.049000000000000044,
      "meets_target": true,
      "significantly_below": false,
      "mean_obj": -3.1176065486195794,
      "obj_se": 0.004687509486977893,
      "mean_oracle_gap": 0.2592651646422678,
      "oracle_gap_se": 0.005744130099532396,
      "mean_rel_oracle_gap": 0.07524673601736348,
      "mean_excess_s": 54.37,
      "selected_s_std": 54.07611571008305,
      "failure_rate": 0.0,
      "n_failed": 0
    },
    "benchmark": {
      "method": "benchmark",
      "n_reps": 1000,
      "target": 0.95,
      "coverage": 1.0,
      "coverage_lo": 0.996173241514445,
      "coverage_hi": 1.0,
      "coverage_gap": 0.050000000000000044,
      "meets_target": true,
      "significantly_below": false,
      "mean_obj": -2.785029973111743,
      "obj_se": 0.0036658184945106086,
      "mean_oracle_gap": 0.5918417401501044,
      "oracle_gap_se": 0.005858892151926545,
      "mean_rel_oracle_gap": 0.17348464519277224,
      "mean_excess_s": null,
      "selected_s_std": null,
      "failure_rate": 0.0,
      "n_failed": 0
    },
    "_n_replication_errors": 0
  }
}