{
  "config": "paper_ro_ellipsoid",
  "n": 200,
  "split": 0.5,
  "d": 2,
  "reps": 1000,
  "mesh_p": null,
  "include_existing": false,
  "folds": null,
  "elapsed_s": 0.5799992084503174,
  "summaries": {
    "NV": {
      "method": "NV",
      "n_reps": 1000,
      "target": 0.95,
      "coverage": 0.799,
      "coverage_lo": 0.7730388134679094,
      "coverage_hi": 0.8226727849577289,
      "coverage_gap": -0.1509999999999999,
      "meets_target": false,
      "significantly_below": true,
      "mean_obj": -1.1842928051127688,
      "obj_se": 0.0020838959890930727,
      "mean_oracle_gap": -0.011826186902458029,
      "oracle_gap_se": 0.0022967643323859497,
      "mean_rel_oracle_gap": -0.01083876583233882,
      "mean_excess_s": -0.05122948804449693,
      "selected_s_std": 0.6586162085342725,
      "failure_rate": 0.0,
      "n_failed": 0
    },
    "UG": {
      "method": "UG",
      "n_reps": 1000,
      "target": 0.95,
      "coverage": 0.977,
      "coverage_lo": 0.9657235493377733,
      "coverage_hi": 0.9846257230670071,
      "coverage_gap": 0.027000000000000024,
      "meets_target": true,
      "significantly_below": false,
      "mean_obj": -1.1075745715220016,
      "obj_se": 0.0019474799444142749,
      "mean_oracle_gap": 0.06489204668830909,
      "oracle_gap_se": 0.002188023098683999,
      "mean_rel_oracle_gap": 0.054626865056723234,
      "mean_excess_s": 0.6887147704388219,
      "selected_s_std": 0.8356672340511081,
      "failure_rate": 0.0,
      "n_failed": 0
    },
    "NGS": {
      "method": "NGS",
      "n_reps": 1000,
      "target": 0.95,
      "coverage": 0.992,
      "coverage_lo": 0.9842936654690199,
      "coverage_hi": 0.995940804181194,
      "coverage_gap": 0.04200000000000004,
      "meets_target": true,
      "significantly_below": false,
      "mean_obj": -1.081155797819744,
      "obj_se": 0.0020301387066461603,
      "mean_oracle_gap": 0.0913108203905666,
      "oracle_gap_se": 0.0022500436755801814,
      "mean_rel_oracle_gap": 0.07719504026349983,
      "mean_excess_s": 1.0110989259272476,
      "selected_s_std": 0.9826671984392389,
      "failure_rate": 0.0,
      "n_failed": 0
    },
    "UNGS": {
      "method": "UNGS",
      "n_reps": 1000,
      "target": 0.95,
      "coverage": 0.991,
      "coverage_lo": 0.982984183834662,
      "coverage_hi": 0.9952579393325229,
      "coverage_gap": 0.041000000000000036,
      "meets_target": true,
      "significantly_below": false,
      "mean_obj": -1.0356050602386764,
      "obj_se": 0.00245991028026733,
      "mean_oracle_gap": 0.13686155797163446,
      "oracle_gap_se": 0.002670444175819864,
      "mean_rel_oracle_gap": 0.11602330284461809,
      "mean_excess_s": 1.7082528369520669,
      "selected_s_std": 1.4518515994910983,
      "failure_rate": 0.0,
      "n_failed": 0
    },
    "benchmark": {
      "method": "benchmark",
      "n_reps": 1000,
      "target": 0.95,
      "coverage": 1.0,
      "coverage_lo": 0.996173241514445,
      "coverage_hi": 1.0,
      "coverage_gap": 0.050000000000000044,
      "meets_target": true,
      "significantly_below": false,
      "mean_obj": -0.9727869233715887,
      "obj_se": 7.025180405943273e-18,
      "mean_oracle_gap": 0.19967969483872175,
      "oracle_gap_se": 0.0010542469470715835,
      "mean_rel_oracle_gap": 0.16963613152501625,
      "mean_excess_s": NaN,
      "selected_s_std": NaN,
      "failure_rate": 0.0,
      "n_failed": 0
    },
    "_n_replication_errors": 0
  }
}