{
  "config": "paper_fast",
  "n": 200,
  "split": 0.5,
  "d": 2,
  "reps": 1000,
  "mesh_p": null,
  "include_existing": false,
  "folds": null,
  "elapsed_s": 0.6310913562774658,
  "summaries": {
    "NV": {
      "method": "NV",
      "n_reps": 1000,
      "target": 0.95,
      "coverage": 1.0,
      "coverage_lo": 0.996173241514445,
      "coverage_hi": 1.0,
      "coverage_gap": 0.050000000000000044,
      "meets_target": true,
      "significantly_below": false,
      "mean_obj": -0.9464212681376937,
      "obj_se": 0.00257060434118309,
      "mean_oracle_gap": 0.00022440032258517584,
      "oracle_gap_se": 0.00015873998051393635,
      "mean_rel_oracle_gap": 0.0002,
      "mean_excess_s": 0.9997999999999999,
      "selected_s_std": 0.0044698970882985625,
      "failure_rate": 0.0,
      "n_failed": 0
    },
    "UG": {
      "method": "UG",
      "n_reps": 1000,
      "target": 0.95,
      "coverage": 1.0,
      "coverage_lo": 0.996173241514445,
      "coverage_hi": 1.0,
      "coverage_gap": 0.050000000000000044,
      "meets_target": true,
      "significantly_below": false,
      "mean_obj": -0.9441279337570523,
      "obj_se": 0.0025277513335166383,
      "mean_oracle_gap": 0.0025177347032267106,
      "oracle_gap_se": 0.0005087470152217775,
      "mean_rel_oracle_gap": 0.0024000000000000002,
      "mean_excess_s": 0.9975999999999999,
      "selected_s_std": 0.015312559370479985,
      "failure_rate": 0.0,
      "n_failed": 0
    },
    "NGS": {
      "method": "NGS",
      "n_reps": 1000,
      "target": 0.95,
      "coverage": 1.0,
      "coverage_lo": 0.996173241514445,
      "coverage_hi": 1.0,
      "coverage_gap": 0.050000000000000044,
      "meets_target": true,
      "significantly_below": false,
      "mean_obj": -0.941767653426733,
      "obj_se": 0.0024945629236613094,
      "mean_oracle_gap": 0.004878015033545917,
      "oracle_gap_se": 0.0006961560154481544,
      "mean_rel_oracle_gap": 0.0047,
      "mean_excess_s": 0.9953,
      "selected_s_std": 0.02117447421681016,
      "failure_rate": 0.0,
      "n_failed": 0
    },
    "UNGS": {
      "method": "UNGS",
      "n_reps": 1000,
      "target": 0.95,
      "coverage": 1.0,
      "coverage_lo": 0.996173241514445,
      "coverage_hi": 1.0,
      "coverage_gap": 0.050000000000000044,
      "meets_target": true,
      "significantly_below": false,
      "mean_obj": -0.9437040159392195,
      "obj_se": 0.0025169085546319133,
      "mean_oracle_gap": 0.002941652521059428,
      "oracle_gap_se": 0.0005491340306252858,
      "mean_rel_oracle_gap": 0.0028000000000000004,
      "mean_excess_s": 0.9972,
      "selected_s_std": 0.01650552732972904,
      "failure_rate": 0.0,
      "n_failed": 0
    },
    "benchmark": {
      "method": "benchmark",
      "n_reps": 1000,
      "target": 0.95,
      "coverage": 1.0,
      "coverage_lo": 0.996173241514445,
      "coverage_hi": 1.0,
      "coverage_gap": 0.050000000000000044,
      "meets_target": true,
      "significantly_below": false,
      "mean_obj": -0.8488658527273408,
      "obj_se": 0.0027425071600181003,
      "mean_oracle_gap": 0.09777981573293817,
      "oracle_gap_se": 0.002676089848417897,
      "mean_rel_oracle_gap": 0.10056990776902273,
      "mean_excess_s": null,
      "selected_s_std": null,
      "failure_rate": 0.0,
      "n_failed": 0
    },
    "_n_replication_errors": 0
  }
}