{
  "config": "paper_ro_ellipsoid",
  "n": 100,
  "split": 0.5,
  "d": 20,
  "reps": 1000,
  "mesh_p": null,
  "include_existing": false,
  "folds": null,
  "elapsed_s": 1.8261539936065674,
  "summaries": {
    "NV": {
      "method": "NV",
      "n_reps": 1000,
      "target": 0.95,
      "coverage": 0.681,
      "coverage_lo": 0.6514663972750635,
      "coverage_hi": 0.7091483161531656,
      "coverage_gap": -0.2689999999999999,
      "meets_target": false,
      "significantly_below": true,
      "mean_obj": -16.69392144741527,
      "obj_se": 0.018598802681369576,
      "mean_oracle_gap": -0.18716467830014646,
      "oracle_gap_se": 0.020854888399781942,
      "mean_rel_oracle_gap": -0.011673934427752677,
      "mean_excess_s": -0.26815760461735283,
      "selected_s_std": 1.3961846105686122,
      "failure_rate": 0.0,
      "n_failed": 0
    },
    "UG": {
      "method": "UG",
      "n_reps": 1000,
      "target": 0.95,
      "coverage": 0.958,
      "coverage_lo": 0.9437155747733968,
      "coverage_hi": 0.9687791144538346,
      "coverage_gap": 0.008000000000000007,
      "meets_target": true,
      "significantly_below": false,
      "mean_obj": -15.855378785551382,
      "obj_se": 0.020558223332459904,
      "mean_oracle_gap": 0.651377983563745,
      "oracle_gap_se": 0.023071263275418575,
      "mean_rel_oracle_gap": 0.03910554060206396,
      "mean_excess_s": 1.861455283195952,
      "selected_s_std": 2.396328823835237,
      "failure_rate": 0.0,
      "n_failed": 0
    },
    "NGS": {
      "method": "NGS",
      "n_reps": 1000,
      "target": 0.95,
      "coverage": 0.958,
      "coverage_lo": 0.9437155747733968,
      "coverage_hi": 0.9687791144538346,
      "coverage_gap": 0.008000000000000007,
      "meets_target": true,
      "significantly_below": false,
      "mean_obj": -15.778009895165148,
      "obj_se": 0.023149540204725944,
      "mean_oracle_gap": 0.728746873949978,
      "oracle_gap_se": 0.025716293822021646,
      "mean_rel_oracle_gap": 0.043764983403178234,
      "mean_excess_s": 2.232550649078428,
      "selected_s_std": 3.0867152731756917,
      "failure_rate": 0.0,
      "n_failed": 0
    },
    "UNGS": {
      "method": "UNGS",
      "n_reps": 1000,
      "target": 0.95,
      "coverage": 0.962,
      "coverage_lo": 0.9482730796686497,
      "coverage_hi": 0.9721909954906974,
      "coverage_gap": 0.01200000000000001,
      "meets_target": true,
      "significantly_below": false,
      "mean_obj": -15.101125324209992,
      "obj_se": 0.03272916234934856,
      "mean_oracle_gap": 1.4056314449051348,
      "oracle_gap_se": 0.034689003680287205,
      "mean_rel_oracle_gap": 0.08477134581249683,
      "mean_excess_s": 5.200112879020336,
      "selected_s_std": 5.485157196951562,
      "failure_rate": 0.0,
      "n_failed": 0
    },
    "benchmark": {
      "method": "benchmark",
      "n_reps": 1000,
      "target": 0.95,
      "coverage": 1.0,
      "coverage_lo": 0.996173241514445,
      "coverage_hi": 1.0,
      "coverage_gap": 0.050000000000000044,
      "meets_target": true,
      "significantly_below": false,
      "mean_obj": -15.324547637443258,
      "obj_se": 1.1240288649509236e-16,
      "mean_oracle_gap": 1.1822091316718726,
      "oracle_gap_se": 0.009585892240366144,
      "mean_rel_oracle_gap": 0.07130635018599248,
      "mean_excess_s": null,
      "selected_s_std": null,
      "failure_rate": 0.0,
      "n_failed": 0
    },
    "_n_replication_errors": 0
  }
}