{
  "config": "paper_ro_ellipsoid",
  "n": 100,
  "split": 0.5,
  "d": 100,
  "reps": 1000,
  "mesh_p": null,
  "include_existing": false,
  "folds": null,
  "elapsed_s": 186.4021134376526,
  "summaries": {
    "NV": {
      "method": "NV",
      "n_reps": 1000,
      "target": 0.95,
      "coverage": 0.849,
      "coverage_lo": 0.8254750432083057,
      "coverage_hi": 0.8698538793687768,
      "coverage_gap": -0.10099999999999998,
      "meets_target": false,
      "significantly_below": true,
      "mean_obj": -93.64128199339352,
      "obj_se": 0.04314846524629362,
      "mean_oracle_gap": 0.012417746897799247,
      "oracle_gap_se": 0.047579043077021106,
      "mean_rel_oracle_gap": 7.052687757991283e-05,
      "mean_excess_s": 0.027208004473614354,
      "selected_s_std": 1.5616290807864075,
      "failure_rate": 0.0,
      "n_failed": 0
    },
    "UG": {
      "method": "UG",
      "n_reps": 1000,
      "target": 0.95,
      "coverage": 0.975,
      "coverage_lo": 0.9633547107321566,
      "coverage_hi": 0.9830098687065659,
      "coverage_gap": 0.025000000000000022,
      "meets_target": true,
      "significantly_below": false,
      "mean_obj": -91.52891472607615,
      "obj_se": 0.057125080837910576,
      "mean_oracle_gap": 2.1247850142151856,
      "oracle_gap_se": 0.06178249466159484,
      "mean_rel_oracle_gap": 0.022618714936403734,
      "mean_excess_s": 2.658222083515142,
      "selected_s_std": 3.131587891385886,
      "failure_rate": 0.0,
      "n_failed": 0
    },
    "NGS": {
      "method": "NGS",
      "n_reps": 1000,
      "target": 0.95,
      "coverage": 0.975,
      "coverage_lo": 0.9633547107321566,
      "coverage_hi": 0.9830098687065659,
      "coverage_gap": 0.025000000000000022,
      "meets_target": true,
      "significantly_below": false,
      "mean_obj": -91.42628644383699,
      "obj_se": 0.062333867796185105,
      "mean_oracle_gap": 2.2274132964543396,
      "oracle_gap_se": 0.06654206292487123,
      "mean_rel_oracle_gap": 0.023715258401795808,
      "mean_excess_s": 2.9384645362610136,
      "selected_s_std": 3.9168873685581937,
      "failure_rate": 0.0,
      "n_failed": 0
    },
    "UNGS": {
      "method": "UNGS",
      "n_reps": 1000,
      "target": 0.95,
      "coverage": 0.975,
      "coverage_lo": 0.9633547107321566,
      "coverage_hi": 0.9830098687065659,
      "coverage_gap": 0.025000000000000022,
      "meets_target": true,
      "significantly_below": false,
      "mean_obj": -90.25688049302823,
      "obj_se": 0.09233347229060035,
      "mean_oracle_gap": 3.3968192472631,
      "oracle_gap_se": 0.09582518769788824,
      "mean_rel_oracle_gap": 0.0361961985015409,
      "mean_excess_s": 5.906857857759622,
      "selected_s_std": 8.37304392843774,
      "failure_rate": 0.0,
      "n_failed": 0
    },
    "benchmark": {
      "method": "benchmark",
      "n_reps": 1000,
      "target": 0.95,
      "coverage": 1.0,
      "coverage_lo": 0.996173241514445,
      "coverage_hi": 1.0,
      "coverage_gap": 0.050000000000000044,
      "meets_target": true,
      "significantly_below": false,
      "mean_obj": -89.83596171629073,
      "obj_se": 0.0,
      "mean_oracle_gap": 3.8177380240006054,
      "oracle_gap_se": 0.026209319048515707,
      "mean_rel_oracle_gap": 0.040689244516195114,
      "mean_excess_s": null,
      "selected_s_std": null,
      "failure_rate": 0.0,
      "n_failed": 0
    },
    "_n_replication_errors": 0
  }
}