{
  "config": "paper_so",
  "n": 2000,
  "split": 0.5,
  "d": 5,
  "reps": 1000,
  "mesh_p": 60,
  "include_existing": false,
  "folds": null,
  "elapsed_s": 11.40763258934021,
  "summaries": {
    "NV": {
      "method": "NV",
      "n_reps": 1000,
      "target": 0.95,
      "coverage": 0.939,
      "coverage_lo": 0.9224198811757163,
      "coverage_hi": 0.9522202248739662,
      "coverage_gap": -0.01100000000000001,
      "meets_target": false,
      "significantly_below": false,
      "mean_obj": -3.3430866843791693,
      "obj_se": 0.005359978368590666,
      "mean_oracle_gap": 0.0004080637822303821,
      "oracle_gap_se": 0.0025566679944332444,
      "mean_rel_oracle_gap": -0.00013236616801036243,
      "mean_excess_s": 0.34,
      "selected_s_std": 21.37070150656929,
      "failure_rate": 0.0,
      "n_failed": 0
    },
    "UG": {
      "method": "UG",
      "n_reps": 1000,
      "target": 0.95,
      "coverage": 0.999,
      "coverage_lo": 0.9943574414020421,
      "coverage_hi": 0.9998234536293739,
      "coverage_gap": 0.049000000000000044,
      "meets_target": true,
      "significantly_below": false,
      "mean_obj": -3.2858269196435157,
      "obj_se": 0.00502155391615497,
      "mean_oracle_gap": 0.057667828517883865,
      "oracle_gap_se": 0.0038371280429728085,
      "mean_rel_oracle_gap": 0.016511484129068058,
      "mean_excess_s": 8.209,
      "selected_s_std": 25.288917104698818,
      "failure_rate": 0.0,
      "n_failed": 0
    },
    "NGS": {
      "method": "NGS",
      "n_reps": 1000,
      "target": 0.95,
      "coverage": 1.0,
      "coverage_lo": 0.996173241514445,
      "coverage_hi": 1.0,
      "coverage_gap": 0.050000000000000044,
      "meets_target": true,
      "significantly_below": false,
      "mean_obj": -3.261037780919434,
      "obj_se": 0.004933415240721143,
      "mean_oracle_gap": 0.08245696724196591,
      "oracle_gap_se": 0.004396387433276432,
      "mean_rel_oracle_gap": 0.023691252055903337,
      "mean_excess_s": 12.136,
      "selected_s_std": 27.420413838873678,
      "failure_rate": 0.0,
      "n_failed": 0
    },
    "UNGS": {
      "method": "UNGS",
      "n_reps": 1000,
      "target": 0.95,
      "coverage": 1.0,
      "coverage_lo": 0.996173241514445,
      "coverage_hi": 1.0,
      "coverage_gap": 0.050000000000000044,
      "meets_target": true,
      "significantly_below": false,
      "mean_obj": -3.2397420719101384,
      "obj_se": 0.004795264610490585,
      "mean_oracle_gap": 0.10375267625126153,
      "oracle_gap_se": 0.004687840521141848,
      "mean_rel_oracle_gap": 0.02989027285177116,
      "mean_excess_s": 16.148,
      "selected_s_std": 29.675967769612217,
      "failure_rate": 0.0,
      "n_failed": 0
    },
    "benchmark": {
      "method": "benchmark",
      "n_reps": 1000,
      "target": 0.95,
      "coverage": 1.0,
      "coverage_lo": 0.996173241514445,
      "coverage_hi": 1.0,
      "coverage_gap": 0.050000000000000044,
      "meets_target": true,
      "significantly_below": false,
      "mean_obj": -2.574614790641288,
      "obj_se": 0.0027275772913747678,
      "mean_oracle_gap": 0.7688799575201118,
      "oracle_gap_se": 0.005689121384950476,
      "mean_rel_oracle_gap": 0.22807004448743112,
      "mean_excess_s": NaN,
      "selected_s_std": NaN,
      "failure_rate": 0.0,
      "n_failed": 0
    },
    "_n_replication_errors": 0
  }
}