{
  "config": "paper_saa",
  "n": 100,
  "split": 0.5,
  "d": 20,
  "reps": 1000,
  "mesh_p": null,
  "include_existing": false,
  "folds": null,
  "elapsed_s": 1.7401769161224365,
  "summaries": {
    "NV": {
      "method": "NV",
      "n_reps": 1000,
      "target": 0.95,
      "coverage": 0.281,
      "coverage_lo": 0.25401977830646655,
      "coverage_hi": 0.3096563419102067,
      "coverage_gap": -0.6689999999999999,
      "meets_target": false,
      "significantly_below": true,
      "mean_obj": -17.247182380701876,
      "obj_se": 0.01763903677445514,
      "mean_oracle_gap": -0.335247880522089,
      "oracle_gap_se": 0.022209003430183543,
      "mean_rel_oracle_gap": -0.02024113939943418,
      "mean_excess_s": -0.01819016393442623,
      "selected_s_std": 0.02809650151526694,
      "failure_rate": 0.0,
      "n_failed": 0
    },
    "UG": {
      "method": "UG",
      "n_reps": 1000,
      "target": 0.95,
      "coverage": 0.481,
      "coverage_lo": 0.4501645630755934,
      "coverage_hi": 0.5119808537468576,
      "coverage_gap": -0.469,
      "meets_target": false,
      "significantly_below": true,
      "mean_obj": -16.989355177033396,
      "obj_se": 0.01966033724145435,
      "mean_oracle_gap": 0.042999654327566667,
      "oracle_gap_se": 0.018820654529207604,
      "mean_rel_oracle_gap": 0.0024997036874921347,
      "mean_excess_s": 0.001101639344262295,
      "selected_s_std": 0.018730529537008204,
      "failure_rate": 0.0,
      "n_failed": 0
    },
    "NGS": {
      "method": "NGS",
      "n_reps": 1000,
      "target": 0.95,
      "coverage": 0.491,
      "coverage_lo": 0.46010903314721446,
      "coverage_hi": 0.5219598485055256,
      "coverage_gap": -0.45899999999999996,
      "meets_target": false,
      "significantly_below": true,
      "mean_obj": -16.975952783700528,
      "obj_se": 0.019914642825685353,
      "mean_oracle_gap": 0.06182962434904614,
      "oracle_gap_se": 0.0191264300992725,
      "mean_rel_oracle_gap": 0.0036285181234282384,
      "mean_excess_s": 0.0018491803278688527,
      "selected_s_std": 0.01829487092882326,
      "failure_rate": 0.0,
      "n_failed": 0
    },
    "UNGS": {
      "method": "UNGS",
      "n_reps": 1000,
      "target": 0.95,
      "coverage": 0.493,
      "coverage_lo": 0.46209940740448396,
      "coverage_hi": 0.5239541672143138,
      "coverage_gap": -0.45699999999999996,
      "meets_target": false,
      "significantly_below": true,
      "mean_obj": -16.970081945648452,
      "obj_se": 0.020150039916425392,
      "mean_oracle_gap": 0.07399104625432797,
      "oracle_gap_se": 0.019352573664368156,
      "mean_rel_oracle_gap": 0.004354144415346217,
      "mean_excess_s": 0.002170491803278689,
      "selected_s_std": 0.017944146019701703,
      "failure_rate": 0.0,
      "n_failed": 0
    },
    "_n_replication_errors": 0
  }
}