{
  "config": "paper_ro_ellipsoid",
  "n": 2000,
  "split": 0.5,
  "d": 5,
  "reps": 1000,
  "mesh_p": null,
  "include_existing": false,
  "folds": null,
  "elapsed_s": 0.7788188457489014,
  "summaries": {
    "NV": {
      "method": "NV",
      "n_reps": 1000,
      "target": 0.95,
      "coverage": 0.998,
      "coverage_lo": 0.9927371921365079,
      "coverage_hi": 0.9994513564118793,
      "coverage_gap": 0.04800000000000004,
      "meets_target": true,
      "significantly_below": false,
      "mean_obj": -3.4462442791301,
      "obj_se": 0.0012248607940878525,
      "mean_oracle_gap": -0.000512592954113292,
      "oracle_gap_se": 0.0005909178420344807,
      "mean_rel_oracle_gap": -0.00015436117278133389,
      "mean_excess_s": -0.001197079752272036,
      "selected_s_std": 0.06449340576835116,
      "failure_rate": 0.0,
      "n_failed": 0
    },
    "UG": {
      "method": "UG",
      "n_reps": 1000,
      "target": 0.95,
      "coverage": 1.0,
      "coverage_lo": 0.996173241514445,
      "coverage_hi": 1.0,
      "coverage_gap": 0.050000000000000044,
      "meets_target": true,
      "significantly_below": false,
      "mean_obj": -3.4415505382440306,
      "obj_se": 0.0013658609822790964,
      "mean_oracle_gap": 0.004181147931956554,
      "oracle_gap_se": 0.0010059857797455626,
      "mean_rel_oracle_gap": 0.0011957216688957383,
      "mean_excess_s": 0.019798453345395643,
      "selected_s_std": 0.15037048604536976,
      "failure_rate": 0.0,
      "n_failed": 0
    },
    "NGS": {
      "method": "NGS",
      "n_reps": 1000,
      "target": 0.95,
      "coverage": 1.0,
      "coverage_lo": 0.996173241514445,
      "coverage_hi": 1.0,
      "coverage_gap": 0.050000000000000044,
      "meets_target": true,
      "significantly_below": false,
      "mean_obj": -3.4304886406075656,
      "obj_se": 0.0018965636924059477,
      "mean_oracle_gap": 0.01524304556842103,
      "oracle_gap_se": 0.0018761207990380616,
      "mean_rel_oracle_gap": 0.004373919321391664,
      "mean_excess_s": 0.07242266532401968,
      "selected_s_std": 0.2821718974416387,
      "failure_rate": 0.0,
      "n_failed": 0
    },
    "UNGS": {
      "method": "UNGS",
      "n_reps": 1000,
      "target": 0.95,
      "coverage": 1.0,
      "coverage_lo": 0.996173241514445,
      "coverage_hi": 1.0,
      "coverage_gap": 0.050000000000000044,
      "meets_target": true,
      "significantly_below": false,
      "mean_obj": -3.432213336597899,
      "obj_se": 0.0018008660994613874,
      "mean_oracle_gap": 0.013518349578087799,
      "oracle_gap_se": 0.0017731493422569605,
      "mean_rel_oracle_gap": 0.003874285600429548,
      "mean_excess_s": 0.06420642515762727,
      "selected_s_std": 0.26628821366829203,
      "failure_rate": 0.0,
      "n_failed": 0
    },
    "benchmark": {
      "method": "benchmark",
      "n_reps": 1000,
      "target": 0.95,
      "coverage": 1.0,
      "coverage_lo": 0.996173241514445,
      "coverage_hi": 1.0,
      "coverage_gap": 0.050000000000000044,
      "meets_target": true,
      "significantly_below": false,
      "mean_obj": -3.025999410968635,
      "obj_se": 0.0,
      "mean_oracle_gap": 0.4197322752073521,
      "oracle_gap_se": 0.001132309605167683,
      "mean_rel_oracle_gap": 0.12171745502139868,
      "mean_excess_s": null,
      "selected_s_std": null,
      "failure_rate": 0.0,
      "n_failed": 0
    },
    "_n_replication_errors": 0
  }
}