{
  "config": "paper_saa",
  "n": 200,
  "split": 0.5,
  "d": 2,
  "reps": 1000,
  "mesh_p": null,
  "include_existing": false,
  "folds": null,
  "elapsed_s": 6.129874229431152,
  "summaries": {
    "NV": {
      "method": "NV",
      "n_reps": 1000,
      "target": 0.95,
      "coverage": 0.637,
      "coverage_lo": 0.6067244308198836,
      "coverage_hi": 0.6662270373550743,
      "coverage_gap": -0.31299999999999994,
      "meets_target": false,
      "significantly_below": true,
      "mean_obj": -1.2012485847264296,
      "obj_se": 0.001996152797715729,
      "mean_oracle_gap": -0.003645920131817434,
      "oracle_gap_se": 0.0020260495333950085,
      "mean_rel_oracle_gap": -0.0034312160838032434,
      "mean_excess_s": -0.0020119999999999995,
      "selected_s_std": 0.02417579096676816,
      "failure_rate": 0.0,
      "n_failed": 0
    },
    "UG": {
      "method": "UG",
      "n_reps": 1000,
      "target": 0.95,
      "coverage": 0.932,
      "coverage_lo": 0.9146861384770105,
      "coverage_hi": 0.9460075421914699,
      "coverage_gap": -0.017999999999999905,
      "meets_target": false,
      "significantly_below": true,
      "mean_obj": -1.1200813242805976,
      "obj_se": 0.0023244402543604434,
      "mean_oracle_gap": 0.07752134031401468,
      "oracle_gap_se": 0.002442210687800065,
      "mean_rel_oracle_gap": 0.06423367398873372,
      "mean_excess_s": 0.023216,
      "selected_s_std": 0.026637923247786324,
      "failure_rate": 0.0,
      "n_failed": 0
    },
    "NGS": {
      "method": "NGS",
      "n_reps": 1000,
      "target": 0.95,
      "coverage": 0.974,
      "coverage_lo": 0.9621761711573101,
      "coverage_hi": 0.9821960617983837,
      "coverage_gap": 0.02400000000000002,
      "meets_target": true,
      "significantly_below": false,
      "mean_obj": -1.0848711661960428,
      "obj_se": 0.0025106859093447335,
      "mean_oracle_gap": 0.11273149839856939,
      "oracle_gap_se": 0.002661462514252967,
      "mean_rel_oracle_gap": 0.09357712738180822,
      "mean_excess_s": 0.03220400000000001,
      "selected_s_std": 0.02569137814347278,
      "failure_rate": 0.0,
      "n_failed": 0
    },
    "UNGS": {
      "method": "UNGS",
      "n_reps": 1000,
      "target": 0.95,
      "coverage": 0.98,
      "coverage_lo": 0.9693099947702822,
      "coverage_hi": 0.987016317083585,
      "coverage_gap": 0.030000000000000027,
      "meets_target": true,
      "significantly_below": false,
      "mean_obj": -1.0552056122034839,
      "obj_se": 0.0028344966362767914,
      "mean_oracle_gap": 0.14239705239112818,
      "oracle_gap_se": 0.002955677290618571,
      "mean_rel_oracle_gap": 0.11839287917302774,
      "mean_excess_s": 0.038684,
      "selected_s_std": 0.026433490753841677,
      "failure_rate": 0.0,
      "n_failed": 0
    },
    "_n_replication_errors": 0
  }
}