{
  "config": "paper_fast",
  "n": 200,
  "split": 0.5,
  "d": 10,
  "reps": 1000,
  "mesh_p": null,
  "include_existing": false,
  "folds": null,
  "elapsed_s": 0.7368853092193604,
  "summaries": {
    "NV": {
      "method": "NV",
      "n_reps": 1000,
      "target": 0.95,
      "coverage": 0.986,
      "coverage_lo": 0.9766379658824644,
      "coverage_hi": 0.9916424248695761,
      "coverage_gap": 0.03600000000000003,
      "meets_target": true,
      "significantly_below": false,
      "mean_obj": -7.257044661917384,
      "obj_se": 0.009744967381327912,
      "mean_oracle_gap": 0.019453235984435362,
      "oracle_gap_se": 0.005659480587710665,
      "mean_rel_oracle_gap": 0.0024555555555555593,
      "mean_excess_s": 0.9956,
      "selected_s_std": 0.021001930413204424,
      "failure_rate": 0.0,
      "n_failed": 0
    },
    "UG": {
      "method": "UG",
      "n_reps": 1000,
      "target": 0.95,
      "coverage": 0.999,
      "coverage_lo": 0.9943574414020421,
      "coverage_hi": 0.9998234536293739,
      "coverage_gap": 0.049000000000000044,
      "meets_target": true,
      "significantly_below": false,
      "mean_obj": -7.077897908458942,
      "obj_se": 0.0105600654751322,
      "mean_oracle_gap": 0.19859998944287707,
      "oracle_gap_se": 0.010637817740234484,
      "mean_rel_oracle_gap": 0.0265,
      "mean_excess_s": 0.9717,
      "selected_s_std": 0.045729653412213835,
      "failure_rate": 0.0,
      "n_failed": 0
    },
    "NGS": {
      "method": "NGS",
      "n_reps": 1000,
      "target": 0.95,
      "coverage": 0.999,
      "coverage_lo": 0.9943574414020421,
      "coverage_hi": 0.9998234536293739,
      "coverage_gap": 0.049000000000000044,
      "meets_target": true,
      "significantly_below": false,
      "mean_obj": -6.999030132637939,
      "obj_se": 0.010993548174756456,
      "mean_oracle_gap": 0.27746776526387973,
      "oracle_gap_se": 0.011765660907978997,
      "mean_rel_oracle_gap": 0.0372,
      "mean_excess_s": 0.9610000000000001,
      "selected_s_std": 0.050214754022314206,
      "failure_rate": 0.0,
      "n_failed": 0
    },
    "UNGS": {
      "method": "UNGS",
      "n_reps": 1000,
      "target": 0.95,
      "coverage": 0.999,
      "coverage_lo": 0.9943574414020421,
      "coverage_hi": 0.9998234536293739,
      "coverage_gap": 0.049000000000000044,
      "meets_target": true,
      "significantly_below": false,
      "mean_obj": -7.037647359638253,
      "obj_se": 0.011099122066685941,
      "mean_oracle_gap": 0.23885053826356545,
      "oracle_gap_se": 0.011767529382793742,
      "mean_rel_oracle_gap": 0.03191111111111111,
      "mean_excess_s": 0.9663,
      "selected_s_std": 0.05036712069244027,
      "failure_rate": 0.0,
      "n_failed": 0
    },
    "benchmark": {
      "method": "benchmark",
      "n_reps": 1000,
      "target": 0.95,
      "coverage": 1.0,
      "coverage_lo": 0.996173241514445,
      "coverage_hi": 1.0,
      "coverage_gap": 0.050000000000000044,
      "meets_target": true,
      "significantly_below": false,
      "mean_obj": -6.010416014455828,
      "obj_se": 0.0164298049416362,
      "mean_oracle_gap": 1.2660818834459915,
      "oracle_gap_se": 0.015659562672738363,
      "mean_rel_oracle_gap": 0.1736953784259116,
      "mean_excess_s": null,
      "selected_s_std": null,
      "failure_rate": 0.0,
      "n_failed": 0
    },
    "_n_replication_errors": 0
  }
}