{
  "config": "paper_saa",
  "n": 400,
  "split": 0.5,
  "d": 5,
  "reps": 1000,
  "mesh_p": null,
  "include_existing": false,
  "folds": null,
  "elapsed_s": 49.4275016784668,
  "summaries": {
    "NV": {
      "method": "NV",
      "n_reps": 1000,
      "target": 0.95,
      "coverage": 0.484,
      "coverage_lo": 0.4531466082917357,
      "coverage_hi": 0.514975847979802,
      "coverage_gap": -0.46599999999999997,
      "meets_target": false,
      "significantly_below": true,
      "mean_obj": -3.601967274455195,
      "obj_se": 0.003259402388151724,
      "mean_oracle_gap": -0.022258424680785295,
      "oracle_gap_se": 0.0033170778498034675,
      "mean_rel_oracle_gap": -0.006274038756858184,
      "mean_excess_s": -0.0044480000000000006,
      "selected_s_std": 0.021539498926716333,
      "failure_rate": 0.0,
      "n_failed": 0
    },
    "UG": {
      "method": "UG",
      "n_reps": 1000,
      "target": 0.95,
      "coverage": 0.933,
      "coverage_lo": 0.9157879467581331,
      "coverage_hi": 0.9468980803933762,
      "coverage_gap": -0.016999999999999904,
      "meets_target": false,
      "significantly_below": true,
      "mean_obj": -3.4410165291891777,
      "obj_se": 0.003800559595305702,
      "mean_oracle_gap": 0.13869232058523234,
      "oracle_gap_se": 0.0038528916943717764,
      "mean_rel_oracle_gap": 0.038690715965050304,
      "mean_excess_s": 0.019128,
      "selected_s_std": 0.02033905792501898,
      "failure_rate": 0.0,
      "n_failed": 0
    },
    "NGS": {
      "method": "NGS",
      "n_reps": 1000,
      "target": 0.95,
      "coverage": 0.987,
      "coverage_lo": 0.9778855576244203,
      "coverage_hi": 0.9923871796106489,
      "coverage_gap": 0.03700000000000003,
      "meets_target": true,
      "significantly_below": false,
      "mean_obj": -3.350877396817411,
      "obj_se": 0.003910012095255431,
      "mean_oracle_gap": 0.22883145295699922,
      "oracle_gap_se": 0.003976241187315145,
      "mean_rel_oracle_gap": 0.06386872084036854,
      "mean_excess_s": 0.03014,
      "selected_s_std": 0.01755097184239701,
      "failure_rate": 0.0,
      "n_failed": 0
    },
    "UNGS": {
      "method": "UNGS",
      "n_reps": 1000,
      "target": 0.95,
      "coverage": 0.989,
      "coverage_lo": 0.9804106042992137,
      "coverage_hi": 0.9938468259019134,
      "coverage_gap": 0.039000000000000035,
      "meets_target": true,
      "significantly_below": false,
      "mean_obj": -3.296097468800805,
      "obj_se": 0.004852504959456654,
      "mean_oracle_gap": 0.28361138097360516,
      "oracle_gap_se": 0.004917834776732382,
      "mean_rel_oracle_gap": 0.07916820582113081,
      "mean_excess_s": 0.0345,
      "selected_s_std": 0.018867430029442692,
      "failure_rate": 0.0,
      "n_failed": 0
    },
    "_n_replication_errors": 0
  }
}