{
  "config": "paper_ro_ellipsoid",
  "n": 100,
  "split": 0.5,
  "d": 10,
  "reps": 1000,
  "mesh_p": null,
  "include_existing": false,
  "folds": null,
  "elapsed_s": 1.0184004306793213,
  "summaries": {
    "NV": {
      "method": "NV",
      "n_reps": 1000,
      "target": 0.95,
      "coverage": 0.707,
      "coverage_lo": 0.6780414921958111,
      "coverage_hi": 0.7343742297911691,
      "coverage_gap": -0.243,
      "meets_target": false,
      "significantly_below": true,
      "mean_obj": -7.715227567463714,
      "obj_se": 0.010797666588497493,
      "mean_oracle_gap": -0.09430320186579072,
      "oracle_gap_se": 0.011523149200778357,
      "mean_rel_oracle_gap": -0.012737946180329855,
      "mean_excess_s": -0.15610422982600272,
      "selected_s_std": 1.1971813618366896,
      "failure_rate": 0.0,
      "n_failed": 0
    },
    "UG": {
      "method": "UG",
      "n_reps": 1000,
      "target": 0.95,
      "coverage": 0.968,
      "coverage_lo": 0.9551752619162314,
      "coverage_hi": 0.9772428921412891,
      "coverage_gap": 0.018000000000000016,
      "meets_target": true,
      "significantly_below": false,
      "mean_obj": -7.206145641222568,
      "obj_se": 0.011499955855563411,
      "mean_oracle_gap": 0.4147787243753555,
      "oracle_gap_se": 0.01236363555411864,
      "mean_rel_oracle_gap": 0.05405285721825365,
      "mean_excess_s": 1.6676439404313814,
      "selected_s_std": 1.9438106203700105,
      "failure_rate": 0.0,
      "n_failed": 0
    },
    "NGS": {
      "method": "NGS",
      "n_reps": 1000,
      "target": 0.95,
      "coverage": 0.969,
      "coverage_lo": 0.9563345039877078,
      "coverage_hi": 0.9780759965528414,
      "coverage_gap": 0.019000000000000017,
      "meets_target": true,
      "significantly_below": false,
      "mean_obj": -7.135290031660417,
      "obj_se": 0.013626567373847426,
      "mean_oracle_gap": 0.4856343339375053,
      "oracle_gap_se": 0.014624971254038437,
      "mean_rel_oracle_gap": 0.06328885625044815,
      "mean_excess_s": 2.128004685939024,
      "selected_s_std": 2.6628796623397575,
      "failure_rate": 0.0,
      "n_failed": 0
    },
    "UNGS": {
      "method": "UNGS",
      "n_reps": 1000,
      "target": 0.95,
      "coverage": 0.982,
      "coverage_lo": 0.9717267448294926,
      "coverage_hi": 0.9885842599904322,
      "coverage_gap": 0.03200000000000003,
      "meets_target": true,
      "significantly_below": false,
      "mean_obj": -6.7035000959590025,
      "obj_se": 0.0174864037916768,
      "mean_oracle_gap": 0.9174242696389203,
      "oracle_gap_se": 0.018595014541359187,
      "mean_rel_oracle_gap": 0.11986861619279537,
      "mean_excess_s": 4.769794185709781,
      "selected_s_std": 4.471021671429099,
      "failure_rate": 0.0,
      "n_failed": 0
    },
    "benchmark": {
      "method": "benchmark",
      "n_reps": 1000,
      "target": 0.95,
      "coverage": 1.0,
      "coverage_lo": 0.996173241514445,
      "coverage_hi": 1.0,
      "coverage_gap": 0.050000000000000044,
      "meets_target": true,
      "significantly_below": false,
      "mean_obj": -6.901634398385977,
      "obj_se": 1.1240288649509236e-16,
      "mean_oracle_gap": 0.7192899672119493,
      "oracle_gap_se": 0.0050349019689370595,
      "mean_rel_oracle_gap": 0.09398602151149547,
      "mean_excess_s": NaN,
      "selected_s_std": NaN,
      "failure_rate": 0.0,
      "n_failed": 0
    },
    "_n_replication_errors": 0
  }
}