{
  "config": "paper_fast",
  "n": 200,
  "split": 0.5,
  "d": 20,
  "reps": 1000,
  "mesh_p": null,
  "include_existing": false,
  "folds": null,
  "elapsed_s": 0.6777303218841553,
  "summaries": {
    "NV": {
      "method": "NV",
      "n_reps": 1000,
      "target": 0.95,
      "coverage": 0.972,
      "coverage_lo": 0.9598298168024069,
      "coverage_hi": 0.9805577231872291,
      "coverage_gap": 0.02200000000000002,
      "meets_target": true,
      "significantly_below": false,
      "mean_obj": -16.121020983383122,
      "obj_se": 0.017924937638338096,
      "mean_oracle_gap": 0.07686757343496901,
      "oracle_gap_se": 0.016855304104130463,
      "mean_rel_oracle_gap": 0.004388888888888895,
      "mean_excess_s": 0.9904000000000001,
      "selected_s_std": 0.02947386484173238,
      "failure_rate": 0.0,
      "n_failed": 0
    },
    "UG": {
      "method": "UG",
      "n_reps": 1000,
      "target": 0.95,
      "coverage": 0.995,
      "coverage_lo": 0.9883490446266249,
      "coverage_hi": 0.9978624644726756,
      "coverage_gap": 0.04500000000000004,
      "meets_target": true,
      "significantly_below": false,
      "mean_obj": -15.590774375060159,
      "obj_se": 0.022072209932041995,
      "mean_oracle_gap": 0.6071141817579346,
      "oracle_gap_se": 0.025751871141866833,
      "mean_rel_oracle_gap": 0.03674444444444444,
      "mean_excess_s": 0.9583,
      "selected_s_std": 0.04933095928059318,
      "failure_rate": 0.0,
      "n_failed": 0
    },
    "NGS": {
      "method": "NGS",
      "n_reps": 1000,
      "target": 0.95,
      "coverage": 0.999,
      "coverage_lo": 0.9943574414020421,
      "coverage_hi": 0.9998234536293739,
      "coverage_gap": 0.049000000000000044,
      "meets_target": true,
      "significantly_below": false,
      "mean_obj": -15.433603370782109,
      "obj_se": 0.022238430339008377,
      "mean_oracle_gap": 0.7642851860359858,
      "oracle_gap_se": 0.026427856204074066,
      "mean_rel_oracle_gap": 0.0464,
      "mean_excess_s": 0.9487000000000001,
      "selected_s_std": 0.05080246933851631,
      "failure_rate": 0.0,
      "n_failed": 0
    },
    "UNGS": {
      "method": "UNGS",
      "n_reps": 1000,
      "target": 0.95,
      "coverage": 0.996,
      "coverage_lo": 0.9897604437227377,
      "coverage_hi": 0.9984434118595916,
      "coverage_gap": 0.04600000000000004,
      "meets_target": true,
      "significantly_below": false,
      "mean_obj": -15.52978737048112,
      "obj_se": 0.022805577007710878,
      "mean_oracle_gap": 0.668101186336971,
      "oracle_gap_se": 0.026504851451329782,
      "mean_rel_oracle_gap": 0.0405,
      "mean_excess_s": 0.9546000000000001,
      "selected_s_std": 0.05139534493980443,
      "failure_rate": 0.0,
      "n_failed": 0
    },
    "benchmark": {
      "method": "benchmark",
      "n_reps": 1000,
      "target": 0.95,
      "coverage": 1.0,
      "coverage_lo": 0.996173241514445,
      "coverage_hi": 1.0,
      "coverage_gap": 0.050000000000000044,
      "meets_target": true,
      "significantly_below": false,
      "mean_obj": -13.054368615724616,
      "obj_se": 0.030957366785593417,
      "mean_oracle_gap": 3.1435199410934778,
      "oracle_gap_se": 0.031048105454845487,
      "mean_rel_oracle_gap": 0.19379164228659573,
      "mean_excess_s": NaN,
      "selected_s_std": NaN,
      "failure_rate": 0.0,
      "n_failed": 0
    },
    "_n_replication_errors": 0
  }
}