{
  "config": "paper_ro_ellipsoid",
  "n": 2000,
  "split": 0.5,
  "d": 10,
  "reps": 1000,
  "mesh_p": null,
  "include_existing": false,
  "folds": null,
  "elapsed_s": 1.0504064559936523,
  "summaries": {
    "NV": {
      "method": "NV",
      "n_reps": 1000,
      "target": 0.95,
      "coverage": 0.932,
      "coverage_lo": 0.9146861384770105,
      "coverage_hi": 0.9460075421914699,
      "coverage_gap": -0.017999999999999905,
      "meets_target": false,
      "significantly_below": true,
      "mean_obj": -7.490653606548437,
      "obj_se": 0.005284316737802941,
      "mean_oracle_gap": -0.04521182990336278,
      "oracle_gap_se": 0.00555066175704793,
      "mean_rel_oracle_gap": -0.006141761631610832,
      "mean_excess_s": -0.09482390359231994,
      "selected_s_std": 0.36515514322158776,
      "failure_rate": 0.0,
      "n_failed": 0
    },
    "UG": {
      "method": "UG",
      "n_reps": 1000,
      "target": 0.95,
      "coverage": 1.0,
      "coverage_lo": 0.996173241514445,
      "coverage_hi": 1.0,
      "coverage_gap": 0.050000000000000044,
      "meets_target": true,
      "significantly_below": false,
      "mean_obj": -7.442953550857935,
      "obj_se": 0.002016899647206876,
      "mean_oracle_gap": 0.0024882257871390616,
      "oracle_gap_se": 0.001255925562789313,
      "mean_rel_oracle_gap": 0.0003144987967481053,
      "mean_excess_s": 0.005748511388472565,
      "selected_s_std": 0.04937012202809265,
      "failure_rate": 0.0,
      "n_failed": 0
    },
    "NGS": {
      "method": "NGS",
      "n_reps": 1000,
      "target": 0.95,
      "coverage": 1.0,
      "coverage_lo": 0.996173241514445,
      "coverage_hi": 1.0,
      "coverage_gap": 0.050000000000000044,
      "meets_target": true,
      "significantly_below": false,
      "mean_obj": -7.442953550857935,
      "obj_se": 0.002016899647206876,
      "mean_oracle_gap": 0.0024882257871390616,
      "oracle_gap_se": 0.001255925562789313,
      "mean_rel_oracle_gap": 0.0003144987967481053,
      "mean_excess_s": 0.005748511388472565,
      "selected_s_std": 0.04937012202809265,
      "failure_rate": 0.0,
      "n_failed": 0
    },
    "UNGS": {
      "method": "UNGS",
      "n_reps": 1000,
      "target": 0.95,
      "coverage": 1.0,
      "coverage_lo": 0.996173241514445,
      "coverage_hi": 1.0,
      "coverage_gap": 0.050000000000000044,
      "meets_target": true,
      "significantly_below": false,
      "mean_obj": -7.442953550857935,
      "obj_se": 0.002016899647206876,
      "mean_oracle_gap": 0.0024882257871390616,
      "oracle_gap_se": 0.001255925562789313,
      "mean_rel_oracle_gap": 0.0003144987967481053,
      "mean_excess_s": 0.005748511388472565,
      "selected_s_std": 0.04937012202809265,
      "failure_rate": 0.0,
      "n_failed": 0
    },
    "benchmark": {
      "method": "benchmark",
      "n_reps": 1000,
      "target": 0.95,
      "coverage": 1.0,
      "coverage_lo": 0.996173241514445,
      "coverage_hi": 1.0,
      "coverage_gap": 0.050000000000000044,
      "meets_target": true,
      "significantly_below": false,
      "mean_obj": -6.901634398385977,
      "obj_se": 1.1240288649509236e-16,
      "mean_oracle_gap": 0.5438073782591009,
      "oracle_gap_se": 0.0021959776748329872,
      "mean_rel_oracle_gap": 0.07295935130869742,
      "mean_excess_s": NaN,
      "selected_s_std": NaN,
      "failure_rate": 0.0,
      "n_failed": 0
    },
    "_n_replication_errors": 0
  }
}