{
  "config": "paper_ro_ellipsoid",
  "n": 500,
  "split": 0.5,
  "d": 5,
  "reps": 1000,
  "mesh_p": null,
  "include_existing": false,
  "folds": null,
  "elapsed_s": 0.775749683380127,
  "summaries": {
    "NV": {
      "method": "NV",
      "n_reps": 1000,
      "target": 0.95,
      "coverage": 0.943,
      "coverage_lo": 0.9268629323405141,
      "coverage_hi": 0.9557465596412841,
      "coverage_gap": -0.007000000000000006,
      "meets_target": false,
      "significantly_below": false,
      "mean_obj": -3.4631133972561394,
      "obj_se": 0.0032356937623297375,
      "mean_oracle_gap": -0.007333743500868207,
      "oracle_gap_se": 0.0033587912556468274,
      "mean_rel_oracle_gap": -0.0023470776171819114,
      "mean_excess_s": -0.002653705341844043,
      "selected_s_std": 0.40226625459591653,
      "failure_rate": 0.0,
      "n_failed": 0
    },
    "UG": {
      "method": "UG",
      "n_reps": 1000,
      "target": 0.95,
      "coverage": 0.997,
      "coverage_lo": 0.9912169859464969,
      "coverage_hi": 0.9989792161188614,
      "coverage_gap": 0.04700000000000004,
      "meets_target": true,
      "significantly_below": false,
      "mean_obj": -3.365594967815318,
      "obj_se": 0.003420957989261367,
      "mean_oracle_gap": 0.09018468593995334,
      "oracle_gap_se": 0.003926135953845981,
      "mean_rel_oracle_gap": 0.02576340774637075,
      "mean_excess_s": 0.42910029017355933,
      "selected_s_std": 0.5890434491437876,
      "failure_rate": 0.0,
      "n_failed": 0
    },
    "NGS": {
      "method": "NGS",
      "n_reps": 1000,
      "target": 0.95,
      "coverage": 0.999,
      "coverage_lo": 0.9943574414020421,
      "coverage_hi": 0.9998234536293739,
      "coverage_gap": 0.049000000000000044,
      "meets_target": true,
      "significantly_below": false,
      "mean_obj": -3.322259691864344,
      "obj_se": 0.003532894676009383,
      "mean_oracle_gap": 0.13351996189092744,
      "oracle_gap_se": 0.0041608000915692184,
      "mean_rel_oracle_gap": 0.03826016597110227,
      "mean_excess_s": 0.6396652785525324,
      "selected_s_std": 0.6443770177316475,
      "failure_rate": 0.0,
      "n_failed": 0
    },
    "UNGS": {
      "method": "UNGS",
      "n_reps": 1000,
      "target": 0.95,
      "coverage": 0.998,
      "coverage_lo": 0.9927371921365079,
      "coverage_hi": 0.9994513564118793,
      "coverage_gap": 0.04800000000000004,
      "meets_target": true,
      "significantly_below": false,
      "mean_obj": -3.2999319364067023,
      "obj_se": 0.0036031423727932352,
      "mean_oracle_gap": 0.15584771734856892,
      "oracle_gap_se": 0.004258326810530066,
      "mean_rel_oracle_gap": 0.04470985201607016,
      "mean_excess_s": 0.753968736435361,
      "selected_s_std": 0.6760701083033059,
      "failure_rate": 0.0,
      "n_failed": 0
    },
    "benchmark": {
      "method": "benchmark",
      "n_reps": 1000,
      "target": 0.95,
      "coverage": 1.0,
      "coverage_lo": 0.996173241514445,
      "coverage_hi": 1.0,
      "coverage_gap": 0.050000000000000044,
      "meets_target": true,
      "significantly_below": false,
      "mean_obj": -3.025999410968635,
      "obj_se": 0.0,
      "mean_oracle_gap": 0.42978024278663646,
      "oracle_gap_se": 0.0021270195786489816,
      "mean_rel_oracle_gap": 0.12403370102404296,
      "mean_excess_s": NaN,
      "selected_s_std": NaN,
      "failure_rate": 0.0,
      "n_failed": 0
    },
    "_n_replication_errors": 0
  }
}