{
  "config": "paper_saa",
  "n": 400,
  "split": 0.5,
  "d": 2,
  "reps": 1000,
  "mesh_p": null,
  "include_existing": false,
  "folds": null,
  "elapsed_s": 24.63266086578369,
  "summaries": {
    "NV": {
      "method": "NV",
      "n_reps": 1000,
      "target": 0.95,
      "coverage": 0.627,
      "coverage_lo": 0.5965940413088956,
      "coverage_hi": 0.6564339620357734,
      "coverage_gap": -0.32299999999999995,
      "meets_target": false,
      "significantly_below": true,
      "mean_obj": -1.216912078116387,
      "obj_se": 0.001338672888027592,
      "mean_oracle_gap": -0.0020448877919822346,
      "oracle_gap_se": 0.0012444214061101196,
      "mean_rel_oracle_gap": -0.001727237588927096,
      "mean_excess_s": -0.000764,
      "selected_s_std": 0.017389181914272092,
      "failure_rate": 0.0,
      "n_failed": 0
    },
    "UG": {
      "method": "UG",
      "n_reps": 1000,
      "target": 0.95,
      "coverage": 0.934,
      "coverage_lo": 0.9168907240940241,
      "coverage_hi": 0.9477876495405142,
      "coverage_gap": -0.015999999999999903,
      "meets_target": false,
      "significantly_below": true,
      "mean_obj": -1.158212979975674,
      "obj_se": 0.001584958864017901,
      "mean_oracle_gap": 0.0566542103487308,
      "oracle_gap_se": 0.001628067334694526,
      "mean_rel_oracle_gap": 0.04647006995525509,
      "mean_excess_s": 0.019620000000000002,
      "selected_s_std": 0.022189267215921744,
      "failure_rate": 0.0,
      "n_failed": 0
    },
    "NGS": {
      "method": "NGS",
      "n_reps": 1000,
      "target": 0.95,
      "coverage": 0.981,
      "coverage_lo": 0.9705155440876868,
      "coverage_hi": 0.9878031142492091,
      "coverage_gap": 0.031000000000000028,
      "meets_target": true,
      "significantly_below": false,
      "mean_obj": -1.1283996044233215,
      "obj_se": 0.0016779371786900736,
      "mean_oracle_gap": 0.08646758590108328,
      "oracle_gap_se": 0.0017428995048251019,
      "mean_rel_oracle_gap": 0.07098707098079819,
      "mean_excess_s": 0.029132,
      "selected_s_std": 0.022022929174145056,
      "failure_rate": 0.0,
      "n_failed": 0
    },
    "UNGS": {
      "method": "UNGS",
      "n_reps": 1000,
      "target": 0.95,
      "coverage": 0.973,
      "coverage_lo": 0.9610012692469598,
      "coverage_hi": 0.9813786172257051,
      "coverage_gap": 0.02300000000000002,
      "meets_target": true,
      "significantly_below": false,
      "mean_obj": -1.1184034861797796,
      "obj_se": 0.0019569057522074106,
      "mean_oracle_gap": 0.09646370414462538,
      "oracle_gap_se": 0.002048740039922633,
      "mean_rel_oracle_gap": 0.07916730976195531,
      "mean_excess_s": 0.031144000000000005,
      "selected_s_std": 0.024528370042400632,
      "failure_rate": 0.0,
      "n_failed": 0
    },
    "_n_replication_errors": 0
  }
}