{
  "config": "paper_so",
  "n": 500,
  "split": 0.5,
  "d": 20,
  "reps": 1000,
  "mesh_p": 60,
  "include_existing": false,
  "folds": null,
  "elapsed_s": 9.068177938461304,
  "summaries": {
    "NV": {
      "method": "NV",
      "n_reps": 1000,
      "target": 0.95,
      "coverage": 0.739,
      "coverage_lo": 0.7109019937060769,
      "coverage_hi": 0.7652688157378277,
      "coverage_gap": -0.21099999999999997,
      "meets_target": false,
      "significantly_below": true,
      "mean_obj": -16.728009600735366,
      "obj_se": 0.012520715470532214,
      "mean_oracle_gap": -0.03839892403407329,
      "oracle_gap_se": 0.010343556975488272,
      "mean_rel_oracle_gap": -0.0023911387392282794,
      "mean_excess_s": -0.919,
      "selected_s_std": 30.451244922290407,
      "failure_rate": 0.0,
      "n_failed": 0
    },
    "UG": {
      "method": "UG",
      "n_reps": 1000,
      "target": 0.95,
      "coverage": 0.975,
      "coverage_lo": 0.9633547107321566,
      "coverage_hi": 0.9830098687065659,
      "coverage_gap": 0.025000000000000022,
      "meets_target": true,
      "significantly_below": false,
      "mean_obj": -16.353316617121607,
      "obj_se": 0.011288662901617709,
      "mean_oracle_gap": 0.33629405957968583,
      "oracle_gap_se": 0.011396450657426803,
      "mean_rel_oracle_gap": 0.01997142703869997,
      "mean_excess_s": 31.605,
      "selected_s_std": 48.61673104536686,
      "failure_rate": 0.0,
      "n_failed": 0
    },
    "NGS": {
      "method": "NGS",
      "n_reps": 1000,
      "target": 0.95,
      "coverage": 0.994,
      "coverage_lo": 0.9869718317581478,
      "coverage_hi": 0.9972473308581237,
      "coverage_gap": 0.04400000000000004,
      "meets_target": true,
      "significantly_below": false,
      "mean_obj": -16.190413150412294,
      "obj_se": 0.010832544227362878,
      "mean_oracle_gap": 0.4991975262890012,
      "oracle_gap_se": 0.01202721329134819,
      "mean_rel_oracle_gap": 0.029689165099911423,
      "mean_excess_s": 52.51,
      "selected_s_std": 57.41268424583815,
      "failure_rate": 0.0,
      "n_failed": 0
    },
    "UNGS": {
      "method": "UNGS",
      "n_reps": 1000,
      "target": 0.95,
      "coverage": 0.999,
      "coverage_lo": 0.9943574414020421,
      "coverage_hi": 0.9998234536293739,
      "coverage_gap": 0.049000000000000044,
      "meets_target": true,
      "significantly_below": false,
      "mean_obj": -15.94253530434285,
      "obj_se": 0.010649429675235538,
      "mean_oracle_gap": 0.7470753723584417,
      "oracle_gap_se": 0.012647906557600579,
      "mean_rel_oracle_gap": 0.04451008502215801,
      "mean_excess_s": 91.977,
      "selected_s_std": 66.17869290333857,
      "failure_rate": 0.0,
      "n_failed": 0
    },
    "benchmark": {
      "method": "benchmark",
      "n_reps": 1000,
      "target": 0.95,
      "coverage": 1.0,
      "coverage_lo": 0.996173241514445,
      "coverage_hi": 1.0,
      "coverage_gap": 0.050000000000000044,
      "meets_target": true,
      "significantly_below": false,
      "mean_obj": -15.171426403628189,
      "obj_se": 0.010039397554471665,
      "mean_oracle_gap": 1.5181842730731023,
      "oracle_gap_se": 0.012451175670347763,
      "mean_rel_oracle_gap": 0.09071527229118419,
      "mean_excess_s": NaN,
      "selected_s_std": NaN,
      "failure_rate": 0.0,
      "n_failed": 0
    },
    "_n_replication_errors": 0
  }
}