{
  "config": "paper_saa",
  "n": 400,
  "split": 0.5,
  "d": 10,
  "reps": 1000,
  "mesh_p": null,
  "include_existing": false,
  "folds": null,
  "elapsed_s": 77.15906429290771,
  "summaries": {
    "NV": {
      "method": "NV",
      "n_reps": 1000,
      "target": 0.95,
      "coverage": 0.466,
      "coverage_lo": 0.43527102980973204,
      "coverage_hi": 0.49698918976728573,
      "coverage_gap": -0.48399999999999993,
      "meets_target": false,
      "significantly_below": true,
      "mean_obj": -7.92828517852862,
      "obj_se": 0.005938379403644258,
      "mean_oracle_gap": -0.04697341955771032,
      "oracle_gap_se": 0.005989179567329311,
      "mean_rel_oracle_gap": -0.00598147368358075,
      "mean_excess_s": -0.005880000000000001,
      "selected_s_std": 0.022136386778777148,
      "failure_rate": 0.0,
      "n_failed": 0
    },
    "UG": {
      "method": "UG",
      "n_reps": 1000,
      "target": 0.95,
      "coverage": 0.917,
      "coverage_lo": 0.8982635048659464,
      "coverage_hi": 0.9325449785571007,
      "coverage_gap": -0.03299999999999992,
      "meets_target": false,
      "significantly_below": true,
      "mean_obj": -7.626874803221266,
      "obj_se": 0.0070055066716283405,
      "mean_oracle_gap": 0.2544369557496438,
      "oracle_gap_se": 0.007023821974199254,
      "mean_rel_oracle_gap": 0.032266375094539015,
      "mean_excess_s": 0.01812,
      "selected_s_std": 0.01906381465051077,
      "failure_rate": 0.0,
      "n_failed": 0
    },
    "NGS": {
      "method": "NGS",
      "n_reps": 1000,
      "target": 0.95,
      "coverage": 0.988,
      "coverage_lo": 0.9791427315245017,
      "coverage_hi": 0.9931223521935965,
      "coverage_gap": 0.038000000000000034,
      "meets_target": true,
      "significantly_below": false,
      "mean_obj": -7.450336605230022,
      "obj_se": 0.00765672005166497,
      "mean_oracle_gap": 0.43097515374088813,
      "oracle_gap_se": 0.007697837237153921,
      "mean_rel_oracle_gap": 0.05466364594089246,
      "mean_excess_s": 0.028544000000000003,
      "selected_s_std": 0.015356740978915203,
      "failure_rate": 0.0,
      "n_failed": 0
    },
    "UNGS": {
      "method": "UNGS",
      "n_reps": 1000,
      "target": 0.95,
      "coverage": 0.988,
      "coverage_lo": 0.9791427315245017,
      "coverage_hi": 0.9931223521935965,
      "coverage_gap": 0.038000000000000034,
      "meets_target": true,
      "significantly_below": false,
      "mean_obj": -7.329774170289301,
      "obj_se": 0.008837603853100529,
      "mean_oracle_gap": 0.5515375886816077,
      "oracle_gap_se": 0.008851223881180516,
      "mean_rel_oracle_gap": 0.06996447699603037,
      "mean_excess_s": 0.033368,
      "selected_s_std": 0.015476281571853469,
      "failure_rate": 0.0,
      "n_failed": 0
    },
    "_n_replication_errors": 0
  }
}