{
  "config": "paper_so",
  "n": 500,
  "split": 0.5,
  "d": 50,
  "reps": 1000,
  "mesh_p": 60,
  "include_existing": false,
  "folds": null,
  "elapsed_s": 21.082199335098267,
  "summaries": {
    "NV": {
      "method": "NV",
      "n_reps": 1000,
      "target": 0.95,
      "coverage": 0.701,
      "coverage_lo": 0.6718992775111103,
      "coverage_hi": 0.7285623655776965,
      "coverage_gap": -0.249,
      "meets_target": false,
      "significantly_below": true,
      "mean_obj": -45.36898788640689,
      "obj_se": 0.020179316633224628,
      "mean_oracle_gap": -0.10175921537224437,
      "oracle_gap_se": 0.018482567692154676,
      "mean_rel_oracle_gap": -0.0022870260148205837,
      "mean_excess_s": -1.811,
      "selected_s_std": 36.39843878995837,
      "failure_rate": 0.0,
      "n_failed": 0
    },
    "UG": {
      "method": "UG",
      "n_reps": 1000,
      "target": 0.95,
      "coverage": 0.967,
      "coverage_lo": 0.9540187355329184,
      "coverage_hi": 0.9764070720415732,
      "coverage_gap": 0.017000000000000015,
      "meets_target": true,
      "significantly_below": false,
      "mean_obj": -44.70005357845311,
      "obj_se": 0.019466258308915,
      "mean_oracle_gap": 0.5671750925815422,
      "oracle_gap_se": 0.019992462641039106,
      "mean_rel_oracle_gap": 0.012470974596507936,
      "mean_excess_s": 35.752,
      "selected_s_std": 55.25193577973,
      "failure_rate": 0.0,
      "n_failed": 0
    },
    "NGS": {
      "method": "NGS",
      "n_reps": 1000,
      "target": 0.95,
      "coverage": 0.988,
      "coverage_lo": 0.9791427315245017,
      "coverage_hi": 0.9931223521935965,
      "coverage_gap": 0.038000000000000034,
      "meets_target": true,
      "significantly_below": false,
      "mean_obj": -44.40558685582668,
      "obj_se": 0.01878763578930344,
      "mean_oracle_gap": 0.8616418152079758,
      "oracle_gap_se": 0.02081942872051151,
      "mean_rel_oracle_gap": 0.01896189345952206,
      "mean_excess_s": 60.116,
      "selected_s_std": 61.92033752491341,
      "failure_rate": 0.0,
      "n_failed": 0
    },
    "UNGS": {
      "method": "UNGS",
      "n_reps": 1000,
      "target": 0.95,
      "coverage": 0.998,
      "coverage_lo": 0.9927371921365079,
      "coverage_hi": 0.9994513564118793,
      "coverage_gap": 0.04800000000000004,
      "meets_target": true,
      "significantly_below": false,
      "mean_obj": -44.03180193085606,
      "obj_se": 0.01912315543412668,
      "mean_oracle_gap": 1.2354267401785914,
      "oracle_gap_se": 0.021507588236295883,
      "mean_rel_oracle_gap": 0.0272158591989018,
      "mean_excess_s": 94.931,
      "selected_s_std": 65.16828401332386,
      "failure_rate": 0.0,
      "n_failed": 0
    },
    "benchmark": {
      "method": "benchmark",
      "n_reps": 1000,
      "target": 0.95,
      "coverage": 1.0,
      "coverage_lo": 0.996173241514445,
      "coverage_hi": 1.0,
      "coverage_gap": 0.050000000000000044,
      "meets_target": true,
      "significantly_below": false,
      "mean_obj": -42.68388714263058,
      "obj_se": 0.017985611958679395,
      "mean_oracle_gap": 2.5833415284040595,
      "oracle_gap_se": 0.02100704569925204,
      "mean_rel_oracle_gap": 0.05699080350385761,
      "mean_excess_s": NaN,
      "selected_s_std": NaN,
      "failure_rate": 0.0,
      "n_failed": 0
    },
    "_n_replication_errors": 0
  }
}