{
  "config": "paper_so",
  "n": 1000,
  "split": 0.5,
  "d": 20,
  "reps": 1000,
  "mesh_p": 60,
  "include_existing": false,
  "folds": null,
  "elapsed_s": 18.070464611053467,
  "summaries": {
    "NV": {
      "method": "NV",
      "n_reps": 1000,
      "target": 0.95,
      "coverage": 0.806,
      "coverage_lo": 0.7803394533741679,
      "coverage_hi": 0.8293185704326724,
      "coverage_gap": -0.1439999999999999,
      "meets_target": false,
      "significantly_below": true,
      "mean_obj": -16.680823693609053,
      "obj_se": 0.011837709490435944,
      "mean_oracle_gap": -0.016565578918849168,
      "oracle_gap_se": 0.0084946443685904,
      "mean_rel_oracle_gap": -0.0010620645870493908,
      "mean_excess_s": -0.394,
      "selected_s_std": 30.10025630172324,
      "failure_rate": 0.0,
      "n_failed": 0
    },
    "UG": {
      "method": "UG",
      "n_reps": 1000,
      "target": 0.95,
      "coverage": 0.975,
      "coverage_lo": 0.9633547107321566,
      "coverage_hi": 0.9830098687065659,
      "coverage_gap": 0.025000000000000022,
      "meets_target": true,
      "significantly_below": false,
      "mean_obj": -16.43606593077166,
      "obj_se": 0.011511025731744173,
      "mean_oracle_gap": 0.2281921839185426,
      "oracle_gap_se": 0.011081614511535554,
      "mean_rel_oracle_gap": 0.013524050786632845,
      "mean_excess_s": 19.815,
      "selected_s_std": 42.2683165690992,
      "failure_rate": 0.0,
      "n_failed": 0
    },
    "NGS": {
      "method": "NGS",
      "n_reps": 1000,
      "target": 0.95,
      "coverage": 0.997,
      "coverage_lo": 0.9912169859464969,
      "coverage_hi": 0.9989792161188614,
      "coverage_gap": 0.04700000000000004,
      "meets_target": true,
      "significantly_below": false,
      "mean_obj": -16.265728762265557,
      "obj_se": 0.010831255014505648,
      "mean_oracle_gap": 0.3985293524246496,
      "oracle_gap_se": 0.012028688605734267,
      "mean_rel_oracle_gap": 0.02368115155964587,
      "mean_excess_s": 36.235,
      "selected_s_std": 50.65860311012404,
      "failure_rate": 0.0,
      "n_failed": 0
    },
    "UNGS": {
      "method": "UNGS",
      "n_reps": 1000,
      "target": 0.95,
      "coverage": 1.0,
      "coverage_lo": 0.996173241514445,
      "coverage_hi": 1.0,
      "coverage_gap": 0.050000000000000044,
      "meets_target": true,
      "significantly_below": false,
      "mean_obj": -16.131070765930083,
      "obj_se": 0.010630404339701725,
      "mean_oracle_gap": 0.5331873487601231,
      "oracle_gap_se": 0.012754359171158301,
      "mean_rel_oracle_gap": 0.03172306752432069,
      "mean_excess_s": 57.547,
      "selected_s_std": 65.1817039170159,
      "failure_rate": 0.0,
      "n_failed": 0
    },
    "benchmark": {
      "method": "benchmark",
      "n_reps": 1000,
      "target": 0.95,
      "coverage": 1.0,
      "coverage_lo": 0.996173241514445,
      "coverage_hi": 1.0,
      "coverage_gap": 0.050000000000000044,
      "meets_target": true,
      "significantly_below": false,
      "mean_obj": -14.752566223979644,
      "obj_se": 0.008748741640737223,
      "mean_oracle_gap": 1.9116918907105587,
      "oracle_gap_se": 0.012440158435742355,
      "mean_rel_oracle_gap": 0.11442172654071682,
      "mean_excess_s": null,
      "selected_s_std": null,
      "failure_rate": 0.0,
      "n_failed": 0
    },
    "_n_replication_errors": 0
  }
}