{
  "config": "paper_ro_ellipsoid",
  "n": 200,
  "split": 0.5,
  "d": 20,
  "reps": 1000,
  "mesh_p": null,
  "include_existing": false,
  "folds": null,
  "elapsed_s": 1.9886136054992676,
  "summaries": {
    "NV": {
      "method": "NV",
      "n_reps": 1000,
      "target": 0.95,
      "coverage": 0.782,
      "coverage_lo": 0.7553565227948386,
      "coverage_hi": 0.8064851854193084,
      "coverage_gap": -0.16799999999999993,
      "meets_target": false,
      "significantly_below": true,
      "mean_obj": -16.560490424227986,
      "obj_se": 0.0162461827228063,
      "mean_oracle_gap": -0.1428874331808071,
      "oracle_gap_se": 0.019456592433845024,
      "mean_rel_oracle_gap": -0.009157866057468876,
      "mean_excess_s": -0.2204801176117115,
      "selected_s_std": 1.0114797006362215,
      "failure_rate": 0.0,
      "n_failed": 0
    },
    "UG": {
      "method": "UG",
      "n_reps": 1000,
      "target": 0.95,
      "coverage": 0.984,
      "coverage_lo": 0.97416793978826,
      "coverage_hi": 0.9901277579977227,
      "coverage_gap": 0.03400000000000003,
      "meets_target": true,
      "significantly_below": false,
      "mean_obj": -15.989857335467434,
      "obj_se": 0.014131328788970703,
      "mean_oracle_gap": 0.42774565557974403,
      "oracle_gap_se": 0.018193552156407486,
      "mean_rel_oracle_gap": 0.025586762786464632,
      "mean_excess_s": 0.8745230364670408,
      "selected_s_std": 1.1493891766128121,
      "failure_rate": 0.0,
      "n_failed": 0
    },
    "NGS": {
      "method": "NGS",
      "n_reps": 1000,
      "target": 0.95,
      "coverage": 0.994,
      "coverage_lo": 0.9869718317581478,
      "coverage_hi": 0.9972473308581237,
      "coverage_gap": 0.04400000000000004,
      "meets_target": true,
      "significantly_below": false,
      "mean_obj": -15.824011256304443,
      "obj_se": 0.014709563851171385,
      "mean_oracle_gap": 0.5935917347427334,
      "oracle_gap_se": 0.01870276391081104,
      "mean_rel_oracle_gap": 0.035688973103120726,
      "mean_excess_s": 1.265790841138285,
      "selected_s_std": 1.2974645578908763,
      "failure_rate": 0.0,
      "n_failed": 0
    },
    "UNGS": {
      "method": "UNGS",
      "n_reps": 1000,
      "target": 0.95,
      "coverage": 0.987,
      "coverage_lo": 0.9778855576244203,
      "coverage_hi": 0.9923871796106489,
      "coverage_gap": 0.03700000000000003,
      "meets_target": true,
      "significantly_below": false,
      "mean_obj": -15.700611099678826,
      "obj_se": 0.017577971072894875,
      "mean_oracle_gap": 0.7169918913683518,
      "oracle_gap_se": 0.020452660816359478,
      "mean_rel_oracle_gap": 0.043251759549087006,
      "mean_excess_s": 1.6472755949295383,
      "selected_s_std": 1.7271649543485301,
      "failure_rate": 0.0,
      "n_failed": 0
    },
    "benchmark": {
      "method": "benchmark",
      "n_reps": 1000,
      "target": 0.95,
      "coverage": 1.0,
      "coverage_lo": 0.996173241514445,
      "coverage_hi": 1.0,
      "coverage_gap": 0.050000000000000044,
      "meets_target": true,
      "significantly_below": false,
      "mean_obj": -15.324547637443258,
      "obj_se": 1.1240288649509236e-16,
      "mean_oracle_gap": 1.0930553536039223,
      "oracle_gap_se": 0.011374514123990678,
      "mean_rel_oracle_gap": 0.06613300774080093,
      "mean_excess_s": NaN,
      "selected_s_std": NaN,
      "failure_rate": 0.0,
      "n_failed": 0
    },
    "_n_replication_errors": 0
  }
}