{
  "config": "paper_fast",
  "n": 1000,
  "split": 0.5,
  "d": 10,
  "reps": 1000,
  "mesh_p": null,
  "include_existing": false,
  "folds": null,
  "elapsed_s": 1.1053712368011475,
  "summaries": {
    "NV": {
      "method": "NV",
      "n_reps": 1000,
      "target": 0.95,
      "coverage": 1.0,
      "coverage_lo": 0.996173241514445,
      "coverage_hi": 1.0,
      "coverage_gap": 0.050000000000000044,
      "meets_target": true,
      "significantly_below": false,
      "mean_obj": -6.640348883900193,
      "obj_se": 0.006587438378145142,
      "mean_oracle_gap": -1.0658141036401503e-17,
      "oracle_gap_se": 2.223077907398294e-17,
      "mean_rel_oracle_gap": -1.5402969096080058e-18,
      "mean_excess_s": 1.0,
      "selected_s_std": 0.0,
      "failure_rate": 0.0,
      "n_failed": 0
    },
    "UG": {
      "method": "UG",
      "n_reps": 1000,
      "target": 0.95,
      "coverage": 1.0,
      "coverage_lo": 0.996173241514445,
      "coverage_hi": 1.0,
      "coverage_gap": 0.050000000000000044,
      "meets_target": true,
      "significantly_below": false,
      "mean_obj": -6.640348883900193,
      "obj_se": 0.006587438378145142,
      "mean_oracle_gap": -1.0658141036401503e-17,
      "oracle_gap_se": 2.223077907398294e-17,
      "mean_rel_oracle_gap": -1.5402969096080058e-18,
      "mean_excess_s": 1.0,
      "selected_s_std": 0.0,
      "failure_rate": 0.0,
      "n_failed": 0
    },
    "NGS": {
      "method": "NGS",
      "n_reps": 1000,
      "target": 0.95,
      "coverage": 1.0,
      "coverage_lo": 0.996173241514445,
      "coverage_hi": 1.0,
      "coverage_gap": 0.050000000000000044,
      "meets_target": true,
      "significantly_below": false,
      "mean_obj": -6.640348883900193,
      "obj_se": 0.006587438378145142,
      "mean_oracle_gap": -1.0658141036401503e-17,
      "oracle_gap_se": 2.223077907398294e-17,
      "mean_rel_oracle_gap": -1.5402969096080058e-18,
      "mean_excess_s": 1.0,
      "selected_s_std": 0.0,
      "failure_rate": 0.0,
      "n_failed": 0
    },
    "UNGS": {
      "method": "UNGS",
      "n_reps": 1000,
      "target": 0.95,
      "coverage": 1.0,
      "coverage_lo": 0.996173241514445,
      "coverage_hi": 1.0,
      "coverage_gap": 0.050000000000000044,
      "meets_target": true,
      "significantly_below": false,
      "mean_obj": -6.640348883900193,
      "obj_se": 0.006587438378145142,
      "mean_oracle_gap": -1.0658141036401503e-17,
      "oracle_gap_se": 2.223077907398294e-17,
      "mean_rel_oracle_gap": -1.5402969096080058e-18,
      "mean_excess_s": 1.0,
      "selected_s_std": 0.0,
      "failure_rate": 0.0,
      "n_failed": 0
    },
    "benchmark": {
      "method": "benchmark",
      "n_reps": 1000,
      "target": 0.95,
      "coverage": 1.0,
      "coverage_lo": 0.996173241514445,
      "coverage_hi": 1.0,
      "coverage_gap": 0.050000000000000044,
      "meets_target": true,
      "significantly_below": false,
      "mean_obj": -5.731153477211817,
      "obj_se": 0.010678249756490331,
      "mean_oracle_gap": 0.9091954066883754,
      "oracle_gap_se": 0.009816866143525544,
      "mean_rel_oracle_gap": 0.1367630245769603,
      "mean_excess_s": null,
      "selected_s_std": null,
      "failure_rate": 0.0,
      "n_failed": 0
    },
    "_n_replication_errors": 0
  }
}