{
  "config": "paper_dro_wasserstein",
  "n": 400,
  "split": 0.5,
  "d": 20,
  "reps": 1000,
  "mesh_p": null,
  "include_existing": false,
  "folds": null,
  "elapsed_s": 1271.6414816379547,
  "summaries": {
    "NV": {
      "method": "NV",
      "n_reps": 1000,
      "target": 0.95,
      "coverage": 0.533,
      "coverage_lo": 0.5020104989134991,
      "coverage_hi": 0.5637369350264544,
      "coverage_gap": -0.4169999999999999,
      "meets_target": false,
      "significantly_below": true,
      "mean_obj": -17.00016497515179,
      "obj_se": 0.012704206814187885,
      "mean_oracle_gap": -0.09314370011953343,
      "oracle_gap_se": 0.012930275345505024,
      "mean_rel_oracle_gap": -0.005548067754795566,
      "mean_excess_s": -0.00022283691297720026,
      "selected_s_std": 0.021975455976094613,
      "failure_rate": 0.0,
      "n_failed": 0
    },
    "UG": {
      "method": "UG",
      "n_reps": 1000,
      "target": 0.95,
      "coverage": 0.931,
      "coverage_lo": 0.9135852797713628,
      "coverage_hi": 0.9451160544140889,
      "coverage_gap": -0.018999999999999906,
      "meets_target": false,
      "significantly_below": true,
      "mean_obj": -16.417806697479786,
      "obj_se": 0.013894058896515024,
      "mean_oracle_gap": 0.4892145775524704,
      "oracle_gap_se": 0.014001226527740723,
      "mean_rel_oracle_gap": 0.028903578210433233,
      "mean_excess_s": 0.028946383653042893,
      "selected_s_std": 0.03473162128139269,
      "failure_rate": 0.0,
      "n_failed": 0
    },
    "NGS": {
      "method": "NGS",
      "n_reps": 1000,
      "target": 0.95,
      "coverage": 0.993,
      "coverage_lo": 0.9856216845342334,
      "coverage_hi": 0.9966051315990092,
      "coverage_gap": 0.04300000000000004,
      "meets_target": true,
      "significantly_below": false,
      "mean_obj": -16.106083490414925,
      "obj_se": 0.013867607285162998,
      "mean_oracle_gap": 0.8009377846173342,
      "oracle_gap_se": 0.014181001901553709,
      "mean_rel_oracle_gap": 0.04733195025763126,
      "mean_excess_s": 0.04990854830433208,
      "selected_s_std": 0.04177879988863381,
      "failure_rate": 0.0,
      "n_failed": 0
    },
    "UNGS": {
      "method": "UNGS",
      "n_reps": 1000,
      "target": 0.95,
      "coverage": 0.994,
      "coverage_lo": 0.9869718317581478,
      "coverage_hi": 0.9972473308581237,
      "coverage_gap": 0.04400000000000004,
      "meets_target": true,
      "significantly_below": false,
      "mean_obj": -15.808253989240594,
      "obj_se": 0.016342345337468138,
      "mean_oracle_gap": 1.0987672857916608,
      "oracle_gap_se": 0.01648914858578003,
      "mean_rel_oracle_gap": 0.06495555798492467,
      "mean_excess_s": 0.076357220621285,
      "selected_s_std": 0.05527437977727797,
      "failure_rate": 0.0,
      "n_failed": 0
    },
    "_n_replication_errors": 0
  }
}