{
  "config": "paper_ro_ellipsoid",
  "n": 100,
  "split": 0.5,
  "d": 2,
  "reps": 1000,
  "mesh_p": null,
  "include_existing": false,
  "folds": null,
  "elapsed_s": 0.586632251739502,
  "summaries": {
    "NV": {
      "method": "NV",
      "n_reps": 1000,
      "target": 0.95,
      "coverage": 0.716,
      "coverage_lo": 0.6872658654245983,
      "coverage_hi": 0.7430809749096418,
      "coverage_gap": -0.23399999999999999,
      "meets_target": false,
      "significantly_below": true,
      "mean_obj": -1.188634875640443,
      "obj_se": 0.002739190549389938,
      "mean_oracle_gap": -0.018921925748127087,
      "oracle_gap_se": 0.002838282961589437,
      "mean_rel_oracle_gap": -0.016892795580121498,
      "mean_excess_s": -0.07164335792524082,
      "selected_s_std": 0.9102714801049928,
      "failure_rate": 0.0,
      "n_failed": 0
    },
    "UG": {
      "method": "UG",
      "n_reps": 1000,
      "target": 0.95,
      "coverage": 0.972,
      "coverage_lo": 0.9598298168024069,
      "coverage_hi": 0.9805577231872291,
      "coverage_gap": 0.02200000000000002,
      "meets_target": true,
      "significantly_below": false,
      "mean_obj": -1.0690576446592759,
      "obj_se": 0.0026145169910548488,
      "mean_oracle_gap": 0.10065530523303982,
      "oracle_gap_se": 0.0027582818072453656,
      "mean_rel_oracle_gap": 0.08535573926426285,
      "mean_excess_s": 1.233216327210358,
      "selected_s_std": 1.4406638737693964,
      "failure_rate": 0.0,
      "n_failed": 0
    },
    "NGS": {
      "method": "NGS",
      "n_reps": 1000,
      "target": 0.95,
      "coverage": 0.973,
      "coverage_lo": 0.9610012692469598,
      "coverage_hi": 0.9813786172257051,
      "coverage_gap": 0.02300000000000002,
      "meets_target": true,
      "significantly_below": false,
      "mean_obj": -1.0508952981570427,
      "obj_se": 0.003013117111069699,
      "mean_oracle_gap": 0.11881765173527296,
      "oracle_gap_se": 0.0031787514023916934,
      "mean_rel_oracle_gap": 0.10080174850765321,
      "mean_excess_s": 1.5884398270954334,
      "selected_s_std": 1.8821025876944393,
      "failure_rate": 0.0,
      "n_failed": 0
    },
    "UNGS": {
      "method": "UNGS",
      "n_reps": 1000,
      "target": 0.95,
      "coverage": 0.989,
      "coverage_lo": 0.9804106042992137,
      "coverage_hi": 0.9938468259019134,
      "coverage_gap": 0.039000000000000035,
      "meets_target": true,
      "significantly_below": false,
      "mean_obj": -0.9535103315076374,
      "obj_se": 0.0035492918963027148,
      "mean_oracle_gap": 0.2162026183846784,
      "oracle_gap_se": 0.003766203828467959,
      "mean_rel_oracle_gap": 0.18393281859737914,
      "mean_excess_s": 3.5143668370060075,
      "selected_s_std": 3.022703719406987,
      "failure_rate": 0.0,
      "n_failed": 0
    },
    "benchmark": {
      "method": "benchmark",
      "n_reps": 1000,
      "target": 0.95,
      "coverage": 1.0,
      "coverage_lo": 0.996173241514445,
      "coverage_hi": 1.0,
      "coverage_gap": 0.050000000000000044,
      "meets_target": true,
      "significantly_below": false,
      "mean_obj": -0.9727869233715887,
      "obj_se": 7.025180405943273e-18,
      "mean_oracle_gap": 0.1969260265207269,
      "oracle_gap_se": 0.0011601638863362978,
      "mean_rel_oracle_gap": 0.16753050830461524,
      "mean_excess_s": null,
      "selected_s_std": null,
      "failure_rate": 0.0,
      "n_failed": 0
    },
    "_n_replication_errors": 0
  }
}