{
  "config": "paper_dro_wasserstein",
  "n": 200,
  "split": 0.5,
  "d": 10,
  "reps": 1000,
  "mesh_p": null,
  "include_existing": false,
  "folds": null,
  "elapsed_s": 160.04414892196655,
  "summaries": {
    "NV": {
      "method": "NV",
      "n_reps": 1000,
      "target": 0.95,
      "coverage": 0.557,
      "coverage_lo": 0.5260523439907523,
      "coverage_hi": 0.5875114055418946,
      "coverage_gap": -0.3929999999999999,
      "meets_target": false,
      "significantly_below": true,
      "mean_obj": -7.833426375319804,
      "obj_se": 0.009901519266227682,
      "mean_oracle_gap": -0.0514821476916591,
      "oracle_gap_se": 0.010195588493199587,
      "mean_rel_oracle_gap": -0.006753127126517376,
      "mean_excess_s": 0.0004384247984350169,
      "selected_s_std": 0.02307775448837129,
      "failure_rate": 0.0,
      "n_failed": 0
    },
    "UG": {
      "method": "UG",
      "n_reps": 1000,
      "target": 0.95,
      "coverage": 0.928,
      "coverage_lo": 0.9102882164172793,
      "coverage_hi": 0.9424360783190856,
      "coverage_gap": -0.02199999999999991,
      "meets_target": false,
      "significantly_below": true,
      "mean_obj": -7.394362798844899,
      "obj_se": 0.011040682684036386,
      "mean_oracle_gap": 0.38758142878324653,
      "oracle_gap_se": 0.011271048663989135,
      "mean_rel_oracle_gap": 0.049683217562020585,
      "mean_excess_s": 0.03146703815135788,
      "selected_s_std": 0.03747760809595365,
      "failure_rate": 0.0,
      "n_failed": 0
    },
    "NGS": {
      "method": "NGS",
      "n_reps": 1000,
      "target": 0.95,
      "coverage": 0.973,
      "coverage_lo": 0.9610012692469598,
      "coverage_hi": 0.9813786172257051,
      "coverage_gap": 0.02300000000000002,
      "meets_target": true,
      "significantly_below": false,
      "mean_obj": -7.189895265493533,
      "obj_se": 0.011038402759728675,
      "mean_oracle_gap": 0.5920489621346133,
      "oracle_gap_se": 0.011298835019861998,
      "mean_rel_oracle_gap": 0.07595655233322751,
      "mean_excess_s": 0.05114667564889662,
      "selected_s_std": 0.04491071716852969,
      "failure_rate": 0.0,
      "n_failed": 0
    },
    "UNGS": {
      "method": "UNGS",
      "n_reps": 1000,
      "target": 0.95,
      "coverage": 0.983,
      "coverage_lo": 0.9729440411597701,
      "coverage_hi": 0.9893593101431837,
      "coverage_gap": 0.03300000000000003,
      "meets_target": true,
      "significantly_below": false,
      "mean_obj": -6.856233242371383,
      "obj_se": 0.014795583343973887,
      "mean_oracle_gap": 0.9257109852567612,
      "oracle_gap_se": 0.014756441215705789,
      "mean_rel_oracle_gap": 0.1188986664914089,
      "mean_excess_s": 0.09718785335153499,
      "selected_s_std": 0.07862549396191951,
      "failure_rate": 0.0,
      "n_failed": 0
    },
    "_n_replication_errors": 0
  }
}