{
  "config": "paper_ro_ellipsoid",
  "n": 500,
  "split": 0.5,
  "d": 50,
  "reps": 1000,
  "mesh_p": null,
  "include_existing": false,
  "folds": null,
  "elapsed_s": 6.986311197280884,
  "summaries": {
    "NV": {
      "method": "NV",
      "n_reps": 1000,
      "target": 0.95,
      "coverage": 1.0,
      "coverage_lo": 0.996173241514445,
      "coverage_hi": 1.0,
      "coverage_gap": 0.050000000000000044,
      "meets_target": true,
      "significantly_below": false,
      "mean_obj": -44.245732874281366,
      "obj_se": 0.012968828599547804,
      "mean_oracle_gap": 0.014669945700532693,
      "oracle_gap_se": 0.00597568533136984,
      "mean_rel_oracle_gap": 0.0003265127106998705,
      "mean_excess_s": 0.01949266655461214,
      "selected_s_std": 0.25299022716738634,
      "failure_rate": 0.0,
      "n_failed": 0
    },
    "UG": {
      "method": "UG",
      "n_reps": 1000,
      "target": 0.95,
      "coverage": 1.0,
      "coverage_lo": 0.996173241514445,
      "coverage_hi": 1.0,
      "coverage_gap": 0.050000000000000044,
      "meets_target": true,
      "significantly_below": false,
      "mean_obj": -44.03138348404986,
      "obj_se": 0.021688975670888597,
      "mean_oracle_gap": 0.22901933593203477,
      "oracle_gap_se": 0.022778522987266306,
      "mean_rel_oracle_gap": 0.005123997994035107,
      "mean_excess_s": 0.298099018622153,
      "selected_s_std": 0.9335699680969687,
      "failure_rate": 0.0,
      "n_failed": 0
    },
    "NGS": {
      "method": "NGS",
      "n_reps": 1000,
      "target": 0.95,
      "coverage": 1.0,
      "coverage_lo": 0.996173241514445,
      "coverage_hi": 1.0,
      "coverage_gap": 0.050000000000000044,
      "meets_target": true,
      "significantly_below": false,
      "mean_obj": -43.82656237298442,
      "obj_se": 0.0272329568432176,
      "mean_oracle_gap": 0.4338404469974662,
      "oracle_gap_se": 0.029928544249631508,
      "mean_rel_oracle_gap": 0.00972513490205855,
      "mean_excess_s": 0.564844353572795,
      "selected_s_std": 1.2287355619552585,
      "failure_rate": 0.0,
      "n_failed": 0
    },
    "UNGS": {
      "method": "UNGS",
      "n_reps": 1000,
      "target": 0.95,
      "coverage": 1.0,
      "coverage_lo": 0.996173241514445,
      "coverage_hi": 1.0,
      "coverage_gap": 0.050000000000000044,
      "meets_target": true,
      "significantly_below": false,
      "mean_obj": -44.02144421007835,
      "obj_se": 0.021960494958233007,
      "mean_oracle_gap": 0.23895860990354162,
      "oracle_gap_se": 0.023215057139919563,
      "mean_rel_oracle_gap": 0.005346489280918624,
      "mean_excess_s": 0.31116180987276976,
      "selected_s_std": 0.9521625352207991,
      "failure_rate": 0.0,
      "n_failed": 0
    },
    "benchmark": {
      "method": "benchmark",
      "n_reps": 1000,
      "target": 0.95,
      "coverage": 1.0,
      "coverage_lo": 0.996173241514445,
      "coverage_hi": 1.0,
      "coverage_gap": 0.050000000000000044,
      "meets_target": true,
      "significantly_below": false,
      "mean_obj": -42.46409155317787,
      "obj_se": 2.2480577299018473e-16,
      "mean_oracle_gap": 1.7963112668040142,
      "oracle_gap_se": 0.012334505644295684,
      "mean_rel_oracle_gap": 0.040510578732736294,
      "mean_excess_s": null,
      "selected_s_std": null,
      "failure_rate": 0.0,
      "n_failed": 0
    },
    "_n_replication_errors": 0
  }
}