{
  "config": "paper_ro_ellipsoid",
  "n": 2000,
  "split": 0.5,
  "d": 20,
  "reps": 1000,
  "mesh_p": null,
  "include_existing": false,
  "folds": null,
  "elapsed_s": 1.815549373626709,
  "summaries": {
    "NV": {
      "method": "NV",
      "n_reps": 1000,
      "target": 0.95,
      "coverage": 0.987,
      "coverage_lo": 0.9778855576244203,
      "coverage_hi": 0.9923871796106489,
      "coverage_gap": 0.03700000000000003,
      "meets_target": true,
      "significantly_below": false,
      "mean_obj": -16.785991311730122,
      "obj_se": 0.012254541217582657,
      "mean_oracle_gap": 0.11562250760619813,
      "oracle_gap_se": 0.012978579409846168,
      "mean_rel_oracle_gap": 0.006728030519605799,
      "mean_excess_s": 0.181444341687038,
      "selected_s_std": 0.6534432933056501,
      "failure_rate": 0.0,
      "n_failed": 0
    },
    "UG": {
      "method": "UG",
      "n_reps": 1000,
      "target": 0.95,
      "coverage": 0.999,
      "coverage_lo": 0.9943574414020421,
      "coverage_hi": 0.9998234536293739,
      "coverage_gap": 0.049000000000000044,
      "meets_target": true,
      "significantly_below": false,
      "mean_obj": -16.25466933738669,
      "obj_se": 0.017954994337020462,
      "mean_oracle_gap": 0.6469444819496296,
      "oracle_gap_se": 0.019514916889148866,
      "mean_rel_oracle_gap": 0.038098132809110015,
      "mean_excess_s": 1.0155363353660674,
      "selected_s_std": 0.9576154600135471,
      "failure_rate": 0.0,
      "n_failed": 0
    },
    "NGS": {
      "method": "NGS",
      "n_reps": 1000,
      "target": 0.95,
      "coverage": 0.999,
      "coverage_lo": 0.9943574414020421,
      "coverage_hi": 0.9998234536293739,
      "coverage_gap": 0.049000000000000044,
      "meets_target": true,
      "significantly_below": false,
      "mean_obj": -16.06598986422187,
      "obj_se": 0.01630562892193754,
      "mean_oracle_gap": 0.8356239551144494,
      "oracle_gap_se": 0.01826998563334202,
      "mean_rel_oracle_gap": 0.04924525255640341,
      "mean_excess_s": 1.3108687978787648,
      "selected_s_std": 0.8695971028296556,
      "failure_rate": 0.0,
      "n_failed": 0
    },
    "UNGS": {
      "method": "UNGS",
      "n_reps": 1000,
      "target": 0.95,
      "coverage": 0.999,
      "coverage_lo": 0.9943574414020421,
      "coverage_hi": 0.9998234536293739,
      "coverage_gap": 0.049000000000000044,
      "meets_target": true,
      "significantly_below": false,
      "mean_obj": -16.249744974802724,
      "obj_se": 0.01793474776811026,
      "mean_oracle_gap": 0.6518688445335954,
      "oracle_gap_se": 0.01950640657451211,
      "mean_rel_oracle_gap": 0.03838880733034136,
      "mean_excess_s": 1.0232387498660982,
      "selected_s_std": 0.9565259335208957,
      "failure_rate": 0.0,
      "n_failed": 0
    },
    "benchmark": {
      "method": "benchmark",
      "n_reps": 1000,
      "target": 0.95,
      "coverage": 1.0,
      "coverage_lo": 0.996173241514445,
      "coverage_hi": 1.0,
      "coverage_gap": 0.050000000000000044,
      "meets_target": true,
      "significantly_below": false,
      "mean_obj": -15.324547637443258,
      "obj_se": 1.1240288649509236e-16,
      "mean_oracle_gap": 1.5770661818930647,
      "oracle_gap_se": 0.006684572737449852,
      "mean_rel_oracle_gap": 0.09316046548694303,
      "mean_excess_s": null,
      "selected_s_std": null,
      "failure_rate": 0.0,
      "n_failed": 0
    },
    "_n_replication_errors": 0
  }
}