{
  "config": "paper_ro_ellipsoid",
  "n": 200,
  "split": 0.5,
  "d": 50,
  "reps": 1000,
  "mesh_p": null,
  "include_existing": false,
  "folds": null,
  "elapsed_s": 6.942242860794067,
  "summaries": {
    "NV": {
      "method": "NV",
      "n_reps": 1000,
      "target": 0.95,
      "coverage": 0.978,
      "coverage_lo": 0.9669143266526004,
      "coverage_hi": 0.985427292235209,
      "coverage_gap": 0.028000000000000025,
      "meets_target": true,
      "significantly_below": false,
      "mean_obj": -44.52026658258463,
      "obj_se": 0.023058474009351976,
      "mean_oracle_gap": 0.14608462579578307,
      "oracle_gap_se": 0.022530360669408146,
      "mean_rel_oracle_gap": 0.0031975741668581257,
      "mean_excess_s": 0.2029452716937947,
      "selected_s_std": 0.9553931127200486,
      "failure_rate": 0.0,
      "n_failed": 0
    },
    "UG": {
      "method": "UG",
      "n_reps": 1000,
      "target": 0.95,
      "coverage": 0.994,
      "coverage_lo": 0.9869718317581478,
      "coverage_hi": 0.9972473308581237,
      "coverage_gap": 0.04400000000000004,
      "meets_target": true,
      "significantly_below": false,
      "mean_obj": -43.593153004352104,
      "obj_se": 0.03305800339773367,
      "mean_oracle_gap": 1.0731982040283141,
      "oracle_gap_se": 0.03713790326225194,
      "mean_rel_oracle_gap": 0.02387907800209186,
      "mean_excess_s": 1.507772841120754,
      "selected_s_std": 1.669227182535388,
      "failure_rate": 0.0,
      "n_failed": 0
    },
    "NGS": {
      "method": "NGS",
      "n_reps": 1000,
      "target": 0.95,
      "coverage": 0.995,
      "coverage_lo": 0.9883490446266249,
      "coverage_hi": 0.9978624644726756,
      "coverage_gap": 0.04500000000000004,
      "meets_target": true,
      "significantly_below": false,
      "mean_obj": -43.25306155992302,
      "obj_se": 0.03380236505108092,
      "mean_oracle_gap": 1.413289648457395,
      "oracle_gap_se": 0.037789102896713556,
      "mean_rel_oracle_gap": 0.03149437334270546,
      "mean_excess_s": 1.9994184851012282,
      "selected_s_std": 1.7396477088317848,
      "failure_rate": 0.0,
      "n_failed": 0
    },
    "UNGS": {
      "method": "UNGS",
      "n_reps": 1000,
      "target": 0.95,
      "coverage": 0.995,
      "coverage_lo": 0.9883490446266249,
      "coverage_hi": 0.9978624644726756,
      "coverage_gap": 0.04500000000000004,
      "meets_target": true,
      "significantly_below": false,
      "mean_obj": -43.366714333274516,
      "obj_se": 0.035981047631555726,
      "mean_oracle_gap": 1.2996368751059018,
      "oracle_gap_se": 0.04021702012173917,
      "mean_rel_oracle_gap": 0.028940352385618894,
      "mean_excess_s": 1.8799412421929969,
      "selected_s_std": 1.9606958573043123,
      "failure_rate": 0.0,
      "n_failed": 0
    },
    "benchmark": {
      "method": "benchmark",
      "n_reps": 1000,
      "target": 0.95,
      "coverage": 1.0,
      "coverage_lo": 0.996173241514445,
      "coverage_hi": 1.0,
      "coverage_gap": 0.050000000000000044,
      "meets_target": true,
      "significantly_below": false,
      "mean_obj": -42.46409155317787,
      "obj_se": 2.2480577299018473e-16,
      "mean_oracle_gap": 2.202259655202538,
      "oracle_gap_se": 0.017831994091288394,
      "mean_rel_oracle_gap": 0.04915281465157251,
      "mean_excess_s": null,
      "selected_s_std": null,
      "failure_rate": 0.0,
      "n_failed": 0
    },
    "_n_replication_errors": 0
  }
}