{
  "config": "paper_fast",
  "n": 500,
  "split": 0.5,
  "d": 20,
  "reps": 1000,
  "mesh_p": null,
  "include_existing": false,
  "folds": null,
  "elapsed_s": 0.9357690811157227,
  "summaries": {
    "NV": {
      "method": "NV",
      "n_reps": 1000,
      "target": 0.95,
      "coverage": 1.0,
      "coverage_lo": 0.996173241514445,
      "coverage_hi": 1.0,
      "coverage_gap": 0.050000000000000044,
      "meets_target": true,
      "significantly_below": false,
      "mean_obj": -15.61230402918551,
      "obj_se": 0.011883650697881255,
      "mean_oracle_gap": 0.001648390379493371,
      "oracle_gap_se": 0.001648390379493339,
      "mean_rel_oracle_gap": 0.00010000000000000192,
      "mean_excess_s": 0.9999,
      "selected_s_std": 0.0031622776601683785,
      "failure_rate": 0.0,
      "n_failed": 0
    },
    "UG": {
      "method": "UG",
      "n_reps": 1000,
      "target": 0.95,
      "coverage": 1.0,
      "coverage_lo": 0.996173241514445,
      "coverage_hi": 1.0,
      "coverage_gap": 0.050000000000000044,
      "meets_target": true,
      "significantly_below": false,
      "mean_obj": -15.587873872642543,
      "obj_se": 0.012140288298950547,
      "mean_oracle_gap": 0.026078546922460758,
      "oracle_gap_se": 0.006470851325033585,
      "mean_rel_oracle_gap": 0.0016000000000000018,
      "mean_excess_s": 0.9984000000000001,
      "selected_s_std": 0.012553788177183714,
      "failure_rate": 0.0,
      "n_failed": 0
    },
    "NGS": {
      "method": "NGS",
      "n_reps": 1000,
      "target": 0.95,
      "coverage": 1.0,
      "coverage_lo": 0.996173241514445,
      "coverage_hi": 1.0,
      "coverage_gap": 0.050000000000000044,
      "meets_target": true,
      "significantly_below": false,
      "mean_obj": -15.576591377734632,
      "obj_se": 0.012385156064736415,
      "mean_oracle_gap": 0.037361041830372595,
      "oracle_gap_se": 0.007704792842805167,
      "mean_rel_oracle_gap": 0.0023000000000000017,
      "mean_excess_s": 0.9977,
      "selected_s_std": 0.014997831007680238,
      "failure_rate": 0.0,
      "n_failed": 0
    },
    "UNGS": {
      "method": "UNGS",
      "n_reps": 1000,
      "target": 0.95,
      "coverage": 1.0,
      "coverage_lo": 0.996173241514445,
      "coverage_hi": 1.0,
      "coverage_gap": 0.050000000000000044,
      "meets_target": true,
      "significantly_below": false,
      "mean_obj": -15.587873872642543,
      "obj_se": 0.012140288298950547,
      "mean_oracle_gap": 0.026078546922460758,
      "oracle_gap_se": 0.006470851325033585,
      "mean_rel_oracle_gap": 0.0016000000000000018,
      "mean_excess_s": 0.9984000000000001,
      "selected_s_std": 0.012553788177183714,
      "failure_rate": 0.0,
      "n_failed": 0
    },
    "benchmark": {
      "method": "benchmark",
      "n_reps": 1000,
      "target": 0.95,
      "coverage": 1.0,
      "coverage_lo": 0.996173241514445,
      "coverage_hi": 1.0,
      "coverage_gap": 0.050000000000000044,
      "meets_target": true,
      "significantly_below": false,
      "mean_obj": -13.159923409004485,
      "obj_se": 0.023560759839169425,
      "mean_oracle_gap": 2.454029010560519,
      "oracle_gap_se": 0.022336857373152948,
      "mean_rel_oracle_gap": 0.15708856743066288,
      "mean_excess_s": NaN,
      "selected_s_std": NaN,
      "failure_rate": 0.0,
      "n_failed": 0
    },
    "_n_replication_errors": 0
  }
}