{
  "config": "paper_dro_wasserstein",
  "n": 200,
  "split": 0.5,
  "d": 20,
  "reps": 1000,
  "mesh_p": null,
  "include_existing": false,
  "folds": null,
  "elapsed_s": 215.6421356201172,
  "summaries": {
    "NV": {
      "method": "NV",
      "n_reps": 1000,
      "target": 0.95,
      "coverage": 0.526,
      "coverage_lo": 0.49501179061158157,
      "coverage_hi": 0.5567892179471697,
      "coverage_gap": -0.42399999999999993,
      "meets_target": false,
      "significantly_below": true,
      "mean_obj": -16.948288541546116,
      "obj_se": 0.017534862354036184,
      "mean_oracle_gap": -0.1359701388602515,
      "oracle_gap_se": 0.01794580191437802,
      "mean_rel_oracle_gap": -0.008163143985804606,
      "mean_excess_s": -0.002312500092595737,
      "selected_s_std": 0.040861074897549546,
      "failure_rate": 0.0,
      "n_failed": 0
    },
    "UG": {
      "method": "UG",
      "n_reps": 1000,
      "target": 0.95,
      "coverage": 0.926,
      "coverage_lo": 0.9080945943544141,
      "coverage_hi": 0.940645007415893,
      "coverage_gap": -0.02399999999999991,
      "meets_target": false,
      "significantly_below": true,
      "mean_obj": -16.12966001830801,
      "obj_se": 0.02032501985229327,
      "mean_oracle_gap": 0.6826583843778562,
      "oracle_gap_se": 0.020560304146053733,
      "mean_rel_oracle_gap": 0.04054251612856992,
      "mean_excess_s": 0.05425643394766994,
      "selected_s_std": 0.06400425773610233,
      "failure_rate": 0.0,
      "n_failed": 0
    },
    "NGS": {
      "method": "NGS",
      "n_reps": 1000,
      "target": 0.95,
      "coverage": 0.967,
      "coverage_lo": 0.9540187355329184,
      "coverage_hi": 0.9764070720415732,
      "coverage_gap": 0.017000000000000015,
      "meets_target": true,
      "significantly_below": false,
      "mean_obj": -15.759173862623275,
      "obj_se": 0.021473792987082095,
      "mean_oracle_gap": 1.0531445400625898,
      "oracle_gap_se": 0.021598505460107758,
      "mean_rel_oracle_gap": 0.06258882625841984,
      "mean_excess_s": 0.08655040460963553,
      "selected_s_std": 0.0747353672829183,
      "failure_rate": 0.0,
      "n_failed": 0
    },
    "UNGS": {
      "method": "UNGS",
      "n_reps": 1000,
      "target": 0.95,
      "coverage": 0.986,
      "coverage_lo": 0.9766379658824644,
      "coverage_hi": 0.9916424248695761,
      "coverage_gap": 0.03600000000000003,
      "meets_target": true,
      "significantly_below": false,
      "mean_obj": -15.042789484361553,
      "obj_se": 0.03004973700488624,
      "mean_oracle_gap": 1.7695289183243113,
      "oracle_gap_se": 0.02963718153148021,
      "mean_rel_oracle_gap": 0.1052573336883662,
      "mean_excess_s": 0.16934717659966306,
      "selected_s_std": 0.15297727096765237,
      "failure_rate": 0.0,
      "n_failed": 0
    },
    "_n_replication_errors": 0
  }
}