{
  "config": "paper_fast",
  "n": 500,
  "split": 0.5,
  "d": 50,
  "reps": 1000,
  "mesh_p": null,
  "include_existing": false,
  "folds": null,
  "elapsed_s": 1.7158708572387695,
  "summaries": {
    "NV": {
      "method": "NV",
      "n_reps": 1000,
      "target": 0.95,
      "coverage": 1.0,
      "coverage_lo": 0.996173241514445,
      "coverage_hi": 1.0,
      "coverage_gap": 0.050000000000000044,
      "meets_target": true,
      "significantly_below": false,
      "mean_obj": -43.479586857499164,
      "obj_se": 0.02227587030447916,
      "mean_oracle_gap": 0.0089990203179093,
      "oracle_gap_se": 0.006360135849036369,
      "mean_rel_oracle_gap": 0.00020000000000000318,
      "mean_excess_s": 0.9997999999999999,
      "selected_s_std": 0.0044698970882985625,
      "failure_rate": 0.0,
      "n_failed": 0
    },
    "UG": {
      "method": "UG",
      "n_reps": 1000,
      "target": 0.95,
      "coverage": 1.0,
      "coverage_lo": 0.996173241514445,
      "coverage_hi": 1.0,
      "coverage_gap": 0.050000000000000044,
      "meets_target": true,
      "significantly_below": false,
      "mean_obj": -43.35506172458253,
      "obj_se": 0.028041403657693368,
      "mean_oracle_gap": 0.13352415323454306,
      "oracle_gap_se": 0.024022845725155412,
      "mean_rel_oracle_gap": 0.003000000000000002,
      "mean_excess_s": 0.997,
      "selected_s_std": 0.017067257872642905,
      "failure_rate": 0.0,
      "n_failed": 0
    },
    "NGS": {
      "method": "NGS",
      "n_reps": 1000,
      "target": 0.95,
      "coverage": 1.0,
      "coverage_lo": 0.996173241514445,
      "coverage_hi": 1.0,
      "coverage_gap": 0.050000000000000044,
      "meets_target": true,
      "significantly_below": false,
      "mean_obj": -43.30174224846388,
      "obj_se": 0.03008596984014039,
      "mean_oracle_gap": 0.18684362935319415,
      "oracle_gap_se": 0.028234208983999278,
      "mean_rel_oracle_gap": 0.004200000000000002,
      "mean_excess_s": 0.9958,
      "selected_s_std": 0.02006895021576272,
      "failure_rate": 0.0,
      "n_failed": 0
    },
    "UNGS": {
      "method": "UNGS",
      "n_reps": 1000,
      "target": 0.95,
      "coverage": 1.0,
      "coverage_lo": 0.996173241514445,
      "coverage_hi": 1.0,
      "coverage_gap": 0.050000000000000044,
      "meets_target": true,
      "significantly_below": false,
      "mean_obj": -43.350558380714524,
      "obj_se": 0.028133053090574896,
      "mean_oracle_gap": 0.13802749710254794,
      "oracle_gap_se": 0.024416662518873228,
      "mean_rel_oracle_gap": 0.003100000000000002,
      "mean_excess_s": 0.9968999999999999,
      "selected_s_std": 0.017340435135563652,
      "failure_rate": 0.0,
      "n_failed": 0
    },
    "benchmark": {
      "method": "benchmark",
      "n_reps": 1000,
      "target": 0.95,
      "coverage": 1.0,
      "coverage_lo": 0.996173241514445,
      "coverage_hi": 1.0,
      "coverage_gap": 0.050000000000000044,
      "meets_target": true,
      "significantly_below": false,
      "mean_obj": -36.406033425993094,
      "obj_se": 0.05417988827546932,
      "mean_oracle_gap": 7.0825524518239815,
      "oracle_gap_se": 0.05217025032108573,
      "mean_rel_oracle_gap": 0.16283043768567773,
      "mean_excess_s": null,
      "selected_s_std": null,
      "failure_rate": 0.0,
      "n_failed": 0
    },
    "_n_replication_errors": 0
  }
}