{
  "config": "paper_saa",
  "n": 400,
  "split": 0.5,
  "d": 20,
  "reps": 1000,
  "mesh_p": null,
  "include_existing": false,
  "folds": null,
  "elapsed_s": 84.99658298492432,
  "summaries": {
    "NV": {
      "method": "NV",
      "n_reps": 1000,
      "target": 0.95,
      "coverage": 0.438,
      "coverage_lo": 0.40754465643825316,
      "coverage_hi": 0.4689298616139557,
      "coverage_gap": -0.512,
      "meets_target": false,
      "significantly_below": true,
      "mean_obj": -17.09822173109867,
      "obj_se": 0.00981072627509592,
      "mean_oracle_gap": -0.10099322658596713,
      "oracle_gap_se": 0.009878462817317756,
      "mean_rel_oracle_gap": -0.0059502279317326595,
      "mean_excess_s": -0.0072640000000000005,
      "selected_s_std": 0.02272302444305863,
      "failure_rate": 0.0,
      "n_failed": 0
    },
    "UG": {
      "method": "UG",
      "n_reps": 1000,
      "target": 0.95,
      "coverage": 0.909,
      "coverage_lo": 0.88957441593046,
      "coverage_hi": 0.9252952956283559,
      "coverage_gap": -0.040999999999999925,
      "meets_target": false,
      "significantly_below": true,
      "mean_obj": -16.585154416395852,
      "obj_se": 0.01131987301851658,
      "mean_oracle_gap": 0.4120740881168456,
      "oracle_gap_se": 0.011413759953399664,
      "mean_rel_oracle_gap": 0.024234094549023134,
      "mean_excess_s": 0.016120000000000002,
      "selected_s_std": 0.01758103218507641,
      "failure_rate": 0.0,
      "n_failed": 0
    },
    "NGS": {
      "method": "NGS",
      "n_reps": 1000,
      "target": 0.95,
      "coverage": 0.978,
      "coverage_lo": 0.9669143266526004,
      "coverage_hi": 0.985427292235209,
      "coverage_gap": 0.028000000000000025,
      "meets_target": true,
      "significantly_below": false,
      "mean_obj": -16.333298448133277,
      "obj_se": 0.011650382671221782,
      "mean_oracle_gap": 0.663930056379417,
      "oracle_gap_se": 0.011709560374708917,
      "mean_rel_oracle_gap": 0.03905303961958662,
      "mean_excess_s": 0.024576,
      "selected_s_std": 0.013701721102152136,
      "failure_rate": 0.0,
      "n_failed": 0
    },
    "UNGS": {
      "method": "UNGS",
      "n_reps": 1000,
      "target": 0.95,
      "coverage": 0.989,
      "coverage_lo": 0.9804106042992137,
      "coverage_hi": 0.9938468259019134,
      "coverage_gap": 0.039000000000000035,
      "meets_target": true,
      "significantly_below": false,
      "mean_obj": -16.160046334555947,
      "obj_se": 0.013181954272582641,
      "mean_oracle_gap": 0.837182169956749,
      "oracle_gap_se": 0.013218612687484952,
      "mean_rel_oracle_gap": 0.049246852246782186,
      "mean_excess_s": 0.028576,
      "selected_s_std": 0.012624928230006412,
      "failure_rate": 0.0,
      "n_failed": 0
    },
    "_n_replication_errors": 0
  }
}