{
  "config": "paper_saa",
  "n": 200,
  "split": 0.5,
  "d": 10,
  "reps": 1000,
  "mesh_p": null,
  "include_existing": false,
  "folds": null,
  "elapsed_s": 8.284940481185913,
  "summaries": {
    "NV": {
      "method": "NV",
      "n_reps": 1000,
      "target": 0.95,
      "coverage": 0.469,
      "coverage_lo": 0.438247507417386,
      "coverage_hi": 0.49998975160871834,
      "coverage_gap": -0.481,
      "meets_target": false,
      "significantly_below": true,
      "mean_obj": -7.893018742608571,
      "obj_se": 0.008886284065361178,
      "mean_oracle_gap": -0.09893570179263786,
      "oracle_gap_se": 0.009414966684799958,
      "mean_rel_oracle_gap": -0.01288979496764464,
      "mean_excess_s": -0.010000000000000002,
      "selected_s_std": 0.027601603295904834,
      "failure_rate": 0.0,
      "n_failed": 0
    },
    "UG": {
      "method": "UG",
      "n_reps": 1000,
      "target": 0.95,
      "coverage": 0.877,
      "coverage_lo": 0.8551887673529645,
      "coverage_hi": 0.8959258567489271,
      "coverage_gap": -0.07299999999999995,
      "meets_target": false,
      "significantly_below": true,
      "mean_obj": -7.551590532636595,
      "obj_se": 0.009502125963787023,
      "mean_oracle_gap": 0.24653009665546172,
      "oracle_gap_se": 0.00987759100931729,
      "mean_rel_oracle_gap": 0.031463064635663854,
      "mean_excess_s": 0.014125760649087223,
      "selected_s_std": 0.01847187901417488,
      "failure_rate": 0.0,
      "n_failed": 0
    },
    "NGS": {
      "method": "NGS",
      "n_reps": 1000,
      "target": 0.95,
      "coverage": 0.927,
      "coverage_lo": 0.9091909744657494,
      "coverage_hi": 0.9415409737875866,
      "coverage_gap": -0.02299999999999991,
      "meets_target": false,
      "significantly_below": true,
      "mean_obj": -7.4615176761943856,
      "obj_se": 0.009508736781655265,
      "mean_oracle_gap": 0.33788187803701364,
      "oracle_gap_se": 0.009937273764889735,
      "mean_rel_oracle_gap": 0.043169922395962845,
      "mean_excess_s": 0.019411764705882354,
      "selected_s_std": 0.014231414446820006,
      "failure_rate": 0.0,
      "n_failed": 0
    },
    "UNGS": {
      "method": "UNGS",
      "n_reps": 1000,
      "target": 0.95,
      "coverage": 0.942,
      "coverage_lo": 0.9257504237337675,
      "coverage_hi": 0.9548667217650018,
      "coverage_gap": -0.008000000000000007,
      "meets_target": false,
      "significantly_below": false,
      "mean_obj": -7.413302527064951,
      "obj_se": 0.009986109668372298,
      "mean_oracle_gap": 0.38678162360439233,
      "oracle_gap_se": 0.0102887028265245,
      "mean_rel_oracle_gap": 0.0494614604691385,
      "mean_excess_s": 0.021423935091277893,
      "selected_s_std": 0.012845365055279797,
      "failure_rate": 0.0,
      "n_failed": 0
    },
    "_n_replication_errors": 0
  }
}