{
  "config": "paper_dro_wasserstein",
  "n": 100,
  "split": 0.5,
  "d": 20,
  "reps": 1000,
  "mesh_p": null,
  "include_existing": false,
  "folds": null,
  "elapsed_s": 28.421043634414673,
  "summaries": {
    "NV": {
      "method": "NV",
      "n_reps": 1000,
      "target": 0.95,
      "coverage": 0.509,
      "coverage_lo": 0.47804015149447454,
      "coverage_hi": 0.5398909668527856,
      "coverage_gap": -0.44099999999999995,
      "meets_target": false,
      "significantly_below": true,
      "mean_obj": -16.916247979025446,
      "obj_se": 0.023408242044302065,
      "mean_oracle_gap": -0.2135502671615961,
      "oracle_gap_se": 0.02408546237286505,
      "mean_rel_oracle_gap": -0.01295448345505194,
      "mean_excess_s": -0.007932919841458407,
      "selected_s_std": 0.06947107744713749,
      "failure_rate": 0.0,
      "n_failed": 0
    },
    "UG": {
      "method": "UG",
      "n_reps": 1000,
      "target": 0.95,
      "coverage": 0.932,
      "coverage_lo": 0.9146861384770105,
      "coverage_hi": 0.9460075421914699,
      "coverage_gap": -0.017999999999999905,
      "meets_target": false,
      "significantly_below": true,
      "mean_obj": -15.638405657270116,
      "obj_se": 0.029854586441681652,
      "mean_oracle_gap": 1.0642920545937369,
      "oracle_gap_se": 0.030354207291002105,
      "mean_rel_oracle_gap": 0.0635708008091159,
      "mean_excess_s": 0.10525263398783762,
      "selected_s_std": 0.11498105937121629,
      "failure_rate": 0.0,
      "n_failed": 0
    },
    "NGS": {
      "method": "NGS",
      "n_reps": 1000,
      "target": 0.95,
      "coverage": 0.956,
      "coverage_lo": 0.9414482108495923,
      "coverage_hi": 0.9670617854115815,
      "coverage_gap": 0.006000000000000005,
      "meets_target": true,
      "significantly_below": false,
      "mean_obj": -15.172636280500257,
      "obj_se": 0.03318577119551616,
      "mean_oracle_gap": 1.5300614313635934,
      "oracle_gap_se": 0.03372800292368796,
      "mean_rel_oracle_gap": 0.0914514401061889,
      "mean_excess_s": 0.15818812612263952,
      "selected_s_std": 0.13570545951518267,
      "failure_rate": 0.0,
      "n_failed": 0
    },
    "UNGS": {
      "method": "UNGS",
      "n_reps": 1000,
      "target": 0.95,
      "coverage": 0.988,
      "coverage_lo": 0.9791427315245017,
      "coverage_hi": 0.9931223521935965,
      "coverage_gap": 0.038000000000000034,
      "meets_target": true,
      "significantly_below": false,
      "mean_obj": -9.709382732053637,
      "obj_se": 0.1257105218282495,
      "mean_oracle_gap": 6.993314979810216,
      "oracle_gap_se": 0.12436613181211005,
      "mean_rel_oracle_gap": 0.41929223753865985,
      "mean_excess_s": 1.8741934560683011,
      "selected_s_std": 1.327742218606147,
      "failure_rate": 0.0,
      "n_failed": 0
    },
    "_n_replication_errors": 0
  }
}