{
  "config": "paper_so",
  "n": 2000,
  "split": 0.5,
  "d": 2,
  "reps": 1000,
  "mesh_p": 60,
  "include_existing": false,
  "folds": null,
  "elapsed_s": 7.205467224121094,
  "summaries": {
    "NV": {
      "method": "NV",
      "n_reps": 1000,
      "target": 0.95,
      "coverage": 0.961,
      "coverage_lo": 0.9471306895804986,
      "coverage_hi": 0.9713410390958196,
      "coverage_gap": 0.01100000000000001,
      "meets_target": true,
      "significantly_below": false,
      "mean_obj": -1.0711440885273122,
      "obj_se": 0.002987539868179531,
      "mean_oracle_gap": -0.0024298108132465375,
      "oracle_gap_se": 0.0011308238302203673,
      "mean_rel_oracle_gap": -0.002719409412920468,
      "mean_excess_s": -0.238,
      "selected_s_std": 13.887384867514058,
      "failure_rate": 0.0,
      "n_failed": 0
    },
    "UG": {
      "method": "UG",
      "n_reps": 1000,
      "target": 0.95,
      "coverage": 0.999,
      "coverage_lo": 0.9943574414020421,
      "coverage_hi": 0.9998234536293739,
      "coverage_gap": 0.049000000000000044,
      "meets_target": true,
      "significantly_below": false,
      "mean_obj": -1.050984457112264,
      "obj_se": 0.0028243768341389822,
      "mean_oracle_gap": 0.017729820601802088,
      "oracle_gap_se": 0.0017632085087574943,
      "mean_rel_oracle_gap": 0.015123162018468202,
      "mean_excess_s": 3.647,
      "selected_s_std": 17.033812102836954,
      "failure_rate": 0.0,
      "n_failed": 0
    },
    "NGS": {
      "method": "NGS",
      "n_reps": 1000,
      "target": 0.95,
      "coverage": 1.0,
      "coverage_lo": 0.996173241514445,
      "coverage_hi": 1.0,
      "coverage_gap": 0.050000000000000044,
      "meets_target": true,
      "significantly_below": false,
      "mean_obj": -1.0423679162144488,
      "obj_se": 0.002771033239651966,
      "mean_oracle_gap": 0.026346361499617103,
      "oracle_gap_se": 0.0020682395884558226,
      "mean_rel_oracle_gap": 0.022607763782774022,
      "mean_excess_s": 5.36,
      "selected_s_std": 17.92886061753627,
      "failure_rate": 0.0,
      "n_failed": 0
    },
    "UNGS": {
      "method": "UNGS",
      "n_reps": 1000,
      "target": 0.95,
      "coverage": 1.0,
      "coverage_lo": 0.996173241514445,
      "coverage_hi": 1.0,
      "coverage_gap": 0.050000000000000044,
      "meets_target": true,
      "significantly_below": false,
      "mean_obj": -1.0366043028204524,
      "obj_se": 0.0027242765179614123,
      "mean_oracle_gap": 0.0321099748936134,
      "oracle_gap_se": 0.002228025260723636,
      "mean_rel_oracle_gap": 0.02762990925750515,
      "mean_excess_s": 6.672,
      "selected_s_std": 19.13349862857731,
      "failure_rate": 0.0,
      "n_failed": 0
    },
    "benchmark": {
      "method": "benchmark",
      "n_reps": 1000,
      "target": 0.95,
      "coverage": 1.0,
      "coverage_lo": 0.996173241514445,
      "coverage_hi": 1.0,
      "coverage_gap": 0.050000000000000044,
      "meets_target": true,
      "significantly_below": false,
      "mean_obj": -0.7559547155346442,
      "obj_se": 0.0013009671967098304,
      "mean_oracle_gap": 0.3127595621794217,
      "oracle_gap_se": 0.003060350513272319,
      "mean_rel_oracle_gap": 0.2873763911910698,
      "mean_excess_s": NaN,
      "selected_s_std": NaN,
      "failure_rate": 0.0,
      "n_failed": 0
    },
    "_n_replication_errors": 0
  }
}