{
  "config": "paper_so",
  "n": 200,
  "split": 0.5,
  "d": 10,
  "reps": 1000,
  "mesh_p": 60,
  "include_existing": false,
  "folds": null,
  "elapsed_s": 2.3511366844177246,
  "summaries": {
    "NV": {
      "method": "NV",
      "n_reps": 1000,
      "target": 0.95,
      "coverage": 0.637,
      "coverage_lo": 0.6067244308198836,
      "coverage_hi": 0.6662270373550743,
      "coverage_gap": -0.31299999999999994,
      "meets_target": false,
      "significantly_below": true,
      "mean_obj": -7.717259866806057,
      "obj_se": 0.010746681557527109,
      "mean_oracle_gap": -0.08765175458675058,
      "oracle_gap_se": 0.009693823901356924,
      "mean_rel_oracle_gap": -0.01186352364673695,
      "mean_excess_s": -3.7158746208291205,
      "selected_s_std": 23.71022171160813,
      "failure_rate": 0.0,
      "n_failed": 0
    },
    "UG": {
      "method": "UG",
      "n_reps": 1000,
      "target": 0.95,
      "coverage": 0.905,
      "coverage_lo": 0.8852455602057479,
      "coverage_hi": 0.9216547654209526,
      "coverage_gap": -0.04499999999999993,
      "meets_target": false,
      "significantly_below": true,
      "mean_obj": -7.479267927322001,
      "obj_se": 0.009773169196693587,
      "mean_oracle_gap": 0.15274315685345796,
      "oracle_gap_se": 0.008319726608695186,
      "mean_rel_oracle_gap": 0.01971913857136858,
      "mean_excess_s": 15.06066734074823,
      "selected_s_std": 27.06536595049167,
      "failure_rate": 0.0,
      "n_failed": 0
    },
    "NGS": {
      "method": "NGS",
      "n_reps": 1000,
      "target": 0.95,
      "coverage": 0.948,
      "coverage_lo": 0.93244426068072,
      "coverage_hi": 0.9601269637162226,
      "coverage_gap": -0.0020000000000000018,
      "meets_target": false,
      "significantly_below": false,
      "mean_obj": -7.39919854134621,
      "obj_se": 0.009855462100705778,
      "mean_oracle_gap": 0.233703102228373,
      "oracle_gap_se": 0.008596043820688674,
      "mean_rel_oracle_gap": 0.03030928059113865,
      "mean_excess_s": 23.038422649140546,
      "selected_s_std": 25.566228349759218,
      "failure_rate": 0.0,
      "n_failed": 0
    },
    "UNGS": {
      "method": "UNGS",
      "n_reps": 1000,
      "target": 0.95,
      "coverage": 0.958,
      "coverage_lo": 0.9437155747733968,
      "coverage_hi": 0.9687791144538346,
      "coverage_gap": 0.008000000000000007,
      "meets_target": true,
      "significantly_below": false,
      "mean_obj": -7.3481069544370925,
      "obj_se": 0.010261504358749073,
      "mean_oracle_gap": 0.28536294743476137,
      "oracle_gap_se": 0.008847486151674903,
      "mean_rel_oracle_gap": 0.03711769939704293,
      "mean_excess_s": 28.824064711830133,
      "selected_s_std": 23.75955960603379,
      "failure_rate": 0.0,
      "n_failed": 0
    },
    "benchmark": {
      "method": "benchmark",
      "n_reps": 1000,
      "target": 0.95,
      "coverage": 1.0,
      "coverage_lo": 0.996173241514445,
      "coverage_hi": 1.0,
      "coverage_gap": 0.050000000000000044,
      "meets_target": true,
      "significantly_below": false,
      "mean_obj": -6.970821810071618,
      "obj_se": 0.008050897698888995,
      "mean_oracle_gap": 0.6564290443878957,
      "oracle_gap_se": 0.008997716667425024,
      "mean_rel_oracle_gap": 0.0854876792488211,
      "mean_excess_s": null,
      "selected_s_std": null,
      "failure_rate": 0.0,
      "n_failed": 0
    },
    "_n_replication_errors": 0
  }
}