{
  "config": "paper_ro_ellipsoid",
  "n": 1000,
  "split": 0.5,
  "d": 100,
  "reps": 1000,
  "mesh_p": null,
  "include_existing": false,
  "folds": null,
  "elapsed_s": 172.388653755188,
  "summaries": {
    "NV": {
      "method": "NV",
      "n_reps": 1000,
      "target": 0.95,
      "coverage": 1.0,
      "coverage_lo": 0.996173241514445,
      "coverage_hi": 1.0,
      "coverage_gap": 0.050000000000000044,
      "meets_target": true,
      "significantly_below": false,
      "mean_obj": -89.56299560126276,
      "obj_se": 0.015585948530151073,
      "mean_oracle_gap": 1.8474111129762604e-16,
      "oracle_gap_se": 4.1908788791694075e-16,
      "mean_rel_oracle_gap": 2.049694698492409e-18,
      "mean_excess_s": 0.0,
      "selected_s_std": 0.03189297715922038,
      "failure_rate": 0.0,
      "n_failed": 0
    },
    "UG": {
      "method": "UG",
      "n_reps": 1000,
      "target": 0.95,
      "coverage": 1.0,
      "coverage_lo": 0.996173241514445,
      "coverage_hi": 1.0,
      "coverage_gap": 0.050000000000000044,
      "meets_target": true,
      "significantly_below": false,
      "mean_obj": -89.56299560126276,
      "obj_se": 0.015585948530151073,
      "mean_oracle_gap": 1.8474111129762604e-16,
      "oracle_gap_se": 4.1908788791694075e-16,
      "mean_rel_oracle_gap": 2.049694698492409e-18,
      "mean_excess_s": 0.0,
      "selected_s_std": 0.03189297715922038,
      "failure_rate": 0.0,
      "n_failed": 0
    },
    "NGS": {
      "method": "NGS",
      "n_reps": 1000,
      "target": 0.95,
      "coverage": 1.0,
      "coverage_lo": 0.996173241514445,
      "coverage_hi": 1.0,
      "coverage_gap": 0.050000000000000044,
      "meets_target": true,
      "significantly_below": false,
      "mean_obj": -89.56299560126276,
      "obj_se": 0.015585948530151073,
      "mean_oracle_gap": 1.8474111129762604e-16,
      "oracle_gap_se": 4.1908788791694075e-16,
      "mean_rel_oracle_gap": 2.049694698492409e-18,
      "mean_excess_s": 0.0,
      "selected_s_std": 0.03189297715922038,
      "failure_rate": 0.0,
      "n_failed": 0
    },
    "UNGS": {
      "method": "UNGS",
      "n_reps": 1000,
      "target": 0.95,
      "coverage": 1.0,
      "coverage_lo": 0.996173241514445,
      "coverage_hi": 1.0,
      "coverage_gap": 0.050000000000000044,
      "meets_target": true,
      "significantly_below": false,
      "mean_obj": -89.56299560126276,
      "obj_se": 0.015585948530151073,
      "mean_oracle_gap": 1.8474111129762604e-16,
      "oracle_gap_se": 4.1908788791694075e-16,
      "mean_rel_oracle_gap": 2.049694698492409e-18,
      "mean_excess_s": 0.0,
      "selected_s_std": 0.03189297715922038,
      "failure_rate": 0.0,
      "n_failed": 0
    },
    "benchmark": {
      "method": "benchmark",
      "n_reps": 1000,
      "target": 0.95,
      "coverage": 1.0,
      "coverage_lo": 0.996173241514445,
      "coverage_hi": 1.0,
      "coverage_gap": 0.050000000000000044,
      "meets_target": true,
      "significantly_below": false,
      "mean_obj": -89.83596171629073,
      "obj_se": 0.0,
      "mean_oracle_gap": -0.2729661150279833,
      "oracle_gap_se": 0.015585948530151078,
      "mean_rel_oracle_gap": -0.0030781082414031457,
      "mean_excess_s": NaN,
      "selected_s_std": NaN,
      "failure_rate": 0.0,
      "n_failed": 0
    },
    "_n_replication_errors": 0
  }
}