{
  "config": "paper_dro_wasserstein",
  "n": 400,
  "split": 0.5,
  "d": 5,
  "reps": 1000,
  "mesh_p": null,
  "include_existing": false,
  "folds": null,
  "elapsed_s": 1100.330278635025,
  "summaries": {
    "NV": {
      "method": "NV",
      "n_reps": 1000,
      "target": 0.95,
      "coverage": 0.52,
      "coverage_lo": 0.4890177246575191,
      "coverage_hi": 0.5508292050030589,
      "coverage_gap": -0.42999999999999994,
      "meets_target": false,
      "significantly_below": true,
      "mean_obj": -3.594632230254092,
      "obj_se": 0.0034421579054513475,
      "mean_oracle_gap": -0.007659756588931551,
      "oracle_gap_se": 0.0034417642774619197,
      "mean_rel_oracle_gap": -0.002193503389869792,
      "mean_excess_s": 0.0006530613316484045,
      "selected_s_std": 0.007518335038648498,
      "failure_rate": 0.0,
      "n_failed": 0
    },
    "UG": {
      "method": "UG",
      "n_reps": 1000,
      "target": 0.95,
      "coverage": 0.923,
      "coverage_lo": 0.9048104693818263,
      "coverage_hi": 0.9379520929393942,
      "coverage_gap": -0.026999999999999913,
      "meets_target": false,
      "significantly_below": true,
      "mean_obj": -3.4303520014890565,
      "obj_se": 0.004081628808403256,
      "mean_oracle_gap": 0.15662047217610403,
      "oracle_gap_se": 0.004126856394260342,
      "mean_rel_oracle_gap": 0.0435960052285881,
      "mean_excess_s": 0.01008996229070308,
      "selected_s_std": 0.01301195940364615,
      "failure_rate": 0.0,
      "n_failed": 0
    },
    "NGS": {
      "method": "NGS",
      "n_reps": 1000,
      "target": 0.95,
      "coverage": 0.978,
      "coverage_lo": 0.9669143266526004,
      "coverage_hi": 0.985427292235209,
      "coverage_gap": 0.028000000000000025,
      "meets_target": true,
      "significantly_below": false,
      "mean_obj": -3.348722047985009,
      "obj_se": 0.004247727385452103,
      "mean_oracle_gap": 0.2382504256801518,
      "oracle_gap_se": 0.004307511644034161,
      "mean_rel_oracle_gap": 0.06635059335827952,
      "mean_excess_s": 0.016998148668291628,
      "selected_s_std": 0.016416877561065718,
      "failure_rate": 0.0,
      "n_failed": 0
    },
    "UNGS": {
      "method": "UNGS",
      "n_reps": 1000,
      "target": 0.95,
      "coverage": 0.982,
      "coverage_lo": 0.9717267448294926,
      "coverage_hi": 0.9885842599904322,
      "coverage_gap": 0.03200000000000003,
      "meets_target": true,
      "significantly_below": false,
      "mean_obj": -3.2901671613547787,
      "obj_se": 0.0049755543108089,
      "mean_oracle_gap": 0.29680531231038154,
      "oracle_gap_se": 0.004998146712357113,
      "mean_rel_oracle_gap": 0.08268822181129562,
      "mean_excess_s": 0.02417066800115716,
      "selected_s_std": 0.022527274455964162,
      "failure_rate": 0.0,
      "n_failed": 0
    },
    "_n_replication_errors": 0
  }
}