{
  "config": "paper_dro_wasserstein",
  "n": 400,
  "split": 0.5,
  "d": 2,
  "reps": 1000,
  "mesh_p": null,
  "include_existing": false,
  "folds": null,
  "elapsed_s": 502.38265466690063,
  "summaries": {
    "NV": {
      "method": "NV",
      "n_reps": 1000,
      "target": 0.95,
      "coverage": 0.738,
      "coverage_lo": 0.7098723945402419,
      "coverage_hi": 0.764306068420634,
      "coverage_gap": -0.21199999999999997,
      "meets_target": false,
      "significantly_below": true,
      "mean_obj": -1.2087268503750903,
      "obj_se": 0.0012417679749737779,
      "mean_oracle_gap": 0.0050589765507996955,
      "oracle_gap_se": 0.0010450090523607392,
      "mean_rel_oracle_gap": 0.004120259378877036,
      "mean_excess_s": 0.0005385628342958344,
      "selected_s_std": 0.003162426488082128,
      "failure_rate": 0.0,
      "n_failed": 0
    },
    "UG": {
      "method": "UG",
      "n_reps": 1000,
      "target": 0.95,
      "coverage": 0.958,
      "coverage_lo": 0.9437155747733968,
      "coverage_hi": 0.9687791144538346,
      "coverage_gap": 0.008000000000000007,
      "meets_target": true,
      "significantly_below": false,
      "mean_obj": -1.1551525522983839,
      "obj_se": 0.0016006285102739084,
      "mean_oracle_gap": 0.05863327462750613,
      "oracle_gap_se": 0.0017437756753337069,
      "mean_rel_oracle_gap": 0.047954831031145416,
      "mean_excess_s": 0.00534424204060673,
      "selected_s_std": 0.007951842306263321,
      "failure_rate": 0.0,
      "n_failed": 0
    },
    "NGS": {
      "method": "NGS",
      "n_reps": 1000,
      "target": 0.95,
      "coverage": 0.991,
      "coverage_lo": 0.982984183834662,
      "coverage_hi": 0.9952579393325229,
      "coverage_gap": 0.041000000000000036,
      "meets_target": true,
      "significantly_below": false,
      "mean_obj": -1.1273192206022795,
      "obj_se": 0.0017077484502045794,
      "mean_oracle_gap": 0.08646660632361065,
      "oracle_gap_se": 0.0018978027796695818,
      "mean_rel_oracle_gap": 0.07082272995189731,
      "mean_excess_s": 0.008591905569022106,
      "selected_s_std": 0.009860065160362806,
      "failure_rate": 0.0,
      "n_failed": 0
    },
    "UNGS": {
      "method": "UNGS",
      "n_reps": 1000,
      "target": 0.95,
      "coverage": 0.984,
      "coverage_lo": 0.97416793978826,
      "coverage_hi": 0.9901277579977227,
      "coverage_gap": 0.03400000000000003,
      "meets_target": true,
      "significantly_below": false,
      "mean_obj": -1.1202018823775006,
      "obj_se": 0.001978047945483863,
      "mean_oracle_gap": 0.09358394454838943,
      "oracle_gap_se": 0.002206197998926343,
      "mean_rel_oracle_gap": 0.07659603821622045,
      "mean_excess_s": 0.010250882583148765,
      "selected_s_std": 0.01230476078293917,
      "failure_rate": 0.0,
      "n_failed": 0
    },
    "_n_replication_errors": 0
  }
}