{
  "config": "paper_so",
  "n": 1000,
  "split": 0.4,
  "d": 2,
  "reps": 500,
  "mesh_p": 60,
  "include_existing": false,
  "folds": null,
  "elapsed_s": 1.738938331604004,
  "summaries": {
    "NV": {
      "method": "NV",
      "n_reps": 500,
      "target": 0.95,
      "coverage": 0.924,
      "coverage_lo": 0.8974035863260316,
      "coverage_hi": 0.9441309729625723,
      "coverage_gap": -0.025999999999999912,
      "meets_target": false,
      "significantly_below": true,
      "mean_obj": -1.0869748049871204,
      "obj_se": 0.004158499113125524,
      "mean_oracle_gap": 0.0017375204082759545,
      "oracle_gap_se": 0.0026753357583311163,
      "mean_rel_oracle_gap": 0.0007753458220108561,
      "mean_excess_s": 0.02,
      "selected_s_std": 14.459894920857636,
      "failure_rate": 0.0,
      "n_failed": 0
    },
    "UG": {
      "method": "UG",
      "n_reps": 500,
      "target": 0.95,
      "coverage": 0.998,
      "coverage_lo": 0.9887592932948532,
      "coverage_hi": 0.9996468636054407,
      "coverage_gap": 0.04800000000000004,
      "meets_target": true,
      "significantly_below": false,
      "mean_obj": -1.0582310421469856,
      "obj_se": 0.0036681170454809673,
      "mean_oracle_gap": 0.03048128324841064,
      "oracle_gap_se": 0.0031745703838211093,
      "mean_rel_oracle_gap": 0.025925625113180615,
      "mean_excess_s": 5.018,
      "selected_s_std": 17.188555986871837,
      "failure_rate": 0.0,
      "n_failed": 0
    },
    "NGS": {
      "method": "NGS",
      "n_reps": 500,
      "target": 0.95,
      "coverage": 0.998,
      "coverage_lo": 0.9887592932948532,
      "coverage_hi": 0.9996468636054407,
      "coverage_gap": 0.04800000000000004,
      "meets_target": true,
      "significantly_below": false,
      "mean_obj": -1.0479682563947363,
      "obj_se": 0.0036839380187447565,
      "mean_oracle_gap": 0.040744069000660216,
      "oracle_gap_se": 0.00351707935760685,
      "mean_rel_oracle_gap": 0.03494085882139302,
      "mean_excess_s": 7.252,
      "selected_s_std": 19.56355492651388,
      "failure_rate": 0.0,
      "n_failed": 0
    },
    "UNGS": {
      "method": "UNGS",
      "n_reps": 500,
      "target": 0.95,
      "coverage": 1.0,
      "coverage_lo": 0.9923756595384479,
      "coverage_hi": 1.0,
      "coverage_gap": 0.050000000000000044,
      "meets_target": true,
      "significantly_below": false,
      "mean_obj": -1.032599672784745,
      "obj_se": 0.0035162839709666264,
      "mean_oracle_gap": 0.056112652610651334,
      "oracle_gap_se": 0.0037269806839932756,
      "mean_rel_oracle_gap": 0.04853463654626785,
      "mean_excess_s": 11.288,
      "selected_s_std": 23.003700669435297,
      "failure_rate": 0.0,
      "n_failed": 0
    },
    "benchmark": {
      "method": "benchmark",
      "n_reps": 500,
      "target": 0.95,
      "coverage": 1.0,
      "coverage_lo": 0.9923756595384479,
      "coverage_hi": 1.0,
      "coverage_gap": 0.050000000000000044,
      "meets_target": true,
      "significantly_below": false,
      "mean_obj": -0.7866358189734166,
      "obj_se": 0.0020736621136291616,
      "mean_oracle_gap": 0.3020765064219798,
      "oracle_gap_se": 0.004256112961006749,
      "mean_rel_oracle_gap": 0.27302329310242335,
      "mean_excess_s": null,
      "selected_s_std": null,
      "failure_rate": 0.0,
      "n_failed": 0
    },
    "_n_replication_errors": 0
  }
}