{
  "config": "paper_so",
  "n": 500,
  "split": 0.3,
  "d": 2,
  "reps": 500,
  "mesh_p": 60,
  "include_existing": false,
  "folds": null,
  "elapsed_s": 0.9337823390960693,
  "summaries": {
    "NV": {
      "method": "NV",
      "n_reps": 500,
      "target": 0.95,
      "coverage": 0.85,
      "coverage_lo": 0.8160389193683016,
      "coverage_hi": 0.8786240423086119,
      "coverage_gap": -0.09999999999999998,
      "meets_target": false,
      "significantly_below": true,
      "mean_obj": -1.1015267238852375,
      "obj_se": 0.004375322774292774,
      "mean_oracle_gap": -0.004740168107111638,
      "oracle_gap_se": 0.0029733107829782853,
      "mean_rel_oracle_gap": -0.005647835341993994,
      "mean_excess_s": -0.412,
      "selected_s_std": 14.287375623409948,
      "failure_rate": 0.0,
      "n_failed": 0
    },
    "UG": {
      "method": "UG",
      "n_reps": 500,
      "target": 0.95,
      "coverage": 0.99,
      "coverage_lo": 0.9768069002442693,
      "coverage_hi": 0.9957212461034096,
      "coverage_gap": 0.040000000000000036,
      "meets_target": true,
      "significantly_below": false,
      "mean_obj": -1.0541016995062273,
      "obj_se": 0.0040441568030491655,
      "mean_oracle_gap": 0.04268485627189865,
      "oracle_gap_se": 0.003643546782593474,
      "mean_rel_oracle_gap": 0.03642012824949582,
      "mean_excess_s": 7.49,
      "selected_s_std": 18.807978522749977,
      "failure_rate": 0.0,
      "n_failed": 0
    },
    "NGS": {
      "method": "NGS",
      "n_reps": 500,
      "target": 0.95,
      "coverage": 0.998,
      "coverage_lo": 0.9887592932948532,
      "coverage_hi": 0.9996468636054407,
      "coverage_gap": 0.04800000000000004,
      "meets_target": true,
      "significantly_below": false,
      "mean_obj": -1.0395682042657577,
      "obj_se": 0.003833070743413073,
      "mean_oracle_gap": 0.057218351512368225,
      "oracle_gap_se": 0.0037860478319606144,
      "mean_rel_oracle_gap": 0.04918527562353453,
      "mean_excess_s": 10.206,
      "selected_s_std": 20.256198338836548,
      "failure_rate": 0.0,
      "n_failed": 0
    },
    "UNGS": {
      "method": "UNGS",
      "n_reps": 500,
      "target": 0.95,
      "coverage": 1.0,
      "coverage_lo": 0.9923756595384479,
      "coverage_hi": 1.0,
      "coverage_gap": 0.050000000000000044,
      "meets_target": true,
      "significantly_below": false,
      "mean_obj": -1.010415891505262,
      "obj_se": 0.0035053545298348162,
      "mean_oracle_gap": 0.08637066427286393,
      "oracle_gap_se": 0.004272000858738951,
      "mean_rel_oracle_gap": 0.07456759459060927,
      "mean_excess_s": 16.856,
      "selected_s_std": 25.51048438637053,
      "failure_rate": 0.0,
      "n_failed": 0
    },
    "benchmark": {
      "method": "benchmark",
      "n_reps": 500,
      "target": 0.95,
      "coverage": 1.0,
      "coverage_lo": 0.9923756595384479,
      "coverage_hi": 1.0,
      "coverage_gap": 0.050000000000000044,
      "meets_target": true,
      "significantly_below": false,
      "mean_obj": -0.8249915389975181,
      "obj_se": 0.0022829003088152017,
      "mean_oracle_gap": 0.27179501678060775,
      "oracle_gap_se": 0.00448798013583904,
      "mean_rel_oracle_gap": 0.242654533647659,
      "mean_excess_s": NaN,
      "selected_s_std": NaN,
      "failure_rate": 0.0,
      "n_failed": 0
    },
    "_n_replication_errors": 0
  }
}