{
  "config": "paper_saa",
  "n": 200,
  "split": 0.7,
  "d": 10,
  "reps": 500,
  "mesh_p": null,
  "include_existing": false,
  "folds": null,
  "elapsed_s": 10.71675419807434,
  "summaries": {
    "NV": {
      "method": "NV",
      "n_reps": 500,
      "target": 0.95,
      "coverage": 0.362,
      "coverage_lo": 0.3210760441781858,
      "coverage_hi": 0.4050282737892027,
      "coverage_gap": -0.588,
      "meets_target": false,
      "significantly_below": true,
      "mean_obj": -7.9814520337849775,
      "obj_se": 0.012808661696908143,
      "mean_oracle_gap": -0.1376210408914291,
      "oracle_gap_se": 0.013097938575964838,
      "mean_rel_oracle_gap": -0.01761973918199055,
      "mean_excess_s": -0.014653306613226455,
      "selected_s_std": 0.027912323077076872,
      "failure_rate": 0.0,
      "n_failed": 0
    },
    "UG": {
      "method": "UG",
      "n_reps": 500,
      "target": 0.95,
      "coverage": 0.826,
      "coverage_lo": 0.7903184021001322,
      "coverage_hi": 0.8567105279189358,
      "coverage_gap": -0.124,
      "meets_target": false,
      "significantly_below": true,
      "mean_obj": -7.563362987201721,
      "obj_se": 0.015736171669494703,
      "mean_oracle_gap": 0.28065003959709156,
      "oracle_gap_se": 0.015987674096983793,
      "mean_rel_oracle_gap": 0.035710829221317186,
      "mean_excess_s": 0.016328657314629257,
      "selected_s_std": 0.02334112834772754,
      "failure_rate": 0.0,
      "n_failed": 0
    },
    "NGS": {
      "method": "NGS",
      "n_reps": 500,
      "target": 0.95,
      "coverage": 0.906,
      "coverage_lo": 0.8772354441374409,
      "coverage_hi": 0.9285735914077787,
      "coverage_gap": -0.04399999999999993,
      "meets_target": false,
      "significantly_below": true,
      "mean_obj": -7.436650965395067,
      "obj_se": 0.015883020182125795,
      "mean_oracle_gap": 0.4076159933111729,
      "oracle_gap_se": 0.016171657467164296,
      "mean_rel_oracle_gap": 0.05189305337593238,
      "mean_excess_s": 0.023879759519038077,
      "selected_s_std": 0.01845879948851263,
      "failure_rate": 0.0,
      "n_failed": 0
    },
    "UNGS": {
      "method": "UNGS",
      "n_reps": 500,
      "target": 0.95,
      "coverage": 0.936,
      "coverage_lo": 0.911047591162316,
      "coverage_hi": 0.9543039839552107,
      "coverage_gap": -0.013999999999999901,
      "meets_target": false,
      "significantly_below": false,
      "mean_obj": -7.344697495498087,
      "obj_se": 0.01661925202154032,
      "mean_oracle_gap": 0.4997537386989286,
      "oracle_gap_se": 0.016699563460564743,
      "mean_rel_oracle_gap": 0.06366649697693495,
      "mean_excess_s": 0.02818436873747495,
      "selected_s_std": 0.016050571381834567,
      "failure_rate": 0.0,
      "n_failed": 0
    },
    "_n_replication_errors": 0
  }
}