{
  "config": "paper_so",
  "n": 200,
  "split": 0.7,
  "d": 50,
  "reps": 500,
  "mesh_p": 60,
  "include_existing": false,
  "folds": null,
  "elapsed_s": 6.407515287399292,
  "summaries": {
    "NV": {
      "method": "NV",
      "n_reps": 500,
      "target": 0.95,
      "coverage": 0.538,
      "coverage_lo": 0.494176845283715,
      "coverage_hi": 0.581243704841207,
      "coverage_gap": -0.4119999999999999,
      "meets_target": false,
      "significantly_below": true,
      "mean_obj": -45.60988249114365,
      "obj_se": 0.044953073118443716,
      "mean_oracle_gap": -0.344838284822431,
      "oracle_gap_se": 0.04179714317348296,
      "mean_rel_oracle_gap": -0.007658697578863751,
      "mean_excess_s": -7.724696356275303,
      "selected_s_std": 33.366332436762676,
      "failure_rate": 0.0,
      "n_failed": 0
    },
    "UG": {
      "method": "UG",
      "n_reps": 500,
      "target": 0.95,
      "coverage": 0.862,
      "coverage_lo": 0.8289979864047199,
      "coverage_hi": 0.8894819911011163,
      "coverage_gap": -0.08799999999999997,
      "meets_target": false,
      "significantly_below": true,
      "mean_obj": -44.825659066130726,
      "obj_se": 0.03840272720443999,
      "mean_oracle_gap": 0.44495203600754546,
      "oracle_gap_se": 0.03435162801555609,
      "mean_rel_oracle_gap": 0.009793855765536178,
      "mean_excess_s": 22.62753036437247,
      "selected_s_std": 38.38849375666896,
      "failure_rate": 0.0,
      "n_failed": 0
    },
    "NGS": {
      "method": "NGS",
      "n_reps": 500,
      "target": 0.95,
      "coverage": 0.898,
      "coverage_lo": 0.868365377095774,
      "coverage_hi": 0.9215656478968306,
      "coverage_gap": -0.051999999999999935,
      "meets_target": false,
      "significantly_below": true,
      "mean_obj": -44.67363586691023,
      "obj_se": 0.03830755543579787,
      "mean_oracle_gap": 0.598821670846104,
      "oracle_gap_se": 0.03457033675153144,
      "mean_rel_oracle_gap": 0.013190227039182227,
      "mean_excess_s": 30.192307692307693,
      "selected_s_std": 37.192258767443114,
      "failure_rate": 0.0,
      "n_failed": 0
    },
    "UNGS": {
      "method": "UNGS",
      "n_reps": 500,
      "target": 0.95,
      "coverage": 0.918,
      "coverage_lo": 0.8906451408426114,
      "coverage_hi": 0.9389809105315311,
      "coverage_gap": -0.03199999999999992,
      "meets_target": false,
      "significantly_below": true,
      "mean_obj": -44.576397204347565,
      "obj_se": 0.03984864243131304,
      "mean_oracle_gap": 0.6972413697961679,
      "oracle_gap_se": 0.03555138078653376,
      "mean_rel_oracle_gap": 0.015371096493307432,
      "mean_excess_s": 36.28947368421053,
      "selected_s_std": 35.431075883700636,
      "failure_rate": 0.0,
      "n_failed": 0
    },
    "benchmark": {
      "method": "benchmark",
      "n_reps": 500,
      "target": 0.95,
      "coverage": 0.998,
      "coverage_lo": 0.9887592932948532,
      "coverage_hi": 0.9996468636054407,
      "coverage_gap": 0.04800000000000004,
      "meets_target": true,
      "significantly_below": false,
      "mean_obj": -43.817811695515175,
      "obj_se": 0.032748969341231206,
      "mean_oracle_gap": 1.4524608013862828,
      "oracle_gap_se": 0.03156412592012631,
      "mean_rel_oracle_gap": 0.03202964973163414,
      "mean_excess_s": null,
      "selected_s_std": null,
      "failure_rate": 0.0,
      "n_failed": 0
    },
    "_n_replication_errors": 0
  }
}