{
  "config": "paper_so",
  "n": 200,
  "split": 0.9,
  "d": 50,
  "reps": 500,
  "mesh_p": 60,
  "include_existing": false,
  "folds": null,
  "elapsed_s": 7.743918418884277,
  "summaries": {
    "NV": {
      "method": "NV",
      "n_reps": 500,
      "target": 0.95,
      "coverage": 0.396,
      "coverage_lo": 0.3540817035027573,
      "coverage_hi": 0.43950415931324566,
      "coverage_gap": -0.5539999999999999,
      "meets_target": false,
      "significantly_below": true,
      "mean_obj": -46.10287450643963,
      "obj_se": 0.06001006104378338,
      "mean_oracle_gap": -0.8764864889865359,
      "oracle_gap_se": 0.060929932009221935,
      "mean_rel_oracle_gap": -0.019471778359696178,
      "mean_excess_s": -15.522088353413654,
      "selected_s_std": 37.21416650116933,
      "failure_rate": 0.0,
      "n_failed": 0
    },
    "UG": {
      "method": "UG",
      "n_reps": 500,
      "target": 0.95,
      "coverage": 0.766,
      "coverage_lo": 0.7269485494684876,
      "coverage_hi": 0.8009953014059666,
      "coverage_gap": -0.18399999999999994,
      "meets_target": false,
      "significantly_below": true,
      "mean_obj": -44.91916940447923,
      "obj_se": 0.0541205267406117,
      "mean_oracle_gap": 0.31197244872471086,
      "oracle_gap_se": 0.051184726957294674,
      "mean_rel_oracle_gap": 0.006861933539749595,
      "mean_excess_s": 25.71285140562249,
      "selected_s_std": 51.396703613019476,
      "failure_rate": 0.0,
      "n_failed": 0
    },
    "NGS": {
      "method": "NGS",
      "n_reps": 500,
      "target": 0.95,
      "coverage": 0.766,
      "coverage_lo": 0.7269485494684876,
      "coverage_hi": 0.8009953014059666,
      "coverage_gap": -0.18399999999999994,
      "meets_target": false,
      "significantly_below": true,
      "mean_obj": -44.91916940447923,
      "obj_se": 0.0541205267406117,
      "mean_oracle_gap": 0.31197244872471086,
      "oracle_gap_se": 0.051184726957294674,
      "mean_rel_oracle_gap": 0.006861933539749595,
      "mean_excess_s": 25.71285140562249,
      "selected_s_std": 51.396703613019476,
      "failure_rate": 0.0,
      "n_failed": 0
    },
    "UNGS": {
      "method": "UNGS",
      "n_reps": 500,
      "target": 0.95,
      "coverage": 0.766,
      "coverage_lo": 0.7269485494684876,
      "coverage_hi": 0.8009953014059666,
      "coverage_gap": -0.18399999999999994,
      "meets_target": false,
      "significantly_below": true,
      "mean_obj": -44.91916940447923,
      "obj_se": 0.0541205267406117,
      "mean_oracle_gap": 0.31197244872471086,
      "oracle_gap_se": 0.051184726957294674,
      "mean_rel_oracle_gap": 0.006861933539749595,
      "mean_excess_s": 25.71285140562249,
      "selected_s_std": 51.396703613019476,
      "failure_rate": 0.0,
      "n_failed": 0
    },
    "benchmark": {
      "method": "benchmark",
      "n_reps": 500,
      "target": 0.95,
      "coverage": 0.998,
      "coverage_lo": 0.9887592932948532,
      "coverage_hi": 0.9996468636054407,
      "coverage_gap": 0.04800000000000004,
      "meets_target": true,
      "significantly_below": false,
      "mean_obj": -43.77820111875411,
      "obj_se": 0.031545615729890036,
      "mean_oracle_gap": 1.4539279653288135,
      "oracle_gap_se": 0.030446215136073828,
      "mean_rel_oracle_gap": 0.03208342589590677,
      "mean_excess_s": NaN,
      "selected_s_std": NaN,
      "failure_rate": 0.0,
      "n_failed": 0
    },
    "_n_replication_errors": 0
  }
}