{
  "config": "paper_ro_ellipsoid",
  "n": 200,
  "split": 0.6,
  "d": 2,
  "reps": 500,
  "mesh_p": null,
  "include_existing": false,
  "folds": null,
  "elapsed_s": 0.41442418098449707,
  "summaries": {
    "NV": {
      "method": "NV",
      "n_reps": 500,
      "target": 0.95,
      "coverage": 0.808,
      "coverage_lo": 0.771179624871567,
      "coverage_hi": 0.8401237814041169,
      "coverage_gap": -0.1419999999999999,
      "meets_target": false,
      "significantly_below": true,
      "mean_obj": -1.1875393645831995,
      "obj_se": 0.0031733797892764125,
      "mean_oracle_gap": -0.00924392735102569,
      "oracle_gap_se": 0.0034229293200286376,
      "mean_rel_oracle_gap": -0.008525546970652165,
      "mean_excess_s": -0.023661664261908327,
      "selected_s_std": 0.6121375738472413,
      "failure_rate": 0.0,
      "n_failed": 0
    },
    "UG": {
      "method": "UG",
      "n_reps": 500,
      "target": 0.95,
      "coverage": 0.978,
      "coverage_lo": 0.9610391387886836,
      "coverage_hi": 0.9876719917300725,
      "coverage_gap": 0.028000000000000025,
      "meets_target": true,
      "significantly_below": false,
      "mean_obj": -1.090331676953559,
      "obj_se": 0.00314432423221808,
      "mean_oracle_gap": 0.0879637602786151,
      "oracle_gap_se": 0.0034687144982518854,
      "mean_rel_oracle_gap": 0.07394688604189488,
      "mean_excess_s": 0.953318597211187,
      "selected_s_std": 0.9064390395373374,
      "failure_rate": 0.0,
      "n_failed": 0
    },
    "NGS": {
      "method": "NGS",
      "n_reps": 500,
      "target": 0.95,
      "coverage": 0.988,
      "coverage_lo": 0.9740696388835527,
      "coverage_hi": 0.9944890048259724,
      "coverage_gap": 0.038000000000000034,
      "meets_target": true,
      "significantly_below": false,
      "mean_obj": -1.0638905023679128,
      "obj_se": 0.003332173575284795,
      "mean_oracle_gap": 0.11440493486426101,
      "oracle_gap_se": 0.0036024922220729977,
      "mean_rel_oracle_gap": 0.09645106281980652,
      "mean_excess_s": 1.3021234388985374,
      "selected_s_std": 1.0723775868737804,
      "failure_rate": 0.0,
      "n_failed": 0
    },
    "UNGS": {
      "method": "UNGS",
      "n_reps": 500,
      "target": 0.95,
      "coverage": 0.992,
      "coverage_lo": 0.9796129641658948,
      "coverage_hi": 0.9968846848199377,
      "coverage_gap": 0.04200000000000004,
      "meets_target": true,
      "significantly_below": false,
      "mean_obj": -1.0130455993740553,
      "obj_se": 0.004127495176812756,
      "mean_oracle_gap": 0.16524983785811873,
      "oracle_gap_se": 0.0044295957142981655,
      "mean_rel_oracle_gap": 0.13950701739925267,
      "mean_excess_s": 2.1766848246281785,
      "selected_s_std": 1.7590944836230193,
      "failure_rate": 0.0,
      "n_failed": 0
    },
    "benchmark": {
      "method": "benchmark",
      "n_reps": 500,
      "target": 0.95,
      "coverage": 1.0,
      "coverage_lo": 0.9923756595384479,
      "coverage_hi": 1.0,
      "coverage_gap": 0.050000000000000044,
      "meets_target": true,
      "significantly_below": false,
      "mean_obj": -0.9727869233715889,
      "obj_se": 0.0,
      "mean_oracle_gap": 0.20550851386058497,
      "oracle_gap_se": 0.0014436672552466082,
      "mean_rel_oracle_gap": 0.1737904618624545,
      "mean_excess_s": NaN,
      "selected_s_std": NaN,
      "failure_rate": 0.0,
      "n_failed": 0
    },
    "_n_replication_errors": 0
  }
}