{
  "config": "paper_saa",
  "n": 200,
  "split": 0.3,
  "d": 10,
  "reps": 500,
  "mesh_p": null,
  "include_existing": false,
  "folds": null,
  "elapsed_s": 1.2785096168518066,
  "summaries": {
    "NV": {
      "method": "NV",
      "n_reps": 500,
      "target": 0.95,
      "coverage": 0.488,
      "coverage_lo": 0.4444452370209479,
      "coverage_hi": 0.5317377471501294,
      "coverage_gap": -0.46199999999999997,
      "meets_target": false,
      "significantly_below": true,
      "mean_obj": -7.856127086171342,
      "obj_se": 0.012859338807873839,
      "mean_oracle_gap": -0.08132036429329115,
      "oracle_gap_se": 0.0128114185668806,
      "mean_rel_oracle_gap": -0.010723576172827683,
      "mean_excess_s": -0.006252427184466021,
      "selected_s_std": 0.02487178697993271,
      "failure_rate": 0.0,
      "n_failed": 0
    },
    "UG": {
      "method": "UG",
      "n_reps": 500,
      "target": 0.95,
      "coverage": 0.752,
      "coverage_lo": 0.7123215407533253,
      "coverage_hi": 0.7878357916540525,
      "coverage_gap": -0.19799999999999995,
      "meets_target": false,
      "significantly_below": true,
      "mean_obj": -7.659191964026028,
      "obj_se": 0.014535978177102723,
      "mean_oracle_gap": 0.1505998181342416,
      "oracle_gap_se": 0.012471525423894118,
      "mean_rel_oracle_gap": 0.01936095454641588,
      "mean_excess_s": 0.010601941747572816,
      "selected_s_std": 0.014800435459119408,
      "failure_rate": 0.0,
      "n_failed": 0
    },
    "NGS": {
      "method": "NGS",
      "n_reps": 500,
      "target": 0.95,
      "coverage": 0.772,
      "coverage_lo": 0.7332341279039163,
      "coverage_hi": 0.8066182308849994,
      "coverage_gap": -0.17799999999999994,
      "meets_target": false,
      "significantly_below": true,
      "mean_obj": -7.627916742896084,
      "obj_se": 0.015395425570990667,
      "mean_oracle_gap": 0.1885551835832008,
      "oracle_gap_se": 0.013367654858994382,
      "mean_rel_oracle_gap": 0.024270065596922345,
      "mean_excess_s": 0.012737864077669905,
      "selected_s_std": 0.012534971680465024,
      "failure_rate": 0.0,
      "n_failed": 0
    },
    "UNGS": {
      "method": "UNGS",
      "n_reps": 500,
      "target": 0.95,
      "coverage": 0.768,
      "coverage_lo": 0.7290425919653227,
      "coverage_hi": 0.8028707615472854,
      "coverage_gap": -0.18199999999999994,
      "meets_target": false,
      "significantly_below": true,
      "mean_obj": -7.609466805684844,
      "obj_se": 0.016099411860026967,
      "mean_oracle_gap": 0.21081454621760676,
      "oracle_gap_se": 0.014049361480630383,
      "mean_rel_oracle_gap": 0.027167073271719543,
      "mean_excess_s": 0.013514563106796116,
      "selected_s_std": 0.012123992675550149,
      "failure_rate": 0.0,
      "n_failed": 0
    },
    "_n_replication_errors": 0
  }
}