{
  "config": "paper_so",
  "n": 1000,
  "split": 0.7,
  "d": 2,
  "reps": 500,
  "mesh_p": 60,
  "include_existing": false,
  "folds": null,
  "elapsed_s": 2.69610595703125,
  "summaries": {
    "NV": {
      "method": "NV",
      "n_reps": 500,
      "target": 0.95,
      "coverage": 0.912,
      "coverage_lo": 0.8839235279346099,
      "coverage_hi": 0.9337940155250711,
      "coverage_gap": -0.03799999999999992,
      "meets_target": false,
      "significantly_below": true,
      "mean_obj": -1.073333044002485,
      "obj_se": 0.004423040626686296,
      "mean_oracle_gap": -0.005704614653632097,
      "oracle_gap_se": 0.0026055397479389556,
      "mean_rel_oracle_gap": -0.006504266579568226,
      "mean_excess_s": -0.546,
      "selected_s_std": 13.787196145522492,
      "failure_rate": 0.0,
      "n_failed": 0
    },
    "UG": {
      "method": "UG",
      "n_reps": 500,
      "target": 0.95,
      "coverage": 0.992,
      "coverage_lo": 0.9796129641658948,
      "coverage_hi": 0.9968846848199377,
      "coverage_gap": 0.04200000000000004,
      "meets_target": true,
      "significantly_below": false,
      "mean_obj": -1.0378412637975434,
      "obj_se": 0.0040289153076603496,
      "mean_oracle_gap": 0.029787165551309606,
      "oracle_gap_se": 0.002933469757999037,
      "mean_rel_oracle_gap": 0.02591287636426158,
      "mean_excess_s": 7.16,
      "selected_s_std": 20.90523364105683,
      "failure_rate": 0.0,
      "n_failed": 0
    },
    "NGS": {
      "method": "NGS",
      "n_reps": 500,
      "target": 0.95,
      "coverage": 0.998,
      "coverage_lo": 0.9887592932948532,
      "coverage_hi": 0.9996468636054407,
      "coverage_gap": 0.04800000000000004,
      "meets_target": true,
      "significantly_below": false,
      "mean_obj": -1.0234001611725119,
      "obj_se": 0.0039334596105805655,
      "mean_oracle_gap": 0.04422826817634116,
      "oracle_gap_se": 0.003455827182047203,
      "mean_rel_oracle_gap": 0.03862967583462438,
      "mean_excess_s": 10.574,
      "selected_s_std": 24.126494554306017,
      "failure_rate": 0.0,
      "n_failed": 0
    },
    "UNGS": {
      "method": "UNGS",
      "n_reps": 500,
      "target": 0.95,
      "coverage": 0.998,
      "coverage_lo": 0.9887592932948532,
      "coverage_hi": 0.9996468636054407,
      "coverage_gap": 0.04800000000000004,
      "meets_target": true,
      "significantly_below": false,
      "mean_obj": -0.999301159992968,
      "obj_se": 0.003770125327947285,
      "mean_oracle_gap": 0.06832726935588511,
      "oracle_gap_se": 0.004047767092485868,
      "mean_rel_oracle_gap": 0.06008278963141322,
      "mean_excess_s": 18.972,
      "selected_s_std": 30.84223842950906,
      "failure_rate": 0.0,
      "n_failed": 0
    },
    "benchmark": {
      "method": "benchmark",
      "n_reps": 500,
      "target": 0.95,
      "coverage": 1.0,
      "coverage_lo": 0.9923756595384479,
      "coverage_hi": 1.0,
      "coverage_gap": 0.050000000000000044,
      "meets_target": true,
      "significantly_below": false,
      "mean_obj": -0.7880271637394797,
      "obj_se": 0.0020800462822364485,
      "mean_oracle_gap": 0.2796012656093734,
      "oracle_gap_se": 0.0046736720190211885,
      "mean_rel_oracle_gap": 0.2557156932373349,
      "mean_excess_s": null,
      "selected_s_std": null,
      "failure_rate": 0.0,
      "n_failed": 0
    },
    "_n_replication_errors": 0
  }
}