{
  "config": "paper_so",
  "n": 500,
  "split": 0.4,
  "d": 10,
  "reps": 500,
  "mesh_p": 60,
  "include_existing": false,
  "folds": null,
  "elapsed_s": 2.3420467376708984,
  "summaries": {
    "NV": {
      "method": "NV",
      "n_reps": 500,
      "target": 0.95,
      "coverage": 0.766,
      "coverage_lo": 0.7269485494684876,
      "coverage_hi": 0.8009953014059666,
      "coverage_gap": -0.18399999999999994,
      "meets_target": false,
      "significantly_below": true,
      "mean_obj": -7.665660753788181,
      "obj_se": 0.011404712357506504,
      "mean_oracle_gap": -0.02168862804258926,
      "oracle_gap_se": 0.009456880696330338,
      "mean_rel_oracle_gap": -0.0030920611907457544,
      "mean_excess_s": -1.248,
      "selected_s_std": 25.457045357162585,
      "failure_rate": 0.0,
      "n_failed": 0
    },
    "UG": {
      "method": "UG",
      "n_reps": 500,
      "target": 0.95,
      "coverage": 0.982,
      "coverage_lo": 0.9661483290912607,
      "coverage_hi": 0.990501806703803,
      "coverage_gap": 0.03200000000000003,
      "meets_target": true,
      "significantly_below": false,
      "mean_obj": -7.449804150418939,
      "obj_se": 0.010056071688816533,
      "mean_oracle_gap": 0.19416797532665306,
      "oracle_gap_se": 0.009744550099258334,
      "mean_rel_oracle_gap": 0.02501881681377564,
      "mean_excess_s": 21.596,
      "selected_s_std": 38.770422945729926,
      "failure_rate": 0.0,
      "n_failed": 0
    },
    "NGS": {
      "method": "NGS",
      "n_reps": 500,
      "target": 0.95,
      "coverage": 1.0,
      "coverage_lo": 0.9923756595384479,
      "coverage_hi": 1.0,
      "coverage_gap": 0.050000000000000044,
      "meets_target": true,
      "significantly_below": false,
      "mean_obj": -7.372215663178411,
      "obj_se": 0.00937652927148806,
      "mean_oracle_gap": 0.2717564625671798,
      "oracle_gap_se": 0.010130913572034144,
      "mean_rel_oracle_gap": 0.035083441094719704,
      "mean_excess_s": 33.11,
      "selected_s_std": 43.901625316277546,
      "failure_rate": 0.0,
      "n_failed": 0
    },
    "UNGS": {
      "method": "UNGS",
      "n_reps": 500,
      "target": 0.95,
      "coverage": 1.0,
      "coverage_lo": 0.9923756595384479,
      "coverage_hi": 1.0,
      "coverage_gap": 0.050000000000000044,
      "meets_target": true,
      "significantly_below": false,
      "mean_obj": -7.223182256210169,
      "obj_se": 0.009619636925490685,
      "mean_oracle_gap": 0.420789869535422,
      "oracle_gap_se": 0.011457558002231909,
      "mean_rel_oracle_gap": 0.054486840558143755,
      "mean_excess_s": 60.502,
      "selected_s_std": 51.697434999921825,
      "failure_rate": 0.0,
      "n_failed": 0
    },
    "benchmark": {
      "method": "benchmark",
      "n_reps": 500,
      "target": 0.95,
      "coverage": 1.0,
      "coverage_lo": 0.9923756595384479,
      "coverage_hi": 1.0,
      "coverage_gap": 0.050000000000000044,
      "meets_target": true,
      "significantly_below": false,
      "mean_obj": -6.639089227679331,
      "obj_se": 0.00909236964114065,
      "mean_oracle_gap": 1.0048828980662599,
      "oracle_gap_se": 0.012100002099414264,
      "mean_rel_oracle_gap": 0.13085014252411634,
      "mean_excess_s": NaN,
      "selected_s_std": NaN,
      "failure_rate": 0.0,
      "n_failed": 0
    },
    "_n_replication_errors": 0
  }
}