{
  "config": "paper_so",
  "n": 500,
  "split": 0.6,
  "d": 50,
  "reps": 500,
  "mesh_p": 60,
  "include_existing": false,
  "folds": null,
  "elapsed_s": 13.003631353378296,
  "summaries": {
    "NV": {
      "method": "NV",
      "n_reps": 500,
      "target": 0.95,
      "coverage": 0.684,
      "coverage_lo": 0.641977870830057,
      "coverage_hi": 0.7232163718800919,
      "coverage_gap": -0.2659999999999999,
      "meets_target": false,
      "significantly_below": true,
      "mean_obj": -45.3639724830919,
      "obj_se": 0.030097855086456873,
      "mean_oracle_gap": -0.10458403739911457,
      "oracle_gap_se": 0.02792254791024886,
      "mean_rel_oracle_gap": -0.0023470144981452357,
      "mean_excess_s": -1.078,
      "selected_s_std": 39.176793415038055,
      "failure_rate": 0.0,
      "n_failed": 0
    },
    "UG": {
      "method": "UG",
      "n_reps": 500,
      "target": 0.95,
      "coverage": 0.938,
      "coverage_lo": 0.9133402868983618,
      "coverage_hi": 0.9559807908573184,
      "coverage_gap": -0.01200000000000001,
      "meets_target": false,
      "significantly_below": false,
      "mean_obj": -44.67963934850266,
      "obj_se": 0.031188702159927282,
      "mean_oracle_gap": 0.5797490971901242,
      "oracle_gap_se": 0.03256542865606384,
      "mean_rel_oracle_gap": 0.012748135790293106,
      "mean_excess_s": 41.78,
      "selected_s_std": 64.45357136515747,
      "failure_rate": 0.0,
      "n_failed": 0
    },
    "NGS": {
      "method": "NGS",
      "n_reps": 500,
      "target": 0.95,
      "coverage": 0.988,
      "coverage_lo": 0.9740696388835527,
      "coverage_hi": 0.9944890048259724,
      "coverage_gap": 0.038000000000000034,
      "meets_target": true,
      "significantly_below": false,
      "mean_obj": -44.306435905746724,
      "obj_se": 0.029208018939255044,
      "mean_oracle_gap": 0.9529525399460694,
      "oracle_gap_se": 0.03250518782151109,
      "mean_rel_oracle_gap": 0.02098039651835801,
      "mean_excess_s": 76.99,
      "selected_s_std": 74.14318106607777,
      "failure_rate": 0.0,
      "n_failed": 0
    },
    "UNGS": {
      "method": "UNGS",
      "n_reps": 500,
      "target": 0.95,
      "coverage": 0.994,
      "coverage_lo": 0.9825097478959467,
      "coverage_hi": 0.9979574037280398,
      "coverage_gap": 0.04400000000000004,
      "meets_target": true,
      "significantly_below": false,
      "mean_obj": -43.87710429091166,
      "obj_se": 0.029446805284349148,
      "mean_oracle_gap": 1.3822841547811318,
      "oracle_gap_se": 0.03286881435692016,
      "mean_rel_oracle_gap": 0.030465934350114694,
      "mean_excess_s": 124.29,
      "selected_s_std": 79.72050422311173,
      "failure_rate": 0.0,
      "n_failed": 0
    },
    "benchmark": {
      "method": "benchmark",
      "n_reps": 500,
      "target": 0.95,
      "coverage": 1.0,
      "coverage_lo": 0.9923756595384479,
      "coverage_hi": 1.0,
      "coverage_gap": 0.050000000000000044,
      "meets_target": true,
      "significantly_below": false,
      "mean_obj": -42.72055364657857,
      "obj_se": 0.02575335894296993,
      "mean_oracle_gap": 2.5388347991142215,
      "oracle_gap_se": 0.028839460403742044,
      "mean_rel_oracle_gap": 0.056027870092651665,
      "mean_excess_s": NaN,
      "selected_s_std": NaN,
      "failure_rate": 0.0,
      "n_failed": 0
    },
    "_n_replication_errors": 0
  }
}