{
  "config": "paper_ro_ellipsoid",
  "n": 200,
  "split": 0.9,
  "d": 10,
  "reps": 500,
  "mesh_p": null,
  "include_existing": false,
  "folds": null,
  "elapsed_s": 0.6221826076507568,
  "summaries": {
    "NV": {
      "method": "NV",
      "n_reps": 500,
      "target": 0.95,
      "coverage": 0.516,
      "coverage_lo": 0.4722414643366831,
      "coverage_hi": 0.5595145567685472,
      "coverage_gap": -0.43399999999999994,
      "meets_target": false,
      "significantly_below": true,
      "mean_obj": -7.822141837442101,
      "obj_se": 0.01864683101727285,
      "mean_oracle_gap": -0.27360898605870976,
      "oracle_gap_se": 0.01935191216681727,
      "mean_rel_oracle_gap": -0.03657396609951867,
      "mean_excess_s": -0.514249362301073,
      "selected_s_std": 1.0319042942580032,
      "failure_rate": 0.0,
      "n_failed": 0
    },
    "UG": {
      "method": "UG",
      "n_reps": 500,
      "target": 0.95,
      "coverage": 0.958,
      "coverage_lo": 0.9366484142456699,
      "coverage_hi": 0.9723676898915483,
      "coverage_gap": 0.008000000000000007,
      "meets_target": true,
      "significantly_below": false,
      "mean_obj": -7.008194461770917,
      "obj_se": 0.023860303342125067,
      "mean_oracle_gap": 0.5403383896124743,
      "oracle_gap_se": 0.02443677040600647,
      "mean_rel_oracle_gap": 0.07129108284625382,
      "mean_excess_s": 2.1651108182237166,
      "selected_s_std": 2.4763047372594365,
      "failure_rate": 0.0,
      "n_failed": 0
    },
    "NGS": {
      "method": "NGS",
      "n_reps": 500,
      "target": 0.95,
      "coverage": 0.958,
      "coverage_lo": 0.9366484142456699,
      "coverage_hi": 0.9723676898915483,
      "coverage_gap": 0.008000000000000007,
      "meets_target": true,
      "significantly_below": false,
      "mean_obj": -7.008194461770917,
      "obj_se": 0.023860303342125067,
      "mean_oracle_gap": 0.5403383896124743,
      "oracle_gap_se": 0.02443677040600647,
      "mean_rel_oracle_gap": 0.07129108284625382,
      "mean_excess_s": 2.1651108182237166,
      "selected_s_std": 2.4763047372594365,
      "failure_rate": 0.0,
      "n_failed": 0
    },
    "UNGS": {
      "method": "UNGS",
      "n_reps": 500,
      "target": 0.95,
      "coverage": 0.958,
      "coverage_lo": 0.9366484142456699,
      "coverage_hi": 0.9723676898915483,
      "coverage_gap": 0.008000000000000007,
      "meets_target": true,
      "significantly_below": false,
      "mean_obj": -7.008194461770917,
      "obj_se": 0.023860303342125067,
      "mean_oracle_gap": 0.5403383896124743,
      "oracle_gap_se": 0.02443677040600647,
      "mean_rel_oracle_gap": 0.07129108284625382,
      "mean_excess_s": 2.1651108182237166,
      "selected_s_std": 2.4763047372594365,
      "failure_rate": 0.0,
      "n_failed": 0
    },
    "benchmark": {
      "method": "benchmark",
      "n_reps": 500,
      "target": 0.95,
      "coverage": 1.0,
      "coverage_lo": 0.9923756595384479,
      "coverage_hi": 1.0,
      "coverage_gap": 0.050000000000000044,
      "meets_target": true,
      "significantly_below": false,
      "mean_obj": -6.901634398385975,
      "obj_se": 7.95206533574069e-17,
      "mean_oracle_gap": 0.6468984529974173,
      "oracle_gap_se": 0.006794028757050075,
      "mean_rel_oracle_gap": 0.08533226398137972,
      "mean_excess_s": NaN,
      "selected_s_std": NaN,
      "failure_rate": 0.0,
      "n_failed": 0
    },
    "_n_replication_errors": 0
  }
}