{
  "config": "paper_so",
  "n": 200,
  "split": 0.3,
  "d": 10,
  "reps": 500,
  "mesh_p": 60,
  "include_existing": false,
  "folds": null,
  "elapsed_s": 1.082218885421753,
  "summaries": {
    "NV": {
      "method": "NV",
      "n_reps": 500,
      "target": 0.95,
      "coverage": 0.56,
      "coverage_lo": 0.5161968735863127,
      "coverage_hi": 0.6028882055583011,
      "coverage_gap": -0.3899999999999999,
      "meets_target": false,
      "significantly_below": true,
      "mean_obj": -7.778118979279998,
      "obj_se": 0.014142864880611136,
      "mean_oracle_gap": -0.05822029669968282,
      "oracle_gap_se": 0.0110809738670783,
      "mean_rel_oracle_gap": -0.007796611735386945,
      "mean_excess_s": -2.959798994974874,
      "selected_s_std": 16.31985831896534,
      "failure_rate": 0.0,
      "n_failed": 0
    },
    "UG": {
      "method": "UG",
      "n_reps": 500,
      "target": 0.95,
      "coverage": 0.746,
      "coverage_lo": 0.7060690794081029,
      "coverage_hi": 0.7821797450848135,
      "coverage_gap": -0.20399999999999996,
      "meets_target": false,
      "significantly_below": true,
      "mean_obj": -7.650124534109525,
      "obj_se": 0.014961890706898512,
      "mean_oracle_gap": 0.0984024775639445,
      "oracle_gap_se": 0.00970215450371928,
      "mean_rel_oracle_gap": 0.012720191568534175,
      "mean_excess_s": 6.78643216080402,
      "selected_s_std": 15.248059635418882,
      "failure_rate": 0.0,
      "n_failed": 0
    },
    "NGS": {
      "method": "NGS",
      "n_reps": 500,
      "target": 0.95,
      "coverage": 0.754,
      "coverage_lo": 0.7144078267312022,
      "coverage_hi": 0.7897190083143293,
      "coverage_gap": -0.19599999999999995,
      "meets_target": false,
      "significantly_below": true,
      "mean_obj": -7.625474178173976,
      "obj_se": 0.015553893563649905,
      "mean_oracle_gap": 0.12916672550357686,
      "oracle_gap_se": 0.010450147460416606,
      "mean_rel_oracle_gap": 0.01673653283378532,
      "mean_excess_s": 8.768844221105528,
      "selected_s_std": 15.096341379489674,
      "failure_rate": 0.0,
      "n_failed": 0
    },
    "UNGS": {
      "method": "UNGS",
      "n_reps": 500,
      "target": 0.95,
      "coverage": 0.756,
      "coverage_lo": 0.7164951931439073,
      "coverage_hi": 0.791601144539778,
      "coverage_gap": -0.19399999999999995,
      "meets_target": false,
      "significantly_below": true,
      "mean_obj": -7.597177461436466,
      "obj_se": 0.01671953049702918,
      "mean_oracle_gap": 0.1647153646210528,
      "oracle_gap_se": 0.011692593516418989,
      "mean_rel_oracle_gap": 0.021431184824019518,
      "mean_excess_s": 11.030150753768844,
      "selected_s_std": 14.358776861066259,
      "failure_rate": 0.0,
      "n_failed": 0
    },
    "benchmark": {
      "method": "benchmark",
      "n_reps": 500,
      "target": 0.95,
      "coverage": 1.0,
      "coverage_lo": 0.9923756595384479,
      "coverage_hi": 1.0,
      "coverage_gap": 0.050000000000000044,
      "meets_target": true,
      "significantly_below": false,
      "mean_obj": -6.990676912131959,
      "obj_se": 0.011420884461675454,
      "mean_oracle_gap": 0.6757495276349689,
      "oracle_gap_se": 0.013465587116895479,
      "mean_rel_oracle_gap": 0.08800015977094601,
      "mean_excess_s": NaN,
      "selected_s_std": NaN,
      "failure_rate": 0.0,
      "n_failed": 0
    },
    "_n_replication_errors": 0
  }
}