{
  "config": "paper_so",
  "n": 1000,
  "split": 0.9,
  "d": 2,
  "reps": 500,
  "mesh_p": 60,
  "include_existing": false,
  "folds": null,
  "elapsed_s": 3.017481803894043,
  "summaries": {
    "NV": {
      "method": "NV",
      "n_reps": 500,
      "target": 0.95,
      "coverage": 0.87,
      "coverage_lo": 0.8376786384230859,
      "coverage_hi": 0.8966793496353656,
      "coverage_gap": -0.07999999999999996,
      "meets_target": false,
      "significantly_below": true,
      "mean_obj": -1.0684094107209903,
      "obj_se": 0.005194518577451444,
      "mean_oracle_gap": -0.011039249439686812,
      "oracle_gap_se": 0.0036000321657685967,
      "mean_rel_oracle_gap": -0.011952046778897597,
      "mean_excess_s": -0.89,
      "selected_s_std": 14.901160530990218,
      "failure_rate": 0.0,
      "n_failed": 0
    },
    "UG": {
      "method": "UG",
      "n_reps": 500,
      "target": 0.95,
      "coverage": 0.982,
      "coverage_lo": 0.9661483290912607,
      "coverage_hi": 0.990501806703803,
      "coverage_gap": 0.03200000000000003,
      "meets_target": true,
      "significantly_below": false,
      "mean_obj": -1.0193871408110755,
      "obj_se": 0.004294872822905584,
      "mean_oracle_gap": 0.03798302047022783,
      "oracle_gap_se": 0.003676263013690881,
      "mean_rel_oracle_gap": 0.03276027568056187,
      "mean_excess_s": 10.606,
      "selected_s_std": 25.559637206114967,
      "failure_rate": 0.0,
      "n_failed": 0
    },
    "NGS": {
      "method": "NGS",
      "n_reps": 500,
      "target": 0.95,
      "coverage": 0.984,
      "coverage_lo": 0.9687488914666058,
      "coverage_hi": 0.9918707469666117,
      "coverage_gap": 0.03400000000000003,
      "meets_target": true,
      "significantly_below": false,
      "mean_obj": -1.0019095824238535,
      "obj_se": 0.0042802103998885194,
      "mean_oracle_gap": 0.055460578857449976,
      "oracle_gap_se": 0.004221725671183118,
      "mean_rel_oracle_gap": 0.048402154163258035,
      "mean_excess_s": 18.592,
      "selected_s_std": 37.0132010789153,
      "failure_rate": 0.0,
      "n_failed": 0
    },
    "UNGS": {
      "method": "UNGS",
      "n_reps": 500,
      "target": 0.95,
      "coverage": 0.996,
      "coverage_lo": 0.9855342847848231,
      "coverage_hi": 0.9989023694773173,
      "coverage_gap": 0.04600000000000004,
      "meets_target": true,
      "significantly_below": false,
      "mean_obj": -0.9153538491719773,
      "obj_se": 0.0038356627286488185,
      "mean_oracle_gap": 0.14201631210932625,
      "oracle_gap_se": 0.00505565854900246,
      "mean_rel_oracle_gap": 0.12820890775843402,
      "mean_excess_s": 104.502,
      "selected_s_std": 141.628576591784,
      "failure_rate": 0.0,
      "n_failed": 0
    },
    "benchmark": {
      "method": "benchmark",
      "n_reps": 500,
      "target": 0.95,
      "coverage": 1.0,
      "coverage_lo": 0.9923756595384479,
      "coverage_hi": 1.0,
      "coverage_gap": 0.050000000000000044,
      "meets_target": true,
      "significantly_below": false,
      "mean_obj": -0.7894187553261074,
      "obj_se": 0.002009645559748464,
      "mean_oracle_gap": 0.2679514059551962,
      "oracle_gap_se": 0.004710571450911916,
      "mean_rel_oracle_gap": 0.2465044312956115,
      "mean_excess_s": null,
      "selected_s_std": null,
      "failure_rate": 0.0,
      "n_failed": 0
    },
    "_n_replication_errors": 0
  }
}