{
  "config": "paper_ro_ellipsoid",
  "n": 200,
  "split": 0.8,
  "d": 10,
  "reps": 500,
  "mesh_p": null,
  "include_existing": false,
  "folds": null,
  "elapsed_s": 0.6063232421875,
  "summaries": {
    "NV": {
      "method": "NV",
      "n_reps": 500,
      "target": 0.95,
      "coverage": 0.654,
      "coverage_lo": 0.6112729349259212,
      "coverage_hi": 0.6943787682119209,
      "coverage_gap": -0.29599999999999993,
      "meets_target": false,
      "significantly_below": true,
      "mean_obj": -7.749527792043354,
      "obj_se": 0.015551719401846006,
      "mean_oracle_gap": -0.18692998085772958,
      "oracle_gap_se": 0.017115860083191832,
      "mean_rel_oracle_gap": -0.025165499893239497,
      "mean_excess_s": -0.35431100864145415,
      "selected_s_std": 0.8939863877713639,
      "failure_rate": 0.0,
      "n_failed": 0
    },
    "UG": {
      "method": "UG",
      "n_reps": 500,
      "target": 0.95,
      "coverage": 0.972,
      "coverage_lo": 0.9535535973250512,
      "coverage_hi": 0.9832490252792435,
      "coverage_gap": 0.02200000000000002,
      "meets_target": true,
      "significantly_below": false,
      "mean_obj": -7.113329079168472,
      "obj_se": 0.018297818598032093,
      "mean_oracle_gap": 0.4492687320171511,
      "oracle_gap_se": 0.019137776397571138,
      "mean_rel_oracle_gap": 0.05908228944183866,
      "mean_excess_s": 1.6131566991502089,
      "selected_s_std": 1.6370806260594934,
      "failure_rate": 0.0,
      "n_failed": 0
    },
    "NGS": {
      "method": "NGS",
      "n_reps": 500,
      "target": 0.95,
      "coverage": 0.972,
      "coverage_lo": 0.9535535973250512,
      "coverage_hi": 0.9832490252792435,
      "coverage_gap": 0.02200000000000002,
      "meets_target": true,
      "significantly_below": false,
      "mean_obj": -7.113329079168472,
      "obj_se": 0.018297818598032093,
      "mean_oracle_gap": 0.4492687320171511,
      "oracle_gap_se": 0.019137776397571138,
      "mean_rel_oracle_gap": 0.05908228944183866,
      "mean_excess_s": 1.6131566991502089,
      "selected_s_std": 1.6370806260594934,
      "failure_rate": 0.0,
      "n_failed": 0
    },
    "UNGS": {
      "method": "UNGS",
      "n_reps": 500,
      "target": 0.95,
      "coverage": 0.972,
      "coverage_lo": 0.9535535973250512,
      "coverage_hi": 0.9832490252792435,
      "coverage_gap": 0.02200000000000002,
      "meets_target": true,
      "significantly_below": false,
      "mean_obj": -6.806020409760112,
      "obj_se": 0.025173057747835015,
      "mean_oracle_gap": 0.756577401425511,
      "oracle_gap_se": 0.026047917000308205,
      "mean_rel_oracle_gap": 0.09967399074972139,
      "mean_excess_s": 3.1920681401648063,
      "selected_s_std": 2.9414133756848813,
      "failure_rate": 0.0,
      "n_failed": 0
    },
    "benchmark": {
      "method": "benchmark",
      "n_reps": 500,
      "target": 0.95,
      "coverage": 1.0,
      "coverage_lo": 0.9923756595384479,
      "coverage_hi": 1.0,
      "coverage_gap": 0.050000000000000044,
      "meets_target": true,
      "significantly_below": false,
      "mean_obj": -6.901634398385975,
      "obj_se": 7.95206533574069e-17,
      "mean_oracle_gap": 0.6609634127996502,
      "oracle_gap_se": 0.007026552348918307,
      "mean_rel_oracle_gap": 0.08700822906797122,
      "mean_excess_s": null,
      "selected_s_std": null,
      "failure_rate": 0.0,
      "n_failed": 0
    },
    "_n_replication_errors": 0
  }
}