{
  "config": "paper_saa",
  "n": 200,
  "split": 0.3,
  "d": 5,
  "reps": 500,
  "mesh_p": null,
  "include_existing": false,
  "folds": null,
  "elapsed_s": 1.5892579555511475,
  "summaries": {
    "NV": {
      "method": "NV",
      "n_reps": 500,
      "target": 0.95,
      "coverage": 0.584,
      "coverage_lo": 0.5403165775956056,
      "coverage_hi": 0.6264025332068537,
      "coverage_gap": -0.366,
      "meets_target": false,
      "significantly_below": true,
      "mean_obj": -3.5271450719301156,
      "obj_se": 0.007760980261835305,
      "mean_oracle_gap": -0.03166149711117132,
      "oracle_gap_se": 0.008368802726111438,
      "mean_rel_oracle_gap": -0.009746002416479993,
      "mean_excess_s": -0.005321507760532152,
      "selected_s_std": 0.02628773604044792,
      "failure_rate": 0.0,
      "n_failed": 0
    },
    "UG": {
      "method": "UG",
      "n_reps": 500,
      "target": 0.95,
      "coverage": 0.844,
      "coverage_lo": 0.809585245166297,
      "coverage_hi": 0.8731692085961551,
      "coverage_gap": -0.10599999999999998,
      "meets_target": false,
      "significantly_below": true,
      "mean_obj": -3.3767928030862393,
      "obj_se": 0.008729380855388826,
      "mean_oracle_gap": 0.13412510003876404,
      "oracle_gap_se": 0.008228317642355114,
      "mean_rel_oracle_gap": 0.03806971882114145,
      "mean_excess_s": 0.014971175166297118,
      "selected_s_std": 0.01909225613930889,
      "failure_rate": 0.0,
      "n_failed": 0
    },
    "NGS": {
      "method": "NGS",
      "n_reps": 500,
      "target": 0.95,
      "coverage": 0.872,
      "coverage_lo": 0.8398543146918417,
      "coverage_hi": 0.8984731760047634,
      "coverage_gap": -0.07799999999999996,
      "meets_target": false,
      "significantly_below": true,
      "mean_obj": -3.3432599564596597,
      "obj_se": 0.009088322960380545,
      "mean_oracle_gap": 0.1710703997264256,
      "oracle_gap_se": 0.008491110590407417,
      "mean_rel_oracle_gap": 0.04866980780773071,
      "mean_excess_s": 0.019050997782705102,
      "selected_s_std": 0.016320132028229357,
      "failure_rate": 0.0,
      "n_failed": 0
    },
    "UNGS": {
      "method": "UNGS",
      "n_reps": 500,
      "target": 0.95,
      "coverage": 0.872,
      "coverage_lo": 0.8398543146918417,
      "coverage_hi": 0.8984731760047634,
      "coverage_gap": -0.07799999999999996,
      "meets_target": false,
      "significantly_below": true,
      "mean_obj": -3.329001322442054,
      "obj_se": 0.009423057116768902,
      "mean_oracle_gap": 0.1868781979721093,
      "oracle_gap_se": 0.008861593942683915,
      "mean_rel_oracle_gap": 0.05319182289814089,
      "mean_excess_s": 0.020221729490022176,
      "selected_s_std": 0.016177262551102228,
      "failure_rate": 0.0,
      "n_failed": 0
    },
    "_n_replication_errors": 0
  }
}