{
  "config": "paper_saa",
  "n": 200,
  "split": 0.5,
  "d": 5,
  "reps": 500,
  "mesh_p": null,
  "include_existing": false,
  "folds": null,
  "elapsed_s": 4.236099004745483,
  "summaries": {
    "NV": {
      "method": "NV",
      "n_reps": 500,
      "target": 0.95,
      "coverage": 0.478,
      "coverage_lo": 0.43455096039387586,
      "coverage_hi": 0.5217845105864325,
      "coverage_gap": -0.472,
      "meets_target": false,
      "significantly_below": true,
      "mean_obj": -3.577472490420452,
      "obj_se": 0.00723401839198402,
      "mean_oracle_gap": -0.04960486285615938,
      "oracle_gap_se": 0.007399971156680988,
      "mean_rel_oracle_gap": -0.0143048948115037,
      "mean_excess_s": -0.009114228456913828,
      "selected_s_std": 0.027737029068794054,
      "failure_rate": 0.0,
      "n_failed": 0
    },
    "UG": {
      "method": "UG",
      "n_reps": 500,
      "target": 0.95,
      "coverage": 0.9,
      "coverage_lo": 0.8705780903680599,
      "coverage_hi": 0.9233224372626984,
      "coverage_gap": -0.04999999999999993,
      "meets_target": false,
      "significantly_below": true,
      "mean_obj": -3.3549092864497414,
      "obj_se": 0.008106281015563882,
      "mean_oracle_gap": 0.17308995449484385,
      "oracle_gap_se": 0.008477927189900702,
      "mean_rel_oracle_gap": 0.04877097650115794,
      "mean_excess_s": 0.018653306613226454,
      "selected_s_std": 0.022552125859029857,
      "failure_rate": 0.0,
      "n_failed": 0
    },
    "NGS": {
      "method": "NGS",
      "n_reps": 500,
      "target": 0.95,
      "coverage": 0.964,
      "coverage_lo": 0.9438156730319722,
      "coverage_hi": 0.9771089390197072,
      "coverage_gap": 0.014000000000000012,
      "meets_target": true,
      "significantly_below": false,
      "mean_obj": -3.2709391981453884,
      "obj_se": 0.008311946925740889,
      "mean_oracle_gap": 0.2572283195292661,
      "oracle_gap_se": 0.008718061089523665,
      "mean_rel_oracle_gap": 0.0726155527371774,
      "mean_excess_s": 0.026933867735470945,
      "selected_s_std": 0.018219343153084846,
      "failure_rate": 0.0,
      "n_failed": 0
    },
    "UNGS": {
      "method": "UNGS",
      "n_reps": 500,
      "target": 0.95,
      "coverage": 0.976,
      "coverage_lo": 0.9585229425360993,
      "coverage_hi": 0.986218685344503,
      "coverage_gap": 0.026000000000000023,
      "meets_target": true,
      "significantly_below": false,
      "mean_obj": -3.2218296018912844,
      "obj_se": 0.008697526238816547,
      "mean_oracle_gap": 0.30643633180792706,
      "oracle_gap_se": 0.00919458971464673,
      "mean_rel_oracle_gap": 0.08652622777383935,
      "mean_excess_s": 0.03101402805611222,
      "selected_s_std": 0.017226721099491898,
      "failure_rate": 0.0,
      "n_failed": 0
    },
    "_n_replication_errors": 0
  }
}