{
  "config": "paper_saa",
  "n": 200,
  "split": 0.2,
  "d": 10,
  "reps": 500,
  "mesh_p": null,
  "include_existing": false,
  "folds": null,
  "elapsed_s": 0.5527627468109131,
  "summaries": {
    "NV": {
      "method": "NV",
      "n_reps": 500,
      "target": 0.95,
      "coverage": 0.454,
      "coverage_lo": 0.4108757266738578,
      "coverage_hi": 0.49782571264860515,
      "coverage_gap": -0.49599999999999994,
      "meets_target": false,
      "significantly_below": true,
      "mean_obj": -7.891984929126535,
      "obj_se": 0.015729565170704837,
      "mean_oracle_gap": -0.09123741287475369,
      "oracle_gap_se": 0.016476746477635796,
      "mean_rel_oracle_gap": -0.012528534254208527,
      "mean_excess_s": -0.004657894736842105,
      "selected_s_std": 0.021667283316850437,
      "failure_rate": 0.0,
      "n_failed": 0
    },
    "UG": {
      "method": "UG",
      "n_reps": 500,
      "target": 0.95,
      "coverage": 0.586,
      "coverage_lo": 0.5423312223504144,
      "coverage_hi": 0.6283573910901985,
      "coverage_gap": -0.364,
      "meets_target": false,
      "significantly_below": true,
      "mean_obj": -7.780443383235759,
      "obj_se": 0.01814450752144906,
      "mean_oracle_gap": 0.08790982860892123,
      "oracle_gap_se": 0.012309319667342188,
      "mean_rel_oracle_gap": 0.0112964105799031,
      "mean_excess_s": 0.008368421052631577,
      "selected_s_std": 0.011841583602052928,
      "failure_rate": 0.0,
      "n_failed": 0
    },
    "NGS": {
      "method": "NGS",
      "n_reps": 500,
      "target": 0.95,
      "coverage": 0.586,
      "coverage_lo": 0.5423312223504144,
      "coverage_hi": 0.6283573910901985,
      "coverage_gap": -0.364,
      "meets_target": false,
      "significantly_below": true,
      "mean_obj": -7.774730026500734,
      "obj_se": 0.018333400323030418,
      "mean_oracle_gap": 0.09730679692310684,
      "oracle_gap_se": 0.01266035800668073,
      "mean_rel_oracle_gap": 0.01251577519872597,
      "mean_excess_s": 0.008842105263157894,
      "selected_s_std": 0.011116770627226087,
      "failure_rate": 0.0,
      "n_failed": 0
    },
    "UNGS": {
      "method": "UNGS",
      "n_reps": 500,
      "target": 0.95,
      "coverage": 0.586,
      "coverage_lo": 0.5423312223504144,
      "coverage_hi": 0.6283573910901985,
      "coverage_gap": -0.364,
      "meets_target": false,
      "significantly_below": true,
      "mean_obj": -7.77164064585243,
      "obj_se": 0.018436473262696956,
      "mean_oracle_gap": 0.10238801509466047,
      "oracle_gap_se": 0.012916098333787996,
      "mean_rel_oracle_gap": 0.01317044660249222,
      "mean_excess_s": 0.008605263157894736,
      "selected_s_std": 0.01059718720951494,
      "failure_rate": 0.0,
      "n_failed": 0
    },
    "_n_replication_errors": 0
  }
}