{
  "config": "paper_ro_ellipsoid",
  "n": 500,
  "split": 0.2,
  "d": 2,
  "reps": 500,
  "mesh_p": null,
  "include_existing": false,
  "folds": null,
  "elapsed_s": 0.38254833221435547,
  "summaries": {
    "NV": {
      "method": "NV",
      "n_reps": 500,
      "target": 0.95,
      "coverage": 0.938,
      "coverage_lo": 0.9133402868983618,
      "coverage_hi": 0.9559807908573184,
      "coverage_gap": -0.01200000000000001,
      "meets_target": false,
      "significantly_below": false,
      "mean_obj": -1.1749362088602944,
      "obj_se": 0.0018760386950850002,
      "mean_oracle_gap": 0.0034243093230566066,
      "oracle_gap_se": 0.002069408242594443,
      "mean_rel_oracle_gap": 0.002326684523310349,
      "mean_excess_s": 0.04257247478314452,
      "selected_s_std": 0.49390160044066356,
      "failure_rate": 0.0,
      "n_failed": 0
    },
    "UG": {
      "method": "UG",
      "n_reps": 500,
      "target": 0.95,
      "coverage": 0.998,
      "coverage_lo": 0.9887592932948532,
      "coverage_hi": 0.9996468636054407,
      "coverage_gap": 0.04800000000000004,
      "meets_target": true,
      "significantly_below": false,
      "mean_obj": -1.1351778618175914,
      "obj_se": 0.0018675258697284348,
      "mean_oracle_gap": 0.04318265636575951,
      "oracle_gap_se": 0.002396165707955702,
      "mean_rel_oracle_gap": 0.03583311247318004,
      "mean_excess_s": 0.4166270331199937,
      "selected_s_std": 0.624272765653694,
      "failure_rate": 0.0,
      "n_failed": 0
    },
    "NGS": {
      "method": "NGS",
      "n_reps": 500,
      "target": 0.95,
      "coverage": 0.998,
      "coverage_lo": 0.9887592932948532,
      "coverage_hi": 0.9996468636054407,
      "coverage_gap": 0.04800000000000004,
      "meets_target": true,
      "significantly_below": false,
      "mean_obj": -1.1162408611913095,
      "obj_se": 0.0018314664384524316,
      "mean_oracle_gap": 0.06211965699204157,
      "oracle_gap_se": 0.0024535327743492367,
      "mean_rel_oracle_gap": 0.051840175900233515,
      "mean_excess_s": 0.6107466441142332,
      "selected_s_std": 0.6482685098902097,
      "failure_rate": 0.0,
      "n_failed": 0
    },
    "UNGS": {
      "method": "UNGS",
      "n_reps": 500,
      "target": 0.95,
      "coverage": 0.998,
      "coverage_lo": 0.9887592932948532,
      "coverage_hi": 0.9996468636054407,
      "coverage_gap": 0.04800000000000004,
      "meets_target": true,
      "significantly_below": false,
      "mean_obj": -1.1122998396066732,
      "obj_se": 0.0018909704959627132,
      "mean_oracle_gap": 0.0660606785766777,
      "oracle_gap_se": 0.0025183678763023845,
      "mean_rel_oracle_gap": 0.05516887999901414,
      "mean_excess_s": 0.6597758278509687,
      "selected_s_std": 0.7040116892467898,
      "failure_rate": 0.0,
      "n_failed": 0
    },
    "benchmark": {
      "method": "benchmark",
      "n_reps": 500,
      "target": 0.95,
      "coverage": 1.0,
      "coverage_lo": 0.9923756595384479,
      "coverage_hi": 1.0,
      "coverage_gap": 0.050000000000000044,
      "meets_target": true,
      "significantly_below": false,
      "mean_obj": -0.9727869233715889,
      "obj_se": 0.0,
      "mean_oracle_gap": 0.20557359481176202,
      "oracle_gap_se": 0.0015625033907948772,
      "mean_rel_oracle_gap": 0.17372608675271228,
      "mean_excess_s": NaN,
      "selected_s_std": NaN,
      "failure_rate": 0.0,
      "n_failed": 0
    },
    "_n_replication_errors": 0
  }
}