{
  "config": "paper_saa",
  "n": 400,
  "split": 0.5,
  "d": 10,
  "reps": 500,
  "mesh_p": null,
  "include_existing": false,
  "folds": null,
  "elapsed_s": 43.7834677696228,
  "summaries": {
    "NV": {
      "method": "NV",
      "n_reps": 500,
      "target": 0.95,
      "coverage": 0.456,
      "coverage_lo": 0.41284481758175473,
      "coverage_hi": 0.499826124378862,
      "coverage_gap": -0.49399999999999994,
      "meets_target": false,
      "significantly_below": true,
      "mean_obj": -7.927457511619588,
      "obj_se": 0.008400769621200708,
      "mean_oracle_gap": -0.04370592277406921,
      "oracle_gap_se": 0.008608620939505566,
      "mean_rel_oracle_gap": -0.005573973675755097,
      "mean_excess_s": -0.005472,
      "selected_s_std": 0.0220243625353875,
      "failure_rate": 0.0,
      "n_failed": 0
    },
    "UG": {
      "method": "UG",
      "n_reps": 500,
      "target": 0.95,
      "coverage": 0.926,
      "coverage_lo": 0.8996652466777695,
      "coverage_hi": 0.945838815248988,
      "coverage_gap": -0.02399999999999991,
      "meets_target": false,
      "significantly_below": true,
      "mean_obj": -7.623314095213291,
      "obj_se": 0.009987791221118491,
      "mean_oracle_gap": 0.26043749363222873,
      "oracle_gap_se": 0.010114079399048684,
      "mean_rel_oracle_gap": 0.0330099063844293,
      "mean_excess_s": 0.018832,
      "selected_s_std": 0.01867418953286645,
      "failure_rate": 0.0,
      "n_failed": 0
    },
    "NGS": {
      "method": "NGS",
      "n_reps": 500,
      "target": 0.95,
      "coverage": 0.988,
      "coverage_lo": 0.9740696388835527,
      "coverage_hi": 0.9944890048259724,
      "coverage_gap": 0.038000000000000034,
      "meets_target": true,
      "significantly_below": false,
      "mean_obj": -7.441765897048751,
      "obj_se": 0.010262705971628474,
      "mean_oracle_gap": 0.4419856917967676,
      "oracle_gap_se": 0.010499144815565234,
      "mean_rel_oracle_gap": 0.05602915526570201,
      "mean_excess_s": 0.029488,
      "selected_s_std": 0.015125182388472843,
      "failure_rate": 0.0,
      "n_failed": 0
    },
    "UNGS": {
      "method": "UNGS",
      "n_reps": 500,
      "target": 0.95,
      "coverage": 0.988,
      "coverage_lo": 0.9740696388835527,
      "coverage_hi": 0.9944890048259724,
      "coverage_gap": 0.038000000000000034,
      "meets_target": true,
      "significantly_below": false,
      "mean_obj": -7.326684662197468,
      "obj_se": 0.011832031654486742,
      "mean_oracle_gap": 0.557066926648052,
      "oracle_gap_se": 0.011971070818586364,
      "mean_rel_oracle_gap": 0.07063328250193124,
      "mean_excess_s": 0.034056,
      "selected_s_std": 0.015180578246951716,
      "failure_rate": 0.0,
      "n_failed": 0
    },
    "_n_replication_errors": 0
  }
}