{
  "config": "paper_ro_ellipsoid",
  "n": 1000,
  "split": 0.9,
  "d": 50,
  "reps": 500,
  "mesh_p": null,
  "include_existing": false,
  "folds": null,
  "elapsed_s": 3.66263484954834,
  "summaries": {
    "NV": {
      "method": "NV",
      "n_reps": 500,
      "target": 0.95,
      "coverage": 1.0,
      "coverage_lo": 0.9923756595384479,
      "coverage_hi": 1.0,
      "coverage_gap": 0.050000000000000044,
      "meets_target": true,
      "significantly_below": false,
      "mean_obj": -43.89166380210576,
      "obj_se": 0.010380988576588689,
      "mean_oracle_gap": 0.005476796148782128,
      "oracle_gap_se": 0.005476796148782298,
      "mean_rel_oracle_gap": 0.00012358341671701577,
      "mean_excess_s": 0.00658858072736868,
      "selected_s_std": 0.1480300103451443,
      "failure_rate": 0.0,
      "n_failed": 0
    },
    "UG": {
      "method": "UG",
      "n_reps": 500,
      "target": 0.95,
      "coverage": 1.0,
      "coverage_lo": 0.9923756595384479,
      "coverage_hi": 1.0,
      "coverage_gap": 0.050000000000000044,
      "meets_target": true,
      "significantly_below": false,
      "mean_obj": -43.52960241992917,
      "obj_se": 0.04151053055083218,
      "mean_oracle_gap": 0.36753817832536556,
      "oracle_gap_se": 0.0414773490830511,
      "mean_rel_oracle_gap": 0.008361994647063898,
      "mean_excess_s": 0.4494685718574723,
      "selected_s_std": 1.1332484096897335,
      "failure_rate": 0.0,
      "n_failed": 0
    },
    "NGS": {
      "method": "NGS",
      "n_reps": 500,
      "target": 0.95,
      "coverage": 1.0,
      "coverage_lo": 0.9923756595384479,
      "coverage_hi": 1.0,
      "coverage_gap": 0.050000000000000044,
      "meets_target": true,
      "significantly_below": false,
      "mean_obj": -43.34671918673143,
      "obj_se": 0.04849048876043672,
      "mean_oracle_gap": 0.550421411523115,
      "oracle_gap_se": 0.04868166647822985,
      "mean_rel_oracle_gap": 0.012525491141524472,
      "mean_excess_s": 0.6742970917910388,
      "selected_s_std": 1.3324864673634553,
      "failure_rate": 0.0,
      "n_failed": 0
    },
    "UNGS": {
      "method": "UNGS",
      "n_reps": 500,
      "target": 0.95,
      "coverage": 1.0,
      "coverage_lo": 0.9923756595384479,
      "coverage_hi": 1.0,
      "coverage_gap": 0.050000000000000044,
      "meets_target": true,
      "significantly_below": false,
      "mean_obj": -43.47063712493543,
      "obj_se": 0.04398031523862043,
      "mean_oracle_gap": 0.4265034733191163,
      "oracle_gap_se": 0.04408282127840596,
      "mean_rel_oracle_gap": 0.009703769592719702,
      "mean_excess_s": 0.5221687910516384,
      "selected_s_std": 1.2057339584812452,
      "failure_rate": 0.0,
      "n_failed": 0
    },
    "benchmark": {
      "method": "benchmark",
      "n_reps": 500,
      "target": 0.95,
      "coverage": 1.0,
      "coverage_lo": 0.9923756595384479,
      "coverage_hi": 1.0,
      "coverage_gap": 0.050000000000000044,
      "meets_target": true,
      "significantly_below": false,
      "mean_obj": -42.46409155317787,
      "obj_se": 3.180826134296276e-16,
      "mean_oracle_gap": 1.4330490450766618,
      "oracle_gap_se": 0.009326151070097644,
      "mean_rel_oracle_gap": 0.03262381224899613,
      "mean_excess_s": null,
      "selected_s_std": null,
      "failure_rate": 0.0,
      "n_failed": 0
    },
    "_n_replication_errors": 0
  }
}