{
  "config": "paper_ro_ellipsoid",
  "n": 500,
  "split": 0.5,
  "d": 50,
  "reps": 500,
  "mesh_p": null,
  "include_existing": false,
  "folds": null,
  "elapsed_s": 3.6755032539367676,
  "summaries": {
    "NV": {
      "method": "NV",
      "n_reps": 500,
      "target": 0.95,
      "coverage": 1.0,
      "coverage_lo": 0.9923756595384479,
      "coverage_hi": 1.0,
      "coverage_gap": 0.050000000000000044,
      "meets_target": true,
      "significantly_below": false,
      "mean_obj": -44.254549585066364,
      "obj_se": 0.018230224164642615,
      "mean_oracle_gap": 0.014849036716018886,
      "oracle_gap_se": 0.008558641974881943,
      "mean_rel_oracle_gap": 0.00033034180398750575,
      "mean_excess_s": 0.01942170426393625,
      "selected_s_std": 0.25131911364445564,
      "failure_rate": 0.0,
      "n_failed": 0
    },
    "UG": {
      "method": "UG",
      "n_reps": 500,
      "target": 0.95,
      "coverage": 1.0,
      "coverage_lo": 0.9923756595384479,
      "coverage_hi": 1.0,
      "coverage_gap": 0.050000000000000044,
      "meets_target": true,
      "significantly_below": false,
      "mean_obj": -44.02545623505457,
      "obj_se": 0.030912116771526367,
      "mean_oracle_gap": 0.24394238672781657,
      "oracle_gap_se": 0.03315237679876483,
      "mean_rel_oracle_gap": 0.005454836372671645,
      "mean_excess_s": 0.31675210834701817,
      "selected_s_std": 0.955850018163505,
      "failure_rate": 0.0,
      "n_failed": 0
    },
    "NGS": {
      "method": "NGS",
      "n_reps": 500,
      "target": 0.95,
      "coverage": 1.0,
      "coverage_lo": 0.9923756595384479,
      "coverage_hi": 1.0,
      "coverage_gap": 0.050000000000000044,
      "meets_target": true,
      "significantly_below": false,
      "mean_obj": -43.83013912844386,
      "obj_se": 0.038658523149188224,
      "mean_oracle_gap": 0.43925949333852554,
      "oracle_gap_se": 0.04258228068690759,
      "mean_rel_oracle_gap": 0.009844881264303208,
      "mean_excess_s": 0.5703891585926719,
      "selected_s_std": 1.230599618173673,
      "failure_rate": 0.0,
      "n_failed": 0
    },
    "UNGS": {
      "method": "UNGS",
      "n_reps": 500,
      "target": 0.95,
      "coverage": 1.0,
      "coverage_lo": 0.9923756595384479,
      "coverage_hi": 1.0,
      "coverage_gap": 0.050000000000000044,
      "meets_target": true,
      "significantly_below": false,
      "mean_obj": -44.0155387830252,
      "obj_se": 0.031364175821671905,
      "mean_oracle_gap": 0.2538598387571842,
      "oracle_gap_se": 0.03374118099774905,
      "mean_rel_oracle_gap": 0.005677448439567427,
      "mean_excess_s": 0.3298264479178495,
      "selected_s_std": 0.9738661605001442,
      "failure_rate": 0.0,
      "n_failed": 0
    },
    "benchmark": {
      "method": "benchmark",
      "n_reps": 500,
      "target": 0.95,
      "coverage": 1.0,
      "coverage_lo": 0.9923756595384479,
      "coverage_hi": 1.0,
      "coverage_gap": 0.050000000000000044,
      "meets_target": true,
      "significantly_below": false,
      "mean_obj": -42.46409155317787,
      "obj_se": 3.180826134296276e-16,
      "mean_oracle_gap": 1.8053070686045056,
      "oracle_gap_se": 0.017311198732925255,
      "mean_rel_oracle_gap": 0.04070674673681243,
      "mean_excess_s": NaN,
      "selected_s_std": NaN,
      "failure_rate": 0.0,
      "n_failed": 0
    },
    "_n_replication_errors": 0
  }
}