{
  "config": "paper_so",
  "n": 1000,
  "split": 0.5,
  "d": 50,
  "reps": 500,
  "mesh_p": 60,
  "include_existing": false,
  "folds": null,
  "elapsed_s": 20.612890005111694,
  "summaries": {
    "NV": {
      "method": "NV",
      "n_reps": 500,
      "target": 0.95,
      "coverage": 0.81,
      "coverage_lo": 0.7733002877435668,
      "coverage_hi": 0.8419726211702709,
      "coverage_gap": -0.1399999999999999,
      "meets_target": false,
      "significantly_below": true,
      "mean_obj": -45.25631757064011,
      "obj_se": 0.026701825858092994,
      "mean_oracle_gap": -0.01739769405227345,
      "oracle_gap_se": 0.019386546923355973,
      "mean_rel_oracle_gap": -0.00040626758552955776,
      "mean_excess_s": 1.268,
      "selected_s_std": 35.44912502347356,
      "failure_rate": 0.0,
      "n_failed": 0
    },
    "UG": {
      "method": "UG",
      "n_reps": 500,
      "target": 0.95,
      "coverage": 0.984,
      "coverage_lo": 0.9687488914666058,
      "coverage_hi": 0.9918707469666117,
      "coverage_gap": 0.03400000000000003,
      "meets_target": true,
      "significantly_below": false,
      "mean_obj": -44.77375968094349,
      "obj_se": 0.024350147137138945,
      "mean_oracle_gap": 0.465160195644343,
      "oracle_gap_se": 0.02492363200052491,
      "mean_rel_oracle_gap": 0.01021673822389208,
      "mean_excess_s": 28.74,
      "selected_s_std": 50.24407585294642,
      "failure_rate": 0.0,
      "n_failed": 0
    },
    "NGS": {
      "method": "NGS",
      "n_reps": 500,
      "target": 0.95,
      "coverage": 0.998,
      "coverage_lo": 0.9887592932948532,
      "coverage_hi": 0.9996468636054407,
      "coverage_gap": 0.04800000000000004,
      "meets_target": true,
      "significantly_below": false,
      "mean_obj": -44.4991387841007,
      "obj_se": 0.025133699483694958,
      "mean_oracle_gap": 0.7397810924871305,
      "oracle_gap_se": 0.02912828116172914,
      "mean_rel_oracle_gap": 0.016264505943685958,
      "mean_excess_s": 46.39,
      "selected_s_std": 59.44855916145273,
      "failure_rate": 0.0,
      "n_failed": 0
    },
    "UNGS": {
      "method": "UNGS",
      "n_reps": 500,
      "target": 0.95,
      "coverage": 0.998,
      "coverage_lo": 0.9887592932948532,
      "coverage_hi": 0.9996468636054407,
      "coverage_gap": 0.04800000000000004,
      "meets_target": true,
      "significantly_below": false,
      "mean_obj": -44.26632194054293,
      "obj_se": 0.024503684789801264,
      "mean_oracle_gap": 0.9725979360448984,
      "oracle_gap_se": 0.030403910078462958,
      "mean_rel_oracle_gap": 0.021398072348667332,
      "mean_excess_s": 71.996,
      "selected_s_std": 80.75776997182155,
      "failure_rate": 0.0,
      "n_failed": 0
    },
    "benchmark": {
      "method": "benchmark",
      "n_reps": 500,
      "target": 0.95,
      "coverage": 1.0,
      "coverage_lo": 0.9923756595384479,
      "coverage_hi": 1.0,
      "coverage_gap": 0.050000000000000044,
      "meets_target": true,
      "significantly_below": false,
      "mean_obj": -41.943171335967456,
      "obj_se": 0.020247628295268293,
      "mean_oracle_gap": 3.2957485406203793,
      "oracle_gap_se": 0.027472493225817744,
      "mean_rel_oracle_gap": 0.07275466909909675,
      "mean_excess_s": null,
      "selected_s_std": null,
      "failure_rate": 0.0,
      "n_failed": 0
    },
    "_n_replication_errors": 0
  }
}