{
  "config": "paper_saa",
  "n": 400,
  "split": 0.4,
  "d": 5,
  "reps": 500,
  "mesh_p": null,
  "include_existing": false,
  "folds": null,
  "elapsed_s": 12.945506811141968,
  "summaries": {
    "NV": {
      "method": "NV",
      "n_reps": 500,
      "target": 0.95,
      "coverage": 0.514,
      "coverage_lo": 0.47025151158007206,
      "coverage_hi": 0.5575350068870044,
      "coverage_gap": -0.43599999999999994,
      "meets_target": false,
      "significantly_below": true,
      "mean_obj": -3.597174402047137,
      "obj_se": 0.004613752256864888,
      "mean_oracle_gap": -0.027890084775336853,
      "oracle_gap_se": 0.00475934192314038,
      "mean_rel_oracle_gap": -0.007888212446898288,
      "mean_excess_s": -0.0049039999999999995,
      "selected_s_std": 0.021105935682695618,
      "failure_rate": 0.0,
      "n_failed": 0
    },
    "UG": {
      "method": "UG",
      "n_reps": 500,
      "target": 0.95,
      "coverage": 0.94,
      "coverage_lo": 0.9156389368747802,
      "coverage_hi": 0.9576516435190539,
      "coverage_gap": -0.010000000000000009,
      "meets_target": false,
      "significantly_below": false,
      "mean_obj": -3.426909927048974,
      "obj_se": 0.0057413488549140825,
      "mean_oracle_gap": 0.14237439022282627,
      "oracle_gap_se": 0.0059329892724169645,
      "mean_rel_oracle_gap": 0.03980147688792738,
      "mean_excess_s": 0.018312000000000005,
      "selected_s_std": 0.020250227837111112,
      "failure_rate": 0.0,
      "n_failed": 0
    },
    "NGS": {
      "method": "NGS",
      "n_reps": 500,
      "target": 0.95,
      "coverage": 0.99,
      "coverage_lo": 0.9768069002442693,
      "coverage_hi": 0.9957212461034096,
      "coverage_gap": 0.040000000000000036,
      "meets_target": true,
      "significantly_below": false,
      "mean_obj": -3.35534070772788,
      "obj_se": 0.006024656009503436,
      "mean_oracle_gap": 0.21394360954391983,
      "oracle_gap_se": 0.006231180524904831,
      "mean_rel_oracle_gap": 0.05984864042719934,
      "mean_excess_s": 0.026736000000000003,
      "selected_s_std": 0.018628355570541513,
      "failure_rate": 0.0,
      "n_failed": 0
    },
    "UNGS": {
      "method": "UNGS",
      "n_reps": 500,
      "target": 0.95,
      "coverage": 0.992,
      "coverage_lo": 0.9796129641658948,
      "coverage_hi": 0.9968846848199377,
      "coverage_gap": 0.04200000000000004,
      "meets_target": true,
      "significantly_below": false,
      "mean_obj": -3.3077069371623584,
      "obj_se": 0.0068592344455645025,
      "mean_oracle_gap": 0.2615773801094416,
      "oracle_gap_se": 0.007059841619183906,
      "mean_rel_oracle_gap": 0.07318992854033685,
      "mean_excess_s": 0.030840000000000003,
      "selected_s_std": 0.019770573465387912,
      "failure_rate": 0.0,
      "n_failed": 0
    },
    "_n_replication_errors": 0
  }
}