{
  "config": "paper_ro_ellipsoid",
  "n": 200,
  "split": 0.9,
  "d": 50,
  "reps": 500,
  "mesh_p": null,
  "include_existing": false,
  "folds": null,
  "elapsed_s": 3.6880502700805664,
  "summaries": {
    "NV": {
      "method": "NV",
      "n_reps": 500,
      "target": 0.95,
      "coverage": 0.998,
      "coverage_lo": 0.9887592932948532,
      "coverage_hi": 0.9996468636054407,
      "coverage_gap": 0.04800000000000004,
      "meets_target": true,
      "significantly_below": false,
      "mean_obj": -44.178867242835764,
      "obj_se": 0.03465356002051667,
      "mean_oracle_gap": 0.22767183663698617,
      "oracle_gap_se": 0.03221847588864756,
      "mean_rel_oracle_gap": 0.00509609563799167,
      "mean_excess_s": 0.3027282733453616,
      "selected_s_std": 0.949707917119915,
      "failure_rate": 0.0,
      "n_failed": 0
    },
    "UG": {
      "method": "UG",
      "n_reps": 500,
      "target": 0.95,
      "coverage": 0.998,
      "coverage_lo": 0.9887592932948532,
      "coverage_hi": 0.9996468636054407,
      "coverage_gap": 0.04800000000000004,
      "meets_target": true,
      "significantly_below": false,
      "mean_obj": -42.105999501087894,
      "obj_se": 0.08126321115244214,
      "mean_oracle_gap": 2.3005395783848734,
      "oracle_gap_se": 0.0841172852562636,
      "mean_rel_oracle_gap": 0.05170043206201831,
      "mean_excess_s": 3.5175494214661205,
      "selected_s_std": 3.449985423093515,
      "failure_rate": 0.0,
      "n_failed": 0
    },
    "NGS": {
      "method": "NGS",
      "n_reps": 500,
      "target": 0.95,
      "coverage": 0.998,
      "coverage_lo": 0.9887592932948532,
      "coverage_hi": 0.9996468636054407,
      "coverage_gap": 0.04800000000000004,
      "meets_target": true,
      "significantly_below": false,
      "mean_obj": -42.105999501087894,
      "obj_se": 0.08126321115244214,
      "mean_oracle_gap": 2.3005395783848734,
      "oracle_gap_se": 0.0841172852562636,
      "mean_rel_oracle_gap": 0.05170043206201831,
      "mean_excess_s": 3.5175494214661205,
      "selected_s_std": 3.449985423093515,
      "failure_rate": 0.0,
      "n_failed": 0
    },
    "UNGS": {
      "method": "UNGS",
      "n_reps": 500,
      "target": 0.95,
      "coverage": 0.998,
      "coverage_lo": 0.9887592932948532,
      "coverage_hi": 0.9996468636054407,
      "coverage_gap": 0.04800000000000004,
      "meets_target": true,
      "significantly_below": false,
      "mean_obj": -42.105999501087894,
      "obj_se": 0.08126321115244214,
      "mean_oracle_gap": 2.3005395783848734,
      "oracle_gap_se": 0.0841172852562636,
      "mean_rel_oracle_gap": 0.05170043206201831,
      "mean_excess_s": 3.5175494214661205,
      "selected_s_std": 3.449985423093515,
      "failure_rate": 0.0,
      "n_failed": 0
    },
    "benchmark": {
      "method": "benchmark",
      "n_reps": 500,
      "target": 0.95,
      "coverage": 1.0,
      "coverage_lo": 0.9923756595384479,
      "coverage_hi": 1.0,
      "coverage_gap": 0.050000000000000044,
      "meets_target": true,
      "significantly_below": false,
      "mean_obj": -42.46409155317787,
      "obj_se": 3.180826134296276e-16,
      "mean_oracle_gap": 1.942447526294879,
      "oracle_gap_se": 0.020278811094694052,
      "mean_rel_oracle_gap": 0.043642821858769214,
      "mean_excess_s": null,
      "selected_s_std": null,
      "failure_rate": 0.0,
      "n_failed": 0
    },
    "_n_replication_errors": 0
  }
}