{
  "config": "paper_so",
  "n": 1000,
  "split": 0.3,
  "d": 50,
  "reps": 500,
  "mesh_p": 60,
  "include_existing": false,
  "folds": null,
  "elapsed_s": 13.09384298324585,
  "summaries": {
    "NV": {
      "method": "NV",
      "n_reps": 500,
      "target": 0.95,
      "coverage": 0.796,
      "coverage_lo": 0.758484663357909,
      "coverage_hi": 0.8290017270888521,
      "coverage_gap": -0.15399999999999991,
      "meets_target": false,
      "significantly_below": true,
      "mean_obj": -45.265783051282504,
      "obj_se": 0.026255670952292323,
      "mean_oracle_gap": -0.03320125137191897,
      "oracle_gap_se": 0.017861153920172696,
      "mean_rel_oracle_gap": -0.0007503803270700684,
      "mean_excess_s": -0.064,
      "selected_s_std": 33.75801966620031,
      "failure_rate": 0.0,
      "n_failed": 0
    },
    "UG": {
      "method": "UG",
      "n_reps": 500,
      "target": 0.95,
      "coverage": 0.984,
      "coverage_lo": 0.9687488914666058,
      "coverage_hi": 0.9918707469666117,
      "coverage_gap": 0.03400000000000003,
      "meets_target": true,
      "significantly_below": false,
      "mean_obj": -44.82479756691302,
      "obj_se": 0.023231794031605222,
      "mean_oracle_gap": 0.40778423299755967,
      "oracle_gap_se": 0.02272452152893937,
      "mean_rel_oracle_gap": 0.008957236814534827,
      "mean_excess_s": 24.714,
      "selected_s_std": 48.8812369591166,
      "failure_rate": 0.0,
      "n_failed": 0
    },
    "NGS": {
      "method": "NGS",
      "n_reps": 500,
      "target": 0.95,
      "coverage": 0.998,
      "coverage_lo": 0.9887592932948532,
      "coverage_hi": 0.9996468636054407,
      "coverage_gap": 0.04800000000000004,
      "meets_target": true,
      "significantly_below": false,
      "mean_obj": -44.6538499227365,
      "obj_se": 0.022764975684095735,
      "mean_oracle_gap": 0.5787318771740795,
      "oracle_gap_se": 0.024854527749888448,
      "mean_rel_oracle_gap": 0.012721726501560506,
      "mean_excess_s": 34.996,
      "selected_s_std": 52.40820397311259,
      "failure_rate": 0.0,
      "n_failed": 0
    },
    "UNGS": {
      "method": "UNGS",
      "n_reps": 500,
      "target": 0.95,
      "coverage": 1.0,
      "coverage_lo": 0.9923756595384479,
      "coverage_hi": 1.0,
      "coverage_gap": 0.050000000000000044,
      "meets_target": true,
      "significantly_below": false,
      "mean_obj": -44.438314101615994,
      "obj_se": 0.02189198058142718,
      "mean_oracle_gap": 0.7942676982945852,
      "oracle_gap_se": 0.026539387411526606,
      "mean_rel_oracle_gap": 0.017471713360229423,
      "mean_excess_s": 53.958,
      "selected_s_std": 62.71905598753808,
      "failure_rate": 0.0,
      "n_failed": 0
    },
    "benchmark": {
      "method": "benchmark",
      "n_reps": 500,
      "target": 0.95,
      "coverage": 1.0,
      "coverage_lo": 0.9923756595384479,
      "coverage_hi": 1.0,
      "coverage_gap": 0.050000000000000044,
      "meets_target": true,
      "significantly_below": false,
      "mean_obj": -41.926161596339746,
      "obj_se": 0.021158100387947434,
      "mean_oracle_gap": 3.3064202035708288,
      "oracle_gap_se": 0.02825029087058666,
      "mean_rel_oracle_gap": 0.07300126141188844,
      "mean_excess_s": NaN,
      "selected_s_std": NaN,
      "failure_rate": 0.0,
      "n_failed": 0
    },
    "_n_replication_errors": 0
  }
}