{
  "config": "paper_saa",
  "n": 200,
  "split": 0.8,
  "d": 20,
  "reps": 500,
  "mesh_p": null,
  "include_existing": false,
  "folds": null,
  "elapsed_s": 19.388936042785645,
  "summaries": {
    "NV": {
      "method": "NV",
      "n_reps": 500,
      "target": 0.95,
      "coverage": 0.336,
      "coverage_lo": 0.29598800782704915,
      "coverage_hi": 0.37851277584434007,
      "coverage_gap": -0.6139999999999999,
      "meets_target": false,
      "significantly_below": true,
      "mean_obj": -17.238864231036793,
      "obj_se": 0.02326670503629227,
      "mean_oracle_gap": -0.2701356761670292,
      "oracle_gap_se": 0.02345353142401429,
      "mean_rel_oracle_gap": -0.015943656721143833,
      "mean_excess_s": -0.019774647887323943,
      "selected_s_std": 0.030431940819541696,
      "failure_rate": 0.0,
      "n_failed": 0
    },
    "UG": {
      "method": "UG",
      "n_reps": 500,
      "target": 0.95,
      "coverage": 0.83,
      "coverage_lo": 0.7945883013993367,
      "coverage_hi": 0.8603796338960388,
      "coverage_gap": -0.12,
      "meets_target": false,
      "significantly_below": true,
      "mean_obj": -16.465560218641432,
      "obj_se": 0.026260348085845923,
      "mean_oracle_gap": 0.5049991641971933,
      "oracle_gap_se": 0.026781932830380398,
      "mean_rel_oracle_gap": 0.02972804757381656,
      "mean_excess_s": 0.01630583501006036,
      "selected_s_std": 0.021681075482275696,
      "failure_rate": 0.0,
      "n_failed": 0
    },
    "NGS": {
      "method": "NGS",
      "n_reps": 500,
      "target": 0.95,
      "coverage": 0.83,
      "coverage_lo": 0.7945883013993367,
      "coverage_hi": 0.8603796338960388,
      "coverage_gap": -0.12,
      "meets_target": false,
      "significantly_below": true,
      "mean_obj": -16.464421190173155,
      "obj_se": 0.026326594383679403,
      "mean_oracle_gap": 0.5061450680888248,
      "oracle_gap_se": 0.02685120434057439,
      "mean_rel_oracle_gap": 0.029795407937591514,
      "mean_excess_s": 0.016313883299798795,
      "selected_s_std": 0.02168249665796458,
      "failure_rate": 0.0,
      "n_failed": 0
    },
    "UNGS": {
      "method": "UNGS",
      "n_reps": 500,
      "target": 0.95,
      "coverage": 0.866,
      "coverage_lo": 0.8333339846536646,
      "coverage_hi": 0.8930849981284793,
      "coverage_gap": -0.08399999999999996,
      "meets_target": false,
      "significantly_below": true,
      "mean_obj": -16.378320322347786,
      "obj_se": 0.026591067204362395,
      "mean_oracle_gap": 0.592765659462433,
      "oracle_gap_se": 0.027102643131503002,
      "mean_rel_oracle_gap": 0.034900178039491934,
      "mean_excess_s": 0.019323943661971828,
      "selected_s_std": 0.01992895437409825,
      "failure_rate": 0.0,
      "n_failed": 0
    },
    "_n_replication_errors": 0
  }
}