{
  "config": "paper_dro_wasserstein",
  "n": 200,
  "split": 0.1,
  "d": 10,
  "reps": 500,
  "mesh_p": null,
  "include_existing": false,
  "folds": null,
  "elapsed_s": 4.306167840957642,
  "summaries": {
    "NV": {
      "method": "NV",
      "n_reps": 500,
      "target": 0.95,
      "coverage": 0.752,
      "coverage_lo": 0.7123215407533253,
      "coverage_hi": 0.7878357916540525,
      "coverage_gap": -0.19799999999999995,
      "meets_target": false,
      "significantly_below": true,
      "mean_obj": -7.622139259946041,
      "obj_se": 0.014622880402080263,
      "mean_oracle_gap": -0.037050149199881414,
      "oracle_gap_se": 0.015155156675755517,
      "mean_rel_oracle_gap": -0.0053665753912624055,
      "mean_excess_s": -0.0026084444324907894,
      "selected_s_std": 0.06225827899052933,
      "failure_rate": 0.0,
      "n_failed": 0
    },
    "UG": {
      "method": "UG",
      "n_reps": 500,
      "target": 0.95,
      "coverage": 0.97,
      "coverage_lo": 0.9510963331640543,
      "coverage_hi": 0.9817367868020865,
      "coverage_gap": 0.020000000000000018,
      "meets_target": true,
      "significantly_below": false,
      "mean_obj": -7.1713927909573085,
      "obj_se": 0.017139805704605625,
      "mean_oracle_gap": 0.41369631978885174,
      "oracle_gap_se": 0.018952521103448614,
      "mean_rel_oracle_gap": 0.05388449473778683,
      "mean_excess_s": 0.04763641043539224,
      "selected_s_std": 0.0765465707081295,
      "failure_rate": 0.0,
      "n_failed": 0
    },
    "NGS": {
      "method": "NGS",
      "n_reps": 500,
      "target": 0.95,
      "coverage": 0.988,
      "coverage_lo": 0.9740696388835527,
      "coverage_hi": 0.9944890048259724,
      "coverage_gap": 0.038000000000000034,
      "meets_target": true,
      "significantly_below": false,
      "mean_obj": -7.063859486983893,
      "obj_se": 0.016526645150492042,
      "mean_oracle_gap": 0.5212296237622664,
      "oracle_gap_se": 0.019009533221568755,
      "mean_rel_oracle_gap": 0.06796980401201239,
      "mean_excess_s": 0.060808669312909576,
      "selected_s_std": 0.0765477575773019,
      "failure_rate": 0.0,
      "n_failed": 0
    },
    "UNGS": {
      "method": "UNGS",
      "n_reps": 500,
      "target": 0.95,
      "coverage": 0.992,
      "coverage_lo": 0.9796129641658948,
      "coverage_hi": 0.9968846848199377,
      "coverage_gap": 0.04200000000000004,
      "meets_target": true,
      "significantly_below": false,
      "mean_obj": -6.856089771262099,
      "obj_se": 0.02021775871070624,
      "mean_oracle_gap": 0.7289993394840615,
      "oracle_gap_se": 0.02011527575834124,
      "mean_rel_oracle_gap": 0.09580069940751346,
      "mean_excess_s": 0.09021634107019924,
      "selected_s_std": 0.09859196380585042,
      "failure_rate": 0.0,
      "n_failed": 0
    },
    "_n_replication_errors": 0
  }
}