{
  "config": "paper_so",
  "n": 500,
  "split": 0.1,
  "d": 50,
  "reps": 500,
  "mesh_p": 60,
  "include_existing": false,
  "folds": null,
  "elapsed_s": 2.732638120651245,
  "summaries": {
    "NV": {
      "method": "NV",
      "n_reps": 500,
      "target": 0.95,
      "coverage": 0.422,
      "coverage_lo": 0.37946637498097113,
      "coverage_hi": 0.4657230221310311,
      "coverage_gap": -0.528,
      "meets_target": false,
      "significantly_below": true,
      "mean_obj": -45.78576239297156,
      "obj_se": 0.036368915994163385,
      "mean_oracle_gap": -0.09005444328712914,
      "oracle_gap_se": 0.02480574619177217,
      "mean_rel_oracle_gap": -0.0020143246537924534,
      "mean_excess_s": -0.925,
      "selected_s_std": 13.492089124293381,
      "failure_rate": 0.0,
      "n_failed": 0
    },
    "UG": {
      "method": "UG",
      "n_reps": 500,
      "target": 0.95,
      "coverage": 0.512,
      "coverage_lo": 0.46826225284987066,
      "coverage_hi": 0.5555547629790522,
      "coverage_gap": -0.43799999999999994,
      "meets_target": false,
      "significantly_below": true,
      "mean_obj": -45.65124035362468,
      "obj_se": 0.039523026964825674,
      "mean_oracle_gap": 0.1438859043694811,
      "oracle_gap_se": 0.02113730537920175,
      "mean_rel_oracle_gap": 0.0031646698570249802,
      "mean_excess_s": 4.982142857142857,
      "selected_s_std": 12.285737042169618,
      "failure_rate": 0.0,
      "n_failed": 0
    },
    "NGS": {
      "method": "NGS",
      "n_reps": 500,
      "target": 0.95,
      "coverage": 0.52,
      "coverage_lo": 0.47622345295527013,
      "coverage_hi": 0.5634715734262677,
      "coverage_gap": -0.42999999999999994,
      "meets_target": false,
      "significantly_below": true,
      "mean_obj": -45.629739588106276,
      "obj_se": 0.040148867011761444,
      "mean_oracle_gap": 0.1827341031250262,
      "oracle_gap_se": 0.021274689025380517,
      "mean_rel_oracle_gap": 0.0040228012780249905,
      "mean_excess_s": 5.935714285714286,
      "selected_s_std": 11.91050461737373,
      "failure_rate": 0.0,
      "n_failed": 0
    },
    "UNGS": {
      "method": "UNGS",
      "n_reps": 500,
      "target": 0.95,
      "coverage": 0.524,
      "coverage_lo": 0.48020822109105976,
      "coverage_hi": 0.5674258105667859,
      "coverage_gap": -0.42599999999999993,
      "meets_target": false,
      "significantly_below": true,
      "mean_obj": -45.59416547651371,
      "obj_se": 0.04170432963518363,
      "mean_oracle_gap": 0.24625930239746938,
      "oracle_gap_se": 0.023676638275311423,
      "mean_rel_oracle_gap": 0.005429226765162356,
      "mean_excess_s": 7.321428571428571,
      "selected_s_std": 11.318708863677047,
      "failure_rate": 0.0,
      "n_failed": 0
    },
    "benchmark": {
      "method": "benchmark",
      "n_reps": 500,
      "target": 0.95,
      "coverage": 1.0,
      "coverage_lo": 0.9923756595384479,
      "coverage_hi": 1.0,
      "coverage_gap": 0.050000000000000044,
      "meets_target": true,
      "significantly_below": false,
      "mean_obj": -42.72069842835993,
      "obj_se": 0.025359761710144212,
      "mean_oracle_gap": 2.5553087412804287,
      "oracle_gap_se": 0.04165798081836548,
      "mean_rel_oracle_gap": 0.05641766388469769,
      "mean_excess_s": null,
      "selected_s_std": null,
      "failure_rate": 0.0,
      "n_failed": 0
    },
    "_n_replication_errors": 0
  }
}