{
  "config": "paper_dro_wasserstein",
  "n": 100,
  "split": 0.8,
  "d": 5,
  "reps": 500,
  "mesh_p": null,
  "include_existing": false,
  "folds": null,
  "elapsed_s": 40.872323513031006,
  "summaries": {
    "NV": {
      "method": "NV",
      "n_reps": 500,
      "target": 0.95,
      "coverage": 0.392,
      "coverage_lo": 0.35018737778967923,
      "coverage_hi": 0.4354594797500162,
      "coverage_gap": -0.5579999999999999,
      "meets_target": false,
      "significantly_below": true,
      "mean_obj": -3.612056670187914,
      "obj_se": 0.010847525138623313,
      "mean_oracle_gap": -0.08414979801765719,
      "oracle_gap_se": 0.011255267468800135,
      "mean_rel_oracle_gap": -0.024228406936377032,
      "mean_excess_s": -0.0006479512646990102,
      "selected_s_std": 0.01947585169696423,
      "failure_rate": 0.0,
      "n_failed": 0
    },
    "UG": {
      "method": "UG",
      "n_reps": 500,
      "target": 0.95,
      "coverage": 0.904,
      "coverage_lo": 0.8750130375724849,
      "coverage_hi": 0.9268264953345811,
      "coverage_gap": -0.04599999999999993,
      "meets_target": false,
      "significantly_below": true,
      "mean_obj": -3.091320907673048,
      "obj_se": 0.016697636188492366,
      "mean_oracle_gap": 0.43658596449720893,
      "oracle_gap_se": 0.016855410184237096,
      "mean_rel_oracle_gap": 0.12350369481042986,
      "mean_excess_s": 0.06429984287016526,
      "selected_s_std": 0.07770658778166976,
      "failure_rate": 0.0,
      "n_failed": 0
    },
    "NGS": {
      "method": "NGS",
      "n_reps": 500,
      "target": 0.95,
      "coverage": 0.904,
      "coverage_lo": 0.8750130375724849,
      "coverage_hi": 0.9268264953345811,
      "coverage_gap": -0.04599999999999993,
      "meets_target": false,
      "significantly_below": true,
      "mean_obj": -3.091320907673048,
      "obj_se": 0.016697636188492366,
      "mean_oracle_gap": 0.43658596449720893,
      "oracle_gap_se": 0.016855410184237096,
      "mean_rel_oracle_gap": 0.12350369481042986,
      "mean_excess_s": 0.06429984287016526,
      "selected_s_std": 0.07770658778166976,
      "failure_rate": 0.0,
      "n_failed": 0
    },
    "UNGS": {
      "method": "UNGS",
      "n_reps": 500,
      "target": 0.95,
      "coverage": 0.93,
      "coverage_lo": 0.9042028101480832,
      "coverage_hi": 0.949240257054982,
      "coverage_gap": -0.019999999999999907,
      "meets_target": false,
      "significantly_below": true,
      "mean_obj": -1.0194921820642153,
      "obj_se": 0.04708505127464567,
      "mean_oracle_gap": 2.5084146901060413,
      "oracle_gap_se": 0.046926019233564355,
      "mean_rel_oracle_gap": 0.711405503297946,
      "mean_excess_s": 2.5291759350654632,
      "selected_s_std": 1.0768643137022988,
      "failure_rate": 0.0,
      "n_failed": 0
    },
    "_n_replication_errors": 0
  }
}