{
  "config": "paper_dro_wasserstein",
  "n": 100,
  "split": 0.6,
  "d": 5,
  "reps": 500,
  "mesh_p": null,
  "include_existing": false,
  "folds": null,
  "elapsed_s": 15.961787700653076,
  "summaries": {
    "NV": {
      "method": "NV",
      "n_reps": 500,
      "target": 0.95,
      "coverage": 0.45,
      "coverage_lo": 0.4069396517813318,
      "coverage_hi": 0.4938227822648235,
      "coverage_gap": -0.49999999999999994,
      "meets_target": false,
      "significantly_below": true,
      "mean_obj": -3.584548624472689,
      "obj_se": 0.010062966052511002,
      "mean_oracle_gap": -0.0701516153250394,
      "oracle_gap_se": 0.01033929399150072,
      "mean_rel_oracle_gap": -0.020307844126172796,
      "mean_excess_s": -0.0011972373596586267,
      "selected_s_std": 0.02003409385631926,
      "failure_rate": 0.0,
      "n_failed": 0
    },
    "UG": {
      "method": "UG",
      "n_reps": 500,
      "target": 0.95,
      "coverage": 0.914,
      "coverage_lo": 0.8861601885014425,
      "coverage_hi": 0.9355268575963924,
      "coverage_gap": -0.03599999999999992,
      "meets_target": false,
      "significantly_below": true,
      "mean_obj": -3.1334130495583503,
      "obj_se": 0.013266749995175514,
      "mean_oracle_gap": 0.38098395958929915,
      "oracle_gap_se": 0.013428776167909199,
      "mean_rel_oracle_gap": 0.10814698665680557,
      "mean_excess_s": 0.049069946250361755,
      "selected_s_std": 0.05530935176120169,
      "failure_rate": 0.0,
      "n_failed": 0
    },
    "NGS": {
      "method": "NGS",
      "n_reps": 500,
      "target": 0.95,
      "coverage": 0.914,
      "coverage_lo": 0.8861601885014425,
      "coverage_hi": 0.9355268575963924,
      "coverage_gap": -0.03599999999999992,
      "meets_target": false,
      "significantly_below": true,
      "mean_obj": -3.1334130495583503,
      "obj_se": 0.013266749995175514,
      "mean_oracle_gap": 0.38098395958929915,
      "oracle_gap_se": 0.013428776167909199,
      "mean_rel_oracle_gap": 0.10814698665680557,
      "mean_excess_s": 0.049069946250361755,
      "selected_s_std": 0.05530935176120169,
      "failure_rate": 0.0,
      "n_failed": 0
    },
    "UNGS": {
      "method": "UNGS",
      "n_reps": 500,
      "target": 0.95,
      "coverage": 0.954,
      "coverage_lo": 0.9319222072317267,
      "coverage_hi": 0.9691548916291838,
      "coverage_gap": 0.0040000000000000036,
      "meets_target": true,
      "significantly_below": false,
      "mean_obj": -1.5746194054826588,
      "obj_se": 0.05580735136071175,
      "mean_oracle_gap": 1.9397776036649912,
      "oracle_gap_se": 0.05548537613319579,
      "mean_rel_oracle_gap": 0.5527080229352129,
      "mean_excess_s": 1.8137614812367153,
      "selected_s_std": 1.4363730123868959,
      "failure_rate": 0.0,
      "n_failed": 0
    },
    "_n_replication_errors": 0
  }
}