{
  "config": "paper_dro_wasserstein",
  "n": 100,
  "split": 0.4,
  "d": 5,
  "reps": 500,
  "mesh_p": null,
  "include_existing": false,
  "folds": null,
  "elapsed_s": 7.55745005607605,
  "summaries": {
    "NV": {
      "method": "NV",
      "n_reps": 500,
      "target": 0.95,
      "coverage": 0.53,
      "coverage_lo": 0.4861905914242533,
      "coverage_hi": 0.5733519481480536,
      "coverage_gap": -0.41999999999999993,
      "meets_target": false,
      "significantly_below": true,
      "mean_obj": -3.5458076047685987,
      "obj_se": 0.009607124840275332,
      "mean_oracle_gap": -0.06571324417691608,
      "oracle_gap_se": 0.010029803216964893,
      "mean_rel_oracle_gap": -0.019374138395573205,
      "mean_excess_s": -0.0026722050121678587,
      "selected_s_std": 0.022360925256165145,
      "failure_rate": 0.0,
      "n_failed": 0
    },
    "UG": {
      "method": "UG",
      "n_reps": 500,
      "target": 0.95,
      "coverage": 0.924,
      "coverage_lo": 0.8974035863260316,
      "coverage_hi": 0.9441309729625723,
      "coverage_gap": -0.025999999999999912,
      "meets_target": false,
      "significantly_below": true,
      "mean_obj": -3.237945193675699,
      "obj_se": 0.010554463683549975,
      "mean_oracle_gap": 0.24214916691598296,
      "oracle_gap_se": 0.010724489935347609,
      "mean_rel_oracle_gap": 0.06923985248925629,
      "mean_excess_s": 0.0287878887455414,
      "selected_s_std": 0.03993739869305079,
      "failure_rate": 0.0,
      "n_failed": 0
    },
    "NGS": {
      "method": "NGS",
      "n_reps": 500,
      "target": 0.95,
      "coverage": 0.972,
      "coverage_lo": 0.9535535973250512,
      "coverage_hi": 0.9832490252792435,
      "coverage_gap": 0.02200000000000002,
      "meets_target": true,
      "significantly_below": false,
      "mean_obj": -3.10972024666015,
      "obj_se": 0.010455561694827973,
      "mean_oracle_gap": 0.37037411393153247,
      "oracle_gap_se": 0.010765792205179335,
      "mean_rel_oracle_gap": 0.10604331251172318,
      "mean_excess_s": 0.04625960270451315,
      "selected_s_std": 0.046136299183429014,
      "failure_rate": 0.0,
      "n_failed": 0
    },
    "UNGS": {
      "method": "UNGS",
      "n_reps": 500,
      "target": 0.95,
      "coverage": 0.984,
      "coverage_lo": 0.9687488914666058,
      "coverage_hi": 0.9918707469666117,
      "coverage_gap": 0.03400000000000003,
      "meets_target": true,
      "significantly_below": false,
      "mean_obj": -2.3997972285885742,
      "obj_se": 0.04452663685003499,
      "mean_oracle_gap": 1.0802971320031076,
      "oracle_gap_se": 0.04406739598090701,
      "mean_rel_oracle_gap": 0.31116352963353405,
      "mean_excess_s": 0.7049313160064797,
      "selected_s_std": 1.1890735900074005,
      "failure_rate": 0.0,
      "n_failed": 0
    },
    "_n_replication_errors": 0
  }
}