{
  "config": "paper_so",
  "n": 500,
  "split": 0.8,
  "d": 10,
  "reps": 500,
  "mesh_p": 60,
  "include_existing": false,
  "folds": null,
  "elapsed_s": 4.116518020629883,
  "summaries": {
    "NV": {
      "method": "NV",
      "n_reps": 500,
      "target": 0.95,
      "coverage": 0.68,
      "coverage_lo": 0.6378729881233315,
      "coverage_hi": 0.7193822493105099,
      "coverage_gap": -0.2699999999999999,
      "meets_target": false,
      "significantly_below": true,
      "mean_obj": -7.691474888452004,
      "obj_se": 0.01486184475176765,
      "mean_oracle_gap": -0.07934122324325703,
      "oracle_gap_se": 0.012478982944624609,
      "mean_rel_oracle_gap": -0.010685574652976025,
      "mean_excess_s": -1.488,
      "selected_s_std": 27.212442338681626,
      "failure_rate": 0.0,
      "n_failed": 0
    },
    "UG": {
      "method": "UG",
      "n_reps": 500,
      "target": 0.95,
      "coverage": 0.948,
      "coverage_lo": 0.9248988560621544,
      "coverage_hi": 0.9642697348842947,
      "coverage_gap": -0.0020000000000000018,
      "meets_target": false,
      "significantly_below": false,
      "mean_obj": -7.392540140709718,
      "obj_se": 0.013126847631523044,
      "mean_oracle_gap": 0.2195935244990286,
      "oracle_gap_se": 0.013873139638739063,
      "mean_rel_oracle_gap": 0.02823886773253676,
      "mean_excess_s": 36.51,
      "selected_s_std": 56.28386752424689,
      "failure_rate": 0.0,
      "n_failed": 0
    },
    "NGS": {
      "method": "NGS",
      "n_reps": 500,
      "target": 0.95,
      "coverage": 0.99,
      "coverage_lo": 0.9768069002442693,
      "coverage_hi": 0.9957212461034096,
      "coverage_gap": 0.040000000000000036,
      "meets_target": true,
      "significantly_below": false,
      "mean_obj": -7.195819802586101,
      "obj_se": 0.012502860526237907,
      "mean_oracle_gap": 0.41631386262264575,
      "oracle_gap_se": 0.013684878365939093,
      "mean_rel_oracle_gap": 0.054069472524044454,
      "mean_excess_s": 80.6,
      "selected_s_std": 85.09141339328272,
      "failure_rate": 0.0,
      "n_failed": 0
    },
    "UNGS": {
      "method": "UNGS",
      "n_reps": 500,
      "target": 0.95,
      "coverage": 1.0,
      "coverage_lo": 0.9923756595384479,
      "coverage_hi": 1.0,
      "coverage_gap": 0.050000000000000044,
      "meets_target": true,
      "significantly_below": false,
      "mean_obj": -6.928851414034306,
      "obj_se": 0.011906511238972104,
      "mean_oracle_gap": 0.6832822511744403,
      "oracle_gap_se": 0.014182421831196758,
      "mean_rel_oracle_gap": 0.08904282810016648,
      "mean_excess_s": 172.776,
      "selected_s_std": 107.3411403741998,
      "failure_rate": 0.0,
      "n_failed": 0
    },
    "benchmark": {
      "method": "benchmark",
      "n_reps": 500,
      "target": 0.95,
      "coverage": 1.0,
      "coverage_lo": 0.9923756595384479,
      "coverage_hi": 1.0,
      "coverage_gap": 0.050000000000000044,
      "meets_target": true,
      "significantly_below": false,
      "mean_obj": -6.647306190369518,
      "obj_se": 0.008758334556046956,
      "mean_oracle_gap": 0.9648274748392285,
      "oracle_gap_se": 0.01211716540373862,
      "mean_rel_oracle_gap": 0.12601590884869376,
      "mean_excess_s": null,
      "selected_s_std": null,
      "failure_rate": 0.0,
      "n_failed": 0
    },
    "_n_replication_errors": 0
  }
}