{
  "config": "paper_ro_ellipsoid",
  "n": 1000,
  "split": 0.7,
  "d": 50,
  "reps": 500,
  "mesh_p": null,
  "include_existing": false,
  "folds": null,
  "elapsed_s": 3.484555244445801,
  "summaries": {
    "NV": {
      "method": "NV",
      "n_reps": 500,
      "target": 0.95,
      "coverage": 1.0,
      "coverage_lo": 0.9923756595384479,
      "coverage_hi": 1.0,
      "coverage_gap": 0.050000000000000044,
      "meets_target": true,
      "significantly_below": false,
      "mean_obj": -43.95488495449469,
      "obj_se": 0.010511039668070368,
      "mean_oracle_gap": -1.2789769243681802e-16,
      "oracle_gap_se": 2.89730485865915e-16,
      "mean_rel_oracle_gap": -2.907758624684016e-18,
      "mean_excess_s": 0.0,
      "selected_s_std": 0.021730144185173855,
      "failure_rate": 0.0,
      "n_failed": 0
    },
    "UG": {
      "method": "UG",
      "n_reps": 500,
      "target": 0.95,
      "coverage": 1.0,
      "coverage_lo": 0.9923756595384479,
      "coverage_hi": 1.0,
      "coverage_gap": 0.050000000000000044,
      "meets_target": true,
      "significantly_below": false,
      "mean_obj": -43.91785978920253,
      "obj_se": 0.015729183940206316,
      "mean_oracle_gap": 0.03702516529216362,
      "oracle_gap_se": 0.01391172072031207,
      "mean_rel_oracle_gap": 0.0008351030780648378,
      "mean_excess_s": 0.046064923475869435,
      "selected_s_std": 0.38618388420966115,
      "failure_rate": 0.0,
      "n_failed": 0
    },
    "NGS": {
      "method": "NGS",
      "n_reps": 500,
      "target": 0.95,
      "coverage": 1.0,
      "coverage_lo": 0.9923756595384479,
      "coverage_hi": 1.0,
      "coverage_gap": 0.050000000000000044,
      "meets_target": true,
      "significantly_below": false,
      "mean_obj": -43.880546409051256,
      "obj_se": 0.02019232124715413,
      "mean_oracle_gap": 0.07433854544343725,
      "oracle_gap_se": 0.019609352035514577,
      "mean_rel_oracle_gap": 0.0016800771821167961,
      "mean_excess_s": 0.09222614921429716,
      "selected_s_std": 0.5429637839392887,
      "failure_rate": 0.0,
      "n_failed": 0
    },
    "UNGS": {
      "method": "UNGS",
      "n_reps": 500,
      "target": 0.95,
      "coverage": 1.0,
      "coverage_lo": 0.9923756595384479,
      "coverage_hi": 1.0,
      "coverage_gap": 0.050000000000000044,
      "meets_target": true,
      "significantly_below": false,
      "mean_obj": -43.91785978920253,
      "obj_se": 0.015729183940206316,
      "mean_oracle_gap": 0.03702516529216362,
      "oracle_gap_se": 0.01391172072031207,
      "mean_rel_oracle_gap": 0.0008351030780648378,
      "mean_excess_s": 0.046064923475869435,
      "selected_s_std": 0.38618388420966115,
      "failure_rate": 0.0,
      "n_failed": 0
    },
    "benchmark": {
      "method": "benchmark",
      "n_reps": 500,
      "target": 0.95,
      "coverage": 1.0,
      "coverage_lo": 0.9923756595384479,
      "coverage_hi": 1.0,
      "coverage_gap": 0.050000000000000044,
      "meets_target": true,
      "significantly_below": false,
      "mean_obj": -42.46409155317787,
      "obj_se": 3.180826134296276e-16,
      "mean_oracle_gap": 1.4907934013168078,
      "oracle_gap_se": 0.010511039668070368,
      "mean_rel_oracle_gap": 0.033888881002475654,
      "mean_excess_s": NaN,
      "selected_s_std": NaN,
      "failure_rate": 0.0,
      "n_failed": 0
    },
    "_n_replication_errors": 0
  }
}