{
  "config": "paper_so",
  "n": 200,
  "split": 0.9,
  "d": 10,
  "reps": 500,
  "mesh_p": 60,
  "include_existing": false,
  "folds": null,
  "elapsed_s": 2.0229909420013428,
  "summaries": {
    "NV": {
      "method": "NV",
      "n_reps": 500,
      "target": 0.95,
      "coverage": 0.408,
      "coverage_lo": 0.3657823909308153,
      "coverage_hi": 0.45162048771411034,
      "coverage_gap": -0.542,
      "meets_target": false,
      "significantly_below": true,
      "mean_obj": -7.9686176515055065,
      "obj_se": 0.022739378451368152,
      "mean_oracle_gap": -0.34041635804586473,
      "oracle_gap_se": 0.023368269545906453,
      "mean_rel_oracle_gap": -0.045325067385632224,
      "mean_excess_s": -10.858,
      "selected_s_std": 32.932801928863746,
      "failure_rate": 0.0,
      "n_failed": 0
    },
    "UG": {
      "method": "UG",
      "n_reps": 500,
      "target": 0.95,
      "coverage": 0.822,
      "coverage_lo": 0.7860548114500956,
      "coverage_hi": 0.8530351132926648,
      "coverage_gap": -0.128,
      "meets_target": false,
      "significantly_below": true,
      "mean_obj": -7.4441823493359465,
      "obj_se": 0.019480991768182944,
      "mean_oracle_gap": 0.18401894412369635,
      "oracle_gap_se": 0.019340684052946092,
      "mean_rel_oracle_gap": 0.023669642738113332,
      "mean_excess_s": 28.744,
      "selected_s_std": 47.40530106579091,
      "failure_rate": 0.0,
      "n_failed": 0
    },
    "NGS": {
      "method": "NGS",
      "n_reps": 500,
      "target": 0.95,
      "coverage": 0.822,
      "coverage_lo": 0.7860548114500956,
      "coverage_hi": 0.8530351132926648,
      "coverage_gap": -0.128,
      "meets_target": false,
      "significantly_below": true,
      "mean_obj": -7.443164800586955,
      "obj_se": 0.019497274325126112,
      "mean_oracle_gap": 0.18503649287268575,
      "oracle_gap_se": 0.019348048250895297,
      "mean_rel_oracle_gap": 0.02380455244985032,
      "mean_excess_s": 28.968,
      "selected_s_std": 47.62505845019794,
      "failure_rate": 0.0,
      "n_failed": 0
    },
    "UNGS": {
      "method": "UNGS",
      "n_reps": 500,
      "target": 0.95,
      "coverage": 0.822,
      "coverage_lo": 0.7860548114500956,
      "coverage_hi": 0.8530351132926648,
      "coverage_gap": -0.128,
      "meets_target": false,
      "significantly_below": true,
      "mean_obj": -7.4441823493359465,
      "obj_se": 0.019480991768182944,
      "mean_oracle_gap": 0.18401894412369635,
      "oracle_gap_se": 0.019340684052946092,
      "mean_rel_oracle_gap": 0.023669642738113332,
      "mean_excess_s": 28.744,
      "selected_s_std": 47.40530106579091,
      "failure_rate": 0.0,
      "n_failed": 0
    },
    "benchmark": {
      "method": "benchmark",
      "n_reps": 500,
      "target": 0.95,
      "coverage": 1.0,
      "coverage_lo": 0.9923756595384479,
      "coverage_hi": 1.0,
      "coverage_gap": 0.050000000000000044,
      "meets_target": true,
      "significantly_below": false,
      "mean_obj": -6.9690890393783675,
      "obj_se": 0.012701697582951898,
      "mean_oracle_gap": 0.6591122540812742,
      "oracle_gap_se": 0.013677635728198625,
      "mean_rel_oracle_gap": 0.08586543130065673,
      "mean_excess_s": null,
      "selected_s_std": null,
      "failure_rate": 0.0,
      "n_failed": 0
    },
    "_n_replication_errors": 0
  }
}