{
  "config": "paper_ro_ellipsoid",
  "n": 200,
  "split": 0.3,
  "d": 50,
  "reps": 500,
  "mesh_p": null,
  "include_existing": false,
  "folds": null,
  "elapsed_s": 3.6594839096069336,
  "summaries": {
    "NV": {
      "method": "NV",
      "n_reps": 500,
      "target": 0.95,
      "coverage": 0.914,
      "coverage_lo": 0.8861601885014425,
      "coverage_hi": 0.9355268575963924,
      "coverage_gap": -0.03599999999999992,
      "meets_target": false,
      "significantly_below": true,
      "mean_obj": -44.750620571635594,
      "obj_se": 0.03414565134385412,
      "mean_oracle_gap": -0.0035465715185461306,
      "oracle_gap_se": 0.03664088099788951,
      "mean_rel_oracle_gap": -0.00018858701013929673,
      "mean_excess_s": -0.01738125272787227,
      "selected_s_std": 1.1924052419413258,
      "failure_rate": 0.0,
      "n_failed": 0
    },
    "UG": {
      "method": "UG",
      "n_reps": 500,
      "target": 0.95,
      "coverage": 0.984,
      "coverage_lo": 0.9687488914666058,
      "coverage_hi": 0.9918707469666117,
      "coverage_gap": 0.03400000000000003,
      "meets_target": true,
      "significantly_below": false,
      "mean_obj": -43.80741088839678,
      "obj_se": 0.04236333242018849,
      "mean_oracle_gap": 0.9396631117202628,
      "oracle_gap_se": 0.049285610317094504,
      "mean_rel_oracle_gap": 0.02083650599950338,
      "mean_excess_s": 1.3948228021402256,
      "selected_s_std": 1.7514239175546105,
      "failure_rate": 0.0,
      "n_failed": 0
    },
    "NGS": {
      "method": "NGS",
      "n_reps": 500,
      "target": 0.95,
      "coverage": 0.998,
      "coverage_lo": 0.9887592932948532,
      "coverage_hi": 0.9996468636054407,
      "coverage_gap": 0.04800000000000004,
      "meets_target": true,
      "significantly_below": false,
      "mean_obj": -43.56836659667405,
      "obj_se": 0.04243761425629487,
      "mean_oracle_gap": 1.1787074034429905,
      "oracle_gap_se": 0.04959141195976781,
      "mean_rel_oracle_gap": 0.026176357804201304,
      "mean_excess_s": 1.8181300618071758,
      "selected_s_std": 1.9756467495217434,
      "failure_rate": 0.0,
      "n_failed": 0
    },
    "UNGS": {
      "method": "UNGS",
      "n_reps": 500,
      "target": 0.95,
      "coverage": 0.988,
      "coverage_lo": 0.9740696388835527,
      "coverage_hi": 0.9944890048259724,
      "coverage_gap": 0.038000000000000034,
      "meets_target": true,
      "significantly_below": false,
      "mean_obj": -43.66241858469724,
      "obj_se": 0.04490793264823879,
      "mean_oracle_gap": 1.0846554154198031,
      "oracle_gap_se": 0.051678973987575295,
      "mean_rel_oracle_gap": 0.024074919932222532,
      "mean_excess_s": 1.7122598804987024,
      "selected_s_std": 2.149441585651934,
      "failure_rate": 0.0,
      "n_failed": 0
    },
    "benchmark": {
      "method": "benchmark",
      "n_reps": 500,
      "target": 0.95,
      "coverage": 1.0,
      "coverage_lo": 0.9923756595384479,
      "coverage_hi": 1.0,
      "coverage_gap": 0.050000000000000044,
      "meets_target": true,
      "significantly_below": false,
      "mean_obj": -42.46409155317787,
      "obj_se": 3.180826134296276e-16,
      "mean_oracle_gap": 2.2829824469391604,
      "oracle_gap_se": 0.02643902264965357,
      "mean_rel_oracle_gap": 0.05085349675484181,
      "mean_excess_s": null,
      "selected_s_std": null,
      "failure_rate": 0.0,
      "n_failed": 0
    },
    "_n_replication_errors": 0
  }
}