{
  "config": "paper_saa",
  "n": 200,
  "split": 0.5,
  "d": 20,
  "reps": 500,
  "mesh_p": null,
  "include_existing": false,
  "folds": null,
  "elapsed_s": 4.616447925567627,
  "summaries": {
    "NV": {
      "method": "NV",
      "n_reps": 500,
      "target": 0.95,
      "coverage": 0.438,
      "coverage_lo": 0.39514834408666566,
      "coverage_hi": 0.48179707413056694,
      "coverage_gap": -0.512,
      "meets_target": false,
      "significantly_below": true,
      "mean_obj": -17.07448333605732,
      "obj_se": 0.020616561147660625,
      "mean_oracle_gap": -0.19213633633518104,
      "oracle_gap_se": 0.022446235900035003,
      "mean_rel_oracle_gap": -0.011498320590167204,
      "mean_excess_s": -0.011949473684210527,
      "selected_s_std": 0.026982014643618758,
      "failure_rate": 0.0,
      "n_failed": 0
    },
    "UG": {
      "method": "UG",
      "n_reps": 500,
      "target": 0.95,
      "coverage": 0.828,
      "coverage_lo": 0.7924525525008731,
      "coverage_hi": 0.8585458801563487,
      "coverage_gap": -0.122,
      "meets_target": false,
      "significantly_below": true,
      "mean_obj": -16.611668773935545,
      "obj_se": 0.022064753779183446,
      "mean_oracle_gap": 0.2906562835796604,
      "oracle_gap_se": 0.022106342359167492,
      "mean_rel_oracle_gap": 0.017165038312879514,
      "mean_excess_s": 0.008808421052631578,
      "selected_s_std": 0.016657250192271707,
      "failure_rate": 0.0,
      "n_failed": 0
    },
    "NGS": {
      "method": "NGS",
      "n_reps": 500,
      "target": 0.95,
      "coverage": 0.87,
      "coverage_lo": 0.8376786384230859,
      "coverage_hi": 0.8966793496353656,
      "coverage_gap": -0.07999999999999996,
      "meets_target": false,
      "significantly_below": true,
      "mean_obj": -16.484872765024345,
      "obj_se": 0.023134909640431914,
      "mean_oracle_gap": 0.42412576664408047,
      "oracle_gap_se": 0.02288749769074222,
      "mean_rel_oracle_gap": 0.02507598509560326,
      "mean_excess_s": 0.013212631578947368,
      "selected_s_std": 0.0132217565282145,
      "failure_rate": 0.0,
      "n_failed": 0
    },
    "UNGS": {
      "method": "UNGS",
      "n_reps": 500,
      "target": 0.95,
      "coverage": 0.886,
      "coverage_lo": 0.8551509101576845,
      "coverage_hi": 0.9109630990059973,
      "coverage_gap": -0.06399999999999995,
      "meets_target": false,
      "significantly_below": true,
      "mean_obj": -16.42685881116047,
      "obj_se": 0.023513786776860758,
      "mean_oracle_gap": 0.4851930865007866,
      "oracle_gap_se": 0.022830573196009445,
      "mean_rel_oracle_gap": 0.028706315928934273,
      "mean_excess_s": 0.014938947368421052,
      "selected_s_std": 0.01151958583089821,
      "failure_rate": 0.0,
      "n_failed": 0
    },
    "_n_replication_errors": 0
  }
}