{
  "config": "paper_ro_ellipsoid",
  "n": 500,
  "split": 0.2,
  "d": 10,
  "reps": 500,
  "mesh_p": null,
  "include_existing": false,
  "folds": null,
  "elapsed_s": 0.6525897979736328,
  "summaries": {
    "NV": {
      "method": "NV",
      "n_reps": 500,
      "target": 0.95,
      "coverage": 0.92,
      "coverage_lo": 0.8928936834221488,
      "coverage_hi": 0.9407018705901475,
      "coverage_gap": -0.029999999999999916,
      "meets_target": false,
      "significantly_below": true,
      "mean_obj": -7.612693498755272,
      "obj_se": 0.009117847351312257,
      "mean_oracle_gap": -0.02176786707320518,
      "oracle_gap_se": 0.009582186104307363,
      "mean_rel_oracle_gap": -0.0031502969676779325,
      "mean_excess_s": -0.0453093934729364,
      "selected_s_std": 0.5366559967524953,
      "failure_rate": 0.0,
      "n_failed": 0
    },
    "UG": {
      "method": "UG",
      "n_reps": 500,
      "target": 0.95,
      "coverage": 0.996,
      "coverage_lo": 0.9855342847848231,
      "coverage_hi": 0.9989023694773173,
      "coverage_gap": 0.04600000000000004,
      "meets_target": true,
      "significantly_below": false,
      "mean_obj": -7.4740256503590965,
      "obj_se": 0.00796450753054144,
      "mean_oracle_gap": 0.11689998132297157,
      "oracle_gap_se": 0.009899886188054393,
      "mean_rel_oracle_gap": 0.015019400910320575,
      "mean_excess_s": 0.3344745735351763,
      "selected_s_std": 0.6282730811954625,
      "failure_rate": 0.0,
      "n_failed": 0
    },
    "NGS": {
      "method": "NGS",
      "n_reps": 500,
      "target": 0.95,
      "coverage": 1.0,
      "coverage_lo": 0.9923756595384479,
      "coverage_hi": 1.0,
      "coverage_gap": 0.050000000000000044,
      "meets_target": true,
      "significantly_below": false,
      "mean_obj": -7.418789806204883,
      "obj_se": 0.007832436554429424,
      "mean_oracle_gap": 0.17213582547718598,
      "oracle_gap_se": 0.010585004849834009,
      "mean_rel_oracle_gap": 0.022228408682569162,
      "mean_excess_s": 0.5132943532285794,
      "selected_s_std": 0.7209581976512808,
      "failure_rate": 0.0,
      "n_failed": 0
    },
    "UNGS": {
      "method": "UNGS",
      "n_reps": 500,
      "target": 0.95,
      "coverage": 1.0,
      "coverage_lo": 0.9923756595384479,
      "coverage_hi": 1.0,
      "coverage_gap": 0.050000000000000044,
      "meets_target": true,
      "significantly_below": false,
      "mean_obj": -7.417014684694193,
      "obj_se": 0.007896793392142862,
      "mean_oracle_gap": 0.17391094698787554,
      "oracle_gap_se": 0.010608155853589464,
      "mean_rel_oracle_gap": 0.022464361947737616,
      "mean_excess_s": 0.5219834708326955,
      "selected_s_std": 0.7466403311890732,
      "failure_rate": 0.0,
      "n_failed": 0
    },
    "benchmark": {
      "method": "benchmark",
      "n_reps": 500,
      "target": 0.95,
      "coverage": 1.0,
      "coverage_lo": 0.9923756595384479,
      "coverage_hi": 1.0,
      "coverage_gap": 0.050000000000000044,
      "meets_target": true,
      "significantly_below": false,
      "mean_obj": -6.901634398385975,
      "obj_se": 7.95206533574069e-17,
      "mean_oracle_gap": 0.689291233296094,
      "oracle_gap_se": 0.007496988227542355,
      "mean_rel_oracle_gap": 0.0903625348275385,
      "mean_excess_s": null,
      "selected_s_std": null,
      "failure_rate": 0.0,
      "n_failed": 0
    },
    "_n_replication_errors": 0
  }
}