{
  "config": "paper_ro_ellipsoid",
  "n": 500,
  "split": 0.3,
  "d": 10,
  "reps": 500,
  "mesh_p": null,
  "include_existing": false,
  "folds": null,
  "elapsed_s": 0.6559584140777588,
  "summaries": {
    "NV": {
      "method": "NV",
      "n_reps": 500,
      "target": 0.95,
      "coverage": 0.912,
      "coverage_lo": 0.8839235279346099,
      "coverage_hi": 0.9337940155250711,
      "coverage_gap": -0.03799999999999992,
      "meets_target": false,
      "significantly_below": true,
      "mean_obj": -7.588310554192909,
      "obj_se": 0.00917110279592293,
      "mean_oracle_gap": -0.040078136083684913,
      "oracle_gap_se": 0.009787989755226642,
      "mean_rel_oracle_gap": -0.005576729023865687,
      "mean_excess_s": -0.07391410584176508,
      "selected_s_std": 0.5177123591189874,
      "failure_rate": 0.0,
      "n_failed": 0
    },
    "UG": {
      "method": "UG",
      "n_reps": 500,
      "target": 0.95,
      "coverage": 0.996,
      "coverage_lo": 0.9855342847848231,
      "coverage_hi": 0.9989023694773173,
      "coverage_gap": 0.04600000000000004,
      "meets_target": true,
      "significantly_below": false,
      "mean_obj": -7.455951744228736,
      "obj_se": 0.007452395331536492,
      "mean_oracle_gap": 0.09228067388048786,
      "oracle_gap_se": 0.009012427486499896,
      "mean_rel_oracle_gap": 0.011909098368199138,
      "mean_excess_s": 0.2761807690897982,
      "selected_s_std": 0.5727520149313062,
      "failure_rate": 0.0,
      "n_failed": 0
    },
    "NGS": {
      "method": "NGS",
      "n_reps": 500,
      "target": 0.95,
      "coverage": 1.0,
      "coverage_lo": 0.9923756595384479,
      "coverage_hi": 1.0,
      "coverage_gap": 0.050000000000000044,
      "meets_target": true,
      "significantly_below": false,
      "mean_obj": -7.4000068710936,
      "obj_se": 0.007965202597651228,
      "mean_oracle_gap": 0.1482255470156239,
      "oracle_gap_se": 0.010066343699530023,
      "mean_rel_oracle_gap": 0.019270304700571707,
      "mean_excess_s": 0.4500222953692511,
      "selected_s_std": 0.6757970783265487,
      "failure_rate": 0.0,
      "n_failed": 0
    },
    "UNGS": {
      "method": "UNGS",
      "n_reps": 500,
      "target": 0.95,
      "coverage": 0.996,
      "coverage_lo": 0.9855342847848231,
      "coverage_hi": 0.9989023694773173,
      "coverage_gap": 0.04600000000000004,
      "meets_target": true,
      "significantly_below": false,
      "mean_obj": -7.395338953030981,
      "obj_se": 0.008214187934012362,
      "mean_oracle_gap": 0.15289346507824347,
      "oracle_gap_se": 0.010488442549123215,
      "mean_rel_oracle_gap": 0.019868187712336855,
      "mean_excess_s": 0.472409984025285,
      "selected_s_std": 0.7184644435658748,
      "failure_rate": 0.0,
      "n_failed": 0
    },
    "benchmark": {
      "method": "benchmark",
      "n_reps": 500,
      "target": 0.95,
      "coverage": 1.0,
      "coverage_lo": 0.9923756595384479,
      "coverage_hi": 1.0,
      "coverage_gap": 0.050000000000000044,
      "meets_target": true,
      "significantly_below": false,
      "mean_obj": -6.901634398385975,
      "obj_se": 7.95206533574069e-17,
      "mean_oracle_gap": 0.6465980197232507,
      "oracle_gap_se": 0.0070050368764968925,
      "mean_rel_oracle_gap": 0.08527239699434006,
      "mean_excess_s": null,
      "selected_s_std": null,
      "failure_rate": 0.0,
      "n_failed": 0
    },
    "_n_replication_errors": 0
  }
}