{
  "config": "paper_saa",
  "n": 200,
  "split": 0.9,
  "d": 10,
  "reps": 500,
  "mesh_p": null,
  "include_existing": false,
  "folds": null,
  "elapsed_s": 27.4478657245636,
  "summaries": {
    "NV": {
      "method": "NV",
      "n_reps": 500,
      "target": 0.95,
      "coverage": 0.274,
      "coverage_lo": 0.2367406256658206,
      "coverage_hi": 0.3147055762228011,
      "coverage_gap": -0.6759999999999999,
      "meets_target": false,
      "significantly_below": true,
      "mean_obj": -8.052799086101746,
      "obj_se": 0.015812484930813685,
      "mean_oracle_gap": -0.18286222665584365,
      "oracle_gap_se": 0.016132284637897055,
      "mean_rel_oracle_gap": -0.023299487331082284,
      "mean_excess_s": -0.02116,
      "selected_s_std": 0.029832108430125643,
      "failure_rate": 0.0,
      "n_failed": 0
    },
    "UG": {
      "method": "UG",
      "n_reps": 500,
      "target": 0.95,
      "coverage": 0.732,
      "coverage_lo": 0.6915162794621877,
      "coverage_hi": 0.768946026563652,
      "coverage_gap": -0.21799999999999997,
      "meets_target": false,
      "significantly_below": true,
      "mean_obj": -7.585394069393794,
      "obj_se": 0.020411593601479202,
      "mean_oracle_gap": 0.28454279005210836,
      "oracle_gap_se": 0.02057848915869334,
      "mean_rel_oracle_gap": 0.03610770029007876,
      "mean_excess_s": 0.014232000000000002,
      "selected_s_std": 0.029294585326625086,
      "failure_rate": 0.0,
      "n_failed": 0
    },
    "NGS": {
      "method": "NGS",
      "n_reps": 500,
      "target": 0.95,
      "coverage": 0.732,
      "coverage_lo": 0.6915162794621877,
      "coverage_hi": 0.768946026563652,
      "coverage_gap": -0.21799999999999997,
      "meets_target": false,
      "significantly_below": true,
      "mean_obj": -7.582488591560941,
      "obj_se": 0.020531951339985893,
      "mean_oracle_gap": 0.2874482678849614,
      "oracle_gap_se": 0.020706665812851882,
      "mean_rel_oracle_gap": 0.03647542738579121,
      "mean_excess_s": 0.014296000000000001,
      "selected_s_std": 0.029332152159372845,
      "failure_rate": 0.0,
      "n_failed": 0
    },
    "UNGS": {
      "method": "UNGS",
      "n_reps": 500,
      "target": 0.95,
      "coverage": 0.732,
      "coverage_lo": 0.6915162794621877,
      "coverage_hi": 0.768946026563652,
      "coverage_gap": -0.21799999999999997,
      "meets_target": false,
      "significantly_below": true,
      "mean_obj": -7.585394069393794,
      "obj_se": 0.020411593601479202,
      "mean_oracle_gap": 0.28454279005210836,
      "oracle_gap_se": 0.02057848915869334,
      "mean_rel_oracle_gap": 0.03610770029007876,
      "mean_excess_s": 0.014136000000000001,
      "selected_s_std": 0.02919013751691679,
      "failure_rate": 0.0,
      "n_failed": 0
    },
    "_n_replication_errors": 0
  }
}