{
  "config": "paper_ro_ellipsoid",
  "n": 1000,
  "split": 0.1,
  "d": 50,
  "reps": 500,
  "mesh_p": null,
  "include_existing": false,
  "folds": null,
  "elapsed_s": 3.537376880645752,
  "summaries": {
    "NV": {
      "method": "NV",
      "n_reps": 500,
      "target": 0.95,
      "coverage": 0.99,
      "coverage_lo": 0.9768069002442693,
      "coverage_hi": 0.9957212461034096,
      "coverage_gap": 0.040000000000000036,
      "meets_target": true,
      "significantly_below": false,
      "mean_obj": -44.652259797942634,
      "obj_se": 0.02490931352399586,
      "mean_oracle_gap": 0.01483079509197303,
      "oracle_gap_se": 0.015661881622075494,
      "mean_rel_oracle_gap": 0.0003072042195019589,
      "mean_excess_s": 0.018982052411437696,
      "selected_s_std": 0.6437310249238941,
      "failure_rate": 0.0,
      "n_failed": 0
    },
    "UG": {
      "method": "UG",
      "n_reps": 500,
      "target": 0.95,
      "coverage": 0.994,
      "coverage_lo": 0.9825097478959467,
      "coverage_hi": 0.9979574037280398,
      "coverage_gap": 0.04400000000000004,
      "meets_target": true,
      "significantly_below": false,
      "mean_obj": -44.374952120142325,
      "obj_se": 0.03033451376536389,
      "mean_oracle_gap": 0.29213847289228806,
      "oracle_gap_se": 0.03515737942619084,
      "mean_rel_oracle_gap": 0.0064306518359802545,
      "mean_excess_s": 0.4118168973136331,
      "selected_s_std": 1.171002678266222,
      "failure_rate": 0.0,
      "n_failed": 0
    },
    "NGS": {
      "method": "NGS",
      "n_reps": 500,
      "target": 0.95,
      "coverage": 1.0,
      "coverage_lo": 0.9923756595384479,
      "coverage_hi": 1.0,
      "coverage_gap": 0.050000000000000044,
      "meets_target": true,
      "significantly_below": false,
      "mean_obj": -44.196571782907085,
      "obj_se": 0.03216397829594427,
      "mean_oracle_gap": 0.4705188101275291,
      "oracle_gap_se": 0.040675556122121335,
      "mean_rel_oracle_gap": 0.010386905901208408,
      "mean_excess_s": 0.6616767571483024,
      "selected_s_std": 1.3502367840376999,
      "failure_rate": 0.0,
      "n_failed": 0
    },
    "UNGS": {
      "method": "UNGS",
      "n_reps": 500,
      "target": 0.95,
      "coverage": 0.994,
      "coverage_lo": 0.9825097478959467,
      "coverage_hi": 0.9979574037280398,
      "coverage_gap": 0.04400000000000004,
      "meets_target": true,
      "significantly_below": false,
      "mean_obj": -44.36599739318527,
      "obj_se": 0.03035538987790714,
      "mean_oracle_gap": 0.3010931998493476,
      "oracle_gap_se": 0.03557668181696142,
      "mean_rel_oracle_gap": 0.006627643325658104,
      "mean_excess_s": 0.42403356933168557,
      "selected_s_std": 1.18052889689879,
      "failure_rate": 0.0,
      "n_failed": 0
    },
    "benchmark": {
      "method": "benchmark",
      "n_reps": 500,
      "target": 0.95,
      "coverage": 1.0,
      "coverage_lo": 0.9923756595384479,
      "coverage_hi": 1.0,
      "coverage_gap": 0.050000000000000044,
      "meets_target": true,
      "significantly_below": false,
      "mean_obj": -42.46409155317787,
      "obj_se": 3.180826134296276e-16,
      "mean_oracle_gap": 2.202999039856733,
      "oracle_gap_se": 0.02397452088141676,
      "mean_rel_oracle_gap": 0.04918327426759563,
      "mean_excess_s": null,
      "selected_s_std": null,
      "failure_rate": 0.0,
      "n_failed": 0
    },
    "_n_replication_errors": 0
  }
}