{
  "config": "paper_ro_ellipsoid",
  "n": 1000,
  "split": 0.6,
  "d": 50,
  "reps": 500,
  "mesh_p": null,
  "include_existing": false,
  "folds": null,
  "elapsed_s": 3.512627363204956,
  "summaries": {
    "NV": {
      "method": "NV",
      "n_reps": 500,
      "target": 0.95,
      "coverage": 1.0,
      "coverage_lo": 0.9923756595384479,
      "coverage_hi": 1.0,
      "coverage_gap": 0.050000000000000044,
      "meets_target": true,
      "significantly_below": false,
      "mean_obj": -43.972408131305976,
      "obj_se": 0.01176584868215963,
      "mean_oracle_gap": -3.836930773104541e-16,
      "oracle_gap_se": 3.0758506484146897e-16,
      "mean_rel_oracle_gap": -8.724724966527046e-18,
      "mean_excess_s": 0.0,
      "selected_s_std": 0.023814071412580882,
      "failure_rate": 0.0,
      "n_failed": 0
    },
    "UG": {
      "method": "UG",
      "n_reps": 500,
      "target": 0.95,
      "coverage": 1.0,
      "coverage_lo": 0.9923756595384479,
      "coverage_hi": 1.0,
      "coverage_gap": 0.050000000000000044,
      "meets_target": true,
      "significantly_below": false,
      "mean_obj": -43.96207626157854,
      "obj_se": 0.013210629197490989,
      "mean_oracle_gap": 0.010331869727440988,
      "oracle_gap_se": 0.007298607151425512,
      "mean_rel_oracle_gap": 0.00023276604035792788,
      "mean_excess_s": 0.013270642385914645,
      "selected_s_std": 0.21223223817392448,
      "failure_rate": 0.0,
      "n_failed": 0
    },
    "NGS": {
      "method": "NGS",
      "n_reps": 500,
      "target": 0.95,
      "coverage": 1.0,
      "coverage_lo": 0.9923756595384479,
      "coverage_hi": 1.0,
      "coverage_gap": 0.050000000000000044,
      "meets_target": true,
      "significantly_below": false,
      "mean_obj": -43.94629981021077,
      "obj_se": 0.015542545760959354,
      "mean_oracle_gap": 0.026108321095204248,
      "oracle_gap_se": 0.011631496868544903,
      "mean_rel_oracle_gap": 0.0005896264242307923,
      "mean_excess_s": 0.032928596255938,
      "selected_s_std": 0.32838493019399123,
      "failure_rate": 0.0,
      "n_failed": 0
    },
    "UNGS": {
      "method": "UNGS",
      "n_reps": 500,
      "target": 0.95,
      "coverage": 1.0,
      "coverage_lo": 0.9923756595384479,
      "coverage_hi": 1.0,
      "coverage_gap": 0.050000000000000044,
      "meets_target": true,
      "significantly_below": false,
      "mean_obj": -43.95674433939169,
      "obj_se": 0.014122397467441851,
      "mean_oracle_gap": 0.015663791914274514,
      "oracle_gap_se": 0.009026531120124344,
      "mean_rel_oracle_gap": 0.0003535994391310238,
      "mean_excess_s": 0.019874546931183075,
      "selected_s_std": 0.2583224885216548,
      "failure_rate": 0.0,
      "n_failed": 0
    },
    "benchmark": {
      "method": "benchmark",
      "n_reps": 500,
      "target": 0.95,
      "coverage": 1.0,
      "coverage_lo": 0.9923756595384479,
      "coverage_hi": 1.0,
      "coverage_gap": 0.050000000000000044,
      "meets_target": true,
      "significantly_below": false,
      "mean_obj": -42.46409155317787,
      "obj_se": 3.180826134296276e-16,
      "mean_oracle_gap": 1.5083165781280914,
      "oracle_gap_se": 0.011765848682159628,
      "mean_rel_oracle_gap": 0.03426691170275149,
      "mean_excess_s": null,
      "selected_s_std": null,
      "failure_rate": 0.0,
      "n_failed": 0
    },
    "_n_replication_errors": 0
  }
}