{
  "config": "paper_so",
  "n": 200,
  "split": 0.7,
  "d": 10,
  "reps": 500,
  "mesh_p": 60,
  "include_existing": false,
  "folds": null,
  "elapsed_s": 1.754411220550537,
  "summaries": {
    "NV": {
      "method": "NV",
      "n_reps": 500,
      "target": 0.95,
      "coverage": 0.548,
      "coverage_lo": 0.50417540112498,
      "coverage_hi": 0.591092662190711,
      "coverage_gap": -0.4019999999999999,
      "meets_target": false,
      "significantly_below": true,
      "mean_obj": -7.776373419452417,
      "obj_se": 0.017205993800097335,
      "mean_oracle_gap": -0.1394696138772178,
      "oracle_gap_se": 0.01537231779633926,
      "mean_rel_oracle_gap": -0.018517025301053886,
      "mean_excess_s": -5.798387096774194,
      "selected_s_std": 27.065744642742278,
      "failure_rate": 0.0,
      "n_failed": 0
    },
    "UG": {
      "method": "UG",
      "n_reps": 500,
      "target": 0.95,
      "coverage": 0.898,
      "coverage_lo": 0.868365377095774,
      "coverage_hi": 0.9215656478968306,
      "coverage_gap": -0.051999999999999935,
      "meets_target": false,
      "significantly_below": true,
      "mean_obj": -7.452957081492692,
      "obj_se": 0.01503750083738751,
      "mean_oracle_gap": 0.18655492035637464,
      "oracle_gap_se": 0.013905751824264272,
      "mean_rel_oracle_gap": 0.024075407116734743,
      "mean_excess_s": 23.802419354838708,
      "selected_s_std": 36.220301219632084,
      "failure_rate": 0.0,
      "n_failed": 0
    },
    "NGS": {
      "method": "NGS",
      "n_reps": 500,
      "target": 0.95,
      "coverage": 0.942,
      "coverage_lo": 0.917943812143745,
      "coverage_hi": 0.9593162708882429,
      "coverage_gap": -0.008000000000000007,
      "meets_target": false,
      "significantly_below": false,
      "mean_obj": -7.368063855971166,
      "obj_se": 0.01479634774886109,
      "mean_oracle_gap": 0.27213276866436403,
      "oracle_gap_se": 0.013666899917437254,
      "mean_rel_oracle_gap": 0.035282397275524915,
      "mean_excess_s": 32.87903225806452,
      "selected_s_std": 36.88670386255307,
      "failure_rate": 0.0,
      "n_failed": 0
    },
    "UNGS": {
      "method": "UNGS",
      "n_reps": 500,
      "target": 0.95,
      "coverage": 0.964,
      "coverage_lo": 0.9438156730319722,
      "coverage_hi": 0.9771089390197072,
      "coverage_gap": 0.014000000000000012,
      "meets_target": true,
      "significantly_below": false,
      "mean_obj": -7.289347692828739,
      "obj_se": 0.015006613506736377,
      "mean_oracle_gap": 0.35148373957406986,
      "oracle_gap_se": 0.013582168857131979,
      "mean_rel_oracle_gap": 0.04571413712352892,
      "mean_excess_s": 42.17943548387097,
      "selected_s_std": 35.33834599121455,
      "failure_rate": 0.0,
      "n_failed": 0
    },
    "benchmark": {
      "method": "benchmark",
      "n_reps": 500,
      "target": 0.95,
      "coverage": 1.0,
      "coverage_lo": 0.9923756595384479,
      "coverage_hi": 1.0,
      "coverage_gap": 0.050000000000000044,
      "meets_target": true,
      "significantly_below": false,
      "mean_obj": -6.997007971064607,
      "obj_se": 0.011738627896977171,
      "mean_oracle_gap": 0.6388834296675104,
      "oracle_gap_se": 0.012644250631302492,
      "mean_rel_oracle_gap": 0.08316031352195159,
      "mean_excess_s": NaN,
      "selected_s_std": NaN,
      "failure_rate": 0.0,
      "n_failed": 0
    },
    "_n_replication_errors": 0
  }
}