{
  "config": "paper_so",
  "n": 500,
  "split": 0.7,
  "d": 2,
  "reps": 500,
  "mesh_p": 60,
  "include_existing": false,
  "folds": null,
  "elapsed_s": 1.508486270904541,
  "summaries": {
    "NV": {
      "method": "NV",
      "n_reps": 500,
      "target": 0.95,
      "coverage": 0.852,
      "coverage_lo": 0.8181938697042727,
      "coverage_hi": 0.8804385946107945,
      "coverage_gap": -0.09799999999999998,
      "meets_target": false,
      "significantly_below": true,
      "mean_obj": -1.0928476952238644,
      "obj_se": 0.004610354696081329,
      "mean_oracle_gap": -0.00626151789840419,
      "oracle_gap_se": 0.0029800687741397968,
      "mean_rel_oracle_gap": -0.0070976298342113,
      "mean_excess_s": -0.198,
      "selected_s_std": 14.612852387874847,
      "failure_rate": 0.0,
      "n_failed": 0
    },
    "UG": {
      "method": "UG",
      "n_reps": 500,
      "target": 0.95,
      "coverage": 0.984,
      "coverage_lo": 0.9687488914666058,
      "coverage_hi": 0.9918707469666117,
      "coverage_gap": 0.03400000000000003,
      "meets_target": true,
      "significantly_below": false,
      "mean_obj": -1.0294283357688228,
      "obj_se": 0.004036152687008655,
      "mean_oracle_gap": 0.05715784155663713,
      "oracle_gap_se": 0.0038526541044520838,
      "mean_rel_oracle_gap": 0.04936328343695281,
      "mean_excess_s": 12.682,
      "selected_s_std": 24.96629037944206,
      "failure_rate": 0.0,
      "n_failed": 0
    },
    "NGS": {
      "method": "NGS",
      "n_reps": 500,
      "target": 0.95,
      "coverage": 0.99,
      "coverage_lo": 0.9768069002442693,
      "coverage_hi": 0.9957212461034096,
      "coverage_gap": 0.040000000000000036,
      "meets_target": true,
      "significantly_below": false,
      "mean_obj": -1.0159512597502114,
      "obj_se": 0.003829071385849147,
      "mean_oracle_gap": 0.07063491757524865,
      "oracle_gap_se": 0.0039284547988581026,
      "mean_rel_oracle_gap": 0.06138268913180182,
      "mean_excess_s": 17.21,
      "selected_s_std": 27.92920451659624,
      "failure_rate": 0.0,
      "n_failed": 0
    },
    "UNGS": {
      "method": "UNGS",
      "n_reps": 500,
      "target": 0.95,
      "coverage": 1.0,
      "coverage_lo": 0.9923756595384479,
      "coverage_hi": 1.0,
      "coverage_gap": 0.050000000000000044,
      "meets_target": true,
      "significantly_below": false,
      "mean_obj": -0.9577111419253024,
      "obj_se": 0.0036371029736237412,
      "mean_oracle_gap": 0.1288750354001577,
      "oracle_gap_se": 0.0045836556163164595,
      "mean_rel_oracle_gap": 0.1137709608716774,
      "mean_excess_s": 49.506,
      "selected_s_std": 59.79426987110753,
      "failure_rate": 0.0,
      "n_failed": 0
    },
    "benchmark": {
      "method": "benchmark",
      "n_reps": 500,
      "target": 0.95,
      "coverage": 1.0,
      "coverage_lo": 0.9923756595384479,
      "coverage_hi": 1.0,
      "coverage_gap": 0.050000000000000044,
      "meets_target": true,
      "significantly_below": false,
      "mean_obj": -0.8282705654065219,
      "obj_se": 0.0023745972154361767,
      "mean_oracle_gap": 0.2583156119189381,
      "oracle_gap_se": 0.0045816058736205855,
      "mean_rel_oracle_gap": 0.231958807613,
      "mean_excess_s": NaN,
      "selected_s_std": NaN,
      "failure_rate": 0.0,
      "n_failed": 0
    },
    "_n_replication_errors": 0
  }
}