{
  "config": "paper_ro_ellipsoid",
  "n": 1000,
  "split": 0.3,
  "d": 10,
  "reps": 500,
  "mesh_p": null,
  "include_existing": false,
  "folds": null,
  "elapsed_s": 0.6138210296630859,
  "summaries": {
    "NV": {
      "method": "NV",
      "n_reps": 500,
      "target": 0.95,
      "coverage": 0.918,
      "coverage_lo": 0.8906451408426114,
      "coverage_hi": 0.9389809105315311,
      "coverage_gap": -0.03199999999999992,
      "meets_target": false,
      "significantly_below": true,
      "mean_obj": -7.557497090772573,
      "obj_se": 0.008403705657192565,
      "mean_oracle_gap": -0.05023959534972915,
      "oracle_gap_se": 0.008842827389669733,
      "mean_rel_oracle_gap": -0.0068647126712432964,
      "mean_excess_s": -0.10631839159368013,
      "selected_s_std": 0.42173346683173085,
      "failure_rate": 0.0,
      "n_failed": 0
    },
    "UG": {
      "method": "UG",
      "n_reps": 500,
      "target": 0.95,
      "coverage": 1.0,
      "coverage_lo": 0.9923756595384479,
      "coverage_hi": 1.0,
      "coverage_gap": 0.050000000000000044,
      "meets_target": true,
      "significantly_below": false,
      "mean_obj": -7.485011048210115,
      "obj_se": 0.0050855292997320075,
      "mean_oracle_gap": 0.022246447212728084,
      "oracle_gap_se": 0.004988539244534851,
      "mean_rel_oracle_gap": 0.0028357088340767384,
      "mean_excess_s": 0.05727163675155815,
      "selected_s_std": 0.23008831717870426,
      "failure_rate": 0.0,
      "n_failed": 0
    },
    "NGS": {
      "method": "NGS",
      "n_reps": 500,
      "target": 0.95,
      "coverage": 1.0,
      "coverage_lo": 0.9923756595384479,
      "coverage_hi": 1.0,
      "coverage_gap": 0.050000000000000044,
      "meets_target": true,
      "significantly_below": false,
      "mean_obj": -7.473311564035636,
      "obj_se": 0.005186072584881203,
      "mean_oracle_gap": 0.03394593138720832,
      "oracle_gap_se": 0.00584160462557476,
      "mean_rel_oracle_gap": 0.00435870832173364,
      "mean_excess_s": 0.09454701144239332,
      "selected_s_std": 0.32160603634481827,
      "failure_rate": 0.0,
      "n_failed": 0
    },
    "UNGS": {
      "method": "UNGS",
      "n_reps": 500,
      "target": 0.95,
      "coverage": 0.998,
      "coverage_lo": 0.9887592932948532,
      "coverage_hi": 0.9996468636054407,
      "coverage_gap": 0.04800000000000004,
      "meets_target": true,
      "significantly_below": false,
      "mean_obj": -7.474651994533662,
      "obj_se": 0.005266619639487812,
      "mean_oracle_gap": 0.03260550088918164,
      "oracle_gap_se": 0.0060086164726353706,
      "mean_rel_oracle_gap": 0.0041749766312684485,
      "mean_excess_s": 0.09165383611302261,
      "selected_s_std": 0.3283485652963397,
      "failure_rate": 0.0,
      "n_failed": 0
    },
    "benchmark": {
      "method": "benchmark",
      "n_reps": 500,
      "target": 0.95,
      "coverage": 1.0,
      "coverage_lo": 0.9923756595384479,
      "coverage_hi": 1.0,
      "coverage_gap": 0.050000000000000044,
      "meets_target": true,
      "significantly_below": false,
      "mean_obj": -6.901634398385975,
      "obj_se": 7.95206533574069e-17,
      "mean_oracle_gap": 0.6056230970368701,
      "oracle_gap_se": 0.005591067315554317,
      "mean_rel_oracle_gap": 0.08042116114506886,
      "mean_excess_s": null,
      "selected_s_std": null,
      "failure_rate": 0.0,
      "n_failed": 0
    },
    "_n_replication_errors": 0
  }
}