{
  "config": "paper_so",
  "n": 1000,
  "split": 0.1,
  "d": 50,
  "reps": 500,
  "mesh_p": 60,
  "include_existing": false,
  "folds": null,
  "elapsed_s": 5.618607044219971,
  "summaries": {
    "NV": {
      "method": "NV",
      "n_reps": 500,
      "target": 0.95,
      "coverage": 0.764,
      "coverage_lo": 0.7248556437078593,
      "coverage_hi": 0.7991187045284411,
      "coverage_gap": -0.18599999999999994,
      "meets_target": false,
      "significantly_below": true,
      "mean_obj": -45.31533743519622,
      "obj_se": 0.025487521875261286,
      "mean_oracle_gap": -0.025199211946786062,
      "oracle_gap_se": 0.017160357367219655,
      "mean_rel_oracle_gap": -0.0005842756542213555,
      "mean_excess_s": -0.0635593220338983,
      "selected_s_std": 26.521622063398524,
      "failure_rate": 0.0,
      "n_failed": 0
    },
    "UG": {
      "method": "UG",
      "n_reps": 500,
      "target": 0.95,
      "coverage": 0.93,
      "coverage_lo": 0.9042028101480832,
      "coverage_hi": 0.949240257054982,
      "coverage_gap": -0.019999999999999907,
      "meets_target": false,
      "significantly_below": true,
      "mean_obj": -45.04652214800741,
      "obj_se": 0.02627318767329914,
      "mean_oracle_gap": 0.2589901781754543,
      "oracle_gap_se": 0.019210178004899575,
      "mean_rel_oracle_gap": 0.005687574062937432,
      "mean_excess_s": 11.141949152542374,
      "selected_s_std": 27.29052563764865,
      "failure_rate": 0.0,
      "n_failed": 0
    },
    "NGS": {
      "method": "NGS",
      "n_reps": 500,
      "target": 0.95,
      "coverage": 0.938,
      "coverage_lo": 0.9133402868983618,
      "coverage_hi": 0.9559807908573184,
      "coverage_gap": -0.01200000000000001,
      "meets_target": false,
      "significantly_below": false,
      "mean_obj": -44.964311972995475,
      "obj_se": 0.026522410802978017,
      "mean_oracle_gap": 0.34607722797622686,
      "oracle_gap_se": 0.020832491117305302,
      "mean_rel_oracle_gap": 0.0076039854699483204,
      "mean_excess_s": 14.771186440677965,
      "selected_s_std": 27.201032928636547,
      "failure_rate": 0.0,
      "n_failed": 0
    },
    "UNGS": {
      "method": "UNGS",
      "n_reps": 500,
      "target": 0.95,
      "coverage": 0.94,
      "coverage_lo": 0.9156389368747802,
      "coverage_hi": 0.9576516435190539,
      "coverage_gap": -0.010000000000000009,
      "meets_target": false,
      "significantly_below": false,
      "mean_obj": -44.867579765597746,
      "obj_se": 0.027757727298718518,
      "mean_oracle_gap": 0.4485477866602671,
      "oracle_gap_se": 0.022464794791156376,
      "mean_rel_oracle_gap": 0.009865974222006043,
      "mean_excess_s": 19.52542372881356,
      "selected_s_std": 26.4173019759281,
      "failure_rate": 0.0,
      "n_failed": 0
    },
    "benchmark": {
      "method": "benchmark",
      "n_reps": 500,
      "target": 0.95,
      "coverage": 1.0,
      "coverage_lo": 0.9923756595384479,
      "coverage_hi": 1.0,
      "coverage_gap": 0.050000000000000044,
      "meets_target": true,
      "significantly_below": false,
      "mean_obj": -41.86645886876501,
      "obj_se": 0.022953857560082867,
      "mean_oracle_gap": 3.384838685505157,
      "oracle_gap_se": 0.030222673922451943,
      "mean_rel_oracle_gap": 0.07471670136551725,
      "mean_excess_s": null,
      "selected_s_std": null,
      "failure_rate": 0.0,
      "n_failed": 0
    },
    "_n_replication_errors": 0
  }
}