{
  "config": "paper_ro_ellipsoid",
  "n": 500,
  "split": 0.4,
  "d": 10,
  "reps": 500,
  "mesh_p": null,
  "include_existing": false,
  "folds": null,
  "elapsed_s": 0.6661229133605957,
  "summaries": {
    "NV": {
      "method": "NV",
      "n_reps": 500,
      "target": 0.95,
      "coverage": 0.876,
      "coverage_lo": 0.8442125871122163,
      "coverage_hi": 0.9020539088606966,
      "coverage_gap": -0.07399999999999995,
      "meets_target": false,
      "significantly_below": true,
      "mean_obj": -7.5939799169671645,
      "obj_se": 0.010337253211360618,
      "mean_oracle_gap": -0.06325937849096487,
      "oracle_gap_se": 0.011528460083357969,
      "mean_rel_oracle_gap": -0.008700935064594028,
      "mean_excess_s": -0.12854265677716284,
      "selected_s_std": 0.5338173455898573,
      "failure_rate": 0.0,
      "n_failed": 0
    },
    "UG": {
      "method": "UG",
      "n_reps": 500,
      "target": 0.95,
      "coverage": 0.994,
      "coverage_lo": 0.9825097478959467,
      "coverage_hi": 0.9979574037280398,
      "coverage_gap": 0.04400000000000004,
      "meets_target": true,
      "significantly_below": false,
      "mean_obj": -7.448561966590948,
      "obj_se": 0.007422800149616713,
      "mean_oracle_gap": 0.08215857188525055,
      "oracle_gap_se": 0.008997982580732904,
      "mean_rel_oracle_gap": 0.010619494672992037,
      "mean_excess_s": 0.23903801829655555,
      "selected_s_std": 0.5249578746441939,
      "failure_rate": 0.0,
      "n_failed": 0
    },
    "NGS": {
      "method": "NGS",
      "n_reps": 500,
      "target": 0.95,
      "coverage": 1.0,
      "coverage_lo": 0.9923756595384479,
      "coverage_hi": 1.0,
      "coverage_gap": 0.050000000000000044,
      "meets_target": true,
      "significantly_below": false,
      "mean_obj": -7.394258637226403,
      "obj_se": 0.007837794438924609,
      "mean_oracle_gap": 0.13646190124979546,
      "oracle_gap_se": 0.010056078214507606,
      "mean_rel_oracle_gap": 0.017772547208060836,
      "mean_excess_s": 0.4072446494274973,
      "selected_s_std": 0.6450558817014368,
      "failure_rate": 0.0,
      "n_failed": 0
    },
    "UNGS": {
      "method": "UNGS",
      "n_reps": 500,
      "target": 0.95,
      "coverage": 0.994,
      "coverage_lo": 0.9825097478959467,
      "coverage_hi": 0.9979574037280398,
      "coverage_gap": 0.04400000000000004,
      "meets_target": true,
      "significantly_below": false,
      "mean_obj": -7.3831426589226385,
      "obj_se": 0.00837447645153683,
      "mean_oracle_gap": 0.14757787955356036,
      "oracle_gap_se": 0.0106747143525085,
      "mean_rel_oracle_gap": 0.019229835514882523,
      "mean_excess_s": 0.4498061087220279,
      "selected_s_std": 0.7015283228977633,
      "failure_rate": 0.0,
      "n_failed": 0
    },
    "benchmark": {
      "method": "benchmark",
      "n_reps": 500,
      "target": 0.95,
      "coverage": 1.0,
      "coverage_lo": 0.9923756595384479,
      "coverage_hi": 1.0,
      "coverage_gap": 0.050000000000000044,
      "meets_target": true,
      "significantly_below": false,
      "mean_obj": -6.901634398385975,
      "obj_se": 7.95206533574069e-17,
      "mean_oracle_gap": 0.6290861400902251,
      "oracle_gap_se": 0.006519530204041673,
      "mean_rel_oracle_gap": 0.08319706606756622,
      "mean_excess_s": null,
      "selected_s_std": null,
      "failure_rate": 0.0,
      "n_failed": 0
    },
    "_n_replication_errors": 0
  }
}