{
  "config": "paper_ro_ellipsoid",
  "n": 200,
  "split": 0.6,
  "d": 50,
  "reps": 500,
  "mesh_p": null,
  "include_existing": false,
  "folds": null,
  "elapsed_s": 4.011205673217773,
  "summaries": {
    "NV": {
      "method": "NV",
      "n_reps": 500,
      "target": 0.95,
      "coverage": 0.992,
      "coverage_lo": 0.9796129641658948,
      "coverage_hi": 0.9968846848199377,
      "coverage_gap": 0.04200000000000004,
      "meets_target": true,
      "significantly_below": false,
      "mean_obj": -44.39359286687908,
      "obj_se": 0.03237064058698539,
      "mean_oracle_gap": 0.1604992887914276,
      "oracle_gap_se": 0.029213244805612788,
      "mean_rel_oracle_gap": 0.0035564444977981245,
      "mean_excess_s": 0.22183320289124572,
      "selected_s_std": 0.8588668200139693,
      "failure_rate": 0.0,
      "n_failed": 0
    },
    "UG": {
      "method": "UG",
      "n_reps": 500,
      "target": 0.95,
      "coverage": 1.0,
      "coverage_lo": 0.9923756595384479,
      "coverage_hi": 1.0,
      "coverage_gap": 0.050000000000000044,
      "meets_target": true,
      "significantly_below": false,
      "mean_obj": -43.29599267982666,
      "obj_se": 0.05029893025338733,
      "mean_oracle_gap": 1.2580994758438442,
      "oracle_gap_se": 0.05579731973628987,
      "mean_rel_oracle_gap": 0.028096866021101417,
      "mean_excess_s": 1.748000383687001,
      "selected_s_std": 1.7758138572951496,
      "failure_rate": 0.0,
      "n_failed": 0
    },
    "NGS": {
      "method": "NGS",
      "n_reps": 500,
      "target": 0.95,
      "coverage": 1.0,
      "coverage_lo": 0.9923756595384479,
      "coverage_hi": 1.0,
      "coverage_gap": 0.050000000000000044,
      "meets_target": true,
      "significantly_below": false,
      "mean_obj": -43.24576720410291,
      "obj_se": 0.053158593766700284,
      "mean_oracle_gap": 1.308324951567597,
      "oracle_gap_se": 0.058882055739996934,
      "mean_rel_oracle_gap": 0.029217073344367656,
      "mean_excess_s": 1.8547946548290388,
      "selected_s_std": 1.9791578821112277,
      "failure_rate": 0.0,
      "n_failed": 0
    },
    "UNGS": {
      "method": "UNGS",
      "n_reps": 500,
      "target": 0.95,
      "coverage": 1.0,
      "coverage_lo": 0.9923756595384479,
      "coverage_hi": 1.0,
      "coverage_gap": 0.050000000000000044,
      "meets_target": true,
      "significantly_below": false,
      "mean_obj": -43.19852889418666,
      "obj_se": 0.055732676517541754,
      "mean_oracle_gap": 1.3555632614838422,
      "oracle_gap_se": 0.0618794734967933,
      "mean_rel_oracle_gap": 0.03026734629702341,
      "mean_excess_s": 1.9556019385640906,
      "selected_s_std": 2.1445100771065864,
      "failure_rate": 0.0,
      "n_failed": 0
    },
    "benchmark": {
      "method": "benchmark",
      "n_reps": 500,
      "target": 0.95,
      "coverage": 1.0,
      "coverage_lo": 0.9923756595384479,
      "coverage_hi": 1.0,
      "coverage_gap": 0.050000000000000044,
      "meets_target": true,
      "significantly_below": false,
      "mean_obj": -42.46409155317787,
      "obj_se": 3.180826134296276e-16,
      "mean_oracle_gap": 2.090000602492625,
      "oracle_gap_se": 0.023746087296606405,
      "mean_rel_oracle_gap": 0.04677382468165597,
      "mean_excess_s": NaN,
      "selected_s_std": NaN,
      "failure_rate": 0.0,
      "n_failed": 0
    },
    "_n_replication_errors": 0
  }
}