{
  "config": "paper_saa",
  "n": 200,
  "split": 0.8,
  "d": 5,
  "reps": 500,
  "mesh_p": null,
  "include_existing": false,
  "folds": null,
  "elapsed_s": 13.75840139389038,
  "summaries": {
    "NV": {
      "method": "NV",
      "n_reps": 500,
      "target": 0.95,
      "coverage": 0.338,
      "coverage_lo": 0.29791302434501227,
      "coverage_hi": 0.3805572619645308,
      "coverage_gap": -0.6119999999999999,
      "meets_target": false,
      "significantly_below": true,
      "mean_obj": -3.6334477518119037,
      "obj_se": 0.00730091359508082,
      "mean_oracle_gap": -0.0651233150602166,
      "oracle_gap_se": 0.007404207130937662,
      "mean_rel_oracle_gap": -0.018344351453329064,
      "mean_excess_s": -0.012336,
      "selected_s_std": 0.02620430413329498,
      "failure_rate": 0.0,
      "n_failed": 0
    },
    "UG": {
      "method": "UG",
      "n_reps": 500,
      "target": 0.95,
      "coverage": 0.89,
      "coverage_lo": 0.8595444295965924,
      "coverage_hi": 0.9145085848433969,
      "coverage_gap": -0.05999999999999994,
      "meets_target": false,
      "significantly_below": true,
      "mean_obj": -3.3046816666126126,
      "obj_se": 0.010258542106723507,
      "mean_oracle_gap": 0.2636427701390744,
      "oracle_gap_se": 0.010393417708147737,
      "mean_rel_oracle_gap": 0.07377638565088265,
      "mean_excess_s": 0.028528,
      "selected_s_std": 0.025129824355619532,
      "failure_rate": 0.0,
      "n_failed": 0
    },
    "NGS": {
      "method": "NGS",
      "n_reps": 500,
      "target": 0.95,
      "coverage": 0.89,
      "coverage_lo": 0.8595444295965924,
      "coverage_hi": 0.9145085848433969,
      "coverage_gap": -0.05999999999999994,
      "meets_target": false,
      "significantly_below": true,
      "mean_obj": -3.30530476838714,
      "obj_se": 0.01022701043388961,
      "mean_oracle_gap": 0.26301966836454754,
      "oracle_gap_se": 0.01037741234664636,
      "mean_rel_oracle_gap": 0.0735955001105919,
      "mean_excess_s": 0.028504,
      "selected_s_std": 0.02512913151107698,
      "failure_rate": 0.0,
      "n_failed": 0
    },
    "UNGS": {
      "method": "UNGS",
      "n_reps": 500,
      "target": 0.95,
      "coverage": 0.93,
      "coverage_lo": 0.9042028101480832,
      "coverage_hi": 0.949240257054982,
      "coverage_gap": -0.019999999999999907,
      "meets_target": false,
      "significantly_below": true,
      "mean_obj": -3.2279920140936667,
      "obj_se": 0.010564393845307237,
      "mean_oracle_gap": 0.34033242265802144,
      "oracle_gap_se": 0.010695554153917089,
      "mean_rel_oracle_gap": 0.09527041474998611,
      "mean_excess_s": 0.035712,
      "selected_s_std": 0.022736294645090627,
      "failure_rate": 0.0,
      "n_failed": 0
    },
    "_n_replication_errors": 0
  }
}