{
  "config": "paper_so",
  "n": 1000,
  "split": 0.4,
  "d": 10,
  "reps": 500,
  "mesh_p": 60,
  "include_existing": false,
  "folds": null,
  "elapsed_s": 4.205362319946289,
  "summaries": {
    "NV": {
      "method": "NV",
      "n_reps": 500,
      "target": 0.95,
      "coverage": 0.8,
      "coverage_lo": 0.7627108946948262,
      "coverage_hi": 0.8327145010282426,
      "coverage_gap": -0.1499999999999999,
      "meets_target": false,
      "significantly_below": true,
      "mean_obj": -7.636863757441873,
      "obj_se": 0.0115697629075127,
      "mean_oracle_gap": -0.0323276081944731,
      "oracle_gap_se": 0.009784481391460395,
      "mean_rel_oracle_gap": -0.004583763527694671,
      "mean_excess_s": -0.45,
      "selected_s_std": 25.366741358208948,
      "failure_rate": 0.0,
      "n_failed": 0
    },
    "UG": {
      "method": "UG",
      "n_reps": 500,
      "target": 0.95,
      "coverage": 0.986,
      "coverage_lo": 0.9713869308622147,
      "coverage_hi": 0.9932022102091564,
      "coverage_gap": 0.03600000000000003,
      "meets_target": true,
      "significantly_below": false,
      "mean_obj": -7.466153314742054,
      "obj_se": 0.009913396763020294,
      "mean_oracle_gap": 0.1383828345053451,
      "oracle_gap_se": 0.009437847434077514,
      "mean_rel_oracle_gap": 0.017764375038674805,
      "mean_excess_s": 14.978,
      "selected_s_std": 35.77881819824862,
      "failure_rate": 0.0,
      "n_failed": 0
    },
    "NGS": {
      "method": "NGS",
      "n_reps": 500,
      "target": 0.95,
      "coverage": 0.992,
      "coverage_lo": 0.9796129641658948,
      "coverage_hi": 0.9968846848199377,
      "coverage_gap": 0.04200000000000004,
      "meets_target": true,
      "significantly_below": false,
      "mean_obj": -7.395004152981921,
      "obj_se": 0.010128240728528609,
      "mean_oracle_gap": 0.20953199626547933,
      "oracle_gap_se": 0.011119917814746406,
      "mean_rel_oracle_gap": 0.026994299150711266,
      "mean_excess_s": 23.792,
      "selected_s_std": 40.95787067635086,
      "failure_rate": 0.0,
      "n_failed": 0
    },
    "UNGS": {
      "method": "UNGS",
      "n_reps": 500,
      "target": 0.95,
      "coverage": 0.996,
      "coverage_lo": 0.9855342847848231,
      "coverage_hi": 0.9989023694773173,
      "coverage_gap": 0.04600000000000004,
      "meets_target": true,
      "significantly_below": false,
      "mean_obj": -7.321057461943605,
      "obj_se": 0.009707789124599738,
      "mean_oracle_gap": 0.2834786873037941,
      "oracle_gap_se": 0.011777804146230237,
      "mean_rel_oracle_gap": 0.036622032530001666,
      "mean_excess_s": 35.868,
      "selected_s_std": 47.80329144888136,
      "failure_rate": 0.0,
      "n_failed": 0
    },
    "benchmark": {
      "method": "benchmark",
      "n_reps": 500,
      "target": 0.95,
      "coverage": 1.0,
      "coverage_lo": 0.9923756595384479,
      "coverage_hi": 1.0,
      "coverage_gap": 0.050000000000000044,
      "meets_target": true,
      "significantly_below": false,
      "mean_obj": -6.410661703607296,
      "obj_se": 0.0077324889018686276,
      "mean_oracle_gap": 1.1938744456401043,
      "oracle_gap_se": 0.012126466764740688,
      "mean_rel_oracle_gap": 0.1562573267577892,
      "mean_excess_s": NaN,
      "selected_s_std": NaN,
      "failure_rate": 0.0,
      "n_failed": 0
    },
    "_n_replication_errors": 0
  }
}