{
  "config": "paper_ro_ellipsoid",
  "n": 200,
  "split": 0.7,
  "d": 2,
  "reps": 500,
  "mesh_p": null,
  "include_existing": false,
  "folds": null,
  "elapsed_s": 0.39211440086364746,
  "summaries": {
    "NV": {
      "method": "NV",
      "n_reps": 500,
      "target": 0.95,
      "coverage": 0.73,
      "coverage_lo": 0.6894413425907917,
      "coverage_hi": 0.7670514607968943,
      "coverage_gap": -0.21999999999999997,
      "meets_target": false,
      "significantly_below": true,
      "mean_obj": -1.197170644361751,
      "obj_se": 0.0036283615837455216,
      "mean_oracle_gap": -0.021218139587219905,
      "oracle_gap_se": 0.0039342412827981735,
      "mean_rel_oracle_gap": -0.0188604272782247,
      "mean_excess_s": -0.0844820656984783,
      "selected_s_std": 0.7375227657475453,
      "failure_rate": 0.0,
      "n_failed": 0
    },
    "UG": {
      "method": "UG",
      "n_reps": 500,
      "target": 0.95,
      "coverage": 0.97,
      "coverage_lo": 0.9510963331640543,
      "coverage_hi": 0.9817367868020865,
      "coverage_gap": 0.020000000000000018,
      "meets_target": true,
      "significantly_below": false,
      "mean_obj": -1.0936615487028563,
      "obj_se": 0.003675109028606334,
      "mean_oracle_gap": 0.08229095607167478,
      "oracle_gap_se": 0.0038881179527403553,
      "mean_rel_oracle_gap": 0.06935702935072591,
      "mean_excess_s": 0.9454439347364596,
      "selected_s_std": 1.112081127713056,
      "failure_rate": 0.0,
      "n_failed": 0
    },
    "NGS": {
      "method": "NGS",
      "n_reps": 500,
      "target": 0.95,
      "coverage": 0.99,
      "coverage_lo": 0.9768069002442693,
      "coverage_hi": 0.9957212461034096,
      "coverage_gap": 0.040000000000000036,
      "meets_target": true,
      "significantly_below": false,
      "mean_obj": -1.0517138772993129,
      "obj_se": 0.0035890808280608175,
      "mean_oracle_gap": 0.12423862747521827,
      "oracle_gap_se": 0.0038267831255317792,
      "mean_rel_oracle_gap": 0.10502569258580781,
      "mean_excess_s": 1.4895588841278244,
      "selected_s_std": 1.2860455287113384,
      "failure_rate": 0.0,
      "n_failed": 0
    },
    "UNGS": {
      "method": "UNGS",
      "n_reps": 500,
      "target": 0.95,
      "coverage": 0.982,
      "coverage_lo": 0.9661483290912607,
      "coverage_hi": 0.990501806703803,
      "coverage_gap": 0.03200000000000003,
      "meets_target": true,
      "significantly_below": false,
      "mean_obj": -0.9737943477265696,
      "obj_se": 0.005256087658809771,
      "mean_oracle_gap": 0.20215815704796142,
      "oracle_gap_se": 0.005575459496340921,
      "mean_rel_oracle_gap": 0.17103035764392643,
      "mean_excess_s": 3.087116128714476,
      "selected_s_std": 2.571941434541296,
      "failure_rate": 0.0,
      "n_failed": 0
    },
    "benchmark": {
      "method": "benchmark",
      "n_reps": 500,
      "target": 0.95,
      "coverage": 1.0,
      "coverage_lo": 0.9923756595384479,
      "coverage_hi": 1.0,
      "coverage_gap": 0.050000000000000044,
      "meets_target": true,
      "significantly_below": false,
      "mean_obj": -0.9727869233715889,
      "obj_se": 0.0,
      "mean_oracle_gap": 0.20316558140294225,
      "oracle_gap_se": 0.0014530565268169092,
      "mean_rel_oracle_gap": 0.17213386809122153,
      "mean_excess_s": NaN,
      "selected_s_std": NaN,
      "failure_rate": 0.0,
      "n_failed": 0
    },
    "_n_replication_errors": 0
  }
}