{
  "config": "paper_ro_ellipsoid",
  "n": 500,
  "split": 0.6,
  "d": 2,
  "reps": 500,
  "mesh_p": null,
  "include_existing": false,
  "folds": null,
  "elapsed_s": 0.4096996784210205,
  "summaries": {
    "NV": {
      "method": "NV",
      "n_reps": 500,
      "target": 0.95,
      "coverage": 0.948,
      "coverage_lo": 0.9248988560621544,
      "coverage_hi": 0.9642697348842947,
      "coverage_gap": -0.0020000000000000018,
      "meets_target": false,
      "significantly_below": false,
      "mean_obj": -1.1815539973525417,
      "obj_se": 0.0020073345784996414,
      "mean_oracle_gap": 0.008374306302904203,
      "oracle_gap_se": 0.0021518536401799143,
      "mean_rel_oracle_gap": 0.006668209679921611,
      "mean_excess_s": 0.08644531745891922,
      "selected_s_std": 0.41154246971920644,
      "failure_rate": 0.0,
      "n_failed": 0
    },
    "UG": {
      "method": "UG",
      "n_reps": 500,
      "target": 0.95,
      "coverage": 0.996,
      "coverage_lo": 0.9855342847848231,
      "coverage_hi": 0.9989023694773173,
      "coverage_gap": 0.04600000000000004,
      "meets_target": true,
      "significantly_below": false,
      "mean_obj": -1.1214697482733882,
      "obj_se": 0.002285101984523211,
      "mean_oracle_gap": 0.068458555382058,
      "oracle_gap_se": 0.0025509593369298653,
      "mean_rel_oracle_gap": 0.0570683357409542,
      "mean_excess_s": 0.6581444716745001,
      "selected_s_std": 0.5741153704541413,
      "failure_rate": 0.0,
      "n_failed": 0
    },
    "NGS": {
      "method": "NGS",
      "n_reps": 500,
      "target": 0.95,
      "coverage": 1.0,
      "coverage_lo": 0.9923756595384479,
      "coverage_hi": 1.0,
      "coverage_gap": 0.050000000000000044,
      "meets_target": true,
      "significantly_below": false,
      "mean_obj": -1.1008641279835332,
      "obj_se": 0.0022205275355222476,
      "mean_oracle_gap": 0.0890641756719129,
      "oracle_gap_se": 0.00246744006273786,
      "mean_rel_oracle_gap": 0.07441781250794688,
      "mean_excess_s": 0.8780186571703541,
      "selected_s_std": 0.6066687451658351,
      "failure_rate": 0.0,
      "n_failed": 0
    },
    "UNGS": {
      "method": "UNGS",
      "n_reps": 500,
      "target": 0.95,
      "coverage": 1.0,
      "coverage_lo": 0.9923756595384479,
      "coverage_hi": 1.0,
      "coverage_gap": 0.050000000000000044,
      "meets_target": true,
      "significantly_below": false,
      "mean_obj": -1.083784828526752,
      "obj_se": 0.002375358493679783,
      "mean_oracle_gap": 0.10614347512869413,
      "oracle_gap_se": 0.0026320809673652935,
      "mean_rel_oracle_gap": 0.08875642446583037,
      "mean_excess_s": 1.0879469613677029,
      "selected_s_std": 0.7097256372783123,
      "failure_rate": 0.0,
      "n_failed": 0
    },
    "benchmark": {
      "method": "benchmark",
      "n_reps": 500,
      "target": 0.95,
      "coverage": 1.0,
      "coverage_lo": 0.9923756595384479,
      "coverage_hi": 1.0,
      "coverage_gap": 0.050000000000000044,
      "meets_target": true,
      "significantly_below": false,
      "mean_obj": -0.9727869233715889,
      "obj_se": 0.0,
      "mean_oracle_gap": 0.21714138028385707,
      "oracle_gap_se": 0.0012213586091737953,
      "mean_rel_oracle_gap": 0.1820488557201832,
      "mean_excess_s": NaN,
      "selected_s_std": NaN,
      "failure_rate": 0.0,
      "n_failed": 0
    },
    "_n_replication_errors": 0
  }
}