{
  "config": "paper_so",
  "n": 500,
  "split": 0.1,
  "d": 10,
  "reps": 500,
  "mesh_p": 60,
  "include_existing": false,
  "folds": null,
  "elapsed_s": 0.8674471378326416,
  "summaries": {
    "NV": {
      "method": "NV",
      "n_reps": 500,
      "target": 0.95,
      "coverage": 0.574,
      "coverage_lo": 0.5302541759784422,
      "coverage_hi": 0.616617421633248,
      "coverage_gap": -0.376,
      "meets_target": false,
      "significantly_below": true,
      "mean_obj": -7.776493259427981,
      "obj_se": 0.013726901360999704,
      "mean_oracle_gap": -0.03230239341658937,
      "oracle_gap_se": 0.009324231124362793,
      "mean_rel_oracle_gap": -0.004434887295283748,
      "mean_excess_s": -0.5263157894736842,
      "selected_s_std": 13.8961015856447,
      "failure_rate": 0.0,
      "n_failed": 0
    },
    "UG": {
      "method": "UG",
      "n_reps": 500,
      "target": 0.95,
      "coverage": 0.706,
      "coverage_lo": 0.6646172591655972,
      "coverage_hi": 0.7442415125642432,
      "coverage_gap": -0.244,
      "meets_target": false,
      "significantly_below": true,
      "mean_obj": -7.6996882974584375,
      "obj_se": 0.014827766438633072,
      "mean_oracle_gap": 0.0732638963969632,
      "oracle_gap_se": 0.007635616609818596,
      "mean_rel_oracle_gap": 0.009468113691809736,
      "mean_excess_s": 5.645429362880886,
      "selected_s_std": 12.468316559811568,
      "failure_rate": 0.0,
      "n_failed": 0
    },
    "NGS": {
      "method": "NGS",
      "n_reps": 500,
      "target": 0.95,
      "coverage": 0.708,
      "coverage_lo": 0.6666807682036219,
      "coverage_hi": 0.7461475061643724,
      "coverage_gap": -0.242,
      "meets_target": false,
      "significantly_below": true,
      "mean_obj": -7.690009469153082,
      "obj_se": 0.015114985695674116,
      "mean_oracle_gap": 0.08664823360538229,
      "oracle_gap_se": 0.008124593039858928,
      "mean_rel_oracle_gap": 0.011216955002645692,
      "mean_excess_s": 6.409972299168975,
      "selected_s_std": 12.233803820227935,
      "failure_rate": 0.0,
      "n_failed": 0
    },
    "UNGS": {
      "method": "UNGS",
      "n_reps": 500,
      "target": 0.95,
      "coverage": 0.71,
      "coverage_lo": 0.6687451968835135,
      "coverage_hi": 0.7480525801226344,
      "coverage_gap": -0.24,
      "meets_target": false,
      "significantly_below": true,
      "mean_obj": -7.668377789279477,
      "obj_se": 0.01580576082370623,
      "mean_oracle_gap": 0.11663025121546768,
      "oracle_gap_se": 0.008932047325384475,
      "mean_rel_oracle_gap": 0.015154093413585127,
      "mean_excess_s": 8.81163434903047,
      "selected_s_std": 11.27532126990087,
      "failure_rate": 0.0,
      "n_failed": 0
    },
    "benchmark": {
      "method": "benchmark",
      "n_reps": 500,
      "target": 0.95,
      "coverage": 1.0,
      "coverage_lo": 0.9923756595384479,
      "coverage_hi": 1.0,
      "coverage_gap": 0.050000000000000044,
      "meets_target": true,
      "significantly_below": false,
      "mean_obj": -6.6453283845224815,
      "obj_se": 0.00842655066734407,
      "mean_oracle_gap": 0.9876807769571795,
      "oracle_gap_se": 0.013613976886876586,
      "mean_rel_oracle_gap": 0.1289094500573976,
      "mean_excess_s": NaN,
      "selected_s_std": NaN,
      "failure_rate": 0.0,
      "n_failed": 0
    },
    "_n_replication_errors": 0
  }
}