{
  "config": "paper_so",
  "n": 500,
  "split": 0.9,
  "d": 50,
  "reps": 500,
  "mesh_p": 60,
  "include_existing": false,
  "folds": null,
  "elapsed_s": 18.552778005599976,
  "summaries": {
    "NV": {
      "method": "NV",
      "n_reps": 500,
      "target": 0.95,
      "coverage": 0.558,
      "coverage_lo": 0.5141915296492833,
      "coverage_hi": 0.6009240468571767,
      "coverage_gap": -0.3919999999999999,
      "meets_target": false,
      "significantly_below": true,
      "mean_obj": -45.5771210644481,
      "obj_se": 0.04777011826403776,
      "mean_oracle_gap": -0.3595422318367328,
      "oracle_gap_se": 0.046046305500769234,
      "mean_rel_oracle_gap": -0.008000263682832472,
      "mean_excess_s": -4.168,
      "selected_s_std": 49.14358639912574,
      "failure_rate": 0.0,
      "n_failed": 0
    },
    "UG": {
      "method": "UG",
      "n_reps": 500,
      "target": 0.95,
      "coverage": 0.91,
      "coverage_lo": 0.8816905887106666,
      "coverage_hi": 0.9320574521108606,
      "coverage_gap": -0.039999999999999925,
      "meets_target": false,
      "significantly_below": true,
      "mean_obj": -44.29519860896251,
      "obj_se": 0.04450108601423003,
      "mean_oracle_gap": 0.9223802236488682,
      "oracle_gap_se": 0.04561408398216178,
      "mean_rel_oracle_gap": 0.020321383480029154,
      "mean_excess_s": 90.354,
      "selected_s_std": 107.7224605782195,
      "failure_rate": 0.0,
      "n_failed": 0
    },
    "NGS": {
      "method": "NGS",
      "n_reps": 500,
      "target": 0.95,
      "coverage": 0.958,
      "coverage_lo": 0.9366484142456699,
      "coverage_hi": 0.9723676898915483,
      "coverage_gap": 0.008000000000000007,
      "meets_target": true,
      "significantly_below": false,
      "mean_obj": -43.87785120342213,
      "obj_se": 0.041819244030363606,
      "mean_oracle_gap": 1.3397276291892353,
      "oracle_gap_se": 0.04394176233610795,
      "mean_rel_oracle_gap": 0.02954193950820016,
      "mean_excess_s": 140.494,
      "selected_s_std": 120.43181032383326,
      "failure_rate": 0.0,
      "n_failed": 0
    },
    "UNGS": {
      "method": "UNGS",
      "n_reps": 500,
      "target": 0.95,
      "coverage": 0.984,
      "coverage_lo": 0.9687488914666058,
      "coverage_hi": 0.9918707469666117,
      "coverage_gap": 0.03400000000000003,
      "meets_target": true,
      "significantly_below": false,
      "mean_obj": -43.579020003314625,
      "obj_se": 0.0378267320546064,
      "mean_oracle_gap": 1.63855882929675,
      "oracle_gap_se": 0.03976170982618423,
      "mean_rel_oracle_gap": 0.03615559647911215,
      "mean_excess_s": 178.086,
      "selected_s_std": 120.98740913971454,
      "failure_rate": 0.0,
      "n_failed": 0
    },
    "benchmark": {
      "method": "benchmark",
      "n_reps": 500,
      "target": 0.95,
      "coverage": 1.0,
      "coverage_lo": 0.9923756595384479,
      "coverage_hi": 1.0,
      "coverage_gap": 0.050000000000000044,
      "meets_target": true,
      "significantly_below": false,
      "mean_obj": -42.69292832582648,
      "obj_se": 0.02585796419038084,
      "mean_oracle_gap": 2.5246505067848974,
      "oracle_gap_se": 0.02993683096276222,
      "mean_rel_oracle_gap": 0.055744919000523,
      "mean_excess_s": null,
      "selected_s_std": null,
      "failure_rate": 0.0,
      "n_failed": 0
    },
    "_n_replication_errors": 0
  }
}