{
  "config": "paper_saa",
  "n": 200,
  "split": 0.2,
  "d": 20,
  "reps": 500,
  "mesh_p": null,
  "include_existing": false,
  "folds": null,
  "elapsed_s": 0.6841659545898438,
  "summaries": {
    "NV": {
      "method": "NV",
      "n_reps": 500,
      "target": 0.95,
      "coverage": 0.336,
      "coverage_lo": 0.29598800782704915,
      "coverage_hi": 0.37851277584434007,
      "coverage_gap": -0.6139999999999999,
      "meets_target": false,
      "significantly_below": true,
      "mean_obj": -17.16607066537666,
      "obj_se": 0.02401405011375498,
      "mean_oracle_gap": -0.16293920525719785,
      "oracle_gap_se": 0.026329615630959553,
      "mean_rel_oracle_gap": -0.009957105686051921,
      "mean_excess_s": -0.006672199170124481,
      "selected_s_std": 0.017257955210165314,
      "failure_rate": 0.0,
      "n_failed": 0
    },
    "UG": {
      "method": "UG",
      "n_reps": 500,
      "target": 0.95,
      "coverage": 0.452,
      "coverage_lo": 0.4089073378092892,
      "coverage_hi": 0.49582459887502,
      "coverage_gap": -0.49799999999999994,
      "meets_target": false,
      "significantly_below": true,
      "mean_obj": -17.03996653020946,
      "obj_se": 0.027537472754559603,
      "mean_oracle_gap": 0.0917746582228297,
      "oracle_gap_se": 0.018976204151338952,
      "mean_rel_oracle_gap": 0.005454147332894774,
      "mean_excess_s": 0.005377593360995851,
      "selected_s_std": 0.010528888402009204,
      "failure_rate": 0.0,
      "n_failed": 0
    },
    "NGS": {
      "method": "NGS",
      "n_reps": 500,
      "target": 0.95,
      "coverage": 0.452,
      "coverage_lo": 0.4089073378092892,
      "coverage_hi": 0.49582459887502,
      "coverage_gap": -0.49799999999999994,
      "meets_target": false,
      "significantly_below": true,
      "mean_obj": -17.03748082504378,
      "obj_se": 0.027728864741635408,
      "mean_oracle_gap": 0.0969317228819168,
      "oracle_gap_se": 0.01956393555764345,
      "mean_rel_oracle_gap": 0.005764843052562076,
      "mean_excess_s": 0.005278008298755186,
      "selected_s_std": 0.010349871481296699,
      "failure_rate": 0.0,
      "n_failed": 0
    },
    "UNGS": {
      "method": "UNGS",
      "n_reps": 500,
      "target": 0.95,
      "coverage": 0.452,
      "coverage_lo": 0.4089073378092892,
      "coverage_hi": 0.49582459887502,
      "coverage_gap": -0.49799999999999994,
      "meets_target": false,
      "significantly_below": true,
      "mean_obj": -17.03563996785833,
      "obj_se": 0.027814014581215466,
      "mean_oracle_gap": 0.10075092866085619,
      "oracle_gap_se": 0.019887676727526393,
      "mean_rel_oracle_gap": 0.0059908913589213275,
      "mean_excess_s": 0.0047800829875518655,
      "selected_s_std": 0.009761566285832688,
      "failure_rate": 0.0,
      "n_failed": 0
    },
    "_n_replication_errors": 0
  }
}