{
  "config": "paper_ro_ellipsoid",
  "n": 200,
  "split": 0.1,
  "d": 10,
  "reps": 500,
  "mesh_p": null,
  "include_existing": false,
  "folds": null,
  "elapsed_s": 0.6665008068084717,
  "summaries": {
    "NV": {
      "method": "NV",
      "n_reps": 500,
      "target": 0.95,
      "coverage": 0.746,
      "coverage_lo": 0.7060690794081029,
      "coverage_hi": 0.7821797450848135,
      "coverage_gap": -0.20399999999999996,
      "meets_target": false,
      "significantly_below": true,
      "mean_obj": -7.699905846646774,
      "obj_se": 0.009983275096797398,
      "mean_oracle_gap": -0.041494079564328296,
      "oracle_gap_se": 0.010939179934210966,
      "mean_rel_oracle_gap": -0.005682593695039837,
      "mean_excess_s": -0.09997259951948306,
      "selected_s_std": 2.0447915075430463,
      "failure_rate": 0.0,
      "n_failed": 0
    },
    "UG": {
      "method": "UG",
      "n_reps": 500,
      "target": 0.95,
      "coverage": 0.978,
      "coverage_lo": 0.9610391387886836,
      "coverage_hi": 0.9876719917300725,
      "coverage_gap": 0.028000000000000025,
      "meets_target": true,
      "significantly_below": false,
      "mean_obj": -7.402650613761338,
      "obj_se": 0.009693656761279564,
      "mean_oracle_gap": 0.25576115332110727,
      "oracle_gap_se": 0.010570345291976944,
      "mean_rel_oracle_gap": 0.03315614308294883,
      "mean_excess_s": 1.3102654675960903,
      "selected_s_std": 2.907264311713585,
      "failure_rate": 0.0,
      "n_failed": 0
    },
    "NGS": {
      "method": "NGS",
      "n_reps": 500,
      "target": 0.95,
      "coverage": 0.998,
      "coverage_lo": 0.9887592932948532,
      "coverage_hi": 0.9996468636054407,
      "coverage_gap": 0.04800000000000004,
      "meets_target": true,
      "significantly_below": false,
      "mean_obj": -7.286510038677166,
      "obj_se": 0.009778954202236389,
      "mean_oracle_gap": 0.3719017284052791,
      "oracle_gap_se": 0.010926834245585703,
      "mean_rel_oracle_gap": 0.048300261518783666,
      "mean_excess_s": 1.9596665510394469,
      "selected_s_std": 3.209427895509849,
      "failure_rate": 0.0,
      "n_failed": 0
    },
    "UNGS": {
      "method": "UNGS",
      "n_reps": 500,
      "target": 0.95,
      "coverage": 0.996,
      "coverage_lo": 0.9855342847848231,
      "coverage_hi": 0.9989023694773173,
      "coverage_gap": 0.04600000000000004,
      "meets_target": true,
      "significantly_below": false,
      "mean_obj": -7.185279776658186,
      "obj_se": 0.011446893183262375,
      "mean_oracle_gap": 0.47313199042426046,
      "oracle_gap_se": 0.013457735981841882,
      "mean_rel_oracle_gap": 0.0614095378336825,
      "mean_excess_s": 2.8138120585126667,
      "selected_s_std": 4.214624827179293,
      "failure_rate": 0.0,
      "n_failed": 0
    },
    "benchmark": {
      "method": "benchmark",
      "n_reps": 500,
      "target": 0.95,
      "coverage": 1.0,
      "coverage_lo": 0.9923756595384479,
      "coverage_hi": 1.0,
      "coverage_gap": 0.050000000000000044,
      "meets_target": true,
      "significantly_below": false,
      "mean_obj": -6.901634398385975,
      "obj_se": 7.95206533574069e-17,
      "mean_oracle_gap": 0.7567773686964719,
      "oracle_gap_se": 0.006389942452095384,
      "mean_rel_oracle_gap": 0.09850003041840293,
      "mean_excess_s": NaN,
      "selected_s_std": NaN,
      "failure_rate": 0.0,
      "n_failed": 0
    },
    "_n_replication_errors": 0
  }
}