{
  "config": "paper_dro_wasserstein",
  "n": 100,
  "split": 0.7,
  "d": 5,
  "reps": 500,
  "mesh_p": null,
  "include_existing": false,
  "folds": null,
  "elapsed_s": 25.630926609039307,
  "summaries": {
    "NV": {
      "method": "NV",
      "n_reps": 500,
      "target": 0.95,
      "coverage": 0.382,
      "coverage_lo": 0.3404646252341933,
      "coverage_hi": 0.4253347191147331,
      "coverage_gap": -0.568,
      "meets_target": false,
      "significantly_below": true,
      "mean_obj": -3.610608883542738,
      "obj_se": 0.010759059532333472,
      "mean_oracle_gap": -0.08704440755706212,
      "oracle_gap_se": 0.01107952397941439,
      "mean_rel_oracle_gap": -0.025075435305436766,
      "mean_excess_s": -0.0013766559910386481,
      "selected_s_std": 0.02155363720949274,
      "failure_rate": 0.0,
      "n_failed": 0
    },
    "UG": {
      "method": "UG",
      "n_reps": 500,
      "target": 0.95,
      "coverage": 0.834,
      "coverage_lo": 0.7988646838026932,
      "coverage_hi": 0.8640422567689898,
      "coverage_gap": -0.11599999999999999,
      "meets_target": false,
      "significantly_below": true,
      "mean_obj": -3.2752038375657904,
      "obj_se": 0.01342210071092642,
      "mean_oracle_gap": 0.24836063841988573,
      "oracle_gap_se": 0.013608492391449845,
      "mean_rel_oracle_gap": 0.07019163102285825,
      "mean_excess_s": 0.03079029358693885,
      "selected_s_std": 0.044611897674556165,
      "failure_rate": 0.0,
      "n_failed": 0
    },
    "NGS": {
      "method": "NGS",
      "n_reps": 500,
      "target": 0.95,
      "coverage": 0.87,
      "coverage_lo": 0.8376786384230859,
      "coverage_hi": 0.8966793496353656,
      "coverage_gap": -0.07999999999999996,
      "meets_target": false,
      "significantly_below": true,
      "mean_obj": -3.0648246791926943,
      "obj_se": 0.01826935242730065,
      "mean_oracle_gap": 0.45873979679298155,
      "oracle_gap_se": 0.018326499113651,
      "mean_rel_oracle_gap": 0.12998286413375942,
      "mean_excess_s": 0.07182945982469553,
      "selected_s_std": 0.08402454801512434,
      "failure_rate": 0.0,
      "n_failed": 0
    },
    "UNGS": {
      "method": "UNGS",
      "n_reps": 500,
      "target": 0.95,
      "coverage": 0.95,
      "coverage_lo": 0.9272318388284524,
      "coverage_hi": 0.9659062547561506,
      "coverage_gap": 0.0,
      "meets_target": true,
      "significantly_below": false,
      "mean_obj": -1.3368198319267828,
      "obj_se": 0.05420004490290522,
      "mean_oracle_gap": 2.186744644058893,
      "oracle_gap_se": 0.05384927978011057,
      "mean_rel_oracle_gap": 0.6214106137731943,
      "mean_excess_s": 2.1319326155224783,
      "selected_s_std": 1.3376161152835189,
      "failure_rate": 0.0,
      "n_failed": 0
    },
    "_n_replication_errors": 0
  }
}