{
  "config": "paper_so",
  "n": 1000,
  "split": 0.2,
  "d": 2,
  "reps": 500,
  "mesh_p": 60,
  "include_existing": false,
  "folds": null,
  "elapsed_s": 1.3147761821746826,
  "summaries": {
    "NV": {
      "method": "NV",
      "n_reps": 500,
      "target": 0.95,
      "coverage": 0.914,
      "coverage_lo": 0.8861601885014425,
      "coverage_hi": 0.9355268575963924,
      "coverage_gap": -0.03599999999999992,
      "meets_target": false,
      "significantly_below": true,
      "mean_obj": -1.0870369281643817,
      "obj_se": 0.004203641523197168,
      "mean_oracle_gap": -0.0019749133989192076,
      "oracle_gap_se": 0.002090226356583081,
      "mean_rel_oracle_gap": -0.002800124346701588,
      "mean_excess_s": -0.596,
      "selected_s_std": 13.239958194268286,
      "failure_rate": 0.0,
      "n_failed": 0
    },
    "UG": {
      "method": "UG",
      "n_reps": 500,
      "target": 0.95,
      "coverage": 0.996,
      "coverage_lo": 0.9855342847848231,
      "coverage_hi": 0.9989023694773173,
      "coverage_gap": 0.04600000000000004,
      "meets_target": true,
      "significantly_below": false,
      "mean_obj": -1.0638842189726934,
      "obj_se": 0.003973007990974426,
      "mean_oracle_gap": 0.02117779579276897,
      "oracle_gap_se": 0.002400100552491303,
      "mean_rel_oracle_gap": 0.01811143308658688,
      "mean_excess_s": 3.218,
      "selected_s_std": 15.948966206186913,
      "failure_rate": 0.0,
      "n_failed": 0
    },
    "NGS": {
      "method": "NGS",
      "n_reps": 500,
      "target": 0.95,
      "coverage": 0.998,
      "coverage_lo": 0.9887592932948532,
      "coverage_hi": 0.9996468636054407,
      "coverage_gap": 0.04800000000000004,
      "meets_target": true,
      "significantly_below": false,
      "mean_obj": -1.053821405507422,
      "obj_se": 0.0039169749835919285,
      "mean_oracle_gap": 0.031240609258040328,
      "oracle_gap_se": 0.0028063024742535064,
      "mean_rel_oracle_gap": 0.02689953075174106,
      "mean_excess_s": 4.996,
      "selected_s_std": 17.372636328029547,
      "failure_rate": 0.0,
      "n_failed": 0
    },
    "UNGS": {
      "method": "UNGS",
      "n_reps": 500,
      "target": 0.95,
      "coverage": 0.998,
      "coverage_lo": 0.9887592932948532,
      "coverage_hi": 0.9996468636054407,
      "coverage_gap": 0.04800000000000004,
      "meets_target": true,
      "significantly_below": false,
      "mean_obj": -1.0404568392345308,
      "obj_se": 0.003791620208406663,
      "mean_oracle_gap": 0.044605175530931435,
      "oracle_gap_se": 0.0031564878794454964,
      "mean_rel_oracle_gap": 0.03863552509656317,
      "mean_excess_s": 8.546,
      "selected_s_std": 20.733739457796986,
      "failure_rate": 0.0,
      "n_failed": 0
    },
    "benchmark": {
      "method": "benchmark",
      "n_reps": 500,
      "target": 0.95,
      "coverage": 1.0,
      "coverage_lo": 0.9923756595384479,
      "coverage_hi": 1.0,
      "coverage_gap": 0.050000000000000044,
      "meets_target": true,
      "significantly_below": false,
      "mean_obj": -0.788704616020277,
      "obj_se": 0.0020517295691797038,
      "mean_oracle_gap": 0.2963573987451854,
      "oracle_gap_se": 0.00447618701157576,
      "mean_rel_oracle_gap": 0.26761105320852685,
      "mean_excess_s": null,
      "selected_s_std": null,
      "failure_rate": 0.0,
      "n_failed": 0
    },
    "_n_replication_errors": 0
  }
}