{
  "config": "paper_saa",
  "n": 200,
  "split": 0.2,
  "d": 5,
  "reps": 500,
  "mesh_p": null,
  "include_existing": false,
  "folds": null,
  "elapsed_s": 0.6234474182128906,
  "summaries": {
    "NV": {
      "method": "NV",
      "n_reps": 500,
      "target": 0.95,
      "coverage": 0.56,
      "coverage_lo": 0.5161968735863127,
      "coverage_hi": 0.6028882055583011,
      "coverage_gap": -0.3899999999999999,
      "meets_target": false,
      "significantly_below": true,
      "mean_obj": -3.522663595870103,
      "obj_se": 0.008308995498074814,
      "mean_oracle_gap": -0.0457196752147529,
      "oracle_gap_se": 0.008070364184349966,
      "mean_rel_oracle_gap": -0.014060472812127774,
      "mean_excess_s": -0.006276923076923078,
      "selected_s_std": 0.02505931528524134,
      "failure_rate": 0.0,
      "n_failed": 0
    },
    "UG": {
      "method": "UG",
      "n_reps": 500,
      "target": 0.95,
      "coverage": 0.732,
      "coverage_lo": 0.6915162794621877,
      "coverage_hi": 0.768946026563652,
      "coverage_gap": -0.21799999999999997,
      "meets_target": false,
      "significantly_below": true,
      "mean_obj": -3.425259679895905,
      "obj_se": 0.009736318576469286,
      "mean_oracle_gap": 0.07716254480649139,
      "oracle_gap_se": 0.008370115684670136,
      "mean_rel_oracle_gap": 0.021879012493216717,
      "mean_excess_s": 0.010399999999999998,
      "selected_s_std": 0.015182810658075068,
      "failure_rate": 0.0,
      "n_failed": 0
    },
    "NGS": {
      "method": "NGS",
      "n_reps": 500,
      "target": 0.95,
      "coverage": 0.746,
      "coverage_lo": 0.7060690794081029,
      "coverage_hi": 0.7821797450848135,
      "coverage_gap": -0.20399999999999996,
      "meets_target": false,
      "significantly_below": true,
      "mean_obj": -3.411966392927008,
      "obj_se": 0.009927286180844413,
      "mean_oracle_gap": 0.09390799181220298,
      "oracle_gap_se": 0.008218864993724725,
      "mean_rel_oracle_gap": 0.02682109260479713,
      "mean_excess_s": 0.01236923076923077,
      "selected_s_std": 0.013558072823132154,
      "failure_rate": 0.0,
      "n_failed": 0
    },
    "UNGS": {
      "method": "UNGS",
      "n_reps": 500,
      "target": 0.95,
      "coverage": 0.744,
      "coverage_lo": 0.7039870300464813,
      "coverage_hi": 0.7802922918082812,
      "coverage_gap": -0.20599999999999996,
      "meets_target": false,
      "significantly_below": true,
      "mean_obj": -3.409915157708308,
      "obj_se": 0.010053989653117087,
      "mean_oracle_gap": 0.0968350091495637,
      "oracle_gap_se": 0.008312433062041859,
      "mean_rel_oracle_gap": 0.027690840697330736,
      "mean_excess_s": 0.012738461538461539,
      "selected_s_std": 0.01387075526795159,
      "failure_rate": 0.0,
      "n_failed": 0
    },
    "_n_replication_errors": 0
  }
}