{
  "config": "paper_dro_wasserstein",
  "n": 200,
  "split": 0.8,
  "d": 5,
  "reps": 500,
  "mesh_p": null,
  "include_existing": false,
  "folds": null,
  "elapsed_s": 389.09996461868286,
  "summaries": {
    "NV": {
      "method": "NV",
      "n_reps": 500,
      "target": 0.95,
      "coverage": 0.404,
      "coverage_lo": 0.36187922469306827,
      "coverage_hi": 0.44758464867554987,
      "coverage_gap": -0.5459999999999999,
      "meets_target": false,
      "significantly_below": true,
      "mean_obj": -3.6049012026761873,
      "obj_se": 0.008489800209807752,
      "mean_oracle_gap": -0.02970287181885901,
      "oracle_gap_se": 0.008634580182953629,
      "mean_rel_oracle_gap": -0.008438538252481276,
      "mean_excess_s": 0.0014503995470301954,
      "selected_s_std": 0.01314744270119704,
      "failure_rate": 0.0,
      "n_failed": 0
    },
    "UG": {
      "method": "UG",
      "n_reps": 500,
      "target": 0.95,
      "coverage": 0.92,
      "coverage_lo": 0.8928936834221488,
      "coverage_hi": 0.9407018705901475,
      "coverage_gap": -0.029999999999999916,
      "meets_target": false,
      "significantly_below": true,
      "mean_obj": -3.1724913953829335,
      "obj_se": 0.013121646665994748,
      "mean_oracle_gap": 0.40270693547439435,
      "oracle_gap_se": 0.013236482737799721,
      "mean_rel_oracle_gap": 0.1125164336165559,
      "mean_excess_s": 0.04649003066546464,
      "selected_s_std": 0.05104068206997912,
      "failure_rate": 0.0,
      "n_failed": 0
    },
    "NGS": {
      "method": "NGS",
      "n_reps": 500,
      "target": 0.95,
      "coverage": 0.92,
      "coverage_lo": 0.8928936834221488,
      "coverage_hi": 0.9407018705901475,
      "coverage_gap": -0.029999999999999916,
      "meets_target": false,
      "significantly_below": true,
      "mean_obj": -3.1724913953829335,
      "obj_se": 0.013121646665994748,
      "mean_oracle_gap": 0.40270693547439435,
      "oracle_gap_se": 0.013236482737799721,
      "mean_rel_oracle_gap": 0.1125164336165559,
      "mean_excess_s": 0.04649003066546464,
      "selected_s_std": 0.05104068206997912,
      "failure_rate": 0.0,
      "n_failed": 0
    },
    "UNGS": {
      "method": "UNGS",
      "n_reps": 500,
      "target": 0.95,
      "coverage": 0.95,
      "coverage_lo": 0.9272318388284524,
      "coverage_hi": 0.9659062547561506,
      "coverage_gap": 0.0,
      "meets_target": true,
      "significantly_below": false,
      "mean_obj": -1.8048939330609088,
      "obj_se": 0.057326188692041036,
      "mean_oracle_gap": 1.7703043977964195,
      "oracle_gap_se": 0.0571411045239991,
      "mean_rel_oracle_gap": 0.49558054798776613,
      "mean_excess_s": 1.5550461539271911,
      "selected_s_std": 1.4649215177520007,
      "failure_rate": 0.0,
      "n_failed": 0
    },
    "_n_replication_errors": 0
  }
}