{
  "config": "paper_so",
  "n": 500,
  "split": 0.2,
  "d": 50,
  "reps": 500,
  "mesh_p": 60,
  "include_existing": false,
  "folds": null,
  "elapsed_s": 5.1635589599609375,
  "summaries": {
    "NV": {
      "method": "NV",
      "n_reps": 500,
      "target": 0.95,
      "coverage": 0.698,
      "coverage_lo": 0.6563723120570819,
      "coverage_hi": 0.7366084491201434,
      "coverage_gap": -0.252,
      "meets_target": false,
      "significantly_below": true,
      "mean_obj": -45.3880808458471,
      "obj_se": 0.0271022623535183,
      "mean_oracle_gap": -0.05312847427265312,
      "oracle_gap_se": 0.020011675832155233,
      "mean_rel_oracle_gap": -0.0011902510154430926,
      "mean_excess_s": -0.378021978021978,
      "selected_s_std": 26.131517146479528,
      "failure_rate": 0.0,
      "n_failed": 0
    },
    "UG": {
      "method": "UG",
      "n_reps": 500,
      "target": 0.95,
      "coverage": 0.88,
      "coverage_lo": 0.8485804013755894,
      "coverage_hi": 0.9056250998736309,
      "coverage_gap": -0.06999999999999995,
      "meets_target": false,
      "significantly_below": true,
      "mean_obj": -45.022462185903635,
      "obj_se": 0.027431764227492626,
      "mean_oracle_gap": 0.34562899879756753,
      "oracle_gap_se": 0.022011831391069294,
      "mean_rel_oracle_gap": 0.007597516553966529,
      "mean_excess_s": 15.026373626373626,
      "selected_s_std": 26.661200934514206,
      "failure_rate": 0.0,
      "n_failed": 0
    },
    "NGS": {
      "method": "NGS",
      "n_reps": 500,
      "target": 0.95,
      "coverage": 0.892,
      "coverage_lo": 0.8617453267151934,
      "coverage_hi": 0.9162771903629497,
      "coverage_gap": -0.05799999999999994,
      "meets_target": false,
      "significantly_below": true,
      "mean_obj": -44.918394401061526,
      "obj_se": 0.02855313530348412,
      "mean_oracle_gap": 0.45998920192076115,
      "oracle_gap_se": 0.024202078628296615,
      "mean_rel_oracle_gap": 0.01011524386048679,
      "mean_excess_s": 20.615384615384617,
      "selected_s_std": 25.379226826454293,
      "failure_rate": 0.0,
      "n_failed": 0
    },
    "UNGS": {
      "method": "UNGS",
      "n_reps": 500,
      "target": 0.95,
      "coverage": 0.896,
      "coverage_lo": 0.8661557291243417,
      "coverage_hi": 0.919805793230109,
      "coverage_gap": -0.05399999999999994,
      "meets_target": false,
      "significantly_below": true,
      "mean_obj": -44.80242235241703,
      "obj_se": 0.03131977332992882,
      "mean_oracle_gap": 0.5874310136180136,
      "oracle_gap_se": 0.02687812082781104,
      "mean_rel_oracle_gap": 0.012930525120667174,
      "mean_excess_s": 27.621978021978023,
      "selected_s_std": 23.323214716015862,
      "failure_rate": 0.0,
      "n_failed": 0
    },
    "benchmark": {
      "method": "benchmark",
      "n_reps": 500,
      "target": 0.95,
      "coverage": 1.0,
      "coverage_lo": 0.9923756595384479,
      "coverage_hi": 1.0,
      "coverage_gap": 0.050000000000000044,
      "meets_target": true,
      "significantly_below": false,
      "mean_obj": -42.68766382731681,
      "obj_se": 0.024566193210699198,
      "mean_oracle_gap": 2.6014391494568407,
      "oracle_gap_se": 0.03007682713856374,
      "mean_rel_oracle_gap": 0.057380199966699165,
      "mean_excess_s": NaN,
      "selected_s_std": NaN,
      "failure_rate": 0.0,
      "n_failed": 0
    },
    "_n_replication_errors": 0
  }
}