{
  "config": "paper_so",
  "n": 1000,
  "split": 0.5,
  "d": 2,
  "reps": 500,
  "mesh_p": 60,
  "include_existing": false,
  "folds": null,
  "elapsed_s": 2.1797590255737305,
  "summaries": {
    "NV": {
      "method": "NV",
      "n_reps": 500,
      "target": 0.95,
      "coverage": 0.904,
      "coverage_lo": 0.8750130375724849,
      "coverage_hi": 0.9268264953345811,
      "coverage_gap": -0.04599999999999993,
      "meets_target": false,
      "significantly_below": true,
      "mean_obj": -1.088028085103921,
      "obj_se": 0.00429920141758713,
      "mean_oracle_gap": -0.0063793168817093075,
      "oracle_gap_se": 0.0027718588683875813,
      "mean_rel_oracle_gap": -0.007264744644415541,
      "mean_excess_s": -0.414,
      "selected_s_std": 14.425179916772702,
      "failure_rate": 0.0,
      "n_failed": 0
    },
    "UG": {
      "method": "UG",
      "n_reps": 500,
      "target": 0.95,
      "coverage": 0.994,
      "coverage_lo": 0.9825097478959467,
      "coverage_hi": 0.9979574037280398,
      "coverage_gap": 0.04400000000000004,
      "meets_target": true,
      "significantly_below": false,
      "mean_obj": -1.0599602701598356,
      "obj_se": 0.003858696112532781,
      "mean_oracle_gap": 0.021688498062376063,
      "oracle_gap_se": 0.002629096578159556,
      "mean_rel_oracle_gap": 0.018326919336166255,
      "mean_excess_s": 4.072,
      "selected_s_std": 17.26892374917759,
      "failure_rate": 0.0,
      "n_failed": 0
    },
    "NGS": {
      "method": "NGS",
      "n_reps": 500,
      "target": 0.95,
      "coverage": 1.0,
      "coverage_lo": 0.9923756595384479,
      "coverage_hi": 1.0,
      "coverage_gap": 0.050000000000000044,
      "meets_target": true,
      "significantly_below": false,
      "mean_obj": -1.0470434787687835,
      "obj_se": 0.003660233298173035,
      "mean_oracle_gap": 0.034605289453428084,
      "oracle_gap_se": 0.00286467039881776,
      "mean_rel_oracle_gap": 0.029762119902264624,
      "mean_excess_s": 6.856,
      "selected_s_std": 19.140947095465858,
      "failure_rate": 0.0,
      "n_failed": 0
    },
    "UNGS": {
      "method": "UNGS",
      "n_reps": 500,
      "target": 0.95,
      "coverage": 1.0,
      "coverage_lo": 0.9923756595384479,
      "coverage_hi": 1.0,
      "coverage_gap": 0.050000000000000044,
      "meets_target": true,
      "significantly_below": false,
      "mean_obj": -1.028889682670581,
      "obj_se": 0.003499835212388817,
      "mean_oracle_gap": 0.05275908555163086,
      "oracle_gap_se": 0.0032871251994781537,
      "mean_rel_oracle_gap": 0.045816805892715036,
      "mean_excess_s": 11.178,
      "selected_s_std": 22.125372317780343,
      "failure_rate": 0.0,
      "n_failed": 0
    },
    "benchmark": {
      "method": "benchmark",
      "n_reps": 500,
      "target": 0.95,
      "coverage": 1.0,
      "coverage_lo": 0.9923756595384479,
      "coverage_hi": 1.0,
      "coverage_gap": 0.050000000000000044,
      "meets_target": true,
      "significantly_below": false,
      "mean_obj": -0.7910853020377645,
      "obj_se": 0.002045699596733533,
      "mean_oracle_gap": 0.29056346618444717,
      "oracle_gap_se": 0.004442699809616226,
      "mean_rel_oracle_gap": 0.2633133122372037,
      "mean_excess_s": null,
      "selected_s_std": null,
      "failure_rate": 0.0,
      "n_failed": 0
    },
    "_n_replication_errors": 0
  }
}