{
  "config": "paper_so",
  "n": 200,
  "split": 0.3,
  "d": 50,
  "reps": 500,
  "mesh_p": 60,
  "include_existing": false,
  "folds": null,
  "elapsed_s": 3.216341257095337,
  "summaries": {
    "NV": {
      "method": "NV",
      "n_reps": 500,
      "target": 0.95,
      "coverage": 0.458,
      "coverage_lo": 0.4148146097748511,
      "coverage_hi": 0.5018258348239194,
      "coverage_gap": -0.49199999999999994,
      "meets_target": false,
      "significantly_below": true,
      "mean_obj": -45.73895754585455,
      "obj_se": 0.03509569798277154,
      "mean_oracle_gap": -0.22007167004997685,
      "oracle_gap_se": 0.0359079318937161,
      "mean_rel_oracle_gap": -0.004929133783958676,
      "mean_excess_s": -2.4497041420118344,
      "selected_s_std": 16.87293738600556,
      "failure_rate": 0.0,
      "n_failed": 0
    },
    "UG": {
      "method": "UG",
      "n_reps": 500,
      "target": 0.95,
      "coverage": 0.632,
      "coverage_lo": 0.588871722496907,
      "coverage_hi": 0.6731154516212433,
      "coverage_gap": -0.31799999999999995,
      "meets_target": false,
      "significantly_below": true,
      "mean_obj": -45.464716367444375,
      "obj_se": 0.037533129213879704,
      "mean_oracle_gap": 0.1640007252750011,
      "oracle_gap_se": 0.023127146928365407,
      "mean_rel_oracle_gap": 0.003602923007906306,
      "mean_excess_s": 6.9733727810650885,
      "selected_s_std": 14.812711867370252,
      "failure_rate": 0.0,
      "n_failed": 0
    },
    "NGS": {
      "method": "NGS",
      "n_reps": 500,
      "target": 0.95,
      "coverage": 0.642,
      "coverage_lo": 0.5990422907102082,
      "coverage_hi": 0.682792396598711,
      "coverage_gap": -0.30799999999999994,
      "meets_target": false,
      "significantly_below": true,
      "mean_obj": -45.42985027091538,
      "obj_se": 0.038193944410451916,
      "mean_oracle_gap": 0.2155777911462884,
      "oracle_gap_se": 0.023089962509943107,
      "mean_rel_oracle_gap": 0.0047422154471762085,
      "mean_excess_s": 8.662721893491124,
      "selected_s_std": 14.240946777874726,
      "failure_rate": 0.0,
      "n_failed": 0
    },
    "UNGS": {
      "method": "UNGS",
      "n_reps": 500,
      "target": 0.95,
      "coverage": 0.648,
      "coverage_lo": 0.6051540371141233,
      "coverage_hi": 0.6885891581092574,
      "coverage_gap": -0.30199999999999994,
      "meets_target": false,
      "significantly_below": true,
      "mean_obj": -45.399344655145704,
      "obj_se": 0.03964639867415164,
      "mean_oracle_gap": 0.2607044416931445,
      "oracle_gap_se": 0.023242123133644915,
      "mean_rel_oracle_gap": 0.005750676338064954,
      "mean_excess_s": 9.875739644970414,
      "selected_s_std": 13.808919164691854,
      "failure_rate": 0.0,
      "n_failed": 0
    },
    "benchmark": {
      "method": "benchmark",
      "n_reps": 500,
      "target": 0.95,
      "coverage": 1.0,
      "coverage_lo": 0.9923756595384479,
      "coverage_hi": 1.0,
      "coverage_gap": 0.050000000000000044,
      "meets_target": true,
      "significantly_below": false,
      "mean_obj": -43.752918886868954,
      "obj_se": 0.030385537078531127,
      "mean_oracle_gap": 1.5542553531332584,
      "oracle_gap_se": 0.03502842182334486,
      "mean_rel_oracle_gap": 0.03430714555342906,
      "mean_excess_s": null,
      "selected_s_std": null,
      "failure_rate": 0.0,
      "n_failed": 0
    },
    "_n_replication_errors": 0
  }
}