{
  "config": "paper_dro_wasserstein",
  "n": 200,
  "split": 0.5,
  "d": 5,
  "reps": 500,
  "mesh_p": null,
  "include_existing": false,
  "folds": null,
  "elapsed_s": 77.47762155532837,
  "summaries": {
    "NV": {
      "method": "NV",
      "n_reps": 500,
      "target": 0.95,
      "coverage": 0.554,
      "coverage_lo": 0.5101829628154826,
      "coverage_hi": 0.5969936084146699,
      "coverage_gap": -0.3959999999999999,
      "meets_target": false,
      "significantly_below": true,
      "mean_obj": -3.573285628018444,
      "obj_se": 0.007045859915688577,
      "mean_oracle_gap": -0.028864658833602126,
      "oracle_gap_se": 0.007243454299978422,
      "mean_rel_oracle_gap": -0.008352702681614855,
      "mean_excess_s": -0.00023852622801599457,
      "selected_s_std": 0.011221639005375018,
      "failure_rate": 0.0,
      "n_failed": 0
    },
    "UG": {
      "method": "UG",
      "n_reps": 500,
      "target": 0.95,
      "coverage": 0.92,
      "coverage_lo": 0.8928936834221488,
      "coverage_hi": 0.9407018705901475,
      "coverage_gap": -0.029999999999999916,
      "meets_target": false,
      "significantly_below": true,
      "mean_obj": -3.339485493490605,
      "obj_se": 0.008183164311141439,
      "mean_oracle_gap": 0.20493547569423695,
      "oracle_gap_se": 0.008417977165345647,
      "mean_rel_oracle_gap": 0.05760841263895453,
      "mean_excess_s": 0.018075713170651122,
      "selected_s_std": 0.023847094844113806,
      "failure_rate": 0.0,
      "n_failed": 0
    },
    "NGS": {
      "method": "NGS",
      "n_reps": 500,
      "target": 0.95,
      "coverage": 0.978,
      "coverage_lo": 0.9610391387886836,
      "coverage_hi": 0.9876719917300725,
      "coverage_gap": 0.028000000000000025,
      "meets_target": true,
      "significantly_below": false,
      "mean_obj": -3.2386825815544595,
      "obj_se": 0.008479067516421116,
      "mean_oracle_gap": 0.30573838763038347,
      "oracle_gap_se": 0.008818311268218823,
      "mean_rel_oracle_gap": 0.08601693235000762,
      "mean_excess_s": 0.02939278446737238,
      "selected_s_std": 0.030198321801027165,
      "failure_rate": 0.0,
      "n_failed": 0
    },
    "UNGS": {
      "method": "UNGS",
      "n_reps": 500,
      "target": 0.95,
      "coverage": 0.988,
      "coverage_lo": 0.9740696388835527,
      "coverage_hi": 0.9944890048259724,
      "coverage_gap": 0.038000000000000034,
      "meets_target": true,
      "significantly_below": false,
      "mean_obj": -3.0851449407051468,
      "obj_se": 0.011033601818992577,
      "mean_oracle_gap": 0.45927602847969573,
      "oracle_gap_se": 0.0110538678469702,
      "mean_rel_oracle_gap": 0.12945978910240535,
      "mean_excess_s": 0.055252426186638906,
      "selected_s_std": 0.053367496182550454,
      "failure_rate": 0.0,
      "n_failed": 0
    },
    "_n_replication_errors": 0
  }
}