{
  "config": "paper_saa",
  "n": 400,
  "split": 0.1,
  "d": 10,
  "reps": 500,
  "mesh_p": null,
  "include_existing": false,
  "folds": null,
  "elapsed_s": 0.5939452648162842,
  "summaries": {
    "NV": {
      "method": "NV",
      "n_reps": 500,
      "target": 0.95,
      "coverage": 0.504,
      "coverage_lo": 0.460312154390353,
      "coverage_hi": 0.5476268508859545,
      "coverage_gap": -0.44599999999999995,
      "meets_target": false,
      "significantly_below": true,
      "mean_obj": -7.853873764738335,
      "obj_se": 0.015138095407342749,
      "mean_oracle_gap": -0.03739769448014988,
      "oracle_gap_se": 0.01258193780290801,
      "mean_rel_oracle_gap": -0.005316401155046711,
      "mean_excess_s": -0.00015635179153094405,
      "selected_s_std": 0.020702586751331166,
      "failure_rate": 0.0,
      "n_failed": 0
    },
    "UG": {
      "method": "UG",
      "n_reps": 500,
      "target": 0.95,
      "coverage": 0.592,
      "coverage_lo": 0.5483795122858897,
      "coverage_hi": 0.6342176090691847,
      "coverage_gap": -0.358,
      "meets_target": false,
      "significantly_below": true,
      "mean_obj": -7.769881032261384,
      "obj_se": 0.01758104841382846,
      "mean_oracle_gap": 0.09713904548490593,
      "oracle_gap_se": 0.011280295002523876,
      "mean_rel_oracle_gap": 0.01252494386397134,
      "mean_excess_s": 0.010397394136807818,
      "selected_s_std": 0.013536942106812985,
      "failure_rate": 0.0,
      "n_failed": 0
    },
    "NGS": {
      "method": "NGS",
      "n_reps": 500,
      "target": 0.95,
      "coverage": 0.596,
      "coverage_lo": 0.5524153513244502,
      "coverage_hi": 0.6381207753069317,
      "coverage_gap": -0.354,
      "meets_target": false,
      "significantly_below": true,
      "mean_obj": -7.759638330823646,
      "obj_se": 0.01792844776663828,
      "mean_oracle_gap": 0.11382096965060523,
      "oracle_gap_se": 0.011934105152408257,
      "mean_rel_oracle_gap": 0.0146891334421864,
      "mean_excess_s": 0.011491856677524429,
      "selected_s_std": 0.012068007690552673,
      "failure_rate": 0.0,
      "n_failed": 0
    },
    "UNGS": {
      "method": "UNGS",
      "n_reps": 500,
      "target": 0.95,
      "coverage": 0.6,
      "coverage_lo": 0.5564541227024271,
      "coverage_hi": 0.6420210092052625,
      "coverage_gap": -0.35,
      "meets_target": false,
      "significantly_below": true,
      "mean_obj": -7.757202752133059,
      "obj_se": 0.017958885436953897,
      "mean_oracle_gap": 0.11778771018901833,
      "oracle_gap_se": 0.011843214753369748,
      "mean_rel_oracle_gap": 0.015205837007031039,
      "mean_excess_s": 0.011726384364820847,
      "selected_s_std": 0.01203035839225466,
      "failure_rate": 0.0,
      "n_failed": 0
    },
    "_n_replication_errors": 0
  }
}