{
  "config": "paper_dro_wasserstein",
  "n": 200,
  "split": 0.6,
  "d": 10,
  "reps": 500,
  "mesh_p": null,
  "include_existing": false,
  "folds": null,
  "elapsed_s": 207.55835938453674,
  "summaries": {
    "NV": {
      "method": "NV",
      "n_reps": 500,
      "target": 0.95,
      "coverage": 0.468,
      "coverage_lo": 0.4246740659219794,
      "coverage_hi": 0.5118138918675601,
      "coverage_gap": -0.48199999999999993,
      "meets_target": false,
      "significantly_below": true,
      "mean_obj": -7.893971201245181,
      "obj_se": 0.014832345512236843,
      "mean_oracle_gap": -0.107921785916232,
      "oracle_gap_se": 0.015626663224606326,
      "mean_rel_oracle_gap": -0.014054623596198794,
      "mean_excess_s": -0.0020819438668662,
      "selected_s_std": 0.021304496108945817,
      "failure_rate": 0.0,
      "n_failed": 0
    },
    "UG": {
      "method": "UG",
      "n_reps": 500,
      "target": 0.95,
      "coverage": 0.914,
      "coverage_lo": 0.8861601885014425,
      "coverage_hi": 0.9355268575963924,
      "coverage_gap": -0.03599999999999992,
      "meets_target": false,
      "significantly_below": true,
      "mean_obj": -7.315435464325759,
      "obj_se": 0.017551798034211696,
      "mean_oracle_gap": 0.4706139510031888,
      "oracle_gap_se": 0.017967041887173487,
      "mean_rel_oracle_gap": 0.06030226996214842,
      "mean_excess_s": 0.03976928629777228,
      "selected_s_std": 0.04117497275141691,
      "failure_rate": 0.0,
      "n_failed": 0
    },
    "NGS": {
      "method": "NGS",
      "n_reps": 500,
      "target": 0.95,
      "coverage": 0.964,
      "coverage_lo": 0.9438156730319722,
      "coverage_hi": 0.9771089390197072,
      "coverage_gap": 0.014000000000000012,
      "meets_target": true,
      "significantly_below": false,
      "mean_obj": -7.154318487582318,
      "obj_se": 0.017180083684469986,
      "mean_oracle_gap": 0.6317309277466305,
      "oracle_gap_se": 0.017607323187044704,
      "mean_rel_oracle_gap": 0.08099878040970793,
      "mean_excess_s": 0.05598339217140149,
      "selected_s_std": 0.04728381382658794,
      "failure_rate": 0.0,
      "n_failed": 0
    },
    "UNGS": {
      "method": "UNGS",
      "n_reps": 500,
      "target": 0.95,
      "coverage": 0.976,
      "coverage_lo": 0.9585229425360993,
      "coverage_hi": 0.986218685344503,
      "coverage_gap": 0.026000000000000023,
      "meets_target": true,
      "significantly_below": false,
      "mean_obj": -6.691570010363712,
      "obj_se": 0.03462040986579863,
      "mean_oracle_gap": 1.0944794049652369,
      "oracle_gap_se": 0.03455360753265233,
      "mean_rel_oracle_gap": 0.14052237136863416,
      "mean_excess_s": 0.1534372085201452,
      "selected_s_std": 0.32873770598637203,
      "failure_rate": 0.0,
      "n_failed": 0
    },
    "_n_replication_errors": 0
  }
}