{
  "config": "paper_dro_wasserstein",
  "n": 100,
  "split": 0.9,
  "d": 5,
  "reps": 500,
  "mesh_p": null,
  "include_existing": false,
  "folds": null,
  "elapsed_s": 56.660842180252075,
  "summaries": {
    "NV": {
      "method": "NV",
      "n_reps": 500,
      "target": 0.95,
      "coverage": 0.312,
      "coverage_lo": 0.27295294872528497,
      "coverage_hi": 0.3539138032882587,
      "coverage_gap": -0.6379999999999999,
      "meets_target": false,
      "significantly_below": true,
      "mean_obj": -3.63407002455384,
      "obj_se": 0.012092445615272163,
      "mean_oracle_gap": -0.09320124325230035,
      "oracle_gap_se": 0.012448749347377068,
      "mean_rel_oracle_gap": -0.026662467012268255,
      "mean_excess_s": 0.0009471121955792515,
      "selected_s_std": 0.025152445314455086,
      "failure_rate": 0.0,
      "n_failed": 0
    },
    "UG": {
      "method": "UG",
      "n_reps": 500,
      "target": 0.95,
      "coverage": 0.692,
      "coverage_lo": 0.6501980013173227,
      "coverage_hi": 0.7308742519454412,
      "coverage_gap": -0.258,
      "meets_target": false,
      "significantly_below": true,
      "mean_obj": -3.3065757185779914,
      "obj_se": 0.01867919192779513,
      "mean_oracle_gap": 0.23429306272354875,
      "oracle_gap_se": 0.01892156105713143,
      "mean_rel_oracle_gap": 0.06584620390531155,
      "mean_excess_s": 0.03809597072301134,
      "selected_s_std": 0.06687345273265104,
      "failure_rate": 0.0,
      "n_failed": 0
    },
    "NGS": {
      "method": "NGS",
      "n_reps": 500,
      "target": 0.95,
      "coverage": 0.692,
      "coverage_lo": 0.6501980013173227,
      "coverage_hi": 0.7308742519454412,
      "coverage_gap": -0.258,
      "meets_target": false,
      "significantly_below": true,
      "mean_obj": -3.3065757185779914,
      "obj_se": 0.01867919192779513,
      "mean_oracle_gap": 0.23429306272354875,
      "oracle_gap_se": 0.01892156105713143,
      "mean_rel_oracle_gap": 0.06584620390531155,
      "mean_excess_s": 0.03809597072301134,
      "selected_s_std": 0.06687345273265104,
      "failure_rate": 0.0,
      "n_failed": 0
    },
    "UNGS": {
      "method": "UNGS",
      "n_reps": 500,
      "target": 0.95,
      "coverage": 0.84,
      "coverage_lo": 0.8052918208363085,
      "coverage_hi": 0.8695236276498359,
      "coverage_gap": -0.10999999999999999,
      "meets_target": false,
      "significantly_below": true,
      "mean_obj": -1.1425581821685502,
      "obj_se": 0.05479669538323904,
      "mean_oracle_gap": 2.39831059913299,
      "oracle_gap_se": 0.054685708847822284,
      "mean_rel_oracle_gap": 0.677617400598914,
      "mean_excess_s": 2.455251582380072,
      "selected_s_std": 1.1485399163308236,
      "failure_rate": 0.0,
      "n_failed": 0
    },
    "_n_replication_errors": 0
  }
}