{
  "config": "paper_saa",
  "n": 400,
  "split": 0.3,
  "d": 5,
  "reps": 500,
  "mesh_p": null,
  "include_existing": false,
  "folds": null,
  "elapsed_s": 6.2465760707855225,
  "summaries": {
    "NV": {
      "method": "NV",
      "n_reps": 500,
      "target": 0.95,
      "coverage": 0.594,
      "coverage_lo": 0.5503970661272916,
      "coverage_hi": 0.6361695578659367,
      "coverage_gap": -0.356,
      "meets_target": false,
      "significantly_below": true,
      "mean_obj": -3.5638253754865294,
      "obj_se": 0.004742558205606072,
      "mean_oracle_gap": -0.01799761103132857,
      "oracle_gap_se": 0.005100811273091184,
      "mean_rel_oracle_gap": -0.005298176722801122,
      "mean_excess_s": -0.0032865731462925853,
      "selected_s_std": 0.023123811045641877,
      "failure_rate": 0.0,
      "n_failed": 0
    },
    "UG": {
      "method": "UG",
      "n_reps": 500,
      "target": 0.95,
      "coverage": 0.962,
      "coverage_lo": 0.9414152274693561,
      "coverage_hi": 0.9755398819441696,
      "coverage_gap": 0.01200000000000001,
      "meets_target": true,
      "significantly_below": false,
      "mean_obj": -3.3950969526712766,
      "obj_se": 0.005777706973807723,
      "mean_oracle_gap": 0.15106894489577863,
      "oracle_gap_se": 0.0058614794200311975,
      "mean_rel_oracle_gap": 0.042454455790595785,
      "mean_excess_s": 0.017875751503006014,
      "selected_s_std": 0.02018918776487084,
      "failure_rate": 0.0,
      "n_failed": 0
    },
    "NGS": {
      "method": "NGS",
      "n_reps": 500,
      "target": 0.95,
      "coverage": 0.984,
      "coverage_lo": 0.9687488914666058,
      "coverage_hi": 0.9918707469666117,
      "coverage_gap": 0.03400000000000003,
      "meets_target": true,
      "significantly_below": false,
      "mean_obj": -3.350808010738434,
      "obj_se": 0.005843635534284628,
      "mean_oracle_gap": 0.1954466422232757,
      "oracle_gap_se": 0.0059810214698014135,
      "mean_rel_oracle_gap": 0.05495835876265092,
      "mean_excess_s": 0.022877755511022047,
      "selected_s_std": 0.018673612602151477,
      "failure_rate": 0.0,
      "n_failed": 0
    },
    "UNGS": {
      "method": "UNGS",
      "n_reps": 500,
      "target": 0.95,
      "coverage": 0.982,
      "coverage_lo": 0.9661483290912607,
      "coverage_hi": 0.990501806703803,
      "coverage_gap": 0.03200000000000003,
      "meets_target": true,
      "significantly_below": false,
      "mean_obj": -3.306722651537976,
      "obj_se": 0.0067225123974961505,
      "mean_oracle_gap": 0.23962034883696143,
      "oracle_gap_se": 0.006774199375208636,
      "mean_rel_oracle_gap": 0.06743651718494607,
      "mean_excess_s": 0.026340681362725455,
      "selected_s_std": 0.01943466481297749,
      "failure_rate": 0.0,
      "n_failed": 0
    },
    "_n_replication_errors": 0
  }
}