{
  "config": "paper_saa",
  "n": 400,
  "split": 0.5,
  "d": 20,
  "reps": 500,
  "mesh_p": null,
  "include_existing": false,
  "folds": null,
  "elapsed_s": 49.168909788131714,
  "summaries": {
    "NV": {
      "method": "NV",
      "n_reps": 500,
      "target": 0.95,
      "coverage": 0.432,
      "coverage_lo": 0.3892622537365845,
      "coverage_hi": 0.47577465656618667,
      "coverage_gap": -0.518,
      "meets_target": false,
      "significantly_below": true,
      "mean_obj": -17.104896632665355,
      "obj_se": 0.014034963731806037,
      "mean_oracle_gap": -0.10511621382902715,
      "oracle_gap_se": 0.014071563852256799,
      "mean_rel_oracle_gap": -0.006190473982650668,
      "mean_excess_s": -0.0075200000000000015,
      "selected_s_std": 0.022314500439394102,
      "failure_rate": 0.0,
      "n_failed": 0
    },
    "UG": {
      "method": "UG",
      "n_reps": 500,
      "target": 0.95,
      "coverage": 0.906,
      "coverage_lo": 0.8772354441374409,
      "coverage_hi": 0.9285735914077787,
      "coverage_gap": -0.04399999999999993,
      "meets_target": false,
      "significantly_below": true,
      "mean_obj": -16.591466815907246,
      "obj_se": 0.01598656239172391,
      "mean_oracle_gap": 0.4083136029290815,
      "oracle_gap_se": 0.016134560457456766,
      "mean_rel_oracle_gap": 0.024008812983483844,
      "mean_excess_s": 0.015768,
      "selected_s_std": 0.017342246308192834,
      "failure_rate": 0.0,
      "n_failed": 0
    },
    "NGS": {
      "method": "NGS",
      "n_reps": 500,
      "target": 0.95,
      "coverage": 0.974,
      "coverage_lo": 0.9560285091657758,
      "coverage_hi": 0.9847436160766728,
      "coverage_gap": 0.02400000000000002,
      "meets_target": true,
      "significantly_below": false,
      "mean_obj": -16.34231520027727,
      "obj_se": 0.016311889449715268,
      "mean_oracle_gap": 0.6574652185590598,
      "oracle_gap_se": 0.01634641188707827,
      "mean_rel_oracle_gap": 0.03866826746195483,
      "mean_excess_s": 0.024352,
      "selected_s_std": 0.013115295114173517,
      "failure_rate": 0.0,
      "n_failed": 0
    },
    "UNGS": {
      "method": "UNGS",
      "n_reps": 500,
      "target": 0.95,
      "coverage": 0.986,
      "coverage_lo": 0.9713869308622147,
      "coverage_hi": 0.9932022102091564,
      "coverage_gap": 0.03600000000000003,
      "meets_target": true,
      "significantly_below": false,
      "mean_obj": -16.17631119286829,
      "obj_se": 0.018351389715085646,
      "mean_oracle_gap": 0.8234692259680383,
      "oracle_gap_se": 0.018379288354077223,
      "mean_rel_oracle_gap": 0.048433565807086056,
      "mean_excess_s": 0.028295999999999998,
      "selected_s_std": 0.012028074040770638,
      "failure_rate": 0.0,
      "n_failed": 0
    },
    "_n_replication_errors": 0
  }
}