{
  "config": "paper_ro_ellipsoid",
  "n": 500,
  "split": 0.2,
  "d": 50,
  "reps": 500,
  "mesh_p": null,
  "include_existing": false,
  "folds": null,
  "elapsed_s": 3.790314197540283,
  "summaries": {
    "NV": {
      "method": "NV",
      "n_reps": 500,
      "target": 0.95,
      "coverage": 0.988,
      "coverage_lo": 0.9740696388835527,
      "coverage_hi": 0.9944890048259724,
      "coverage_gap": 0.038000000000000034,
      "meets_target": true,
      "significantly_below": false,
      "mean_obj": -44.610022971373404,
      "obj_se": 0.027557180314296024,
      "mean_oracle_gap": 0.039175282305291576,
      "oracle_gap_se": 0.019541655732209513,
      "mean_rel_oracle_gap": 0.0008429498917370814,
      "mean_excess_s": 0.05533207129439501,
      "selected_s_std": 0.7670934147308173,
      "failure_rate": 0.0,
      "n_failed": 0
    },
    "UG": {
      "method": "UG",
      "n_reps": 500,
      "target": 0.95,
      "coverage": 0.996,
      "coverage_lo": 0.9855342847848231,
      "coverage_hi": 0.9989023694773173,
      "coverage_gap": 0.04600000000000004,
      "meets_target": true,
      "significantly_below": false,
      "mean_obj": -44.15149477750087,
      "obj_se": 0.035633934930505956,
      "mean_oracle_gap": 0.49770347617781535,
      "oracle_gap_se": 0.04262104160917262,
      "mean_rel_oracle_gap": 0.010998831572856941,
      "mean_excess_s": 0.6953251701086821,
      "selected_s_std": 1.3905717186249227,
      "failure_rate": 0.0,
      "n_failed": 0
    },
    "NGS": {
      "method": "NGS",
      "n_reps": 500,
      "target": 0.95,
      "coverage": 1.0,
      "coverage_lo": 0.9923756595384479,
      "coverage_hi": 1.0,
      "coverage_gap": 0.050000000000000044,
      "meets_target": true,
      "significantly_below": false,
      "mean_obj": -43.875009350461696,
      "obj_se": 0.038177291865455966,
      "mean_oracle_gap": 0.7741889032169964,
      "oracle_gap_se": 0.047954998564513615,
      "mean_rel_oracle_gap": 0.017154854674288025,
      "mean_excess_s": 1.0768924636049089,
      "selected_s_std": 1.5277731065252864,
      "failure_rate": 0.0,
      "n_failed": 0
    },
    "UNGS": {
      "method": "UNGS",
      "n_reps": 500,
      "target": 0.95,
      "coverage": 0.996,
      "coverage_lo": 0.9855342847848231,
      "coverage_hi": 0.9989023694773173,
      "coverage_gap": 0.04600000000000004,
      "meets_target": true,
      "significantly_below": false,
      "mean_obj": -44.129383771539246,
      "obj_se": 0.03568587865629373,
      "mean_oracle_gap": 0.5198144821394544,
      "oracle_gap_se": 0.043239609663740054,
      "mean_rel_oracle_gap": 0.011487947737192982,
      "mean_excess_s": 0.7267756226033557,
      "selected_s_std": 1.4068953206131172,
      "failure_rate": 0.0,
      "n_failed": 0
    },
    "benchmark": {
      "method": "benchmark",
      "n_reps": 500,
      "target": 0.95,
      "coverage": 1.0,
      "coverage_lo": 0.9923756595384479,
      "coverage_hi": 1.0,
      "coverage_gap": 0.050000000000000044,
      "meets_target": true,
      "significantly_below": false,
      "mean_obj": -42.46409155317787,
      "obj_se": 3.180826134296276e-16,
      "mean_oracle_gap": 2.185106700500812,
      "oracle_gap_se": 0.025603859110275233,
      "mean_rel_oracle_gap": 0.048782531216974644,
      "mean_excess_s": null,
      "selected_s_std": null,
      "failure_rate": 0.0,
      "n_failed": 0
    },
    "_n_replication_errors": 0
  }
}