{
  "config": "paper_ro_ellipsoid",
  "n": 1000,
  "split": 0.9,
  "d": 10,
  "reps": 500,
  "mesh_p": null,
  "include_existing": false,
  "folds": null,
  "elapsed_s": 0.6630847454071045,
  "summaries": {
    "NV": {
      "method": "NV",
      "n_reps": 500,
      "target": 0.95,
      "coverage": 0.668,
      "coverage_lo": 0.6255786634624316,
      "coverage_hi": 0.7078595581424869,
      "coverage_gap": -0.2819999999999999,
      "meets_target": false,
      "significantly_below": true,
      "mean_obj": -7.679079591553662,
      "obj_se": 0.014642586108595005,
      "mean_oracle_gap": -0.21990985317500578,
      "oracle_gap_se": 0.015048409179141515,
      "mean_rel_oracle_gap": -0.029610179050915404,
      "mean_excess_s": -0.45131217938359813,
      "selected_s_std": 0.7234163193747364,
      "failure_rate": 0.0,
      "n_failed": 0
    },
    "UG": {
      "method": "UG",
      "n_reps": 500,
      "target": 0.95,
      "coverage": 0.962,
      "coverage_lo": 0.9414152274693561,
      "coverage_hi": 0.9755398819441696,
      "coverage_gap": 0.01200000000000001,
      "meets_target": true,
      "significantly_below": false,
      "mean_obj": -7.378556290600307,
      "obj_se": 0.010441731346637888,
      "mean_oracle_gap": 0.08061344777834975,
      "oracle_gap_se": 0.01135560045536031,
      "mean_rel_oracle_gap": 0.010652149810578198,
      "mean_excess_s": 0.2758444411394329,
      "selected_s_std": 0.7003582565441658,
      "failure_rate": 0.0,
      "n_failed": 0
    },
    "NGS": {
      "method": "NGS",
      "n_reps": 500,
      "target": 0.95,
      "coverage": 0.98,
      "coverage_lo": 0.9635798167531208,
      "coverage_hi": 0.9891008164037892,
      "coverage_gap": 0.030000000000000027,
      "meets_target": true,
      "significantly_below": false,
      "mean_obj": -7.305038978700834,
      "obj_se": 0.011055599982024229,
      "mean_oracle_gap": 0.1541307596778235,
      "oracle_gap_se": 0.011797654127020014,
      "mean_rel_oracle_gap": 0.020522169659486764,
      "mean_excess_s": 0.49991272744099585,
      "selected_s_std": 0.7891719137728175,
      "failure_rate": 0.0,
      "n_failed": 0
    },
    "UNGS": {
      "method": "UNGS",
      "n_reps": 500,
      "target": 0.95,
      "coverage": 0.974,
      "coverage_lo": 0.9560285091657758,
      "coverage_hi": 0.9847436160766728,
      "coverage_gap": 0.02400000000000002,
      "meets_target": true,
      "significantly_below": false,
      "mean_obj": -7.194612840597261,
      "obj_se": 0.014021194973964013,
      "mean_oracle_gap": 0.26455689778139513,
      "oracle_gap_se": 0.014746335994484454,
      "mean_rel_oracle_gap": 0.03530975816339756,
      "mean_excess_s": 0.8963768774730843,
      "selected_s_std": 1.092645943683286,
      "failure_rate": 0.0,
      "n_failed": 0
    },
    "benchmark": {
      "method": "benchmark",
      "n_reps": 500,
      "target": 0.95,
      "coverage": 1.0,
      "coverage_lo": 0.9923756595384479,
      "coverage_hi": 1.0,
      "coverage_gap": 0.050000000000000044,
      "meets_target": true,
      "significantly_below": false,
      "mean_obj": -6.901634398385975,
      "obj_se": 7.95206533574069e-17,
      "mean_oracle_gap": 0.557535339992683,
      "oracle_gap_se": 0.004023714272605453,
      "mean_rel_oracle_gap": 0.07461485298272037,
      "mean_excess_s": null,
      "selected_s_std": null,
      "failure_rate": 0.0,
      "n_failed": 0
    },
    "_n_replication_errors": 0
  }
}