{
  "config": "paper_so",
  "n": 500,
  "split": 0.5,
  "d": 2,
  "reps": 500,
  "mesh_p": 60,
  "include_existing": false,
  "folds": null,
  "elapsed_s": 1.3479504585266113,
  "summaries": {
    "NV": {
      "method": "NV",
      "n_reps": 500,
      "target": 0.95,
      "coverage": 0.888,
      "coverage_lo": 0.8573463119959378,
      "coverage_hi": 0.9127371998058978,
      "coverage_gap": -0.061999999999999944,
      "meets_target": false,
      "significantly_below": true,
      "mean_obj": -1.0933705208292461,
      "obj_se": 0.0042038171098087085,
      "mean_oracle_gap": 8.120110388610736e-05,
      "oracle_gap_se": 0.0027626449153883245,
      "mean_rel_oracle_gap": -0.0013543842123083113,
      "mean_excess_s": 0.73,
      "selected_s_std": 14.863795235996601,
      "failure_rate": 0.0,
      "n_failed": 0
    },
    "UG": {
      "method": "UG",
      "n_reps": 500,
      "target": 0.95,
      "coverage": 0.99,
      "coverage_lo": 0.9768069002442693,
      "coverage_hi": 0.9957212461034096,
      "coverage_gap": 0.040000000000000036,
      "meets_target": true,
      "significantly_below": false,
      "mean_obj": -1.0506000375003397,
      "obj_se": 0.003934874260533517,
      "mean_oracle_gap": 0.042851684432792456,
      "oracle_gap_se": 0.0035541876205348517,
      "mean_rel_oracle_gap": 0.0365445167678399,
      "mean_excess_s": 7.812,
      "selected_s_std": 19.272147657972667,
      "failure_rate": 0.0,
      "n_failed": 0
    },
    "NGS": {
      "method": "NGS",
      "n_reps": 500,
      "target": 0.95,
      "coverage": 0.998,
      "coverage_lo": 0.9887592932948532,
      "coverage_hi": 0.9996468636054407,
      "coverage_gap": 0.04800000000000004,
      "meets_target": true,
      "significantly_below": false,
      "mean_obj": -1.0316304597608632,
      "obj_se": 0.003696140436606042,
      "mean_oracle_gap": 0.061821262172268805,
      "oracle_gap_se": 0.0037997956878243304,
      "mean_rel_oracle_gap": 0.05323226870463225,
      "mean_excess_s": 12.864,
      "selected_s_std": 22.97697889449865,
      "failure_rate": 0.0,
      "n_failed": 0
    },
    "UNGS": {
      "method": "UNGS",
      "n_reps": 500,
      "target": 0.95,
      "coverage": 0.998,
      "coverage_lo": 0.9887592932948532,
      "coverage_hi": 0.9996468636054407,
      "coverage_gap": 0.04800000000000004,
      "meets_target": true,
      "significantly_below": false,
      "mean_obj": -0.9955672250440024,
      "obj_se": 0.0035289154989678394,
      "mean_oracle_gap": 0.0978844968891297,
      "oracle_gap_se": 0.0043550116834477105,
      "mean_rel_oracle_gap": 0.08513664218523269,
      "mean_excess_s": 25.12,
      "selected_s_std": 31.301413401984323,
      "failure_rate": 0.0,
      "n_failed": 0
    },
    "benchmark": {
      "method": "benchmark",
      "n_reps": 500,
      "target": 0.95,
      "coverage": 1.0,
      "coverage_lo": 0.9923756595384479,
      "coverage_hi": 1.0,
      "coverage_gap": 0.050000000000000044,
      "meets_target": true,
      "significantly_below": false,
      "mean_obj": -0.8232807680174905,
      "obj_se": 0.0024079843711099433,
      "mean_oracle_gap": 0.27017095391564167,
      "oracle_gap_se": 0.004626769548336923,
      "mean_rel_oracle_gap": 0.24159407258520013,
      "mean_excess_s": NaN,
      "selected_s_std": NaN,
      "failure_rate": 0.0,
      "n_failed": 0
    },
    "_n_replication_errors": 0
  }
}