{
  "config": "paper_dro_wasserstein",
  "n": 100,
  "split": 0.5,
  "d": 10,
  "reps": 500,
  "mesh_p": null,
  "include_existing": false,
  "folds": null,
  "elapsed_s": 12.519959449768066,
  "summaries": {
    "NV": {
      "method": "NV",
      "n_reps": 500,
      "target": 0.95,
      "coverage": 0.466,
      "coverage_lo": 0.42270077745690987,
      "coverage_hi": 0.5098176776944758,
      "coverage_gap": -0.48399999999999993,
      "meets_target": false,
      "significantly_below": true,
      "mean_obj": -7.84880346970253,
      "obj_se": 0.019037751830780516,
      "mean_oracle_gap": -0.1425958040706456,
      "oracle_gap_se": 0.020087074793872887,
      "mean_rel_oracle_gap": -0.018867210947737426,
      "mean_excess_s": -0.0049158340279568565,
      "selected_s_std": 0.04111428957771313,
      "failure_rate": 0.0,
      "n_failed": 0
    },
    "UG": {
      "method": "UG",
      "n_reps": 500,
      "target": 0.95,
      "coverage": 0.932,
      "coverage_lo": 0.9064790772661258,
      "coverage_hi": 0.9509334925750932,
      "coverage_gap": -0.017999999999999905,
      "meets_target": false,
      "significantly_below": false,
      "mean_obj": -7.126840137344606,
      "obj_se": 0.0229254887528148,
      "mean_oracle_gap": 0.5793675282872781,
      "oracle_gap_se": 0.023607197220760264,
      "mean_rel_oracle_gap": 0.07489254373788419,
      "mean_excess_s": 0.060678727948118835,
      "selected_s_std": 0.07004804630842051,
      "failure_rate": 0.0,
      "n_failed": 0
    },
    "NGS": {
      "method": "NGS",
      "n_reps": 500,
      "target": 0.95,
      "coverage": 0.958,
      "coverage_lo": 0.9366484142456699,
      "coverage_hi": 0.9723676898915483,
      "coverage_gap": 0.008000000000000007,
      "meets_target": true,
      "significantly_below": false,
      "mean_obj": -6.919590643486452,
      "obj_se": 0.024858619725553314,
      "mean_oracle_gap": 0.7866170221454326,
      "oracle_gap_se": 0.025218709635597393,
      "mean_rel_oracle_gap": 0.10185555266360041,
      "mean_excess_s": 0.0875974928524553,
      "selected_s_std": 0.08582413217581836,
      "failure_rate": 0.0,
      "n_failed": 0
    },
    "UNGS": {
      "method": "UNGS",
      "n_reps": 500,
      "target": 0.95,
      "coverage": 0.982,
      "coverage_lo": 0.9661483290912607,
      "coverage_hi": 0.990501806703803,
      "coverage_gap": 0.03200000000000003,
      "meets_target": true,
      "significantly_below": false,
      "mean_obj": -4.107266517529737,
      "obj_se": 0.10578000431267577,
      "mean_oracle_gap": 3.598941148102148,
      "oracle_gap_se": 0.10466275615405182,
      "mean_rel_oracle_gap": 0.4680218304327748,
      "mean_excess_s": 1.6889627112359766,
      "selected_s_std": 1.4198583832667762,
      "failure_rate": 0.0,
      "n_failed": 0
    },
    "_n_replication_errors": 0
  }
}