{
  "config": "paper_so",
  "n": 500,
  "split": 0.3,
  "d": 50,
  "reps": 500,
  "mesh_p": 60,
  "include_existing": false,
  "folds": null,
  "elapsed_s": 6.915849685668945,
  "summaries": {
    "NV": {
      "method": "NV",
      "n_reps": 500,
      "target": 0.95,
      "coverage": 0.738,
      "coverage_lo": 0.6977470833575388,
      "coverage_hi": 0.7746237305827623,
      "coverage_gap": -0.21199999999999997,
      "meets_target": false,
      "significantly_below": true,
      "mean_obj": -45.30099019924702,
      "obj_se": 0.02893362164723452,
      "mean_oracle_gap": -0.09128766880349065,
      "oracle_gap_se": 0.02042905274153255,
      "mean_rel_oracle_gap": -0.0020433103208782662,
      "mean_excess_s": -1.608433734939759,
      "selected_s_std": 30.747022861240715,
      "failure_rate": 0.0,
      "n_failed": 0
    },
    "UG": {
      "method": "UG",
      "n_reps": 500,
      "target": 0.95,
      "coverage": 0.972,
      "coverage_lo": 0.9535535973250512,
      "coverage_hi": 0.9832490252792435,
      "coverage_gap": 0.02200000000000002,
      "meets_target": true,
      "significantly_below": false,
      "mean_obj": -44.73870546188307,
      "obj_se": 0.026994998703194797,
      "mean_oracle_gap": 0.47237678649708154,
      "oracle_gap_se": 0.0259479201593881,
      "mean_rel_oracle_gap": 0.010381452394147426,
      "mean_excess_s": 24.889558232931726,
      "selected_s_std": 40.24722019552324,
      "failure_rate": 0.0,
      "n_failed": 0
    },
    "NGS": {
      "method": "NGS",
      "n_reps": 500,
      "target": 0.95,
      "coverage": 0.99,
      "coverage_lo": 0.9768069002442693,
      "coverage_hi": 0.9957212461034096,
      "coverage_gap": 0.040000000000000036,
      "meets_target": true,
      "significantly_below": false,
      "mean_obj": -44.58390110284091,
      "obj_se": 0.026617174158825925,
      "mean_oracle_gap": 0.6278028497924272,
      "oracle_gap_se": 0.02761377849579052,
      "mean_rel_oracle_gap": 0.013806076456712052,
      "mean_excess_s": 33.20281124497992,
      "selected_s_std": 41.479591234460784,
      "failure_rate": 0.0,
      "n_failed": 0
    },
    "UNGS": {
      "method": "UNGS",
      "n_reps": 500,
      "target": 0.95,
      "coverage": 0.992,
      "coverage_lo": 0.9796129641658948,
      "coverage_hi": 0.9968846848199377,
      "coverage_gap": 0.04200000000000004,
      "meets_target": true,
      "significantly_below": false,
      "mean_obj": -44.364376184755045,
      "obj_se": 0.027934878407884983,
      "mean_oracle_gap": 0.8482093940553423,
      "oracle_gap_se": 0.028934786615142802,
      "mean_rel_oracle_gap": 0.01868115567466752,
      "mean_excess_s": 48.36144578313253,
      "selected_s_std": 40.07861068036336,
      "failure_rate": 0.0,
      "n_failed": 0
    },
    "benchmark": {
      "method": "benchmark",
      "n_reps": 500,
      "target": 0.95,
      "coverage": 1.0,
      "coverage_lo": 0.9923756595384479,
      "coverage_hi": 1.0,
      "coverage_gap": 0.050000000000000044,
      "meets_target": true,
      "significantly_below": false,
      "mean_obj": -42.61868391578035,
      "obj_se": 0.026357702031488246,
      "mean_oracle_gap": 2.590233982907752,
      "oracle_gap_se": 0.03217929728601552,
      "mean_rel_oracle_gap": 0.057188419180473,
      "mean_excess_s": NaN,
      "selected_s_std": NaN,
      "failure_rate": 0.0,
      "n_failed": 0
    },
    "_n_replication_errors": 0
  }
}