{
  "config": "paper_saa",
  "n": 200,
  "split": 0.9,
  "d": 20,
  "reps": 500,
  "mesh_p": null,
  "include_existing": false,
  "folds": null,
  "elapsed_s": 31.594192266464233,
  "summaries": {
    "NV": {
      "method": "NV",
      "n_reps": 500,
      "target": 0.95,
      "coverage": 0.202,
      "coverage_lo": 0.16914122067557874,
      "coverage_hi": 0.23940288623950645,
      "coverage_gap": -0.748,
      "meets_target": false,
      "significantly_below": true,
      "mean_obj": -17.419356294873936,
      "obj_se": 0.0241393656756856,
      "mean_oracle_gap": -0.4355846435403124,
      "oracle_gap_se": 0.024588273339662906,
      "mean_rel_oracle_gap": -0.02567344622241671,
      "mean_excess_s": -0.030693386773547097,
      "selected_s_std": 0.030239020034804876,
      "failure_rate": 0.0,
      "n_failed": 0
    },
    "UG": {
      "method": "UG",
      "n_reps": 500,
      "target": 0.95,
      "coverage": 0.616,
      "coverage_lo": 0.5726388276307122,
      "coverage_hi": 0.6575923253822078,
      "coverage_gap": -0.33399999999999996,
      "meets_target": false,
      "significantly_below": true,
      "mean_obj": -16.767613185760062,
      "obj_se": 0.030663540811502413,
      "mean_oracle_gap": 0.21746456398861516,
      "oracle_gap_se": 0.03105194254017104,
      "mean_rel_oracle_gap": 0.012776515962920188,
      "mean_excess_s": 0.0029018036072144286,
      "selected_s_std": 0.029684714392041473,
      "failure_rate": 0.0,
      "n_failed": 0
    },
    "NGS": {
      "method": "NGS",
      "n_reps": 500,
      "target": 0.95,
      "coverage": 0.618,
      "coverage_lo": 0.5746652808852669,
      "coverage_hi": 0.6595353747658067,
      "coverage_gap": -0.33199999999999996,
      "meets_target": false,
      "significantly_below": true,
      "mean_obj": -16.76260209734337,
      "obj_se": 0.030773715935114625,
      "mean_oracle_gap": 0.22248569466666895,
      "oracle_gap_se": 0.031149964657615027,
      "mean_rel_oracle_gap": 0.013072752987782044,
      "mean_excess_s": 0.003062124248496994,
      "selected_s_std": 0.02976983826864167,
      "failure_rate": 0.0,
      "n_failed": 0
    },
    "UNGS": {
      "method": "UNGS",
      "n_reps": 500,
      "target": 0.95,
      "coverage": 0.616,
      "coverage_lo": 0.5726388276307122,
      "coverage_hi": 0.6575923253822078,
      "coverage_gap": -0.33399999999999996,
      "meets_target": false,
      "significantly_below": true,
      "mean_obj": -16.767613185760062,
      "obj_se": 0.030663540811502413,
      "mean_oracle_gap": 0.21746456398861516,
      "oracle_gap_se": 0.03105194254017104,
      "mean_rel_oracle_gap": 0.012776515962920188,
      "mean_excess_s": 0.0028296593186372745,
      "selected_s_std": 0.02960172339672324,
      "failure_rate": 0.0,
      "n_failed": 0
    },
    "_n_replication_errors": 0
  }
}