{
  "config": "paper_so",
  "n": 1000,
  "split": 0.9,
  "d": 50,
  "reps": 500,
  "mesh_p": 60,
  "include_existing": false,
  "folds": null,
  "elapsed_s": 36.31725001335144,
  "summaries": {
    "NV": {
      "method": "NV",
      "n_reps": 500,
      "target": 0.95,
      "coverage": 0.7,
      "coverage_lo": 0.6584321959560773,
      "coverage_hi": 0.7385180678593017,
      "coverage_gap": -0.25,
      "meets_target": false,
      "significantly_below": true,
      "mean_obj": -45.275473740746136,
      "obj_se": 0.038770360127609385,
      "mean_oracle_gap": -0.14970728137334186,
      "oracle_gap_se": 0.03579774078845869,
      "mean_rel_oracle_gap": -0.0033829037467598836,
      "mean_excess_s": 0.686,
      "selected_s_std": 46.482418509162386,
      "failure_rate": 0.0,
      "n_failed": 0
    },
    "UG": {
      "method": "UG",
      "n_reps": 500,
      "target": 0.95,
      "coverage": 0.946,
      "coverage_lo": 0.9225734384893529,
      "coverage_hi": 0.9626256498189425,
      "coverage_gap": -0.0040000000000000036,
      "meets_target": false,
      "significantly_below": false,
      "mean_obj": -44.4116540273072,
      "obj_se": 0.038274403741123786,
      "mean_oracle_gap": 0.7141124320655932,
      "oracle_gap_se": 0.040083744005894276,
      "mean_rel_oracle_gap": 0.0157177071959656,
      "mean_excess_s": 66.468,
      "selected_s_std": 107.096349761626,
      "failure_rate": 0.0,
      "n_failed": 0
    },
    "NGS": {
      "method": "NGS",
      "n_reps": 500,
      "target": 0.95,
      "coverage": 0.998,
      "coverage_lo": 0.9887592932948532,
      "coverage_hi": 0.9996468636054407,
      "coverage_gap": 0.04800000000000004,
      "meets_target": true,
      "significantly_below": false,
      "mean_obj": -43.815166946391344,
      "obj_se": 0.03826785767367819,
      "mean_oracle_gap": 1.3105995129814485,
      "oracle_gap_se": 0.04290441813726498,
      "mean_rel_oracle_gap": 0.028909195642572178,
      "mean_excess_s": 147.91,
      "selected_s_std": 164.10775525449534,
      "failure_rate": 0.0,
      "n_failed": 0
    },
    "UNGS": {
      "method": "UNGS",
      "n_reps": 500,
      "target": 0.95,
      "coverage": 1.0,
      "coverage_lo": 0.9923756595384479,
      "coverage_hi": 1.0,
      "coverage_gap": 0.050000000000000044,
      "meets_target": true,
      "significantly_below": false,
      "mean_obj": -42.93582083887692,
      "obj_se": 0.03658139732826183,
      "mean_oracle_gap": 2.1899456204958736,
      "oracle_gap_se": 0.04420330549192445,
      "mean_rel_oracle_gap": 0.04836905340417986,
      "mean_excess_s": 354.902,
      "selected_s_std": 242.628926833287,
      "failure_rate": 0.0,
      "n_failed": 0
    },
    "benchmark": {
      "method": "benchmark",
      "n_reps": 500,
      "target": 0.95,
      "coverage": 1.0,
      "coverage_lo": 0.9923756595384479,
      "coverage_hi": 1.0,
      "coverage_gap": 0.050000000000000044,
      "meets_target": true,
      "significantly_below": false,
      "mean_obj": -41.899542239261116,
      "obj_se": 0.022707777745987485,
      "mean_oracle_gap": 3.226224220111673,
      "oracle_gap_se": 0.032168561960414024,
      "mean_rel_oracle_gap": 0.07134918591222328,
      "mean_excess_s": null,
      "selected_s_std": null,
      "failure_rate": 0.0,
      "n_failed": 0
    },
    "_n_replication_errors": 0
  }
}