{
  "config": "paper_ro_ellipsoid",
  "n": 200,
  "split": 0.1,
  "d": 2,
  "reps": 500,
  "mesh_p": null,
  "include_existing": false,
  "folds": null,
  "elapsed_s": 0.4107532501220703,
  "summaries": {
    "NV": {
      "method": "NV",
      "n_reps": 500,
      "target": 0.95,
      "coverage": 0.792,
      "coverage_lo": 0.7542636968800828,
      "coverage_hi": 0.8252836882903708,
      "coverage_gap": -0.15799999999999992,
      "meets_target": false,
      "significantly_below": true,
      "mean_obj": -1.1700012358056442,
      "obj_se": 0.002934644167561813,
      "mean_oracle_gap": -0.01074240713075349,
      "oracle_gap_se": 0.002850581167838881,
      "mean_rel_oracle_gap": -0.009998842030655751,
      "mean_excess_s": -0.07042738328345444,
      "selected_s_std": 1.0983054497900302,
      "failure_rate": 0.0,
      "n_failed": 0
    },
    "UG": {
      "method": "UG",
      "n_reps": 500,
      "target": 0.95,
      "coverage": 0.986,
      "coverage_lo": 0.9713869308622147,
      "coverage_hi": 0.9932022102091564,
      "coverage_gap": 0.03600000000000003,
      "meets_target": true,
      "significantly_below": false,
      "mean_obj": -1.101554298930406,
      "obj_se": 0.00247628469724819,
      "mean_oracle_gap": 0.057704529744484784,
      "oracle_gap_se": 0.002652164327715702,
      "mean_rel_oracle_gap": 0.04887331335127355,
      "mean_excess_s": 0.6795300182958615,
      "selected_s_std": 1.4078967001234517,
      "failure_rate": 0.0,
      "n_failed": 0
    },
    "NGS": {
      "method": "NGS",
      "n_reps": 500,
      "target": 0.95,
      "coverage": 1.0,
      "coverage_lo": 0.9923756595384479,
      "coverage_hi": 1.0,
      "coverage_gap": 0.050000000000000044,
      "meets_target": true,
      "significantly_below": false,
      "mean_obj": -1.079034607995589,
      "obj_se": 0.002395181375327719,
      "mean_oracle_gap": 0.08022422067930157,
      "oracle_gap_se": 0.0027114018547076566,
      "mean_rel_oracle_gap": 0.06819004771941424,
      "mean_excess_s": 0.9815331550729427,
      "selected_s_std": 1.5245256781166596,
      "failure_rate": 0.0,
      "n_failed": 0
    },
    "UNGS": {
      "method": "UNGS",
      "n_reps": 500,
      "target": 0.95,
      "coverage": 1.0,
      "coverage_lo": 0.9923756595384479,
      "coverage_hi": 1.0,
      "coverage_gap": 0.050000000000000044,
      "meets_target": true,
      "significantly_below": false,
      "mean_obj": -1.057102162272141,
      "obj_se": 0.0027463629396937755,
      "mean_oracle_gap": 0.10215666640274972,
      "oracle_gap_se": 0.003209937254742096,
      "mean_rel_oracle_gap": 0.08692370182435462,
      "mean_excess_s": 1.411189665772364,
      "selected_s_std": 2.0983946955358874,
      "failure_rate": 0.0,
      "n_failed": 0
    },
    "benchmark": {
      "method": "benchmark",
      "n_reps": 500,
      "target": 0.95,
      "coverage": 1.0,
      "coverage_lo": 0.9923756595384479,
      "coverage_hi": 1.0,
      "coverage_gap": 0.050000000000000044,
      "meets_target": true,
      "significantly_below": false,
      "mean_obj": -0.9727869233715889,
      "obj_se": 0.0,
      "mean_oracle_gap": 0.18647190530330168,
      "oracle_gap_se": 0.00207955282218917,
      "mean_rel_oracle_gap": 0.15946409446531715,
      "mean_excess_s": NaN,
      "selected_s_std": NaN,
      "failure_rate": 0.0,
      "n_failed": 0
    },
    "_n_replication_errors": 0
  }
}