{
  "config": "paper_dro_wasserstein",
  "n": 100,
  "split": 0.2,
  "d": 5,
  "reps": 500,
  "mesh_p": null,
  "include_existing": false,
  "folds": null,
  "elapsed_s": 3.469719648361206,
  "summaries": {
    "NV": {
      "method": "NV",
      "n_reps": 500,
      "target": 0.95,
      "coverage": 0.614,
      "coverage_lo": 0.5706131270887722,
      "coverage_hi": 0.6556485232859939,
      "coverage_gap": -0.33599999999999997,
      "meets_target": false,
      "significantly_below": true,
      "mean_obj": -3.4736232822455575,
      "obj_se": 0.00978837171187301,
      "mean_oracle_gap": -0.06638210570251596,
      "oracle_gap_se": 0.010354089774392042,
      "mean_rel_oracle_gap": -0.020403428483581103,
      "mean_excess_s": -0.005424845653106272,
      "selected_s_std": 0.037185334102248675,
      "failure_rate": 0.0,
      "n_failed": 0
    },
    "UG": {
      "method": "UG",
      "n_reps": 500,
      "target": 0.95,
      "coverage": 0.956,
      "coverage_lo": 0.9342805571276716,
      "coverage_hi": 0.9707660443713928,
      "coverage_gap": 0.006000000000000005,
      "meets_target": true,
      "significantly_below": false,
      "mean_obj": -3.145897500036715,
      "obj_se": 0.01027763071654627,
      "mean_oracle_gap": 0.26134367650632656,
      "oracle_gap_se": 0.01098494998821251,
      "mean_rel_oracle_gap": 0.07582331966510654,
      "mean_excess_s": 0.03537144158049351,
      "selected_s_std": 0.04864486545370122,
      "failure_rate": 0.0,
      "n_failed": 0
    },
    "NGS": {
      "method": "NGS",
      "n_reps": 500,
      "target": 0.95,
      "coverage": 0.976,
      "coverage_lo": 0.9585229425360993,
      "coverage_hi": 0.986218685344503,
      "coverage_gap": 0.026000000000000023,
      "meets_target": true,
      "significantly_below": false,
      "mean_obj": -3.0614338717032368,
      "obj_se": 0.010254359408984531,
      "mean_oracle_gap": 0.3458073048398052,
      "oracle_gap_se": 0.011057481839872567,
      "mean_rel_oracle_gap": 0.10060137189711113,
      "mean_excess_s": 0.04912101551675077,
      "selected_s_std": 0.05374213959227304,
      "failure_rate": 0.0,
      "n_failed": 0
    },
    "UNGS": {
      "method": "UNGS",
      "n_reps": 500,
      "target": 0.95,
      "coverage": 0.978,
      "coverage_lo": 0.9610391387886836,
      "coverage_hi": 0.9876719917300725,
      "coverage_gap": 0.028000000000000025,
      "meets_target": true,
      "significantly_below": false,
      "mean_obj": -2.7733928759330646,
      "obj_se": 0.023948922624424836,
      "mean_oracle_gap": 0.6338483006099773,
      "oracle_gap_se": 0.023598822701775293,
      "mean_rel_oracle_gap": 0.18602603764613743,
      "mean_excess_s": 0.19811362908049351,
      "selected_s_std": 0.5424528850380377,
      "failure_rate": 0.0,
      "n_failed": 0
    },
    "_n_replication_errors": 0
  }
}