{
  "config": "paper_so",
  "n": 200,
  "split": 0.7,
  "d": 2,
  "reps": 500,
  "mesh_p": 60,
  "include_existing": false,
  "folds": null,
  "elapsed_s": 0.8907170295715332,
  "summaries": {
    "NV": {
      "method": "NV",
      "n_reps": 500,
      "target": 0.95,
      "coverage": 0.718,
      "coverage_lo": 0.6770122207860065,
      "coverage_hi": 0.7556635667727567,
      "coverage_gap": -0.23199999999999998,
      "meets_target": false,
      "significantly_below": true,
      "mean_obj": -1.1124545914520854,
      "obj_se": 0.0053328827105281655,
      "mean_oracle_gap": -0.019608568270630292,
      "oracle_gap_se": 0.00447037830848932,
      "mean_rel_oracle_gap": -0.01993150710887596,
      "mean_excess_s": -0.114,
      "selected_s_std": 17.137044686911523,
      "failure_rate": 0.0,
      "n_failed": 0
    },
    "UG": {
      "method": "UG",
      "n_reps": 500,
      "target": 0.95,
      "coverage": 0.962,
      "coverage_lo": 0.9414152274693561,
      "coverage_hi": 0.9755398819441696,
      "coverage_gap": 0.01200000000000001,
      "meets_target": true,
      "significantly_below": false,
      "mean_obj": -1.0303146676161785,
      "obj_se": 0.004486951753667671,
      "mean_oracle_gap": 0.06253135556527649,
      "oracle_gap_se": 0.004328116029753044,
      "mean_rel_oracle_gap": 0.05428714332309955,
      "mean_excess_s": 16.918,
      "selected_s_std": 28.032127002576473,
      "failure_rate": 0.0,
      "n_failed": 0
    },
    "NGS": {
      "method": "NGS",
      "n_reps": 500,
      "target": 0.95,
      "coverage": 0.98,
      "coverage_lo": 0.9635798167531208,
      "coverage_hi": 0.9891008164037892,
      "coverage_gap": 0.030000000000000027,
      "meets_target": true,
      "significantly_below": false,
      "mean_obj": -0.9989177416864643,
      "obj_se": 0.004228112237522858,
      "mean_oracle_gap": 0.09392828149499062,
      "oracle_gap_se": 0.004576562769388476,
      "mean_rel_oracle_gap": 0.08222063905857464,
      "mean_excess_s": 25.748,
      "selected_s_std": 33.291014813830316,
      "failure_rate": 0.0,
      "n_failed": 0
    },
    "UNGS": {
      "method": "UNGS",
      "n_reps": 500,
      "target": 0.95,
      "coverage": 0.994,
      "coverage_lo": 0.9825097478959467,
      "coverage_hi": 0.9979574037280398,
      "coverage_gap": 0.04400000000000004,
      "meets_target": true,
      "significantly_below": false,
      "mean_obj": -0.9560789957835614,
      "obj_se": 0.003781587921676684,
      "mean_oracle_gap": 0.13676702739789362,
      "oracle_gap_se": 0.004619540027561023,
      "mean_rel_oracle_gap": 0.12076275185607656,
      "mean_excess_s": 44.012,
      "selected_s_std": 38.09251868753128,
      "failure_rate": 0.0,
      "n_failed": 0
    },
    "benchmark": {
      "method": "benchmark",
      "n_reps": 500,
      "target": 0.95,
      "coverage": 1.0,
      "coverage_lo": 0.9923756595384479,
      "coverage_hi": 1.0,
      "coverage_gap": 0.050000000000000044,
      "meets_target": true,
      "significantly_below": false,
      "mean_obj": -0.8882290311586586,
      "obj_se": 0.003019330384955578,
      "mean_oracle_gap": 0.20461699202279637,
      "oracle_gap_se": 0.004475575278173267,
      "mean_rel_oracle_gap": 0.18238251440610498,
      "mean_excess_s": null,
      "selected_s_std": null,
      "failure_rate": 0.0,
      "n_failed": 0
    },
    "_n_replication_errors": 0
  }
}