{
  "config": "paper_ro_ellipsoid",
  "n": 200,
  "split": 0.2,
  "d": 10,
  "reps": 500,
  "mesh_p": null,
  "include_existing": false,
  "folds": null,
  "elapsed_s": 0.6543970108032227,
  "summaries": {
    "NV": {
      "method": "NV",
      "n_reps": 500,
      "target": 0.95,
      "coverage": 0.818,
      "coverage_lo": 0.7817973646706083,
      "coverage_hi": 0.8493535547958443,
      "coverage_gap": -0.132,
      "meets_target": false,
      "significantly_below": true,
      "mean_obj": -7.673590478704315,
      "obj_se": 0.011099962505511013,
      "mean_oracle_gap": -0.029906316600661554,
      "oracle_gap_se": 0.011973577167019713,
      "mean_rel_oracle_gap": -0.0042117642314909755,
      "mean_excess_s": -0.051125774581972636,
      "selected_s_std": 1.0530548487047795,
      "failure_rate": 0.0,
      "n_failed": 0
    },
    "UG": {
      "method": "UG",
      "n_reps": 500,
      "target": 0.95,
      "coverage": 0.988,
      "coverage_lo": 0.9740696388835527,
      "coverage_hi": 0.9944890048259724,
      "coverage_gap": 0.038000000000000034,
      "meets_target": true,
      "significantly_below": false,
      "mean_obj": -7.3612944485297716,
      "obj_se": 0.010616601772570932,
      "mean_oracle_gap": 0.2823897135738827,
      "oracle_gap_se": 0.012292665907855656,
      "mean_rel_oracle_gap": 0.03658374489795738,
      "mean_excess_s": 1.0623464973471328,
      "selected_s_std": 1.4175989218232028,
      "failure_rate": 0.0,
      "n_failed": 0
    },
    "NGS": {
      "method": "NGS",
      "n_reps": 500,
      "target": 0.95,
      "coverage": 0.992,
      "coverage_lo": 0.9796129641658948,
      "coverage_hi": 0.9968846848199377,
      "coverage_gap": 0.04200000000000004,
      "meets_target": true,
      "significantly_below": false,
      "mean_obj": -7.301856184479276,
      "obj_se": 0.010750109993508086,
      "mean_oracle_gap": 0.3418279776243774,
      "oracle_gap_se": 0.012590400004474487,
      "mean_rel_oracle_gap": 0.04434285689278481,
      "mean_excess_s": 1.3182161066267,
      "selected_s_std": 1.5643845682747508,
      "failure_rate": 0.0,
      "n_failed": 0
    },
    "UNGS": {
      "method": "UNGS",
      "n_reps": 500,
      "target": 0.95,
      "coverage": 0.994,
      "coverage_lo": 0.9825097478959467,
      "coverage_hi": 0.9979574037280398,
      "coverage_gap": 0.04400000000000004,
      "meets_target": true,
      "significantly_below": false,
      "mean_obj": -7.2006282338659595,
      "obj_se": 0.012209609986387678,
      "mean_oracle_gap": 0.44305592823769424,
      "oracle_gap_se": 0.0145989475672646,
      "mean_rel_oracle_gap": 0.057500534728514054,
      "mean_excess_s": 1.8443420651263982,
      "selected_s_std": 2.0259816230405616,
      "failure_rate": 0.0,
      "n_failed": 0
    },
    "benchmark": {
      "method": "benchmark",
      "n_reps": 500,
      "target": 0.95,
      "coverage": 1.0,
      "coverage_lo": 0.9923756595384479,
      "coverage_hi": 1.0,
      "coverage_gap": 0.050000000000000044,
      "meets_target": true,
      "significantly_below": false,
      "mean_obj": -6.901634398385975,
      "obj_se": 7.95206533574069e-17,
      "mean_oracle_gap": 0.7420497637176804,
      "oracle_gap_se": 0.00700161932951985,
      "mean_rel_oracle_gap": 0.09669856209739743,
      "mean_excess_s": null,
      "selected_s_std": null,
      "failure_rate": 0.0,
      "n_failed": 0
    },
    "_n_replication_errors": 0
  }
}