{
  "config": "paper_saa",
  "n": 400,
  "split": 0.9,
  "d": 5,
  "reps": 500,
  "mesh_p": null,
  "include_existing": false,
  "folds": null,
  "elapsed_s": 203.7637369632721,
  "summaries": {
    "NV": {
      "method": "NV",
      "n_reps": 500,
      "target": 0.95,
      "coverage": 0.356,
      "coverage_lo": 0.3152745600260401,
      "coverage_hi": 0.398921250026887,
      "coverage_gap": -0.594,
      "meets_target": false,
      "significantly_below": true,
      "mean_obj": -3.6277315375609107,
      "obj_se": 0.006420221875499912,
      "mean_oracle_gap": -0.03317121173750718,
      "oracle_gap_se": 0.006497913710137991,
      "mean_rel_oracle_gap": -0.009267981002042585,
      "mean_excess_s": -0.007488,
      "selected_s_std": 0.02233973427449194,
      "failure_rate": 0.0,
      "n_failed": 0
    },
    "UG": {
      "method": "UG",
      "n_reps": 500,
      "target": 0.95,
      "coverage": 0.898,
      "coverage_lo": 0.868365377095774,
      "coverage_hi": 0.9215656478968306,
      "coverage_gap": -0.051999999999999935,
      "meets_target": false,
      "significantly_below": true,
      "mean_obj": -3.281656054759264,
      "obj_se": 0.01065899337136238,
      "mean_oracle_gap": 0.31290427106413954,
      "oracle_gap_se": 0.010742161169911637,
      "mean_rel_oracle_gap": 0.08699846955604318,
      "mean_excess_s": 0.037632000000000006,
      "selected_s_std": 0.02704820902060698,
      "failure_rate": 0.0,
      "n_failed": 0
    },
    "NGS": {
      "method": "NGS",
      "n_reps": 500,
      "target": 0.95,
      "coverage": 0.898,
      "coverage_lo": 0.868365377095774,
      "coverage_hi": 0.9215656478968306,
      "coverage_gap": -0.051999999999999935,
      "meets_target": false,
      "significantly_below": true,
      "mean_obj": -3.281357961440962,
      "obj_se": 0.010656366310844965,
      "mean_oracle_gap": 0.3132023643824416,
      "oracle_gap_se": 0.010740683053425622,
      "mean_rel_oracle_gap": 0.08708093306969428,
      "mean_excess_s": 0.03765600000000001,
      "selected_s_std": 0.027058474200370282,
      "failure_rate": 0.0,
      "n_failed": 0
    },
    "UNGS": {
      "method": "UNGS",
      "n_reps": 500,
      "target": 0.95,
      "coverage": 0.928,
      "coverage_lo": 0.9019315959830375,
      "coverage_hi": 0.9475419685818739,
      "coverage_gap": -0.02199999999999991,
      "meets_target": false,
      "significantly_below": true,
      "mean_obj": -3.1676483071296953,
      "obj_se": 0.011773079957049841,
      "mean_oracle_gap": 0.42691201869370843,
      "oracle_gap_se": 0.011812258341476214,
      "mean_rel_oracle_gap": 0.11873301164954342,
      "mean_excess_s": 0.04705600000000001,
      "selected_s_std": 0.02647881718504507,
      "failure_rate": 0.0,
      "n_failed": 0
    },
    "_n_replication_errors": 0
  }
}