{
  "config": "paper_saa",
  "n": 200,
  "split": 0.1,
  "d": 10,
  "reps": 500,
  "mesh_p": null,
  "include_existing": false,
  "folds": null,
  "elapsed_s": 0.2678854465484619,
  "summaries": {
    "NV": {
      "method": "NV",
      "n_reps": 500,
      "target": 0.95,
      "coverage": 0.222,
      "coverage_lo": 0.18776935138162995,
      "coverage_hi": 0.26046978191499315,
      "coverage_gap": -0.728,
      "meets_target": false,
      "significantly_below": true,
      "mean_obj": -8.165356570617043,
      "obj_se": 0.020357108264258336,
      "mean_oracle_gap": -0.01637561188070598,
      "oracle_gap_se": 0.01743116127264703,
      "mean_rel_oracle_gap": -0.0023345694273439444,
      "mean_excess_s": 0.0007804878048780488,
      "selected_s_std": 0.016754935264316085,
      "failure_rate": 0.0,
      "n_failed": 0
    },
    "UG": {
      "method": "UG",
      "n_reps": 500,
      "target": 0.95,
      "coverage": 0.24,
      "coverage_lo": 0.204637860033381,
      "coverage_hi": 0.2793267970066262,
      "coverage_gap": -0.71,
      "meets_target": false,
      "significantly_below": true,
      "mean_obj": -8.146416054311699,
      "obj_se": 0.021257435047238923,
      "mean_oracle_gap": 0.04774881164250791,
      "oracle_gap_se": 0.0161248767251176,
      "mean_rel_oracle_gap": 0.00615485383093275,
      "mean_excess_s": 0.006243902439024391,
      "selected_s_std": 0.01210773283438223,
      "failure_rate": 0.0,
      "n_failed": 0
    },
    "NGS": {
      "method": "NGS",
      "n_reps": 500,
      "target": 0.95,
      "coverage": 0.24,
      "coverage_lo": 0.204637860033381,
      "coverage_hi": 0.2793267970066262,
      "coverage_gap": -0.71,
      "meets_target": false,
      "significantly_below": true,
      "mean_obj": -8.14325139748717,
      "obj_se": 0.021489315654604976,
      "mean_oracle_gap": 0.05954363893641407,
      "oracle_gap_se": 0.018398155763700217,
      "mean_rel_oracle_gap": 0.007692220152105638,
      "mean_excess_s": 0.007024390243902439,
      "selected_s_std": 0.0115778906154016,
      "failure_rate": 0.0,
      "n_failed": 0
    },
    "UNGS": {
      "method": "UNGS",
      "n_reps": 500,
      "target": 0.95,
      "coverage": 0.24,
      "coverage_lo": 0.204637860033381,
      "coverage_hi": 0.2793267970066262,
      "coverage_gap": -0.71,
      "meets_target": false,
      "significantly_below": true,
      "mean_obj": -8.146416054311699,
      "obj_se": 0.021257435047238923,
      "mean_oracle_gap": 0.04774881164250791,
      "oracle_gap_se": 0.0161248767251176,
      "mean_rel_oracle_gap": 0.00615485383093275,
      "mean_excess_s": 0.006243902439024391,
      "selected_s_std": 0.01210773283438223,
      "failure_rate": 0.0,
      "n_failed": 0
    },
    "_n_replication_errors": 0
  }
}