{
  "config": "paper_so",
  "n": 200,
  "split": 0.6,
  "d": 50,
  "reps": 500,
  "mesh_p": 60,
  "include_existing": false,
  "folds": null,
  "elapsed_s": 6.012402534484863,
  "summaries": {
    "NV": {
      "method": "NV",
      "n_reps": 500,
      "target": 0.95,
      "coverage": 0.55,
      "coverage_lo": 0.5061772177351765,
      "coverage_hi": 0.5930603482186684,
      "coverage_gap": -0.3999999999999999,
      "meets_target": false,
      "significantly_below": true,
      "mean_obj": -45.60073956371717,
      "obj_se": 0.039267004205445245,
      "mean_oracle_gap": -0.29925993900266834,
      "oracle_gap_se": 0.039063308555152075,
      "mean_rel_oracle_gap": -0.006657120047349722,
      "mean_excess_s": -6.148453608247423,
      "selected_s_std": 30.423146116719725,
      "failure_rate": 0.0,
      "n_failed": 0
    },
    "UG": {
      "method": "UG",
      "n_reps": 500,
      "target": 0.95,
      "coverage": 0.868,
      "coverage_lo": 0.8355052092686175,
      "coverage_hi": 0.8948832761516801,
      "coverage_gap": -0.08199999999999996,
      "meets_target": false,
      "significantly_below": true,
      "mean_obj": -44.82605661464743,
      "obj_se": 0.035416011674296075,
      "mean_oracle_gap": 0.4975144298369626,
      "oracle_gap_se": 0.03357099753838382,
      "mean_rel_oracle_gap": 0.01094052626513077,
      "mean_excess_s": 23.517525773195878,
      "selected_s_std": 31.902965291470597,
      "failure_rate": 0.0,
      "n_failed": 0
    },
    "NGS": {
      "method": "NGS",
      "n_reps": 500,
      "target": 0.95,
      "coverage": 0.89,
      "coverage_lo": 0.8595444295965924,
      "coverage_hi": 0.9145085848433969,
      "coverage_gap": -0.05999999999999994,
      "meets_target": false,
      "significantly_below": true,
      "mean_obj": -44.70851838843744,
      "obj_se": 0.03649460720839339,
      "mean_oracle_gap": 0.6186878589194266,
      "oracle_gap_se": 0.0336284977017069,
      "mean_rel_oracle_gap": 0.013623486436911017,
      "mean_excess_s": 28.727835051546393,
      "selected_s_std": 30.617225952886397,
      "failure_rate": 0.0,
      "n_failed": 0
    },
    "UNGS": {
      "method": "UNGS",
      "n_reps": 500,
      "target": 0.95,
      "coverage": 0.908,
      "coverage_lo": 0.8794612618638256,
      "coverage_hi": 0.930317276319548,
      "coverage_gap": -0.041999999999999926,
      "meets_target": false,
      "significantly_below": true,
      "mean_obj": -44.58336388264546,
      "obj_se": 0.03936825647064407,
      "mean_oracle_gap": 0.7477131226225036,
      "oracle_gap_se": 0.03572318217621715,
      "mean_rel_oracle_gap": 0.01648079179811813,
      "mean_excess_s": 33.422680412371136,
      "selected_s_std": 29.250797978255726,
      "failure_rate": 0.0,
      "n_failed": 0
    },
    "benchmark": {
      "method": "benchmark",
      "n_reps": 500,
      "target": 0.95,
      "coverage": 1.0,
      "coverage_lo": 0.9923756595384479,
      "coverage_hi": 1.0,
      "coverage_gap": 0.050000000000000044,
      "meets_target": true,
      "significantly_below": false,
      "mean_obj": -43.71589508592826,
      "obj_se": 0.03197363133459787,
      "mean_oracle_gap": 1.5925096908094887,
      "oracle_gap_se": 0.031751943279707796,
      "mean_rel_oracle_gap": 0.03511403114665236,
      "mean_excess_s": null,
      "selected_s_std": null,
      "failure_rate": 0.0,
      "n_failed": 0
    },
    "_n_replication_errors": 0
  }
}