{
  "config": "paper_ro_ellipsoid",
  "n": 500,
  "split": 0.7,
  "d": 50,
  "reps": 500,
  "mesh_p": null,
  "include_existing": false,
  "folds": null,
  "elapsed_s": 3.6547727584838867,
  "summaries": {
    "NV": {
      "method": "NV",
      "n_reps": 500,
      "target": 0.95,
      "coverage": 1.0,
      "coverage_lo": 0.9923756595384479,
      "coverage_hi": 1.0,
      "coverage_gap": 0.050000000000000044,
      "meets_target": true,
      "significantly_below": false,
      "mean_obj": -44.10589697093966,
      "obj_se": 0.016039701369536766,
      "mean_oracle_gap": 0.01027766407694159,
      "oracle_gap_se": 0.007260214234348137,
      "mean_rel_oracle_gap": 0.00023125696484649377,
      "mean_excess_s": 0.013162264151128835,
      "selected_s_std": 0.21089281391027742,
      "failure_rate": 0.0,
      "n_failed": 0
    },
    "UG": {
      "method": "UG",
      "n_reps": 500,
      "target": 0.95,
      "coverage": 1.0,
      "coverage_lo": 0.9923756595384479,
      "coverage_hi": 1.0,
      "coverage_gap": 0.050000000000000044,
      "meets_target": true,
      "significantly_below": false,
      "mean_obj": -43.60531942507643,
      "obj_se": 0.044554713959337244,
      "mean_oracle_gap": 0.5108552099401724,
      "oracle_gap_se": 0.04575861044419532,
      "mean_rel_oracle_gap": 0.011538641394875029,
      "mean_excess_s": 0.6544936745544538,
      "selected_s_std": 1.3100230942280717,
      "failure_rate": 0.0,
      "n_failed": 0
    },
    "NGS": {
      "method": "NGS",
      "n_reps": 500,
      "target": 0.95,
      "coverage": 1.0,
      "coverage_lo": 0.9923756595384479,
      "coverage_hi": 1.0,
      "coverage_gap": 0.050000000000000044,
      "meets_target": true,
      "significantly_below": false,
      "mean_obj": -43.56482628931523,
      "obj_se": 0.04552379000296564,
      "mean_oracle_gap": 0.5513483457013693,
      "oracle_gap_se": 0.04704442278493482,
      "mean_rel_oracle_gap": 0.012452478724871058,
      "mean_excess_s": 0.7068637397198662,
      "selected_s_std": 1.3477601094883909,
      "failure_rate": 0.0,
      "n_failed": 0
    },
    "UNGS": {
      "method": "UNGS",
      "n_reps": 500,
      "target": 0.95,
      "coverage": 1.0,
      "coverage_lo": 0.9923756595384479,
      "coverage_hi": 1.0,
      "coverage_gap": 0.050000000000000044,
      "meets_target": true,
      "significantly_below": false,
      "mean_obj": -43.662198928264054,
      "obj_se": 0.042575947346319025,
      "mean_oracle_gap": 0.4539757067525486,
      "oracle_gap_se": 0.043691955117121595,
      "mean_rel_oracle_gap": 0.010250874898125489,
      "mean_excess_s": 0.5826221378627487,
      "selected_s_std": 1.2533875277837974,
      "failure_rate": 0.0,
      "n_failed": 0
    },
    "benchmark": {
      "method": "benchmark",
      "n_reps": 500,
      "target": 0.95,
      "coverage": 1.0,
      "coverage_lo": 0.9923756595384479,
      "coverage_hi": 1.0,
      "coverage_gap": 0.050000000000000044,
      "meets_target": true,
      "significantly_below": false,
      "mean_obj": -42.46409155317787,
      "obj_se": 3.180826134296276e-16,
      "mean_oracle_gap": 1.6520830818387249,
      "oracle_gap_se": 0.01476628439363434,
      "mean_rel_oracle_gap": 0.037394678503841094,
      "mean_excess_s": null,
      "selected_s_std": null,
      "failure_rate": 0.0,
      "n_failed": 0
    },
    "_n_replication_errors": 0
  }
}