{
  "config": "paper_ro_ellipsoid",
  "n": 500,
  "split": 0.9,
  "d": 2,
  "reps": 500,
  "mesh_p": null,
  "include_existing": false,
  "folds": null,
  "elapsed_s": 0.4110138416290283,
  "summaries": {
    "NV": {
      "method": "NV",
      "n_reps": 500,
      "target": 0.95,
      "coverage": 0.784,
      "coverage_lo": 0.7458371194720326,
      "coverage_hi": 0.8178322551458059,
      "coverage_gap": -0.16599999999999993,
      "meets_target": false,
      "significantly_below": true,
      "mean_obj": -1.2017364002352464,
      "obj_se": 0.004052133717483472,
      "mean_oracle_gap": -0.012587147030985313,
      "oracle_gap_se": 0.004155938057203085,
      "mean_rel_oracle_gap": -0.010957260547500805,
      "mean_excess_s": 0.008110842189085317,
      "selected_s_std": 0.6922851230402168,
      "failure_rate": 0.0,
      "n_failed": 0
    },
    "UG": {
      "method": "UG",
      "n_reps": 500,
      "target": 0.95,
      "coverage": 0.978,
      "coverage_lo": 0.9610391387886836,
      "coverage_hi": 0.9876719917300725,
      "coverage_gap": 0.028000000000000025,
      "meets_target": true,
      "significantly_below": false,
      "mean_obj": -1.0828821430150504,
      "obj_se": 0.003718531472068584,
      "mean_oracle_gap": 0.10626711018921085,
      "oracle_gap_se": 0.0038810750113301923,
      "mean_rel_oracle_gap": 0.08896658912546605,
      "mean_excess_s": 1.1643769991311133,
      "selected_s_std": 1.0191916458023145,
      "failure_rate": 0.0,
      "n_failed": 0
    },
    "NGS": {
      "method": "NGS",
      "n_reps": 500,
      "target": 0.95,
      "coverage": 0.978,
      "coverage_lo": 0.9610391387886836,
      "coverage_hi": 0.9876719917300725,
      "coverage_gap": 0.028000000000000025,
      "meets_target": true,
      "significantly_below": false,
      "mean_obj": -1.069234126561003,
      "obj_se": 0.004355983966060885,
      "mean_oracle_gap": 0.11991512664325836,
      "oracle_gap_se": 0.00453763985846204,
      "mean_rel_oracle_gap": 0.10038236099356868,
      "mean_excess_s": 1.4120921310203793,
      "selected_s_std": 1.3848274450038338,
      "failure_rate": 0.0,
      "n_failed": 0
    },
    "UNGS": {
      "method": "UNGS",
      "n_reps": 500,
      "target": 0.95,
      "coverage": 0.984,
      "coverage_lo": 0.9687488914666058,
      "coverage_hi": 0.9918707469666117,
      "coverage_gap": 0.03400000000000003,
      "meets_target": true,
      "significantly_below": false,
      "mean_obj": -0.9667441205614842,
      "obj_se": 0.00537744544780132,
      "mean_oracle_gap": 0.2224051326427771,
      "oracle_gap_se": 0.00555122210730654,
      "mean_rel_oracle_gap": 0.18655578044264842,
      "mean_excess_s": 3.2352606743837113,
      "selected_s_std": 2.34326550296581,
      "failure_rate": 0.0,
      "n_failed": 0
    },
    "benchmark": {
      "method": "benchmark",
      "n_reps": 500,
      "target": 0.95,
      "coverage": 1.0,
      "coverage_lo": 0.9923756595384479,
      "coverage_hi": 1.0,
      "coverage_gap": 0.050000000000000044,
      "meets_target": true,
      "significantly_below": false,
      "mean_obj": -0.9727869233715889,
      "obj_se": 0.0,
      "mean_oracle_gap": 0.2163623298326724,
      "oracle_gap_se": 0.001100255480168695,
      "mean_rel_oracle_gap": 0.18159497287037607,
      "mean_excess_s": NaN,
      "selected_s_std": NaN,
      "failure_rate": 0.0,
      "n_failed": 0
    },
    "_n_replication_errors": 0
  }
}