{
  "config": "paper_so",
  "n": 200,
  "split": 0.6,
  "d": 2,
  "reps": 500,
  "mesh_p": 60,
  "include_existing": false,
  "folds": null,
  "elapsed_s": 0.8076105117797852,
  "summaries": {
    "NV": {
      "method": "NV",
      "n_reps": 500,
      "target": 0.95,
      "coverage": 0.76,
      "coverage_lo": 0.7206732029933738,
      "coverage_hi": 0.7953621399666191,
      "coverage_gap": -0.18999999999999995,
      "meets_target": false,
      "significantly_below": true,
      "mean_obj": -1.1109735208917915,
      "obj_se": 0.004902863420993224,
      "mean_oracle_gap": -0.01720603437494833,
      "oracle_gap_se": 0.004452344811950265,
      "mean_rel_oracle_gap": -0.01864712380475716,
      "mean_excess_s": 0.388,
      "selected_s_std": 15.049214654706965,
      "failure_rate": 0.0,
      "n_failed": 0
    },
    "UG": {
      "method": "UG",
      "n_reps": 500,
      "target": 0.95,
      "coverage": 0.978,
      "coverage_lo": 0.9610391387886836,
      "coverage_hi": 0.9876719917300725,
      "coverage_gap": 0.028000000000000025,
      "meets_target": true,
      "significantly_below": false,
      "mean_obj": -1.0298414946037446,
      "obj_se": 0.0041025681964524646,
      "mean_oracle_gap": 0.06392599191309843,
      "oracle_gap_se": 0.003879133562854897,
      "mean_rel_oracle_gap": 0.055792594915757235,
      "mean_excess_s": 16.088,
      "selected_s_std": 25.133979746067904,
      "failure_rate": 0.0,
      "n_failed": 0
    },
    "NGS": {
      "method": "NGS",
      "n_reps": 500,
      "target": 0.95,
      "coverage": 0.984,
      "coverage_lo": 0.9687488914666058,
      "coverage_hi": 0.9918707469666117,
      "coverage_gap": 0.03400000000000003,
      "meets_target": true,
      "significantly_below": false,
      "mean_obj": -1.0072900177143942,
      "obj_se": 0.0039011405838785904,
      "mean_oracle_gap": 0.08647746880244907,
      "oracle_gap_se": 0.004232038485012313,
      "mean_rel_oracle_gap": 0.075573985496791,
      "mean_excess_s": 22.436,
      "selected_s_std": 27.632242501311804,
      "failure_rate": 0.0,
      "n_failed": 0
    },
    "UNGS": {
      "method": "UNGS",
      "n_reps": 500,
      "target": 0.95,
      "coverage": 0.992,
      "coverage_lo": 0.9796129641658948,
      "coverage_hi": 0.9968846848199377,
      "coverage_gap": 0.04200000000000004,
      "meets_target": true,
      "significantly_below": false,
      "mean_obj": -0.9587847816190251,
      "obj_se": 0.0036828331963095796,
      "mean_oracle_gap": 0.134982704897818,
      "oracle_gap_se": 0.004617534193565437,
      "mean_rel_oracle_gap": 0.11907075734091098,
      "mean_excess_s": 39.966,
      "selected_s_std": 31.536501166293373,
      "failure_rate": 0.0,
      "n_failed": 0
    },
    "benchmark": {
      "method": "benchmark",
      "n_reps": 500,
      "target": 0.95,
      "coverage": 1.0,
      "coverage_lo": 0.9923756595384479,
      "coverage_hi": 1.0,
      "coverage_gap": 0.050000000000000044,
      "meets_target": true,
      "significantly_below": false,
      "mean_obj": -0.8874489105326675,
      "obj_se": 0.0027594157578911247,
      "mean_oracle_gap": 0.2063185759841758,
      "oracle_gap_se": 0.004310351615001412,
      "mean_rel_oracle_gap": 0.18394901585514536,
      "mean_excess_s": NaN,
      "selected_s_std": NaN,
      "failure_rate": 0.0,
      "n_failed": 0
    },
    "_n_replication_errors": 0
  }
}