{
  "config": "paper_saa",
  "n": 200,
  "split": 0.6,
  "d": 10,
  "reps": 500,
  "mesh_p": null,
  "include_existing": false,
  "folds": null,
  "elapsed_s": 6.809054374694824,
  "summaries": {
    "NV": {
      "method": "NV",
      "n_reps": 500,
      "target": 0.95,
      "coverage": 0.402,
      "coverage_lo": 0.359928740326145,
      "coverage_hi": 0.44556563040431935,
      "coverage_gap": -0.5479999999999999,
      "meets_target": false,
      "significantly_below": true,
      "mean_obj": -7.9435238222415645,
      "obj_se": 0.013085801302869841,
      "mean_oracle_gap": -0.12137523628241308,
      "oracle_gap_se": 0.013380957573801299,
      "mean_rel_oracle_gap": -0.015607793844858754,
      "mean_excess_s": -0.012777555110220442,
      "selected_s_std": 0.02735448760229239,
      "failure_rate": 0.0,
      "n_failed": 0
    },
    "UG": {
      "method": "UG",
      "n_reps": 500,
      "target": 0.95,
      "coverage": 0.902,
      "coverage_lo": 0.8727939491335183,
      "coverage_hi": 0.9250760811353939,
      "coverage_gap": -0.04799999999999993,
      "meets_target": false,
      "significantly_below": true,
      "mean_obj": -7.507958268169218,
      "obj_se": 0.014318068798475001,
      "mean_oracle_gap": 0.31496546822373384,
      "oracle_gap_se": 0.01468491054747198,
      "mean_rel_oracle_gap": 0.04016809919819133,
      "mean_excess_s": 0.017635270541082167,
      "selected_s_std": 0.019230863637196977,
      "failure_rate": 0.0,
      "n_failed": 0
    },
    "NGS": {
      "method": "NGS",
      "n_reps": 500,
      "target": 0.95,
      "coverage": 0.954,
      "coverage_lo": 0.9319222072317267,
      "coverage_hi": 0.9691548916291838,
      "coverage_gap": 0.0040000000000000036,
      "meets_target": true,
      "significantly_below": false,
      "mean_obj": -7.418821613720821,
      "obj_se": 0.013994381983567825,
      "mean_oracle_gap": 0.40428075324216833,
      "oracle_gap_se": 0.014383646141422977,
      "mean_rel_oracle_gap": 0.05158462768507781,
      "mean_excess_s": 0.022637274549098196,
      "selected_s_std": 0.01491655131074244,
      "failure_rate": 0.0,
      "n_failed": 0
    },
    "UNGS": {
      "method": "UNGS",
      "n_reps": 500,
      "target": 0.95,
      "coverage": 0.968,
      "coverage_lo": 0.9486551309545582,
      "coverage_hi": 0.9802084863734289,
      "coverage_gap": 0.018000000000000016,
      "meets_target": true,
      "significantly_below": false,
      "mean_obj": -7.361559268305858,
      "obj_se": 0.014541652248509986,
      "mean_oracle_gap": 0.4616578528563585,
      "oracle_gap_se": 0.014841363241665205,
      "mean_rel_oracle_gap": 0.058929064137523905,
      "mean_excess_s": 0.025298597194388782,
      "selected_s_std": 0.01285243767962394,
      "failure_rate": 0.0,
      "n_failed": 0
    },
    "_n_replication_errors": 0
  }
}