{
  "config": "paper_saa",
  "n": 400,
  "split": 0.1,
  "d": 5,
  "reps": 500,
  "mesh_p": null,
  "include_existing": false,
  "folds": null,
  "elapsed_s": 0.6400642395019531,
  "summaries": {
    "NV": {
      "method": "NV",
      "n_reps": 500,
      "target": 0.95,
      "coverage": 0.646,
      "coverage_lo": 0.6031159977821284,
      "coverage_hi": 0.6866576948030984,
      "coverage_gap": -0.30399999999999994,
      "meets_target": false,
      "significantly_below": true,
      "mean_obj": -3.50050211544061,
      "obj_se": 0.008456731827108143,
      "mean_oracle_gap": -0.009369790693033184,
      "oracle_gap_se": 0.006295280448530629,
      "mean_rel_oracle_gap": -0.0030564947150232935,
      "mean_excess_s": -0.0018414322250639389,
      "selected_s_std": 0.02229446079105588,
      "failure_rate": 0.0,
      "n_failed": 0
    },
    "UG": {
      "method": "UG",
      "n_reps": 500,
      "target": 0.95,
      "coverage": 0.77,
      "coverage_lo": 0.7311377813252322,
      "coverage_hi": 0.8047450748255296,
      "coverage_gap": -0.17999999999999994,
      "meets_target": false,
      "significantly_below": true,
      "mean_obj": -3.426976666350222,
      "obj_se": 0.009714439028293395,
      "mean_oracle_gap": 0.08392819619842683,
      "oracle_gap_se": 0.007695486938169875,
      "mean_rel_oracle_gap": 0.02391210054882376,
      "mean_excess_s": 0.010373401534526854,
      "selected_s_std": 0.014016208195670064,
      "failure_rate": 0.0,
      "n_failed": 0
    },
    "NGS": {
      "method": "NGS",
      "n_reps": 500,
      "target": 0.95,
      "coverage": 0.77,
      "coverage_lo": 0.7311377813252322,
      "coverage_hi": 0.8047450748255296,
      "coverage_gap": -0.17999999999999994,
      "meets_target": false,
      "significantly_below": true,
      "mean_obj": -3.4164421372022926,
      "obj_se": 0.009969852128481324,
      "mean_oracle_gap": 0.09739946109347743,
      "oracle_gap_se": 0.007936597740692755,
      "mean_rel_oracle_gap": 0.027821879205182944,
      "mean_excess_s": 0.012337595907928389,
      "selected_s_std": 0.012394540138726444,
      "failure_rate": 0.0,
      "n_failed": 0
    },
    "UNGS": {
      "method": "UNGS",
      "n_reps": 500,
      "target": 0.95,
      "coverage": 0.77,
      "coverage_lo": 0.7311377813252322,
      "coverage_hi": 0.8047450748255296,
      "coverage_gap": -0.17999999999999994,
      "meets_target": false,
      "significantly_below": true,
      "mean_obj": -3.4099359844141564,
      "obj_se": 0.010299406747176866,
      "mean_oracle_gap": 0.10571934956935498,
      "oracle_gap_se": 0.00836932521307455,
      "mean_rel_oracle_gap": 0.030252522267283855,
      "mean_excess_s": 0.012767263427109972,
      "selected_s_std": 0.012401522952568612,
      "failure_rate": 0.0,
      "n_failed": 0
    },
    "_n_replication_errors": 0
  }
}