{
  "config": "paper_ro_ellipsoid",
  "n": 500,
  "split": 0.7,
  "d": 10,
  "reps": 500,
  "mesh_p": null,
  "include_existing": false,
  "folds": null,
  "elapsed_s": 0.6444206237792969,
  "summaries": {
    "NV": {
      "method": "NV",
      "n_reps": 500,
      "target": 0.95,
      "coverage": 0.782,
      "coverage_lo": 0.743733598415673,
      "coverage_hi": 0.8159662735640116,
      "coverage_gap": -0.16799999999999993,
      "meets_target": false,
      "significantly_below": true,
      "mean_obj": -7.63717417020043,
      "obj_se": 0.012971976451998588,
      "mean_oracle_gap": -0.13915261757976147,
      "oracle_gap_se": 0.0133576700910335,
      "mean_rel_oracle_gap": -0.018724440999070106,
      "mean_excess_s": -0.2841551480933631,
      "selected_s_std": 0.6420046170464107,
      "failure_rate": 0.0,
      "n_failed": 0
    },
    "UG": {
      "method": "UG",
      "n_reps": 500,
      "target": 0.95,
      "coverage": 0.986,
      "coverage_lo": 0.9713869308622147,
      "coverage_hi": 0.9932022102091564,
      "coverage_gap": 0.03600000000000003,
      "meets_target": true,
      "significantly_below": false,
      "mean_obj": -7.3634235815477185,
      "obj_se": 0.00974758367498916,
      "mean_oracle_gap": 0.13459797107294869,
      "oracle_gap_se": 0.010794823565886411,
      "mean_rel_oracle_gap": 0.017745675782439695,
      "mean_excess_s": 0.42449806828984016,
      "selected_s_std": 0.695484059766703,
      "failure_rate": 0.0,
      "n_failed": 0
    },
    "NGS": {
      "method": "NGS",
      "n_reps": 500,
      "target": 0.95,
      "coverage": 0.992,
      "coverage_lo": 0.9796129641658948,
      "coverage_hi": 0.9968846848199377,
      "coverage_gap": 0.04200000000000004,
      "meets_target": true,
      "significantly_below": false,
      "mean_obj": -7.313956066697105,
      "obj_se": 0.009998862986358471,
      "mean_oracle_gap": 0.18406548592356295,
      "oracle_gap_se": 0.011390013300898815,
      "mean_rel_oracle_gap": 0.02430797686227696,
      "mean_excess_s": 0.5821429753352262,
      "selected_s_std": 0.7700990106021897,
      "failure_rate": 0.0,
      "n_failed": 0
    },
    "UNGS": {
      "method": "UNGS",
      "n_reps": 500,
      "target": 0.95,
      "coverage": 0.98,
      "coverage_lo": 0.9635798167531208,
      "coverage_hi": 0.9891008164037892,
      "coverage_gap": 0.030000000000000027,
      "meets_target": true,
      "significantly_below": false,
      "mean_obj": -7.280395486252576,
      "obj_se": 0.011673374287348054,
      "mean_oracle_gap": 0.21762606636809204,
      "oracle_gap_se": 0.012982344952335587,
      "mean_rel_oracle_gap": 0.028773453918775685,
      "mean_excess_s": 0.7081597784278767,
      "selected_s_std": 0.894002811066996,
      "failure_rate": 0.0,
      "n_failed": 0
    },
    "benchmark": {
      "method": "benchmark",
      "n_reps": 500,
      "target": 0.95,
      "coverage": 1.0,
      "coverage_lo": 0.9923756595384479,
      "coverage_hi": 1.0,
      "coverage_gap": 0.050000000000000044,
      "meets_target": true,
      "significantly_below": false,
      "mean_obj": -6.901634398385975,
      "obj_se": 7.95206533574069e-17,
      "mean_oracle_gap": 0.5963871542346941,
      "oracle_gap_se": 0.005172993448196117,
      "mean_rel_oracle_gap": 0.07932365191677576,
      "mean_excess_s": NaN,
      "selected_s_std": NaN,
      "failure_rate": 0.0,
      "n_failed": 0
    },
    "_n_replication_errors": 0
  }
}