{
  "config": "paper_so",
  "n": 200,
  "split": 0.4,
  "d": 10,
  "reps": 500,
  "mesh_p": 60,
  "include_existing": false,
  "folds": null,
  "elapsed_s": 1.168600082397461,
  "summaries": {
    "NV": {
      "method": "NV",
      "n_reps": 500,
      "target": 0.95,
      "coverage": 0.586,
      "coverage_lo": 0.5423312223504144,
      "coverage_hi": 0.6283573910901985,
      "coverage_gap": -0.364,
      "meets_target": false,
      "significantly_below": true,
      "mean_obj": -7.749085030590742,
      "obj_se": 0.014730893449973626,
      "mean_oracle_gap": -0.08028502262531181,
      "oracle_gap_se": 0.012443310621250401,
      "mean_rel_oracle_gap": -0.010652833603136683,
      "mean_excess_s": -3.109677419354839,
      "selected_s_std": 21.050862253200137,
      "failure_rate": 0.0,
      "n_failed": 0
    },
    "UG": {
      "method": "UG",
      "n_reps": 500,
      "target": 0.95,
      "coverage": 0.862,
      "coverage_lo": 0.8289979864047199,
      "coverage_hi": 0.8894819911011163,
      "coverage_gap": -0.08799999999999997,
      "meets_target": false,
      "significantly_below": true,
      "mean_obj": -7.533320130829974,
      "obj_se": 0.013748205615301112,
      "mean_oracle_gap": 0.1484614890230973,
      "oracle_gap_se": 0.010677081272609088,
      "mean_rel_oracle_gap": 0.019223955053662495,
      "mean_excess_s": 12.380645161290323,
      "selected_s_std": 20.932761523745977,
      "failure_rate": 0.0,
      "n_failed": 0
    },
    "NGS": {
      "method": "NGS",
      "n_reps": 500,
      "target": 0.95,
      "coverage": 0.888,
      "coverage_lo": 0.8573463119959378,
      "coverage_hi": 0.9127371998058978,
      "coverage_gap": -0.061999999999999944,
      "meets_target": false,
      "significantly_below": true,
      "mean_obj": -7.494151607690208,
      "obj_se": 0.013917395985135417,
      "mean_oracle_gap": 0.19050705662427878,
      "oracle_gap_se": 0.011071570840521294,
      "mean_rel_oracle_gap": 0.02468608904753766,
      "mean_excess_s": 15.903225806451612,
      "selected_s_std": 20.54746448088392,
      "failure_rate": 0.0,
      "n_failed": 0
    },
    "UNGS": {
      "method": "UNGS",
      "n_reps": 500,
      "target": 0.95,
      "coverage": 0.898,
      "coverage_lo": 0.868365377095774,
      "coverage_hi": 0.9215656478968306,
      "coverage_gap": -0.051999999999999935,
      "meets_target": false,
      "significantly_below": true,
      "mean_obj": -7.453177160694171,
      "obj_se": 0.014771387239097227,
      "mean_oracle_gap": 0.23456560178130728,
      "oracle_gap_se": 0.011533487876337819,
      "mean_rel_oracle_gap": 0.030494070211002665,
      "mean_excess_s": 21.02795698924731,
      "selected_s_std": 18.868399428515076,
      "failure_rate": 0.0,
      "n_failed": 0
    },
    "benchmark": {
      "method": "benchmark",
      "n_reps": 500,
      "target": 0.95,
      "coverage": 1.0,
      "coverage_lo": 0.9923756595384479,
      "coverage_hi": 1.0,
      "coverage_gap": 0.050000000000000044,
      "meets_target": true,
      "significantly_below": false,
      "mean_obj": -6.998309327367732,
      "obj_se": 0.011588336219821044,
      "mean_oracle_gap": 0.6626306009099647,
      "oracle_gap_se": 0.012536248080190496,
      "mean_rel_oracle_gap": 0.08627616881112717,
      "mean_excess_s": NaN,
      "selected_s_std": NaN,
      "failure_rate": 0.0,
      "n_failed": 0
    },
    "_n_replication_errors": 0
  }
}