{
  "config": "paper_ro_ellipsoid",
  "n": 500,
  "split": 0.6,
  "d": 10,
  "reps": 500,
  "mesh_p": null,
  "include_existing": false,
  "folds": null,
  "elapsed_s": 0.6214785575866699,
  "summaries": {
    "NV": {
      "method": "NV",
      "n_reps": 500,
      "target": 0.95,
      "coverage": 0.814,
      "coverage_lo": 0.7775459059402153,
      "coverage_hi": 0.8456660082499298,
      "coverage_gap": -0.136,
      "meets_target": false,
      "significantly_below": true,
      "mean_obj": -7.629016049213597,
      "obj_se": 0.011541635436300251,
      "mean_oracle_gap": -0.11808074905753083,
      "oracle_gap_se": 0.01259251598002401,
      "mean_rel_oracle_gap": -0.015994418665215664,
      "mean_excess_s": -0.2464738171093884,
      "selected_s_std": 0.587400387603061,
      "failure_rate": 0.0,
      "n_failed": 0
    },
    "UG": {
      "method": "UG",
      "n_reps": 500,
      "target": 0.95,
      "coverage": 0.994,
      "coverage_lo": 0.9825097478959467,
      "coverage_hi": 0.9979574037280398,
      "coverage_gap": 0.04400000000000004,
      "meets_target": true,
      "significantly_below": false,
      "mean_obj": -7.423358443109155,
      "obj_se": 0.008028636285316073,
      "mean_oracle_gap": 0.08757685704691079,
      "oracle_gap_se": 0.009177411442590391,
      "mean_rel_oracle_gap": 0.011423515900923057,
      "mean_excess_s": 0.25997755629646224,
      "selected_s_std": 0.5501675944999321,
      "failure_rate": 0.0,
      "n_failed": 0
    },
    "NGS": {
      "method": "NGS",
      "n_reps": 500,
      "target": 0.95,
      "coverage": 0.998,
      "coverage_lo": 0.9887592932948532,
      "coverage_hi": 0.9996468636054407,
      "coverage_gap": 0.04800000000000004,
      "meets_target": true,
      "significantly_below": false,
      "mean_obj": -7.358486361832259,
      "obj_se": 0.009100665971143595,
      "mean_oracle_gap": 0.1524489383238067,
      "oracle_gap_se": 0.010310303952883907,
      "mean_rel_oracle_gap": 0.02004576203510919,
      "mean_excess_s": 0.4625013350117272,
      "selected_s_std": 0.6747619670984678,
      "failure_rate": 0.0,
      "n_failed": 0
    },
    "UNGS": {
      "method": "UNGS",
      "n_reps": 500,
      "target": 0.95,
      "coverage": 0.996,
      "coverage_lo": 0.9855342847848231,
      "coverage_hi": 0.9989023694773173,
      "coverage_gap": 0.04600000000000004,
      "meets_target": true,
      "significantly_below": false,
      "mean_obj": -7.332991881002022,
      "obj_se": 0.009588842437473032,
      "mean_oracle_gap": 0.1779434191540435,
      "oracle_gap_se": 0.01079430136736389,
      "mean_rel_oracle_gap": 0.023435935351396105,
      "mean_excess_s": 0.5456783954583522,
      "selected_s_std": 0.7193019260698293,
      "failure_rate": 0.0,
      "n_failed": 0
    },
    "benchmark": {
      "method": "benchmark",
      "n_reps": 500,
      "target": 0.95,
      "coverage": 1.0,
      "coverage_lo": 0.9923756595384479,
      "coverage_hi": 1.0,
      "coverage_gap": 0.050000000000000044,
      "meets_target": true,
      "significantly_below": false,
      "mean_obj": -6.901634398385975,
      "obj_se": 7.95206533574069e-17,
      "mean_oracle_gap": 0.609300901770093,
      "oracle_gap_se": 0.006003584084517564,
      "mean_rel_oracle_gap": 0.0808329926465903,
      "mean_excess_s": null,
      "selected_s_std": null,
      "failure_rate": 0.0,
      "n_failed": 0
    },
    "_n_replication_errors": 0
  }
}