{
  "config": "paper_ro_ellipsoid",
  "n": 500,
  "split": 0.3,
  "d": 2,
  "reps": 500,
  "mesh_p": null,
  "include_existing": false,
  "folds": null,
  "elapsed_s": 0.4043245315551758,
  "summaries": {
    "NV": {
      "method": "NV",
      "n_reps": 500,
      "target": 0.95,
      "coverage": 0.914,
      "coverage_lo": 0.8861601885014425,
      "coverage_hi": 0.9355268575963924,
      "coverage_gap": -0.03599999999999992,
      "meets_target": false,
      "significantly_below": true,
      "mean_obj": -1.181693873006059,
      "obj_se": 0.0019331420369524067,
      "mean_oracle_gap": -0.002195233690903883,
      "oracle_gap_se": 0.00215836270825457,
      "mean_rel_oracle_gap": -0.002388309792625551,
      "mean_excess_s": -0.006024487807390747,
      "selected_s_std": 0.4345392343757338,
      "failure_rate": 0.0,
      "n_failed": 0
    },
    "UG": {
      "method": "UG",
      "n_reps": 500,
      "target": 0.95,
      "coverage": 0.994,
      "coverage_lo": 0.9825097478959467,
      "coverage_hi": 0.9979574037280398,
      "coverage_gap": 0.04400000000000004,
      "meets_target": true,
      "significantly_below": false,
      "mean_obj": -1.1307140679306933,
      "obj_se": 0.0018762513483391665,
      "mean_oracle_gap": 0.04878457138446186,
      "oracle_gap_se": 0.00245290450624271,
      "mean_rel_oracle_gap": 0.04058613572133761,
      "mean_excess_s": 0.4646667492088952,
      "selected_s_std": 0.5592909494759495,
      "failure_rate": 0.0,
      "n_failed": 0
    },
    "NGS": {
      "method": "NGS",
      "n_reps": 500,
      "target": 0.95,
      "coverage": 0.996,
      "coverage_lo": 0.9855342847848231,
      "coverage_hi": 0.9989023694773173,
      "coverage_gap": 0.04600000000000004,
      "meets_target": true,
      "significantly_below": false,
      "mean_obj": -1.117934155254651,
      "obj_se": 0.0019153436170669317,
      "mean_oracle_gap": 0.061564484060504195,
      "oracle_gap_se": 0.002453146960109395,
      "mean_rel_oracle_gap": 0.051453527579811476,
      "mean_excess_s": 0.5943278523026295,
      "selected_s_std": 0.5708378466875749,
      "failure_rate": 0.0,
      "n_failed": 0
    },
    "UNGS": {
      "method": "UNGS",
      "n_reps": 500,
      "target": 0.95,
      "coverage": 0.996,
      "coverage_lo": 0.9855342847848231,
      "coverage_hi": 0.9989023694773173,
      "coverage_gap": 0.04600000000000004,
      "meets_target": true,
      "significantly_below": false,
      "mean_obj": -1.112459459457242,
      "obj_se": 0.0019718697835785248,
      "mean_oracle_gap": 0.06703917985791348,
      "oracle_gap_se": 0.0024992165769741597,
      "mean_rel_oracle_gap": 0.056096303004333305,
      "mean_excess_s": 0.6592018226802369,
      "selected_s_std": 0.6321005347186649,
      "failure_rate": 0.0,
      "n_failed": 0
    },
    "benchmark": {
      "method": "benchmark",
      "n_reps": 500,
      "target": 0.95,
      "coverage": 1.0,
      "coverage_lo": 0.9923756595384479,
      "coverage_hi": 1.0,
      "coverage_gap": 0.050000000000000044,
      "meets_target": true,
      "significantly_below": false,
      "mean_obj": -0.9727869233715889,
      "obj_se": 0.0,
      "mean_oracle_gap": 0.2067117159435663,
      "oracle_gap_se": 0.0014085311571162115,
      "mean_rel_oracle_gap": 0.17466425876655398,
      "mean_excess_s": null,
      "selected_s_std": null,
      "failure_rate": 0.0,
      "n_failed": 0
    },
    "_n_replication_errors": 0
  }
}