{
  "config": "paper_dro_wasserstein",
  "n": 100,
  "split": 0.1,
  "d": 10,
  "reps": 500,
  "mesh_p": null,
  "include_existing": false,
  "folds": null,
  "elapsed_s": 0.5801072120666504,
  "summaries": {
    "NV": {
      "method": "NV",
      "n_reps": 500,
      "target": 0.95,
      "coverage": 0.752,
      "coverage_lo": 0.7123215407533253,
      "coverage_hi": 0.7878357916540525,
      "coverage_gap": -0.19799999999999995,
      "meets_target": false,
      "significantly_below": true,
      "mean_obj": -7.494119323998937,
      "obj_se": 0.022052645419340777,
      "mean_oracle_gap": -0.03392902707705525,
      "oracle_gap_se": 0.02146533664804675,
      "mean_rel_oracle_gap": -0.005466611335935039,
      "mean_excess_s": -0.0032854755573339966,
      "selected_s_std": 0.10884330734947202,
      "failure_rate": 0.0,
      "n_failed": 0
    },
    "UG": {
      "method": "UG",
      "n_reps": 500,
      "target": 0.95,
      "coverage": 0.984,
      "coverage_lo": 0.9687488914666058,
      "coverage_hi": 0.9918707469666117,
      "coverage_gap": 0.03400000000000003,
      "meets_target": true,
      "significantly_below": false,
      "mean_obj": -6.892827026890061,
      "obj_se": 0.023422621330732293,
      "mean_oracle_gap": 0.5673632700318212,
      "oracle_gap_se": 0.026003633565736865,
      "mean_rel_oracle_gap": 0.07456266275985289,
      "mean_excess_s": 0.07982747879899667,
      "selected_s_std": 0.1186625723584812,
      "failure_rate": 0.0,
      "n_failed": 0
    },
    "NGS": {
      "method": "NGS",
      "n_reps": 500,
      "target": 0.95,
      "coverage": 0.99,
      "coverage_lo": 0.9768069002442693,
      "coverage_hi": 0.9957212461034096,
      "coverage_gap": 0.040000000000000036,
      "meets_target": true,
      "significantly_below": false,
      "mean_obj": -6.72683322760104,
      "obj_se": 0.02311969230464809,
      "mean_oracle_gap": 0.7333570693208421,
      "oracle_gap_se": 0.026235900237555582,
      "mean_rel_oracle_gap": 0.09672431828063861,
      "mean_excess_s": 0.10415280454760975,
      "selected_s_std": 0.11931491366230959,
      "failure_rate": 0.0,
      "n_failed": 0
    },
    "UNGS": {
      "method": "UNGS",
      "n_reps": 500,
      "target": 0.95,
      "coverage": 0.99,
      "coverage_lo": 0.9768069002442693,
      "coverage_hi": 0.9957212461034096,
      "coverage_gap": 0.040000000000000036,
      "meets_target": true,
      "significantly_below": false,
      "mean_obj": -6.260198062370865,
      "obj_se": 0.039878920332506076,
      "mean_oracle_gap": 1.1999922345510186,
      "oracle_gap_se": 0.03853972998644694,
      "mean_rel_oracle_gap": 0.160680628163981,
      "mean_excess_s": 0.2219693146486665,
      "selected_s_std": 0.39912904024643064,
      "failure_rate": 0.0,
      "n_failed": 0
    },
    "_n_replication_errors": 0
  }
}