{
  "config": "paper_so",
  "n": 200,
  "split": 0.1,
  "d": 2,
  "reps": 500,
  "mesh_p": 60,
  "include_existing": false,
  "folds": null,
  "elapsed_s": 0.32712674140930176,
  "summaries": {
    "NV": {
      "method": "NV",
      "n_reps": 500,
      "target": 0.95,
      "coverage": 0.558,
      "coverage_lo": 0.5141915296492833,
      "coverage_hi": 0.6009240468571767,
      "coverage_gap": -0.3919999999999999,
      "meets_target": false,
      "significantly_below": true,
      "mean_obj": -1.1631432846864032,
      "obj_se": 0.006277752270173428,
      "mean_oracle_gap": -0.007290060844912209,
      "oracle_gap_se": 0.003221172782342819,
      "mean_rel_oracle_gap": -0.007505480101601031,
      "mean_excess_s": -0.22865853658536586,
      "selected_s_std": 5.373692318906671,
      "failure_rate": 0.0,
      "n_failed": 0
    },
    "UG": {
      "method": "UG",
      "n_reps": 500,
      "target": 0.95,
      "coverage": 0.648,
      "coverage_lo": 0.6051540371141233,
      "coverage_hi": 0.6885891581092574,
      "coverage_gap": -0.30199999999999994,
      "meets_target": false,
      "significantly_below": true,
      "mean_obj": -1.1474264723709033,
      "obj_se": 0.006411938231614633,
      "mean_oracle_gap": 0.016522810397219718,
      "oracle_gap_se": 0.002619723291836929,
      "mean_rel_oracle_gap": 0.01417088282754022,
      "mean_excess_s": 1.4359756097560976,
      "selected_s_std": 5.279360500533107,
      "failure_rate": 0.0,
      "n_failed": 0
    },
    "NGS": {
      "method": "NGS",
      "n_reps": 500,
      "target": 0.95,
      "coverage": 0.652,
      "coverage_lo": 0.6092325025566356,
      "coverage_hi": 0.6924496979430526,
      "coverage_gap": -0.29799999999999993,
      "meets_target": false,
      "significantly_below": true,
      "mean_obj": -1.1423658311534397,
      "obj_se": 0.006562100358774797,
      "mean_oracle_gap": 0.02403349330396418,
      "oracle_gap_se": 0.0031856350902605486,
      "mean_rel_oracle_gap": 0.020817421095289137,
      "mean_excess_s": 1.8048780487804879,
      "selected_s_std": 5.225899353039263,
      "failure_rate": 0.0,
      "n_failed": 0
    },
    "UNGS": {
      "method": "UNGS",
      "n_reps": 500,
      "target": 0.95,
      "coverage": 0.652,
      "coverage_lo": 0.6092325025566356,
      "coverage_hi": 0.6924496979430526,
      "coverage_gap": -0.29799999999999993,
      "meets_target": false,
      "significantly_below": true,
      "mean_obj": -1.1384033616254365,
      "obj_se": 0.006683419357580204,
      "mean_oracle_gap": 0.030073843194213214,
      "oracle_gap_se": 0.003600916819651372,
      "mean_rel_oracle_gap": 0.026117630913996742,
      "mean_excess_s": 2.292682926829268,
      "selected_s_std": 5.256930152594623,
      "failure_rate": 0.0,
      "n_failed": 0
    },
    "benchmark": {
      "method": "benchmark",
      "n_reps": 500,
      "target": 0.95,
      "coverage": 1.0,
      "coverage_lo": 0.9923756595384479,
      "coverage_hi": 1.0,
      "coverage_gap": 0.050000000000000044,
      "meets_target": true,
      "significantly_below": false,
      "mean_obj": -0.884716813833051,
      "obj_se": 0.0030110829528896496,
      "mean_oracle_gap": 0.20461148658721784,
      "oracle_gap_se": 0.005874068110652898,
      "mean_rel_oracle_gap": 0.18255251764592012,
      "mean_excess_s": null,
      "selected_s_std": null,
      "failure_rate": 0.0,
      "n_failed": 0
    },
    "_n_replication_errors": 0
  }
}