{
  "config": "paper_ro_ellipsoid",
  "n": 200,
  "split": 0.3,
  "d": 10,
  "reps": 500,
  "mesh_p": null,
  "include_existing": false,
  "folds": null,
  "elapsed_s": 0.6397867202758789,
  "summaries": {
    "NV": {
      "method": "NV",
      "n_reps": 500,
      "target": 0.95,
      "coverage": 0.82,
      "coverage_lo": 0.7839253300173655,
      "coverage_hi": 0.851195092087241,
      "coverage_gap": -0.13,
      "meets_target": false,
      "significantly_below": true,
      "mean_obj": -7.669240427366247,
      "obj_se": 0.010869588292483951,
      "mean_oracle_gap": -0.0519044473033758,
      "oracle_gap_se": 0.012900012816096075,
      "mean_rel_oracle_gap": -0.007276605068387524,
      "mean_excess_s": -0.08454613255564612,
      "selected_s_std": 0.8921278520318385,
      "failure_rate": 0.0,
      "n_failed": 0
    },
    "UG": {
      "method": "UG",
      "n_reps": 500,
      "target": 0.95,
      "coverage": 0.992,
      "coverage_lo": 0.9796129641658948,
      "coverage_hi": 0.9968846848199377,
      "coverage_gap": 0.04200000000000004,
      "meets_target": true,
      "significantly_below": false,
      "mean_obj": -7.37013818299028,
      "obj_se": 0.010103631238552175,
      "mean_oracle_gap": 0.24719779707259248,
      "oracle_gap_se": 0.01184901095463942,
      "mean_rel_oracle_gap": 0.032053780346158085,
      "mean_excess_s": 0.8391440802396906,
      "selected_s_std": 1.0977609891654654,
      "failure_rate": 0.0,
      "n_failed": 0
    },
    "NGS": {
      "method": "NGS",
      "n_reps": 500,
      "target": 0.95,
      "coverage": 0.994,
      "coverage_lo": 0.9825097478959467,
      "coverage_hi": 0.9979574037280398,
      "coverage_gap": 0.04400000000000004,
      "meets_target": true,
      "significantly_below": false,
      "mean_obj": -7.252746809082449,
      "obj_se": 0.01098410749945923,
      "mean_oracle_gap": 0.36458917098042193,
      "oracle_gap_se": 0.013242904917800927,
      "mean_rel_oracle_gap": 0.04740110933626957,
      "mean_excess_s": 1.2921872166269373,
      "selected_s_std": 1.2965613928210014,
      "failure_rate": 0.0,
      "n_failed": 0
    },
    "UNGS": {
      "method": "UNGS",
      "n_reps": 500,
      "target": 0.95,
      "coverage": 0.994,
      "coverage_lo": 0.9825097478959467,
      "coverage_hi": 0.9979574037280398,
      "coverage_gap": 0.04400000000000004,
      "meets_target": true,
      "significantly_below": false,
      "mean_obj": -7.180730308770813,
      "obj_se": 0.012520716131197516,
      "mean_oracle_gap": 0.43660567129205846,
      "oracle_gap_se": 0.014360455740614824,
      "mean_rel_oracle_gap": 0.05688235082945352,
      "mean_excess_s": 1.6275167491702878,
      "selected_s_std": 1.5902782363916306,
      "failure_rate": 0.0,
      "n_failed": 0
    },
    "benchmark": {
      "method": "benchmark",
      "n_reps": 500,
      "target": 0.95,
      "coverage": 1.0,
      "coverage_lo": 0.9923756595384479,
      "coverage_hi": 1.0,
      "coverage_gap": 0.050000000000000044,
      "meets_target": true,
      "significantly_below": false,
      "mean_obj": -6.901634398385975,
      "obj_se": 7.95206533574069e-17,
      "mean_oracle_gap": 0.715701581676898,
      "oracle_gap_se": 0.007581471492348351,
      "mean_rel_oracle_gap": 0.0935056686917926,
      "mean_excess_s": NaN,
      "selected_s_std": NaN,
      "failure_rate": 0.0,
      "n_failed": 0
    },
    "_n_replication_errors": 0
  }
}