{
  "config": "paper_so",
  "n": 1000,
  "split": 0.2,
  "d": 50,
  "reps": 500,
  "mesh_p": 60,
  "include_existing": false,
  "folds": null,
  "elapsed_s": 9.29484486579895,
  "summaries": {
    "NV": {
      "method": "NV",
      "n_reps": 500,
      "target": 0.95,
      "coverage": 0.804,
      "coverage_lo": 0.7669425076136408,
      "coverage_hi": 0.8364218933857356,
      "coverage_gap": -0.1459999999999999,
      "meets_target": false,
      "significantly_below": true,
      "mean_obj": -45.22567160397195,
      "obj_se": 0.02719815136818573,
      "mean_oracle_gap": -0.012154119735561807,
      "oracle_gap_se": 0.019074017083044455,
      "mean_rel_oracle_gap": -0.0002993130227818837,
      "mean_excess_s": 0.94,
      "selected_s_std": 34.185237705095865,
      "failure_rate": 0.0,
      "n_failed": 0
    },
    "UG": {
      "method": "UG",
      "n_reps": 500,
      "target": 0.95,
      "coverage": 0.986,
      "coverage_lo": 0.9713869308622147,
      "coverage_hi": 0.9932022102091564,
      "coverage_gap": 0.03600000000000003,
      "meets_target": true,
      "significantly_below": false,
      "mean_obj": -44.86799717220452,
      "obj_se": 0.02464732995398023,
      "mean_oracle_gap": 0.34552031203188,
      "oracle_gap_se": 0.02156765484066703,
      "mean_rel_oracle_gap": 0.007583920969251926,
      "mean_excess_s": 18.36,
      "selected_s_std": 42.34983249819591,
      "failure_rate": 0.0,
      "n_failed": 0
    },
    "NGS": {
      "method": "NGS",
      "n_reps": 500,
      "target": 0.95,
      "coverage": 0.998,
      "coverage_lo": 0.9887592932948532,
      "coverage_hi": 0.9996468636054407,
      "coverage_gap": 0.04800000000000004,
      "meets_target": true,
      "significantly_below": false,
      "mean_obj": -44.7130308898773,
      "obj_se": 0.02376509894593648,
      "mean_oracle_gap": 0.5004865943590902,
      "oracle_gap_se": 0.024275010150436475,
      "mean_rel_oracle_gap": 0.010991179773834497,
      "mean_excess_s": 27.734,
      "selected_s_std": 45.979762865704004,
      "failure_rate": 0.0,
      "n_failed": 0
    },
    "UNGS": {
      "method": "UNGS",
      "n_reps": 500,
      "target": 0.95,
      "coverage": 0.998,
      "coverage_lo": 0.9887592932948532,
      "coverage_hi": 0.9996468636054407,
      "coverage_gap": 0.04800000000000004,
      "meets_target": true,
      "significantly_below": false,
      "mean_obj": -44.54531987988828,
      "obj_se": 0.024039306678618897,
      "mean_oracle_gap": 0.668197604348114,
      "oracle_gap_se": 0.02683949500103851,
      "mean_rel_oracle_gap": 0.014686313008600554,
      "mean_excess_s": 40.414,
      "selected_s_std": 50.46650108203387,
      "failure_rate": 0.0,
      "n_failed": 0
    },
    "benchmark": {
      "method": "benchmark",
      "n_reps": 500,
      "target": 0.95,
      "coverage": 1.0,
      "coverage_lo": 0.9923756595384479,
      "coverage_hi": 1.0,
      "coverage_gap": 0.050000000000000044,
      "meets_target": true,
      "significantly_below": false,
      "mean_obj": -41.918322311839624,
      "obj_se": 0.022047090503641342,
      "mean_oracle_gap": 3.295195172396763,
      "oracle_gap_se": 0.030973163254458085,
      "mean_rel_oracle_gap": 0.07275542050844712,
      "mean_excess_s": NaN,
      "selected_s_std": NaN,
      "failure_rate": 0.0,
      "n_failed": 0
    },
    "_n_replication_errors": 0
  }
}