{
  "config": "paper_ro_ellipsoid",
  "n": 200,
  "split": 0.5,
  "d": 2,
  "reps": 500,
  "mesh_p": null,
  "include_existing": false,
  "folds": null,
  "elapsed_s": 0.41034746170043945,
  "summaries": {
    "NV": {
      "method": "NV",
      "n_reps": 500,
      "target": 0.95,
      "coverage": 0.804,
      "coverage_lo": 0.7669425076136408,
      "coverage_hi": 0.8364218933857356,
      "coverage_gap": -0.1459999999999999,
      "meets_target": false,
      "significantly_below": true,
      "mean_obj": -1.1858322418889116,
      "obj_se": 0.002985120946604603,
      "mean_oracle_gap": -0.01321965650446204,
      "oracle_gap_se": 0.003236826239293807,
      "mean_rel_oracle_gap": -0.011979502134599146,
      "mean_excess_s": -0.06115863599940583,
      "selected_s_std": 0.6620815589759006,
      "failure_rate": 0.0,
      "n_failed": 0
    },
    "UG": {
      "method": "UG",
      "n_reps": 500,
      "target": 0.95,
      "coverage": 0.982,
      "coverage_lo": 0.9661483290912607,
      "coverage_hi": 0.990501806703803,
      "coverage_gap": 0.03200000000000003,
      "meets_target": true,
      "significantly_below": false,
      "mean_obj": -1.108040914522076,
      "obj_se": 0.00270880234997724,
      "mean_oracle_gap": 0.06457167086237367,
      "oracle_gap_se": 0.0030669576647936246,
      "mean_rel_oracle_gap": 0.054325753208671286,
      "mean_excess_s": 0.6852836554194162,
      "selected_s_std": 0.8483584293747299,
      "failure_rate": 0.0,
      "n_failed": 0
    },
    "NGS": {
      "method": "NGS",
      "n_reps": 500,
      "target": 0.95,
      "coverage": 0.998,
      "coverage_lo": 0.9887592932948532,
      "coverage_hi": 0.9996468636054407,
      "coverage_gap": 0.04800000000000004,
      "meets_target": true,
      "significantly_below": false,
      "mean_obj": -1.081939037101492,
      "obj_se": 0.002902668415272211,
      "mean_oracle_gap": 0.09067354828295748,
      "oracle_gap_se": 0.003221311584531897,
      "mean_rel_oracle_gap": 0.07662268812941864,
      "mean_excess_s": 1.0086676214658645,
      "selected_s_std": 1.0060933549640434,
      "failure_rate": 0.0,
      "n_failed": 0
    },
    "UNGS": {
      "method": "UNGS",
      "n_reps": 500,
      "target": 0.95,
      "coverage": 0.996,
      "coverage_lo": 0.9855342847848231,
      "coverage_hi": 0.9989023694773173,
      "coverage_gap": 0.04600000000000004,
      "meets_target": true,
      "significantly_below": false,
      "mean_obj": -1.036739785956407,
      "obj_se": 0.003447533059822911,
      "mean_oracle_gap": 0.13587279942804256,
      "oracle_gap_se": 0.0037749518329303943,
      "mean_rel_oracle_gap": 0.11512326615502644,
      "mean_excess_s": 1.6964316863017215,
      "selected_s_std": 1.4838707651767793,
      "failure_rate": 0.0,
      "n_failed": 0
    },
    "benchmark": {
      "method": "benchmark",
      "n_reps": 500,
      "target": 0.95,
      "coverage": 1.0,
      "coverage_lo": 0.9923756595384479,
      "coverage_hi": 1.0,
      "coverage_gap": 0.050000000000000044,
      "meets_target": true,
      "significantly_below": false,
      "mean_obj": -0.9727869233715889,
      "obj_se": 0.0,
      "mean_oracle_gap": 0.19982566201286062,
      "oracle_gap_se": 0.0015062512481165775,
      "mean_rel_oracle_gap": 0.16972711355475883,
      "mean_excess_s": null,
      "selected_s_std": null,
      "failure_rate": 0.0,
      "n_failed": 0
    },
    "_n_replication_errors": 0
  }
}