{
  "config": "paper_so",
  "n": 500,
  "split": 0.6,
  "d": 2,
  "reps": 500,
  "mesh_p": 60,
  "include_existing": false,
  "folds": null,
  "elapsed_s": 1.4526419639587402,
  "summaries": {
    "NV": {
      "method": "NV",
      "n_reps": 500,
      "target": 0.95,
      "coverage": 0.852,
      "coverage_lo": 0.8181938697042727,
      "coverage_hi": 0.8804385946107945,
      "coverage_gap": -0.09799999999999998,
      "meets_target": false,
      "significantly_below": true,
      "mean_obj": -1.0991676908393802,
      "obj_se": 0.004292384294013385,
      "mean_oracle_gap": -0.008006244085370118,
      "oracle_gap_se": 0.0029871641833656773,
      "mean_rel_oracle_gap": -0.008770377929539223,
      "mean_excess_s": -0.292,
      "selected_s_std": 13.695995640813646,
      "failure_rate": 0.0,
      "n_failed": 0
    },
    "UG": {
      "method": "UG",
      "n_reps": 500,
      "target": 0.95,
      "coverage": 0.99,
      "coverage_lo": 0.9768069002442693,
      "coverage_hi": 0.9957212461034096,
      "coverage_gap": 0.040000000000000036,
      "meets_target": true,
      "significantly_below": false,
      "mean_obj": -1.0502172242946453,
      "obj_se": 0.0038289634884328587,
      "mean_oracle_gap": 0.04094422245936465,
      "oracle_gap_se": 0.003300018275393102,
      "mean_rel_oracle_gap": 0.03519027765525175,
      "mean_excess_s": 9.328,
      "selected_s_std": 22.026555661487734,
      "failure_rate": 0.0,
      "n_failed": 0
    },
    "NGS": {
      "method": "NGS",
      "n_reps": 500,
      "target": 0.95,
      "coverage": 0.998,
      "coverage_lo": 0.9887592932948532,
      "coverage_hi": 0.9996468636054407,
      "coverage_gap": 0.04800000000000004,
      "meets_target": true,
      "significantly_below": false,
      "mean_obj": -1.0289279878181408,
      "obj_se": 0.0036183837881053633,
      "mean_oracle_gap": 0.062233458935869464,
      "oracle_gap_se": 0.0036962590650975076,
      "mean_rel_oracle_gap": 0.053883160820124926,
      "mean_excess_s": 16.786,
      "selected_s_std": 29.528780906153358,
      "failure_rate": 0.0,
      "n_failed": 0
    },
    "UNGS": {
      "method": "UNGS",
      "n_reps": 500,
      "target": 0.95,
      "coverage": 1.0,
      "coverage_lo": 0.9923756595384479,
      "coverage_hi": 1.0,
      "coverage_gap": 0.050000000000000044,
      "meets_target": true,
      "significantly_below": false,
      "mean_obj": -0.9856067295508449,
      "obj_se": 0.00345958603388492,
      "mean_oracle_gap": 0.10555471720316527,
      "oracle_gap_se": 0.00428066922514522,
      "mean_rel_oracle_gap": 0.09253603437745503,
      "mean_excess_s": 36.528,
      "selected_s_std": 47.64598509624482,
      "failure_rate": 0.0,
      "n_failed": 0
    },
    "benchmark": {
      "method": "benchmark",
      "n_reps": 500,
      "target": 0.95,
      "coverage": 1.0,
      "coverage_lo": 0.9923756595384479,
      "coverage_hi": 1.0,
      "coverage_gap": 0.050000000000000044,
      "meets_target": true,
      "significantly_below": false,
      "mean_obj": -0.8289152278132315,
      "obj_se": 0.002295792485505375,
      "mean_oracle_gap": 0.2622462189407788,
      "oracle_gap_se": 0.004251037608764381,
      "mean_rel_oracle_gap": 0.23556489570636233,
      "mean_excess_s": NaN,
      "selected_s_std": NaN,
      "failure_rate": 0.0,
      "n_failed": 0
    },
    "_n_replication_errors": 0
  }
}