{
  "config": "paper_ro_ellipsoid",
  "n": 200,
  "split": 0.5,
  "d": 10,
  "reps": 500,
  "mesh_p": null,
  "include_existing": false,
  "folds": null,
  "elapsed_s": 0.6310367584228516,
  "summaries": {
    "NV": {
      "method": "NV",
      "n_reps": 500,
      "target": 0.95,
      "coverage": 0.78,
      "coverage_lo": 0.7416313019131544,
      "coverage_hi": 0.8140990674283763,
      "coverage_gap": -0.16999999999999993,
      "meets_target": false,
      "significantly_below": true,
      "mean_obj": -7.688126256179123,
      "obj_se": 0.012942167036593342,
      "mean_oracle_gap": -0.09450533136567729,
      "oracle_gap_se": 0.014747278840615144,
      "mean_rel_oracle_gap": -0.012909263930266845,
      "mean_excess_s": -0.16332296095560767,
      "selected_s_std": 0.8451936309028493,
      "failure_rate": 0.0,
      "n_failed": 0
    },
    "UG": {
      "method": "UG",
      "n_reps": 500,
      "target": 0.95,
      "coverage": 0.974,
      "coverage_lo": 0.9560285091657758,
      "coverage_hi": 0.9847436160766728,
      "coverage_gap": 0.02400000000000002,
      "meets_target": true,
      "significantly_below": false,
      "mean_obj": -7.353781672869531,
      "obj_se": 0.011766401591217966,
      "mean_oracle_gap": 0.23983925194391395,
      "oracle_gap_se": 0.01348282269060343,
      "mean_rel_oracle_gap": 0.031171166144735196,
      "mean_excess_s": 0.7943496399787767,
      "selected_s_std": 1.0124029287971792,
      "failure_rate": 0.0,
      "n_failed": 0
    },
    "NGS": {
      "method": "NGS",
      "n_reps": 500,
      "target": 0.95,
      "coverage": 0.988,
      "coverage_lo": 0.9740696388835527,
      "coverage_hi": 0.9944890048259724,
      "coverage_gap": 0.038000000000000034,
      "meets_target": true,
      "significantly_below": false,
      "mean_obj": -7.264209915442159,
      "obj_se": 0.011969073872119018,
      "mean_oracle_gap": 0.3294110093712877,
      "oracle_gap_se": 0.013926329501126329,
      "mean_rel_oracle_gap": 0.04293983471551112,
      "mean_excess_s": 1.1134628534733997,
      "selected_s_std": 1.1437032973318653,
      "failure_rate": 0.0,
      "n_failed": 0
    },
    "UNGS": {
      "method": "UNGS",
      "n_reps": 500,
      "target": 0.95,
      "coverage": 0.984,
      "coverage_lo": 0.9687488914666058,
      "coverage_hi": 0.9918707469666117,
      "coverage_gap": 0.03400000000000003,
      "meets_target": true,
      "significantly_below": false,
      "mean_obj": -7.11923541303551,
      "obj_se": 0.014990025655276358,
      "mean_oracle_gap": 0.47438551177793414,
      "oracle_gap_se": 0.017467274513001143,
      "mean_rel_oracle_gap": 0.06191290369743705,
      "mean_excess_s": 1.7360617529577562,
      "selected_s_std": 1.637930856844244,
      "failure_rate": 0.0,
      "n_failed": 0
    },
    "benchmark": {
      "method": "benchmark",
      "n_reps": 500,
      "target": 0.95,
      "coverage": 1.0,
      "coverage_lo": 0.9923756595384479,
      "coverage_hi": 1.0,
      "coverage_gap": 0.050000000000000044,
      "meets_target": true,
      "significantly_below": false,
      "mean_obj": -6.901634398385975,
      "obj_se": 7.95206533574069e-17,
      "mean_oracle_gap": 0.6919865264274719,
      "oracle_gap_se": 0.007478715949103032,
      "mean_rel_oracle_gap": 0.09068785452061366,
      "mean_excess_s": null,
      "selected_s_std": null,
      "failure_rate": 0.0,
      "n_failed": 0
    },
    "_n_replication_errors": 0
  }
}