{
  "config": "paper_so",
  "n": 200,
  "split": 0.8,
  "d": 2,
  "reps": 500,
  "mesh_p": 60,
  "include_existing": false,
  "folds": null,
  "elapsed_s": 0.9315624237060547,
  "summaries": {
    "NV": {
      "method": "NV",
      "n_reps": 500,
      "target": 0.95,
      "coverage": 0.682,
      "coverage_lo": 0.6399250012484168,
      "coverage_hi": 0.7212997388235782,
      "coverage_gap": -0.2679999999999999,
      "meets_target": false,
      "significantly_below": true,
      "mean_obj": -1.1245438653292366,
      "obj_se": 0.0056671459186561895,
      "mean_oracle_gap": -0.032433287670924696,
      "oracle_gap_se": 0.005095716728383164,
      "mean_rel_oracle_gap": -0.031926560065672696,
      "mean_excess_s": -1.11,
      "selected_s_std": 17.05748608861595,
      "failure_rate": 0.0,
      "n_failed": 0
    },
    "UG": {
      "method": "UG",
      "n_reps": 500,
      "target": 0.95,
      "coverage": 0.976,
      "coverage_lo": 0.9585229425360993,
      "coverage_hi": 0.986218685344503,
      "coverage_gap": 0.026000000000000023,
      "meets_target": true,
      "significantly_below": false,
      "mean_obj": -1.00559859026203,
      "obj_se": 0.004341802184349553,
      "mean_oracle_gap": 0.08651198739628194,
      "oracle_gap_se": 0.004629216823493854,
      "mean_rel_oracle_gap": 0.0757855775602825,
      "mean_excess_s": 26.606,
      "selected_s_std": 36.63303036642826,
      "failure_rate": 0.0,
      "n_failed": 0
    },
    "NGS": {
      "method": "NGS",
      "n_reps": 500,
      "target": 0.95,
      "coverage": 0.976,
      "coverage_lo": 0.9585229425360993,
      "coverage_hi": 0.986218685344503,
      "coverage_gap": 0.026000000000000023,
      "meets_target": true,
      "significantly_below": false,
      "mean_obj": -1.00559859026203,
      "obj_se": 0.004341802184349553,
      "mean_oracle_gap": 0.08651198739628194,
      "oracle_gap_se": 0.004629216823493854,
      "mean_rel_oracle_gap": 0.0757855775602825,
      "mean_excess_s": 26.606,
      "selected_s_std": 36.63303036642826,
      "failure_rate": 0.0,
      "n_failed": 0
    },
    "UNGS": {
      "method": "UNGS",
      "n_reps": 500,
      "target": 0.95,
      "coverage": 0.994,
      "coverage_lo": 0.9825097478959467,
      "coverage_hi": 0.9979574037280398,
      "coverage_gap": 0.04400000000000004,
      "meets_target": true,
      "significantly_below": false,
      "mean_obj": -0.9734027368130611,
      "obj_se": 0.0041297855421778325,
      "mean_oracle_gap": 0.11870784084525063,
      "oracle_gap_se": 0.004648692717492003,
      "mean_rel_oracle_gap": 0.10498129284553721,
      "mean_excess_s": 40.906,
      "selected_s_std": 41.20837799323904,
      "failure_rate": 0.0,
      "n_failed": 0
    },
    "benchmark": {
      "method": "benchmark",
      "n_reps": 500,
      "target": 0.95,
      "coverage": 1.0,
      "coverage_lo": 0.9923756595384479,
      "coverage_hi": 1.0,
      "coverage_gap": 0.050000000000000044,
      "meets_target": true,
      "significantly_below": false,
      "mean_obj": -0.8928923025273627,
      "obj_se": 0.0029227967248287067,
      "mean_oracle_gap": 0.19921827513094903,
      "oracle_gap_se": 0.004386767159962145,
      "mean_rel_oracle_gap": 0.17774203455173931,
      "mean_excess_s": NaN,
      "selected_s_std": NaN,
      "failure_rate": 0.0,
      "n_failed": 0
    },
    "_n_replication_errors": 0
  }
}