{
  "config": "paper_ro_ellipsoid",
  "n": 1000,
  "split": 0.2,
  "d": 10,
  "reps": 500,
  "mesh_p": null,
  "include_existing": false,
  "folds": null,
  "elapsed_s": 0.6316282749176025,
  "summaries": {
    "NV": {
      "method": "NV",
      "n_reps": 500,
      "target": 0.95,
      "coverage": 0.94,
      "coverage_lo": 0.9156389368747802,
      "coverage_hi": 0.9576516435190539,
      "coverage_gap": -0.010000000000000009,
      "meets_target": false,
      "significantly_below": false,
      "mean_obj": -7.568282578549928,
      "obj_se": 0.008033084995248418,
      "mean_oracle_gap": -0.03891441449099707,
      "oracle_gap_se": 0.0073112698356108145,
      "mean_rel_oracle_gap": -0.005304785445972039,
      "mean_excess_s": -0.08276481714984894,
      "selected_s_std": 0.40240525113839465,
      "failure_rate": 0.0,
      "n_failed": 0
    },
    "UG": {
      "method": "UG",
      "n_reps": 500,
      "target": 0.95,
      "coverage": 0.996,
      "coverage_lo": 0.9855342847848231,
      "coverage_hi": 0.9989023694773173,
      "coverage_gap": 0.04600000000000004,
      "meets_target": true,
      "significantly_below": false,
      "mean_obj": -7.498131287171789,
      "obj_se": 0.005977402131970403,
      "mean_oracle_gap": 0.031236876887142277,
      "oracle_gap_se": 0.006389198220364874,
      "mean_rel_oracle_gap": 0.003951862480441672,
      "mean_excess_s": 0.08269191345302118,
      "selected_s_std": 0.2891320382580329,
      "failure_rate": 0.0,
      "n_failed": 0
    },
    "NGS": {
      "method": "NGS",
      "n_reps": 500,
      "target": 0.95,
      "coverage": 1.0,
      "coverage_lo": 0.9923756595384479,
      "coverage_hi": 1.0,
      "coverage_gap": 0.050000000000000044,
      "meets_target": true,
      "significantly_below": false,
      "mean_obj": -7.481201531304595,
      "obj_se": 0.005815601571581619,
      "mean_oracle_gap": 0.048166632754334616,
      "oracle_gap_se": 0.006852732952388972,
      "mean_rel_oracle_gap": 0.006166846980992753,
      "mean_excess_s": 0.1338116022775381,
      "selected_s_std": 0.36238537864048614,
      "failure_rate": 0.0,
      "n_failed": 0
    },
    "UNGS": {
      "method": "UNGS",
      "n_reps": 500,
      "target": 0.95,
      "coverage": 0.996,
      "coverage_lo": 0.9855342847848231,
      "coverage_hi": 0.9989023694773173,
      "coverage_gap": 0.04600000000000004,
      "meets_target": true,
      "significantly_below": false,
      "mean_obj": -7.484824587653946,
      "obj_se": 0.005915817360542378,
      "mean_oracle_gap": 0.044543576404985144,
      "oracle_gap_se": 0.007116781371807566,
      "mean_rel_oracle_gap": 0.0056741228141759005,
      "mean_excess_s": 0.12518528472439128,
      "selected_s_std": 0.369508469801412,
      "failure_rate": 0.0,
      "n_failed": 0
    },
    "benchmark": {
      "method": "benchmark",
      "n_reps": 500,
      "target": 0.95,
      "coverage": 1.0,
      "coverage_lo": 0.9923756595384479,
      "coverage_hi": 1.0,
      "coverage_gap": 0.050000000000000044,
      "meets_target": true,
      "significantly_below": false,
      "mean_obj": -6.901634398385975,
      "obj_se": 7.95206533574069e-17,
      "mean_oracle_gap": 0.6277337656729571,
      "oracle_gap_se": 0.0064338023088884155,
      "mean_rel_oracle_gap": 0.08304085301389243,
      "mean_excess_s": NaN,
      "selected_s_std": NaN,
      "failure_rate": 0.0,
      "n_failed": 0
    },
    "_n_replication_errors": 0
  }
}