{
  "config": "paper_dro_wasserstein",
  "n": 200,
  "split": 0.5,
  "d": 10,
  "reps": 500,
  "mesh_p": null,
  "include_existing": false,
  "folds": null,
  "elapsed_s": 91.16676759719849,
  "summaries": {
    "NV": {
      "method": "NV",
      "n_reps": 500,
      "target": 0.95,
      "coverage": 0.55,
      "coverage_lo": 0.5061772177351765,
      "coverage_hi": 0.5930603482186684,
      "coverage_gap": -0.3999999999999999,
      "meets_target": false,
      "significantly_below": true,
      "mean_obj": -7.833504088709751,
      "obj_se": 0.013881788846461459,
      "mean_oracle_gap": -0.05075836599810526,
      "oracle_gap_se": 0.014180534175845548,
      "mean_rel_oracle_gap": -0.00664605829759253,
      "mean_excess_s": 0.0003969901777292879,
      "selected_s_std": 0.022706372178263486,
      "failure_rate": 0.0,
      "n_failed": 0
    },
    "UG": {
      "method": "UG",
      "n_reps": 500,
      "target": 0.95,
      "coverage": 0.94,
      "coverage_lo": 0.9156389368747802,
      "coverage_hi": 0.9576516435190539,
      "coverage_gap": -0.010000000000000009,
      "meets_target": false,
      "significantly_below": false,
      "mean_obj": -7.399837849864489,
      "obj_se": 0.015004371578325374,
      "mean_oracle_gap": 0.38290787284715627,
      "oracle_gap_se": 0.015488988019482636,
      "mean_rel_oracle_gap": 0.04905776057448027,
      "mean_excess_s": 0.0306221151285433,
      "selected_s_std": 0.035206591232030925,
      "failure_rate": 0.0,
      "n_failed": 0
    },
    "NGS": {
      "method": "NGS",
      "n_reps": 500,
      "target": 0.95,
      "coverage": 0.982,
      "coverage_lo": 0.9661483290912607,
      "coverage_hi": 0.990501806703803,
      "coverage_gap": 0.03200000000000003,
      "meets_target": true,
      "significantly_below": false,
      "mean_obj": -7.189618256948401,
      "obj_se": 0.0149129903207074,
      "mean_oracle_gap": 0.5931274657632453,
      "oracle_gap_se": 0.01537779945471996,
      "mean_rel_oracle_gap": 0.07607591878916034,
      "mean_excess_s": 0.05075626701403065,
      "selected_s_std": 0.04263101125016555,
      "failure_rate": 0.0,
      "n_failed": 0
    },
    "UNGS": {
      "method": "UNGS",
      "n_reps": 500,
      "target": 0.95,
      "coverage": 0.986,
      "coverage_lo": 0.9713869308622147,
      "coverage_hi": 0.9932022102091564,
      "coverage_gap": 0.03600000000000003,
      "meets_target": true,
      "significantly_below": false,
      "mean_obj": -6.846306344378029,
      "obj_se": 0.02038783732762133,
      "mean_oracle_gap": 0.9364393783336162,
      "oracle_gap_se": 0.020432537659218496,
      "mean_rel_oracle_gap": 0.12024664600089671,
      "mean_excess_s": 0.09827383841510641,
      "selected_s_std": 0.07712921667306097,
      "failure_rate": 0.0,
      "n_failed": 0
    },
    "_n_replication_errors": 0
  }
}