{
  "config": "paper_ro_ellipsoid",
  "n": 200,
  "split": 0.7,
  "d": 10,
  "reps": 500,
  "mesh_p": null,
  "include_existing": false,
  "folds": null,
  "elapsed_s": 0.6288297176361084,
  "summaries": {
    "NV": {
      "method": "NV",
      "n_reps": 500,
      "target": 0.95,
      "coverage": 0.738,
      "coverage_lo": 0.6977470833575388,
      "coverage_hi": 0.7746237305827623,
      "coverage_gap": -0.21199999999999997,
      "meets_target": false,
      "significantly_below": true,
      "mean_obj": -7.689175971819468,
      "obj_se": 0.015079849822303773,
      "mean_oracle_gap": -0.12597860774854744,
      "oracle_gap_se": 0.016113940097978223,
      "mean_rel_oracle_gap": -0.01702989945309552,
      "mean_excess_s": -0.22997594607852073,
      "selected_s_std": 0.8191075223668868,
      "failure_rate": 0.0,
      "n_failed": 0
    },
    "UG": {
      "method": "UG",
      "n_reps": 500,
      "target": 0.95,
      "coverage": 0.966,
      "coverage_lo": 0.9462286344983655,
      "coverage_hi": 0.9786654801914678,
      "coverage_gap": 0.016000000000000014,
      "meets_target": true,
      "significantly_below": false,
      "mean_obj": -7.291227045286807,
      "obj_se": 0.014623762236965678,
      "mean_oracle_gap": 0.2719703187841136,
      "oracle_gap_se": 0.01567080154989255,
      "mean_rel_oracle_gap": 0.03561326029337378,
      "mean_excess_s": 0.9016980510958754,
      "selected_s_std": 1.1018718732992867,
      "failure_rate": 0.0,
      "n_failed": 0
    },
    "NGS": {
      "method": "NGS",
      "n_reps": 500,
      "target": 0.95,
      "coverage": 0.99,
      "coverage_lo": 0.9768069002442693,
      "coverage_hi": 0.9957212461034096,
      "coverage_gap": 0.040000000000000036,
      "meets_target": true,
      "significantly_below": false,
      "mean_obj": -7.106505251841066,
      "obj_se": 0.015146230167761466,
      "mean_oracle_gap": 0.45669211222985473,
      "oracle_gap_se": 0.016002444205154225,
      "mean_rel_oracle_gap": 0.06007081013414097,
      "mean_excess_s": 1.5529059157455622,
      "selected_s_std": 1.2756941677479634,
      "failure_rate": 0.0,
      "n_failed": 0
    },
    "UNGS": {
      "method": "UNGS",
      "n_reps": 500,
      "target": 0.95,
      "coverage": 0.968,
      "coverage_lo": 0.9486551309545582,
      "coverage_hi": 0.9802084863734289,
      "coverage_gap": 0.018000000000000016,
      "meets_target": true,
      "significantly_below": false,
      "mean_obj": -6.895830328485435,
      "obj_se": 0.023330577800133617,
      "mean_oracle_gap": 0.6673670355854847,
      "oracle_gap_se": 0.024510974401680874,
      "mean_rel_oracle_gap": 0.08780507852011081,
      "mean_excess_s": 2.723780423998314,
      "selected_s_std": 2.742770350350638,
      "failure_rate": 0.0,
      "n_failed": 0
    },
    "benchmark": {
      "method": "benchmark",
      "n_reps": 500,
      "target": 0.95,
      "coverage": 1.0,
      "coverage_lo": 0.9923756595384479,
      "coverage_hi": 1.0,
      "coverage_gap": 0.050000000000000044,
      "meets_target": true,
      "significantly_below": false,
      "mean_obj": -6.901634398385975,
      "obj_se": 7.95206533574069e-17,
      "mean_oracle_gap": 0.6615629656849468,
      "oracle_gap_se": 0.007225503465245384,
      "mean_rel_oracle_gap": 0.08705741626645452,
      "mean_excess_s": NaN,
      "selected_s_std": NaN,
      "failure_rate": 0.0,
      "n_failed": 0
    },
    "_n_replication_errors": 0
  }
}