{
  "config": "paper_ro_ellipsoid",
  "n": 1000,
  "split": 0.4,
  "d": 10,
  "reps": 500,
  "mesh_p": null,
  "include_existing": false,
  "folds": null,
  "elapsed_s": 0.6432669162750244,
  "summaries": {
    "NV": {
      "method": "NV",
      "n_reps": 500,
      "target": 0.95,
      "coverage": 0.912,
      "coverage_lo": 0.8839235279346099,
      "coverage_hi": 0.9337940155250711,
      "coverage_gap": -0.03799999999999992,
      "meets_target": false,
      "significantly_below": true,
      "mean_obj": -7.536948104866928,
      "obj_se": 0.008833122569885499,
      "mean_oracle_gap": -0.052366739279581284,
      "oracle_gap_se": 0.009309510677460744,
      "mean_rel_oracle_gap": -0.007159834878677364,
      "mean_excess_s": -0.10954032277794488,
      "selected_s_std": 0.44317930084758944,
      "failure_rate": 0.0,
      "n_failed": 0
    },
    "UG": {
      "method": "UG",
      "n_reps": 500,
      "target": 0.95,
      "coverage": 0.996,
      "coverage_lo": 0.9855342847848231,
      "coverage_hi": 0.9989023694773173,
      "coverage_gap": 0.04600000000000004,
      "meets_target": true,
      "significantly_below": false,
      "mean_obj": -7.462844463639838,
      "obj_se": 0.005024574510827417,
      "mean_oracle_gap": 0.02173690194750938,
      "oracle_gap_se": 0.005694531137648448,
      "mean_rel_oracle_gap": 0.0027541685348533365,
      "mean_excess_s": 0.054162358031381405,
      "selected_s_std": 0.22189726478441874,
      "failure_rate": 0.0,
      "n_failed": 0
    },
    "NGS": {
      "method": "NGS",
      "n_reps": 500,
      "target": 0.95,
      "coverage": 0.998,
      "coverage_lo": 0.9887592932948532,
      "coverage_hi": 0.9996468636054407,
      "coverage_gap": 0.04800000000000004,
      "meets_target": true,
      "significantly_below": false,
      "mean_obj": -7.45289212164735,
      "obj_se": 0.00497333008725042,
      "mean_oracle_gap": 0.031689243939997384,
      "oracle_gap_se": 0.006156484940640897,
      "mean_rel_oracle_gap": 0.0040582381544901555,
      "mean_excess_s": 0.08273460942759638,
      "selected_s_std": 0.26706412760806675,
      "failure_rate": 0.0,
      "n_failed": 0
    },
    "UNGS": {
      "method": "UNGS",
      "n_reps": 500,
      "target": 0.95,
      "coverage": 0.996,
      "coverage_lo": 0.9855342847848231,
      "coverage_hi": 0.9989023694773173,
      "coverage_gap": 0.04600000000000004,
      "meets_target": true,
      "significantly_below": false,
      "mean_obj": -7.456017150540923,
      "obj_se": 0.005314683544307406,
      "mean_oracle_gap": 0.028564215046425007,
      "oracle_gap_se": 0.006116014497590224,
      "mean_rel_oracle_gap": 0.0036573204249088108,
      "mean_excess_s": 0.07706966565549785,
      "selected_s_std": 0.29764587747293897,
      "failure_rate": 0.0,
      "n_failed": 0
    },
    "benchmark": {
      "method": "benchmark",
      "n_reps": 500,
      "target": 0.95,
      "coverage": 1.0,
      "coverage_lo": 0.9923756595384479,
      "coverage_hi": 1.0,
      "coverage_gap": 0.050000000000000044,
      "meets_target": true,
      "significantly_below": false,
      "mean_obj": -6.901634398385975,
      "obj_se": 7.95206533574069e-17,
      "mean_oracle_gap": 0.5829469672013737,
      "oracle_gap_se": 0.00531739823351767,
      "mean_rel_oracle_gap": 0.07765874898879596,
      "mean_excess_s": null,
      "selected_s_std": null,
      "failure_rate": 0.0,
      "n_failed": 0
    },
    "_n_replication_errors": 0
  }
}