{
  "config": "paper_so",
  "n": 1000,
  "split": 0.7,
  "d": 50,
  "reps": 500,
  "mesh_p": 60,
  "include_existing": false,
  "folds": null,
  "elapsed_s": 28.594885110855103,
  "summaries": {
    "NV": {
      "method": "NV",
      "n_reps": 500,
      "target": 0.95,
      "coverage": 0.78,
      "coverage_lo": 0.7416313019131544,
      "coverage_hi": 0.8140990674283763,
      "coverage_gap": -0.16999999999999993,
      "meets_target": false,
      "significantly_below": true,
      "mean_obj": -45.2281884042533,
      "obj_se": 0.028446687330961545,
      "mean_oracle_gap": -0.018844169686407893,
      "oracle_gap_se": 0.02383289212435096,
      "mean_rel_oracle_gap": -0.00044884243975085034,
      "mean_excess_s": 0.434,
      "selected_s_std": 35.771232326050054,
      "failure_rate": 0.0,
      "n_failed": 0
    },
    "UG": {
      "method": "UG",
      "n_reps": 500,
      "target": 0.95,
      "coverage": 0.982,
      "coverage_lo": 0.9661483290912607,
      "coverage_hi": 0.990501806703803,
      "coverage_gap": 0.03200000000000003,
      "meets_target": true,
      "significantly_below": false,
      "mean_obj": -44.63289723239766,
      "obj_se": 0.028075538097448983,
      "mean_oracle_gap": 0.5764470021692403,
      "oracle_gap_se": 0.03014871884783785,
      "mean_rel_oracle_gap": 0.01267540723348504,
      "mean_excess_s": 35.826,
      "selected_s_std": 60.444254414986105,
      "failure_rate": 0.0,
      "n_failed": 0
    },
    "NGS": {
      "method": "NGS",
      "n_reps": 500,
      "target": 0.95,
      "coverage": 0.994,
      "coverage_lo": 0.9825097478959467,
      "coverage_hi": 0.9979574037280398,
      "coverage_gap": 0.04400000000000004,
      "meets_target": true,
      "significantly_below": false,
      "mean_obj": -44.35671474668113,
      "obj_se": 0.027008399215089452,
      "mean_oracle_gap": 0.8526294878857805,
      "oracle_gap_se": 0.03170045888600589,
      "mean_rel_oracle_gap": 0.018765815939595448,
      "mean_excess_s": 60.54,
      "selected_s_std": 79.43435539887808,
      "failure_rate": 0.0,
      "n_failed": 0
    },
    "UNGS": {
      "method": "UNGS",
      "n_reps": 500,
      "target": 0.95,
      "coverage": 0.998,
      "coverage_lo": 0.9887592932948532,
      "coverage_hi": 0.9996468636054407,
      "coverage_gap": 0.04800000000000004,
      "meets_target": true,
      "significantly_below": false,
      "mean_obj": -43.962386459426156,
      "obj_se": 0.02777181827765363,
      "mean_oracle_gap": 1.246957775140752,
      "oracle_gap_se": 0.03487716672119686,
      "mean_rel_oracle_gap": 0.027467986784561704,
      "mean_excess_s": 112.23,
      "selected_s_std": 111.69871893456633,
      "failure_rate": 0.0,
      "n_failed": 0
    },
    "benchmark": {
      "method": "benchmark",
      "n_reps": 500,
      "target": 0.95,
      "coverage": 1.0,
      "coverage_lo": 0.9923756595384479,
      "coverage_hi": 1.0,
      "coverage_gap": 0.050000000000000044,
      "meets_target": true,
      "significantly_below": false,
      "mean_obj": -41.96239220071733,
      "obj_se": 0.020697027274535373,
      "mean_oracle_gap": 3.2469520338495785,
      "oracle_gap_se": 0.028492385450064463,
      "mean_rel_oracle_gap": 0.07171917446263487,
      "mean_excess_s": null,
      "selected_s_std": null,
      "failure_rate": 0.0,
      "n_failed": 0
    },
    "_n_replication_errors": 0
  }
}