{
  "config": "paper_saa",
  "n": 400,
  "split": 0.7,
  "d": 20,
  "reps": 500,
  "mesh_p": null,
  "include_existing": false,
  "folds": null,
  "elapsed_s": 187.5650405883789,
  "summaries": {
    "NV": {
      "method": "NV",
      "n_reps": 500,
      "target": 0.95,
      "coverage": 0.42,
      "coverage_lo": 0.37750935127740226,
      "coverage_hi": 0.4637105431964461,
      "coverage_gap": -0.53,
      "meets_target": false,
      "significantly_below": true,
      "mean_obj": -17.129767688008364,
      "obj_se": 0.016247743434950123,
      "mean_oracle_gap": -0.10769006561562812,
      "oracle_gap_se": 0.016395754345436286,
      "mean_rel_oracle_gap": -0.00633485898073369,
      "mean_excess_s": -0.008672000000000001,
      "selected_s_std": 0.0242330687127833,
      "failure_rate": 0.0,
      "n_failed": 0
    },
    "UG": {
      "method": "UG",
      "n_reps": 500,
      "target": 0.95,
      "coverage": 0.914,
      "coverage_lo": 0.8861601885014425,
      "coverage_hi": 0.9355268575963924,
      "coverage_gap": -0.03599999999999992,
      "meets_target": false,
      "significantly_below": true,
      "mean_obj": -16.455061857658567,
      "obj_se": 0.0196885716118414,
      "mean_oracle_gap": 0.5670157647341711,
      "oracle_gap_se": 0.019867757199411158,
      "mean_rel_oracle_gap": 0.033300607078499266,
      "mean_excess_s": 0.023104000000000003,
      "selected_s_std": 0.020064599480293877,
      "failure_rate": 0.0,
      "n_failed": 0
    },
    "NGS": {
      "method": "NGS",
      "n_reps": 500,
      "target": 0.95,
      "coverage": 0.956,
      "coverage_lo": 0.9342805571276716,
      "coverage_hi": 0.9707660443713928,
      "coverage_gap": 0.006000000000000005,
      "meets_target": true,
      "significantly_below": false,
      "mean_obj": -16.262197863766012,
      "obj_se": 0.020805470242248197,
      "mean_oracle_gap": 0.7598797586267246,
      "oracle_gap_se": 0.02104209308066493,
      "mean_rel_oracle_gap": 0.04462850167079302,
      "mean_excess_s": 0.029312,
      "selected_s_std": 0.01785785064500537,
      "failure_rate": 0.0,
      "n_failed": 0
    },
    "UNGS": {
      "method": "UNGS",
      "n_reps": 500,
      "target": 0.95,
      "coverage": 0.98,
      "coverage_lo": 0.9635798167531208,
      "coverage_hi": 0.9891008164037892,
      "coverage_gap": 0.030000000000000027,
      "meets_target": true,
      "significantly_below": false,
      "mean_obj": -16.004887475103597,
      "obj_se": 0.022762194858595916,
      "mean_oracle_gap": 1.0171901472891383,
      "oracle_gap_se": 0.02291537251533693,
      "mean_rel_oracle_gap": 0.05974742686067824,
      "mean_excess_s": 0.03604000000000001,
      "selected_s_std": 0.016461979758070115,
      "failure_rate": 0.0,
      "n_failed": 0
    },
    "_n_replication_errors": 0
  }
}