{
  "config": "paper_so",
  "n": 500,
  "split": 0.7,
  "d": 10,
  "reps": 500,
  "mesh_p": 60,
  "include_existing": false,
  "folds": null,
  "elapsed_s": 3.6746528148651123,
  "summaries": {
    "NV": {
      "method": "NV",
      "n_reps": 500,
      "target": 0.95,
      "coverage": 0.712,
      "coverage_lo": 0.6708105507601558,
      "coverage_hi": 0.749956728884146,
      "coverage_gap": -0.238,
      "meets_target": false,
      "significantly_below": true,
      "mean_obj": -7.667632511472939,
      "obj_se": 0.013189070739438289,
      "mean_oracle_gap": -0.04374103997959096,
      "oracle_gap_se": 0.010808580257990932,
      "mean_rel_oracle_gap": -0.005931527303776287,
      "mean_excess_s": -1.088,
      "selected_s_std": 26.379654819135776,
      "failure_rate": 0.0,
      "n_failed": 0
    },
    "UG": {
      "method": "UG",
      "n_reps": 500,
      "target": 0.95,
      "coverage": 0.964,
      "coverage_lo": 0.9438156730319722,
      "coverage_hi": 0.9771089390197072,
      "coverage_gap": 0.014000000000000012,
      "meets_target": true,
      "significantly_below": false,
      "mean_obj": -7.375819828554574,
      "obj_se": 0.010993462085296871,
      "mean_oracle_gap": 0.2480716429387739,
      "oracle_gap_se": 0.01116925731676041,
      "mean_rel_oracle_gap": 0.03210870234286853,
      "mean_excess_s": 36.1,
      "selected_s_std": 52.23862068414483,
      "failure_rate": 0.0,
      "n_failed": 0
    },
    "NGS": {
      "method": "NGS",
      "n_reps": 500,
      "target": 0.95,
      "coverage": 0.982,
      "coverage_lo": 0.9661483290912607,
      "coverage_hi": 0.990501806703803,
      "coverage_gap": 0.03200000000000003,
      "meets_target": true,
      "significantly_below": false,
      "mean_obj": -7.31196302780478,
      "obj_se": 0.010889005178877661,
      "mean_oracle_gap": 0.311928443688568,
      "oracle_gap_se": 0.011925434713741485,
      "mean_rel_oracle_gap": 0.04040407814460738,
      "mean_excess_s": 48.472,
      "selected_s_std": 60.25308560272494,
      "failure_rate": 0.0,
      "n_failed": 0
    },
    "UNGS": {
      "method": "UNGS",
      "n_reps": 500,
      "target": 0.95,
      "coverage": 0.996,
      "coverage_lo": 0.9855342847848231,
      "coverage_hi": 0.9989023694773173,
      "coverage_gap": 0.04600000000000004,
      "meets_target": true,
      "significantly_below": false,
      "mean_obj": -7.030969904472631,
      "obj_se": 0.01107099523959525,
      "mean_oracle_gap": 0.592921567020717,
      "oracle_gap_se": 0.01363113952530289,
      "mean_rel_oracle_gap": 0.07711293465587093,
      "mean_excess_s": 133.792,
      "selected_s_std": 90.9010271089327,
      "failure_rate": 0.0,
      "n_failed": 0
    },
    "benchmark": {
      "method": "benchmark",
      "n_reps": 500,
      "target": 0.95,
      "coverage": 1.0,
      "coverage_lo": 0.9923756595384479,
      "coverage_hi": 1.0,
      "coverage_gap": 0.050000000000000044,
      "meets_target": true,
      "significantly_below": false,
      "mean_obj": -6.644417329248869,
      "obj_se": 0.008451580994082516,
      "mean_oracle_gap": 0.9794741422444788,
      "oracle_gap_se": 0.011729619848867444,
      "mean_rel_oracle_gap": 0.12784823858355002,
      "mean_excess_s": NaN,
      "selected_s_std": NaN,
      "failure_rate": 0.0,
      "n_failed": 0
    },
    "_n_replication_errors": 0
  }
}