{
  "config": "paper_so",
  "n": 500,
  "split": 0.6,
  "d": 10,
  "reps": 500,
  "mesh_p": 60,
  "include_existing": false,
  "folds": null,
  "elapsed_s": 3.2100765705108643,
  "summaries": {
    "NV": {
      "method": "NV",
      "n_reps": 500,
      "target": 0.95,
      "coverage": 0.782,
      "coverage_lo": 0.743733598415673,
      "coverage_hi": 0.8159662735640116,
      "coverage_gap": -0.16799999999999993,
      "meets_target": false,
      "significantly_below": true,
      "mean_obj": -7.641762791018166,
      "obj_se": 0.01214161561360489,
      "mean_oracle_gap": -0.022473547272687206,
      "oracle_gap_se": 0.009516455441568336,
      "mean_rel_oracle_gap": -0.00315757435620194,
      "mean_excess_s": -0.292,
      "selected_s_std": 26.71194781951749,
      "failure_rate": 0.0,
      "n_failed": 0
    },
    "UG": {
      "method": "UG",
      "n_reps": 500,
      "target": 0.95,
      "coverage": 0.978,
      "coverage_lo": 0.9610391387886836,
      "coverage_hi": 0.9876719917300725,
      "coverage_gap": 0.028000000000000025,
      "meets_target": true,
      "significantly_below": false,
      "mean_obj": -7.41168401949516,
      "obj_se": 0.011087057119391954,
      "mean_oracle_gap": 0.20760522425031758,
      "oracle_gap_se": 0.010889306026586146,
      "mean_rel_oracle_gap": 0.026838641286240923,
      "mean_excess_s": 25.194,
      "selected_s_std": 41.90591312822357,
      "failure_rate": 0.0,
      "n_failed": 0
    },
    "NGS": {
      "method": "NGS",
      "n_reps": 500,
      "target": 0.95,
      "coverage": 1.0,
      "coverage_lo": 0.9923756595384479,
      "coverage_hi": 1.0,
      "coverage_gap": 0.050000000000000044,
      "meets_target": true,
      "significantly_below": false,
      "mean_obj": -7.291325912251394,
      "obj_se": 0.010658759092197014,
      "mean_oracle_gap": 0.3279633314940847,
      "oracle_gap_se": 0.011870719636984554,
      "mean_rel_oracle_gap": 0.042506359120608635,
      "mean_excess_s": 45.714,
      "selected_s_std": 56.08383990238537,
      "failure_rate": 0.0,
      "n_failed": 0
    },
    "UNGS": {
      "method": "UNGS",
      "n_reps": 500,
      "target": 0.95,
      "coverage": 1.0,
      "coverage_lo": 0.9923756595384479,
      "coverage_hi": 1.0,
      "coverage_gap": 0.050000000000000044,
      "meets_target": true,
      "significantly_below": false,
      "mean_obj": -7.101188775737373,
      "obj_se": 0.010349797166831065,
      "mean_oracle_gap": 0.5181004680081057,
      "oracle_gap_se": 0.012767007707478835,
      "mean_rel_oracle_gap": 0.06735333384112152,
      "mean_excess_s": 95.128,
      "selected_s_std": 73.61664431798886,
      "failure_rate": 0.0,
      "n_failed": 0
    },
    "benchmark": {
      "method": "benchmark",
      "n_reps": 500,
      "target": 0.95,
      "coverage": 1.0,
      "coverage_lo": 0.9923756595384479,
      "coverage_hi": 1.0,
      "coverage_gap": 0.050000000000000044,
      "meets_target": true,
      "significantly_below": false,
      "mean_obj": -6.639141539554645,
      "obj_se": 0.009147378018005314,
      "mean_oracle_gap": 0.9801477041908327,
      "oracle_gap_se": 0.011750469066058955,
      "mean_rel_oracle_gap": 0.12805380204038397,
      "mean_excess_s": NaN,
      "selected_s_std": NaN,
      "failure_rate": 0.0,
      "n_failed": 0
    },
    "_n_replication_errors": 0
  }
}