{
  "config": "paper_ro_ellipsoid",
  "n": 200,
  "split": 0.6,
  "d": 10,
  "reps": 500,
  "mesh_p": null,
  "include_existing": false,
  "folds": null,
  "elapsed_s": 0.6174013614654541,
  "summaries": {
    "NV": {
      "method": "NV",
      "n_reps": 500,
      "target": 0.95,
      "coverage": 0.724,
      "coverage_lo": 0.6832224284166226,
      "coverage_hi": 0.761361867056602,
      "coverage_gap": -0.22599999999999998,
      "meets_target": false,
      "significantly_below": true,
      "mean_obj": -7.712362884884615,
      "obj_se": 0.014436576497107036,
      "mean_oracle_gap": -0.1354762492221321,
      "oracle_gap_se": 0.01586486015807875,
      "mean_rel_oracle_gap": -0.018301233851115088,
      "mean_excess_s": -0.2554505711695325,
      "selected_s_std": 0.8519630883742894,
      "failure_rate": 0.0,
      "n_failed": 0
    },
    "UG": {
      "method": "UG",
      "n_reps": 500,
      "target": 0.95,
      "coverage": 0.976,
      "coverage_lo": 0.9585229425360993,
      "coverage_hi": 0.986218685344503,
      "coverage_gap": 0.026000000000000023,
      "meets_target": true,
      "significantly_below": false,
      "mean_obj": -7.269207039336194,
      "obj_se": 0.013255499169605679,
      "mean_oracle_gap": 0.30767959632628766,
      "oracle_gap_se": 0.014987268115014175,
      "mean_rel_oracle_gap": 0.04018686644403277,
      "mean_excess_s": 1.0211598003907747,
      "selected_s_std": 1.1537464607673122,
      "failure_rate": 0.0,
      "n_failed": 0
    },
    "NGS": {
      "method": "NGS",
      "n_reps": 500,
      "target": 0.95,
      "coverage": 0.98,
      "coverage_lo": 0.9635798167531208,
      "coverage_hi": 0.9891008164037892,
      "coverage_gap": 0.030000000000000027,
      "meets_target": true,
      "significantly_below": false,
      "mean_obj": -7.181236844124343,
      "obj_se": 0.014861730815157294,
      "mean_oracle_gap": 0.39564979153813884,
      "oracle_gap_se": 0.016597144421815858,
      "mean_rel_oracle_gap": 0.05177762558751411,
      "mean_excess_s": 1.3641690832907716,
      "selected_s_std": 1.3835407026572468,
      "failure_rate": 0.0,
      "n_failed": 0
    },
    "UNGS": {
      "method": "UNGS",
      "n_reps": 500,
      "target": 0.95,
      "coverage": 0.978,
      "coverage_lo": 0.9610391387886836,
      "coverage_hi": 0.9876719917300725,
      "coverage_gap": 0.028000000000000025,
      "meets_target": true,
      "significantly_below": false,
      "mean_obj": -7.022014222059336,
      "obj_se": 0.01856739129730299,
      "mean_oracle_gap": 0.5548724136031458,
      "oracle_gap_se": 0.0205173019139606,
      "mean_rel_oracle_gap": 0.07270671250214226,
      "mean_excess_s": 2.094553861396464,
      "selected_s_std": 2.0104877422332867,
      "failure_rate": 0.0,
      "n_failed": 0
    },
    "benchmark": {
      "method": "benchmark",
      "n_reps": 500,
      "target": 0.95,
      "coverage": 1.0,
      "coverage_lo": 0.9923756595384479,
      "coverage_hi": 1.0,
      "coverage_gap": 0.050000000000000044,
      "meets_target": true,
      "significantly_below": false,
      "mean_obj": -6.901634398385975,
      "obj_se": 7.95206533574069e-17,
      "mean_oracle_gap": 0.6752522372765086,
      "oracle_gap_se": 0.0072321746583187685,
      "mean_rel_oracle_gap": 0.08870768024889578,
      "mean_excess_s": null,
      "selected_s_std": null,
      "failure_rate": 0.0,
      "n_failed": 0
    },
    "_n_replication_errors": 0
  }
}