{
  "config": "paper_so",
  "n": 500,
  "split": 0.3,
  "d": 10,
  "reps": 500,
  "mesh_p": 60,
  "include_existing": false,
  "folds": null,
  "elapsed_s": 1.8980281352996826,
  "summaries": {
    "NV": {
      "method": "NV",
      "n_reps": 500,
      "target": 0.95,
      "coverage": 0.76,
      "coverage_lo": 0.7206732029933738,
      "coverage_hi": 0.7953621399666191,
      "coverage_gap": -0.18999999999999995,
      "meets_target": false,
      "significantly_below": true,
      "mean_obj": -7.679985662990444,
      "obj_se": 0.011347937852912104,
      "mean_oracle_gap": -0.029101736302491223,
      "oracle_gap_se": 0.0091587902856981,
      "mean_rel_oracle_gap": -0.004049229065499027,
      "mean_excess_s": -0.7675350701402806,
      "selected_s_std": 25.724732062343403,
      "failure_rate": 0.0,
      "n_failed": 0
    },
    "UG": {
      "method": "UG",
      "n_reps": 500,
      "target": 0.95,
      "coverage": 0.98,
      "coverage_lo": 0.9635798167531208,
      "coverage_hi": 0.9891008164037892,
      "coverage_gap": 0.030000000000000027,
      "meets_target": true,
      "significantly_below": false,
      "mean_obj": -7.4727976530497235,
      "obj_se": 0.010425307475521865,
      "mean_oracle_gap": 0.1785014800709766,
      "oracle_gap_se": 0.010653080167328842,
      "mean_rel_oracle_gap": 0.022886703490291302,
      "mean_excess_s": 19.324649298597194,
      "selected_s_std": 33.97147660089107,
      "failure_rate": 0.0,
      "n_failed": 0
    },
    "NGS": {
      "method": "NGS",
      "n_reps": 500,
      "target": 0.95,
      "coverage": 0.994,
      "coverage_lo": 0.9825097478959467,
      "coverage_hi": 0.9979574037280398,
      "coverage_gap": 0.04400000000000004,
      "meets_target": true,
      "significantly_below": false,
      "mean_obj": -7.399895186990838,
      "obj_se": 0.010679127843493336,
      "mean_oracle_gap": 0.2515500432562324,
      "oracle_gap_se": 0.010867146915531341,
      "mean_rel_oracle_gap": 0.03245556524827862,
      "mean_excess_s": 28.230460921843687,
      "selected_s_std": 36.44640939125595,
      "failure_rate": 0.0,
      "n_failed": 0
    },
    "UNGS": {
      "method": "UNGS",
      "n_reps": 500,
      "target": 0.95,
      "coverage": 0.998,
      "coverage_lo": 0.9887592932948532,
      "coverage_hi": 0.9996468636054407,
      "coverage_gap": 0.04800000000000004,
      "meets_target": true,
      "significantly_below": false,
      "mean_obj": -7.264249261007382,
      "obj_se": 0.011108882568898927,
      "mean_oracle_gap": 0.3874678047627015,
      "oracle_gap_se": 0.011883025476003681,
      "mean_rel_oracle_gap": 0.05016771958445293,
      "mean_excess_s": 46.96192384769539,
      "selected_s_std": 39.436240822121476,
      "failure_rate": 0.0,
      "n_failed": 0
    },
    "benchmark": {
      "method": "benchmark",
      "n_reps": 500,
      "target": 0.95,
      "coverage": 1.0,
      "coverage_lo": 0.9923756595384479,
      "coverage_hi": 1.0,
      "coverage_gap": 0.050000000000000044,
      "meets_target": true,
      "significantly_below": false,
      "mean_obj": -6.641238205836991,
      "obj_se": 0.009555292245750092,
      "mean_oracle_gap": 1.0094500333169325,
      "oracle_gap_se": 0.012629662110017762,
      "mean_rel_oracle_gap": 0.1313195635787406,
      "mean_excess_s": null,
      "selected_s_std": null,
      "failure_rate": 0.0,
      "n_failed": 0
    },
    "_n_replication_errors": 0
  }
}