{
  "config": "paper_saa",
  "n": 200,
  "split": 0.1,
  "d": 5,
  "reps": 500,
  "mesh_p": null,
  "include_existing": false,
  "folds": null,
  "elapsed_s": 0.29663515090942383,
  "summaries": {
    "NV": {
      "method": "NV",
      "n_reps": 500,
      "target": 0.95,
      "coverage": 0.33,
      "coverage_lo": 0.2902178997291812,
      "coverage_hi": 0.3723743760277467,
      "coverage_gap": -0.6199999999999999,
      "meets_target": false,
      "significantly_below": true,
      "mean_obj": -3.640782910243419,
      "obj_se": 0.012783225212349444,
      "mean_oracle_gap": -0.02492824427520214,
      "oracle_gap_se": 0.009128090834643643,
      "mean_rel_oracle_gap": -0.00794586398878143,
      "mean_excess_s": -0.004085106382978724,
      "selected_s_std": 0.01813240282103087,
      "failure_rate": 0.0,
      "n_failed": 0
    },
    "UG": {
      "method": "UG",
      "n_reps": 500,
      "target": 0.95,
      "coverage": 0.362,
      "coverage_lo": 0.3210760441781858,
      "coverage_hi": 0.4050282737892027,
      "coverage_gap": -0.588,
      "meets_target": false,
      "significantly_below": true,
      "mean_obj": -3.6235093424694087,
      "obj_se": 0.013313427759832882,
      "mean_oracle_gap": 0.015383318714869585,
      "oracle_gap_se": 0.0078047906345400705,
      "mean_rel_oracle_gap": 0.004148551537076411,
      "mean_excess_s": 0.003829787234042553,
      "selected_s_std": 0.014285395656337848,
      "failure_rate": 0.0,
      "n_failed": 0
    },
    "NGS": {
      "method": "NGS",
      "n_reps": 500,
      "target": 0.95,
      "coverage": 0.364,
      "coverage_lo": 0.32301143591892645,
      "coverage_hi": 0.4070623846866158,
      "coverage_gap": -0.586,
      "meets_target": false,
      "significantly_below": true,
      "mean_obj": -3.6200005618163225,
      "obj_se": 0.013563772365435505,
      "mean_oracle_gap": 0.024715182153929458,
      "oracle_gap_se": 0.00853958233786587,
      "mean_rel_oracle_gap": 0.0069916345883290175,
      "mean_excess_s": 0.004851063829787235,
      "selected_s_std": 0.013750481864393194,
      "failure_rate": 0.0,
      "n_failed": 0
    },
    "UNGS": {
      "method": "UNGS",
      "n_reps": 500,
      "target": 0.95,
      "coverage": 0.364,
      "coverage_lo": 0.32301143591892645,
      "coverage_hi": 0.4070623846866158,
      "coverage_gap": -0.586,
      "meets_target": false,
      "significantly_below": true,
      "mean_obj": -3.6227083668937246,
      "obj_se": 0.013336665637451485,
      "mean_oracle_gap": 0.01751357290552019,
      "oracle_gap_se": 0.007481828253640725,
      "mean_rel_oracle_gap": 0.004808081404878356,
      "mean_excess_s": 0.004085106382978723,
      "selected_s_std": 0.014154541252762392,
      "failure_rate": 0.0,
      "n_failed": 0
    },
    "_n_replication_errors": 0
  }
}