{
  "config": "paper_so",
  "n": 500,
  "split": 0.4,
  "d": 2,
  "reps": 500,
  "mesh_p": 60,
  "include_existing": false,
  "folds": null,
  "elapsed_s": 1.1490356922149658,
  "summaries": {
    "NV": {
      "method": "NV",
      "n_reps": 500,
      "target": 0.95,
      "coverage": 0.852,
      "coverage_lo": 0.8181938697042727,
      "coverage_hi": 0.8804385946107945,
      "coverage_gap": -0.09799999999999998,
      "meets_target": false,
      "significantly_below": true,
      "mean_obj": -1.1021743110710374,
      "obj_se": 0.004355621437214332,
      "mean_oracle_gap": -0.007254245916299577,
      "oracle_gap_se": 0.0030158254331042536,
      "mean_rel_oracle_gap": -0.0081957240994696,
      "mean_excess_s": -0.74,
      "selected_s_std": 14.50620418716901,
      "failure_rate": 0.0,
      "n_failed": 0
    },
    "UG": {
      "method": "UG",
      "n_reps": 500,
      "target": 0.95,
      "coverage": 0.986,
      "coverage_lo": 0.9713869308622147,
      "coverage_hi": 0.9932022102091564,
      "coverage_gap": 0.03600000000000003,
      "meets_target": true,
      "significantly_below": false,
      "mean_obj": -1.0541572943255977,
      "obj_se": 0.003960411973435709,
      "mean_oracle_gap": 0.04076277082914012,
      "oracle_gap_se": 0.0033216298035234214,
      "mean_rel_oracle_gap": 0.034892910901150785,
      "mean_excess_s": 7.082,
      "selected_s_std": 19.374381779522086,
      "failure_rate": 0.0,
      "n_failed": 0
    },
    "NGS": {
      "method": "NGS",
      "n_reps": 500,
      "target": 0.95,
      "coverage": 0.996,
      "coverage_lo": 0.9855342847848231,
      "coverage_hi": 0.9989023694773173,
      "coverage_gap": 0.04600000000000004,
      "meets_target": true,
      "significantly_below": false,
      "mean_obj": -1.0396040119344416,
      "obj_se": 0.003832374577115592,
      "mean_oracle_gap": 0.05531605322029637,
      "oracle_gap_se": 0.003670909465987801,
      "mean_rel_oracle_gap": 0.04752858059862247,
      "mean_excess_s": 10.792,
      "selected_s_std": 21.364786547223375,
      "failure_rate": 0.0,
      "n_failed": 0
    },
    "UNGS": {
      "method": "UNGS",
      "n_reps": 500,
      "target": 0.95,
      "coverage": 1.0,
      "coverage_lo": 0.9923756595384479,
      "coverage_hi": 1.0,
      "coverage_gap": 0.050000000000000044,
      "meets_target": true,
      "significantly_below": false,
      "mean_obj": -1.0100683133485944,
      "obj_se": 0.00354309579412762,
      "mean_oracle_gap": 0.08485175180614345,
      "oracle_gap_se": 0.004086827234260791,
      "mean_rel_oracle_gap": 0.07350123726031149,
      "mean_excess_s": 21.282,
      "selected_s_std": 30.102016523774534,
      "failure_rate": 0.0,
      "n_failed": 0
    },
    "benchmark": {
      "method": "benchmark",
      "n_reps": 500,
      "target": 0.95,
      "coverage": 1.0,
      "coverage_lo": 0.9923756595384479,
      "coverage_hi": 1.0,
      "coverage_gap": 0.050000000000000044,
      "meets_target": true,
      "significantly_below": false,
      "mean_obj": -0.826311126866596,
      "obj_se": 0.002456484226444023,
      "mean_oracle_gap": 0.26860893828814164,
      "oracle_gap_se": 0.004593976736321528,
      "mean_rel_oracle_gap": 0.23991329293180547,
      "mean_excess_s": NaN,
      "selected_s_std": NaN,
      "failure_rate": 0.0,
      "n_failed": 0
    },
    "_n_replication_errors": 0
  }
}