{
  "config": "paper_ro_ellipsoid",
  "n": 1000,
  "split": 0.9,
  "d": 2,
  "reps": 500,
  "mesh_p": null,
  "include_existing": false,
  "folds": null,
  "elapsed_s": 0.41057825088500977,
  "summaries": {
    "NV": {
      "method": "NV",
      "n_reps": 500,
      "target": 0.95,
      "coverage": 0.924,
      "coverage_lo": 0.8974035863260316,
      "coverage_hi": 0.9441309729625723,
      "coverage_gap": -0.025999999999999912,
      "meets_target": false,
      "significantly_below": true,
      "mean_obj": -1.188737860601189,
      "obj_se": 0.002903213703979962,
      "mean_oracle_gap": 0.00570896162365238,
      "oracle_gap_se": 0.0029332174952800224,
      "mean_rel_oracle_gap": 0.004648153827113056,
      "mean_excess_s": 0.10221031080629336,
      "selected_s_std": 0.5160484399099413,
      "failure_rate": 0.0,
      "n_failed": 0
    },
    "UG": {
      "method": "UG",
      "n_reps": 500,
      "target": 0.95,
      "coverage": 0.994,
      "coverage_lo": 0.9825097478959467,
      "coverage_hi": 0.9979574037280398,
      "coverage_gap": 0.04400000000000004,
      "meets_target": true,
      "significantly_below": false,
      "mean_obj": -1.1108216185174078,
      "obj_se": 0.0028609201776215332,
      "mean_oracle_gap": 0.08362520370743357,
      "oracle_gap_se": 0.0029463711169531006,
      "mean_rel_oracle_gap": 0.06983715035013484,
      "mean_excess_s": 0.8344877652909533,
      "selected_s_std": 0.6964693346558278,
      "failure_rate": 0.0,
      "n_failed": 0
    },
    "NGS": {
      "method": "NGS",
      "n_reps": 500,
      "target": 0.95,
      "coverage": 1.0,
      "coverage_lo": 0.9923756595384479,
      "coverage_hi": 1.0,
      "coverage_gap": 0.050000000000000044,
      "meets_target": true,
      "significantly_below": false,
      "mean_obj": -1.0856392387726979,
      "obj_se": 0.002852589487048541,
      "mean_oracle_gap": 0.10880758345214346,
      "oracle_gap_se": 0.002950404041915401,
      "mean_rel_oracle_gap": 0.09091226126171986,
      "mean_excess_s": 1.1217831968565037,
      "selected_s_std": 0.7778067515928072,
      "failure_rate": 0.0,
      "n_failed": 0
    },
    "UNGS": {
      "method": "UNGS",
      "n_reps": 500,
      "target": 0.95,
      "coverage": 0.998,
      "coverage_lo": 0.9887592932948532,
      "coverage_hi": 0.9996468636054407,
      "coverage_gap": 0.04800000000000004,
      "meets_target": true,
      "significantly_below": false,
      "mean_obj": -1.0388173805765653,
      "obj_se": 0.003336129338223227,
      "mean_oracle_gap": 0.1556294416482761,
      "oracle_gap_se": 0.003471954213203216,
      "mean_rel_oracle_gap": 0.1300573807591524,
      "mean_excess_s": 1.7730014347584993,
      "selected_s_std": 1.0924481692195378,
      "failure_rate": 0.0,
      "n_failed": 0
    },
    "benchmark": {
      "method": "benchmark",
      "n_reps": 500,
      "target": 0.95,
      "coverage": 1.0,
      "coverage_lo": 0.9923756595384479,
      "coverage_hi": 1.0,
      "coverage_gap": 0.050000000000000044,
      "meets_target": true,
      "significantly_below": false,
      "mean_obj": -0.9727869233715889,
      "obj_se": 0.0,
      "mean_oracle_gap": 0.22165989885325244,
      "oracle_gap_se": 0.0007617130701006253,
      "mean_rel_oracle_gap": 0.1854096340254787,
      "mean_excess_s": NaN,
      "selected_s_std": NaN,
      "failure_rate": 0.0,
      "n_failed": 0
    },
    "_n_replication_errors": 0
  }
}