{
  "config": "paper_saa",
  "n": 200,
  "split": 0.1,
  "d": 20,
  "reps": 500,
  "mesh_p": null,
  "include_existing": false,
  "folds": null,
  "elapsed_s": 0.31598758697509766,
  "summaries": {
    "NV": {
      "method": "NV",
      "n_reps": 500,
      "target": 0.95,
      "coverage": 0.19,
      "coverage_lo": 0.1580273788297291,
      "coverage_hi": 0.2266997122564333,
      "coverage_gap": -0.76,
      "meets_target": false,
      "significantly_below": true,
      "mean_obj": -17.554741874800264,
      "obj_se": 0.03319831229749494,
      "mean_oracle_gap": -0.06421168500587053,
      "oracle_gap_se": 0.026744110354463155,
      "mean_rel_oracle_gap": -0.003959343306867294,
      "mean_excess_s": -0.0013457943925233647,
      "selected_s_std": 0.014918133308252934,
      "failure_rate": 0.0,
      "n_failed": 0
    },
    "UG": {
      "method": "UG",
      "n_reps": 500,
      "target": 0.95,
      "coverage": 0.21,
      "coverage_lo": 0.1765772705084025,
      "coverage_hi": 0.24784484695929782,
      "coverage_gap": -0.74,
      "meets_target": false,
      "significantly_below": true,
      "mean_obj": -17.532232120466297,
      "obj_se": 0.03448636005815982,
      "mean_oracle_gap": 0.040974082909855554,
      "oracle_gap_se": 0.024698540474995586,
      "mean_rel_oracle_gap": 0.0024129622539054082,
      "mean_excess_s": 0.003588785046728972,
      "selected_s_std": 0.011133890201634113,
      "failure_rate": 0.0,
      "n_failed": 0
    },
    "NGS": {
      "method": "NGS",
      "n_reps": 500,
      "target": 0.95,
      "coverage": 0.212,
      "coverage_lo": 0.17843950428829852,
      "coverage_hi": 0.24995211581755555,
      "coverage_gap": -0.738,
      "meets_target": false,
      "significantly_below": true,
      "mean_obj": -17.528736448838924,
      "obj_se": 0.03474067192011973,
      "mean_oracle_gap": 0.05730899705644625,
      "oracle_gap_se": 0.022737782427857834,
      "mean_rel_oracle_gap": 0.0034325711562328315,
      "mean_excess_s": 0.004485981308411215,
      "selected_s_std": 0.01075074942627038,
      "failure_rate": 0.0,
      "n_failed": 0
    },
    "UNGS": {
      "method": "UNGS",
      "n_reps": 500,
      "target": 0.95,
      "coverage": 0.21,
      "coverage_lo": 0.1765772705084025,
      "coverage_hi": 0.24784484695929782,
      "coverage_gap": -0.74,
      "meets_target": false,
      "significantly_below": true,
      "mean_obj": -17.532232120466297,
      "obj_se": 0.03448636005815982,
      "mean_oracle_gap": 0.040974082909855554,
      "oracle_gap_se": 0.024698540474995586,
      "mean_rel_oracle_gap": 0.0024129622539054082,
      "mean_excess_s": 0.0031401869158878505,
      "selected_s_std": 0.010903842789363311,
      "failure_rate": 0.0,
      "n_failed": 0
    },
    "_n_replication_errors": 0
  }
}