{
  "config": "paper_so",
  "n": 200,
  "split": 0.1,
  "d": 10,
  "reps": 500,
  "mesh_p": 60,
  "include_existing": false,
  "folds": null,
  "elapsed_s": 0.43838930130004883,
  "summaries": {
    "NV": {
      "method": "NV",
      "n_reps": 500,
      "target": 0.95,
      "coverage": 0.204,
      "coverage_lo": 0.1709982729111479,
      "coverage_hi": 0.241515336642091,
      "coverage_gap": -0.746,
      "meets_target": false,
      "significantly_below": true,
      "mean_obj": -8.207757109331519,
      "obj_se": 0.020922020164511546,
      "mean_oracle_gap": -0.031091602260511456,
      "oracle_gap_se": 0.012572361238260487,
      "mean_rel_oracle_gap": -0.004153706990119669,
      "mean_excess_s": -0.3103448275862069,
      "selected_s_std": 5.301141783466731,
      "failure_rate": 0.0,
      "n_failed": 0
    },
    "UG": {
      "method": "UG",
      "n_reps": 500,
      "target": 0.95,
      "coverage": 0.226,
      "coverage_lo": 0.191509780865554,
      "coverage_hi": 0.2646683577073766,
      "coverage_gap": -0.724,
      "meets_target": false,
      "significantly_below": true,
      "mean_obj": -8.189557781383051,
      "obj_se": 0.021943622202017742,
      "mean_oracle_gap": 0.04142259393982885,
      "oracle_gap_se": 0.012712527011081637,
      "mean_rel_oracle_gap": 0.005435652783516903,
      "mean_excess_s": 1.2413793103448276,
      "selected_s_std": 5.085196007714329,
      "failure_rate": 0.0,
      "n_failed": 0
    },
    "NGS": {
      "method": "NGS",
      "n_reps": 500,
      "target": 0.95,
      "coverage": 0.226,
      "coverage_lo": 0.191509780865554,
      "coverage_hi": 0.2646683577073766,
      "coverage_gap": -0.724,
      "meets_target": false,
      "significantly_below": true,
      "mean_obj": -8.189228292411938,
      "obj_se": 0.02197453343688971,
      "mean_oracle_gap": 0.042933650022464985,
      "oracle_gap_se": 0.012716289294817459,
      "mean_rel_oracle_gap": 0.005642233784860766,
      "mean_excess_s": 1.2586206896551724,
      "selected_s_std": 5.085648793152609,
      "failure_rate": 0.0,
      "n_failed": 0
    },
    "UNGS": {
      "method": "UNGS",
      "n_reps": 500,
      "target": 0.95,
      "coverage": 0.226,
      "coverage_lo": 0.191509780865554,
      "coverage_hi": 0.2646683577073766,
      "coverage_gap": -0.724,
      "meets_target": false,
      "significantly_below": true,
      "mean_obj": -8.186688980495882,
      "obj_se": 0.022152056699535627,
      "mean_oracle_gap": 0.052994801630436905,
      "oracle_gap_se": 0.014290657962448921,
      "mean_rel_oracle_gap": 0.006955497967027886,
      "mean_excess_s": 1.5172413793103448,
      "selected_s_std": 5.048578045406559,
      "failure_rate": 0.0,
      "n_failed": 0
    },
    "benchmark": {
      "method": "benchmark",
      "n_reps": 500,
      "target": 0.95,
      "coverage": 1.0,
      "coverage_lo": 0.9923756595384479,
      "coverage_hi": 1.0,
      "coverage_gap": 0.050000000000000044,
      "meets_target": true,
      "significantly_below": false,
      "mean_obj": -6.973782917430202,
      "obj_se": 0.01122781769904107,
      "mean_oracle_gap": 0.6883061136559473,
      "oracle_gap_se": 0.026874732064530053,
      "mean_rel_oracle_gap": 0.09018800508025922,
      "mean_excess_s": NaN,
      "selected_s_std": NaN,
      "failure_rate": 0.0,
      "n_failed": 0
    },
    "_n_replication_errors": 0
  }
}