{
  "config": "paper_saa",
  "n": 200,
  "split": 0.4,
  "d": 20,
  "reps": 500,
  "mesh_p": null,
  "include_existing": false,
  "folds": null,
  "elapsed_s": 2.7969045639038086,
  "summaries": {
    "NV": {
      "method": "NV",
      "n_reps": 500,
      "target": 0.95,
      "coverage": 0.44,
      "coverage_lo": 0.397111794441699,
      "coverage_hi": 0.4838031264136874,
      "coverage_gap": -0.51,
      "meets_target": false,
      "significantly_below": true,
      "mean_obj": -17.04523543389723,
      "obj_se": 0.019729448340755056,
      "mean_oracle_gap": -0.18803718958027407,
      "oracle_gap_se": 0.020451096582554215,
      "mean_rel_oracle_gap": -0.011257273170998373,
      "mean_excess_s": -0.009930069930069929,
      "selected_s_std": 0.02555935024153664,
      "failure_rate": 0.0,
      "n_failed": 0
    },
    "UG": {
      "method": "UG",
      "n_reps": 500,
      "target": 0.95,
      "coverage": 0.774,
      "coverage_lo": 0.7353316422926235,
      "coverage_hi": 0.8084902191344461,
      "coverage_gap": -0.17599999999999993,
      "meets_target": false,
      "significantly_below": true,
      "mean_obj": -16.625210341141692,
      "obj_se": 0.023207890158387805,
      "mean_oracle_gap": 0.2926430025533912,
      "oracle_gap_se": 0.021345165790163094,
      "mean_rel_oracle_gap": 0.017352993318778553,
      "mean_excess_s": 0.009426573426573423,
      "selected_s_std": 0.015148693072460317,
      "failure_rate": 0.0,
      "n_failed": 0
    },
    "NGS": {
      "method": "NGS",
      "n_reps": 500,
      "target": 0.95,
      "coverage": 0.79,
      "coverage_lo": 0.7521551530407024,
      "coverage_hi": 0.8234227294915976,
      "coverage_gap": -0.15999999999999992,
      "meets_target": false,
      "significantly_below": true,
      "mean_obj": -16.575506216374542,
      "obj_se": 0.02387733277640515,
      "mean_oracle_gap": 0.350573217899715,
      "oracle_gap_se": 0.021762023163316564,
      "mean_rel_oracle_gap": 0.020795390004457927,
      "mean_excess_s": 0.011608391608391605,
      "selected_s_std": 0.012835761666341042,
      "failure_rate": 0.0,
      "n_failed": 0
    },
    "UNGS": {
      "method": "UNGS",
      "n_reps": 500,
      "target": 0.95,
      "coverage": 0.792,
      "coverage_lo": 0.7542636968800828,
      "coverage_hi": 0.8252836882903708,
      "coverage_gap": -0.15799999999999992,
      "meets_target": false,
      "significantly_below": true,
      "mean_obj": -16.545950184186275,
      "obj_se": 0.024822400424097106,
      "mean_oracle_gap": 0.3850208078627318,
      "oracle_gap_se": 0.022780227870350642,
      "mean_rel_oracle_gap": 0.022843470904170923,
      "mean_excess_s": 0.012643356643356642,
      "selected_s_std": 0.01195274865463177,
      "failure_rate": 0.0,
      "n_failed": 0
    },
    "_n_replication_errors": 0
  }
}