{
  "config": "paper_dro_wasserstein",
  "n": 200,
  "split": 0.4,
  "d": 10,
  "reps": 500,
  "mesh_p": null,
  "include_existing": false,
  "folds": null,
  "elapsed_s": 38.849884271621704,
  "summaries": {
    "NV": {
      "method": "NV",
      "n_reps": 500,
      "target": 0.95,
      "coverage": 0.568,
      "coverage_lo": 0.5242253434338132,
      "coverage_hi": 0.6107377462634155,
      "coverage_gap": -0.382,
      "meets_target": false,
      "significantly_below": true,
      "mean_obj": -7.824802874790271,
      "obj_se": 0.013418482528981125,
      "mean_oracle_gap": -0.07129811659790425,
      "oracle_gap_se": 0.013675332599186935,
      "mean_rel_oracle_gap": -0.009342959641593472,
      "mean_excess_s": -0.001390335254936861,
      "selected_s_std": 0.024569871714407325,
      "failure_rate": 0.0,
      "n_failed": 0
    },
    "UG": {
      "method": "UG",
      "n_reps": 500,
      "target": 0.95,
      "coverage": 0.954,
      "coverage_lo": 0.9319222072317267,
      "coverage_hi": 0.9691548916291838,
      "coverage_gap": 0.0040000000000000036,
      "meets_target": true,
      "significantly_below": false,
      "mean_obj": -7.353063358405821,
      "obj_se": 0.014645601505683333,
      "mean_oracle_gap": 0.40044139978654597,
      "oracle_gap_se": 0.015145059535388528,
      "mean_rel_oracle_gap": 0.05147971859682778,
      "mean_excess_s": 0.032814919712108065,
      "selected_s_std": 0.03710500277875834,
      "failure_rate": 0.0,
      "n_failed": 0
    },
    "NGS": {
      "method": "NGS",
      "n_reps": 500,
      "target": 0.95,
      "coverage": 0.978,
      "coverage_lo": 0.9610391387886836,
      "coverage_hi": 0.9876719917300725,
      "coverage_gap": 0.028000000000000025,
      "meets_target": true,
      "significantly_below": false,
      "mean_obj": -7.224632522502261,
      "obj_se": 0.015210486239089657,
      "mean_oracle_gap": 0.528872235690106,
      "oracle_gap_se": 0.015460520862481307,
      "mean_rel_oracle_gap": 0.0680782010748952,
      "mean_excess_s": 0.045220123639414994,
      "selected_s_std": 0.042384521022901814,
      "failure_rate": 0.0,
      "n_failed": 0
    },
    "UNGS": {
      "method": "UNGS",
      "n_reps": 500,
      "target": 0.95,
      "coverage": 0.988,
      "coverage_lo": 0.9740696388835527,
      "coverage_hi": 0.9944890048259724,
      "coverage_gap": 0.038000000000000034,
      "meets_target": true,
      "significantly_below": false,
      "mean_obj": -6.923427815848916,
      "obj_se": 0.018752763444030086,
      "mean_oracle_gap": 0.8300769423434511,
      "oracle_gap_se": 0.01866347799892309,
      "mean_rel_oracle_gap": 0.10698033200694915,
      "mean_excess_s": 0.08352350854979348,
      "selected_s_std": 0.06804376844463071,
      "failure_rate": 0.0,
      "n_failed": 0
    },
    "_n_replication_errors": 0
  }
}