{
  "config": "paper_dro_wasserstein",
  "n": 100,
  "split": 0.5,
  "d": 5,
  "reps": 500,
  "mesh_p": null,
  "include_existing": false,
  "folds": null,
  "elapsed_s": 10.28660798072815,
  "summaries": {
    "NV": {
      "method": "NV",
      "n_reps": 500,
      "target": 0.95,
      "coverage": 0.474,
      "coverage_lo": 0.43059811407349635,
      "coverage_hi": 0.5177983516305045,
      "coverage_gap": -0.476,
      "meets_target": false,
      "significantly_below": true,
      "mean_obj": -3.5605617904172195,
      "obj_se": 0.009959873546016703,
      "mean_oracle_gap": -0.06075367449757435,
      "oracle_gap_se": 0.0106139410638366,
      "mean_rel_oracle_gap": -0.017907009898302226,
      "mean_excess_s": -0.001587387686151662,
      "selected_s_std": 0.021611872681063706,
      "failure_rate": 0.0,
      "n_failed": 0
    },
    "UG": {
      "method": "UG",
      "n_reps": 500,
      "target": 0.95,
      "coverage": 0.896,
      "coverage_lo": 0.8661557291243417,
      "coverage_hi": 0.919805793230109,
      "coverage_gap": -0.05399999999999994,
      "meets_target": false,
      "significantly_below": true,
      "mean_obj": -3.2205264712621497,
      "obj_se": 0.011636656202326475,
      "mean_oracle_gap": 0.27928164465749544,
      "oracle_gap_se": 0.012306059253857277,
      "mean_rel_oracle_gap": 0.07924825371468111,
      "mean_excess_s": 0.0328293534496373,
      "selected_s_std": 0.04018286833070625,
      "failure_rate": 0.0,
      "n_failed": 0
    },
    "NGS": {
      "method": "NGS",
      "n_reps": 500,
      "target": 0.95,
      "coverage": 0.934,
      "coverage_lo": 0.9087605988391466,
      "coverage_hi": 0.9526214736402262,
      "coverage_gap": -0.015999999999999903,
      "meets_target": false,
      "significantly_below": false,
      "mean_obj": -3.124828719061432,
      "obj_se": 0.012694504751342218,
      "mean_oracle_gap": 0.3749793968582137,
      "oracle_gap_se": 0.013078154123068253,
      "mean_rel_oracle_gap": 0.10673538582050665,
      "mean_excess_s": 0.048642519884170524,
      "selected_s_std": 0.053171788550079646,
      "failure_rate": 0.0,
      "n_failed": 0
    },
    "UNGS": {
      "method": "UNGS",
      "n_reps": 500,
      "target": 0.95,
      "coverage": 0.964,
      "coverage_lo": 0.9438156730319722,
      "coverage_hi": 0.9771089390197072,
      "coverage_gap": 0.014000000000000012,
      "meets_target": true,
      "significantly_below": false,
      "mean_obj": -1.9524004750161104,
      "obj_se": 0.05456505990328008,
      "mean_oracle_gap": 1.547407640903535,
      "oracle_gap_se": 0.054076217478359334,
      "mean_rel_oracle_gap": 0.4432200714868704,
      "mean_excess_s": 1.3122359404771906,
      "selected_s_std": 1.4403508542055055,
      "failure_rate": 0.0,
      "n_failed": 0
    },
    "_n_replication_errors": 0
  }
}