{
  "config": "paper_ro_ellipsoid",
  "n": 1000,
  "split": 0.7,
  "d": 10,
  "reps": 500,
  "mesh_p": null,
  "include_existing": false,
  "folds": null,
  "elapsed_s": 0.6453728675842285,
  "summaries": {
    "NV": {
      "method": "NV",
      "n_reps": 500,
      "target": 0.95,
      "coverage": 0.842,
      "coverage_lo": 0.8074376489887337,
      "coverage_hi": 0.8713473021355645,
      "coverage_gap": -0.10799999999999998,
      "meets_target": false,
      "significantly_below": true,
      "mean_obj": -7.5620783148854605,
      "obj_se": 0.010859366570671396,
      "mean_oracle_gap": -0.10120159946277796,
      "oracle_gap_se": 0.011697928994261475,
      "mean_rel_oracle_gap": -0.013728101467624515,
      "mean_excess_s": -0.21285768048468978,
      "selected_s_std": 0.534572247321544,
      "failure_rate": 0.0,
      "n_failed": 0
    },
    "UG": {
      "method": "UG",
      "n_reps": 500,
      "target": 0.95,
      "coverage": 0.994,
      "coverage_lo": 0.9825097478959467,
      "coverage_hi": 0.9979574037280398,
      "coverage_gap": 0.04400000000000004,
      "meets_target": true,
      "significantly_below": false,
      "mean_obj": -7.431820521237205,
      "obj_se": 0.005389275693809264,
      "mean_oracle_gap": 0.0290561941854786,
      "oracle_gap_se": 0.0063069693308737355,
      "mean_rel_oracle_gap": 0.0037724231047131535,
      "mean_excess_s": 0.08337948015440705,
      "selected_s_std": 0.323644039458871,
      "failure_rate": 0.0,
      "n_failed": 0
    },
    "NGS": {
      "method": "NGS",
      "n_reps": 500,
      "target": 0.95,
      "coverage": 0.996,
      "coverage_lo": 0.9855342847848231,
      "coverage_hi": 0.9989023694773173,
      "coverage_gap": 0.04600000000000004,
      "meets_target": true,
      "significantly_below": false,
      "mean_obj": -7.414146187543376,
      "obj_se": 0.006036041997481789,
      "mean_oracle_gap": 0.04673052787930723,
      "oracle_gap_se": 0.007065650775859516,
      "mean_rel_oracle_gap": 0.006129206456404178,
      "mean_excess_s": 0.1379815863427235,
      "selected_s_std": 0.4074189124258883,
      "failure_rate": 0.0,
      "n_failed": 0
    },
    "UNGS": {
      "method": "UNGS",
      "n_reps": 500,
      "target": 0.95,
      "coverage": 0.994,
      "coverage_lo": 0.9825097478959467,
      "coverage_hi": 0.9979574037280398,
      "coverage_gap": 0.04400000000000004,
      "meets_target": true,
      "significantly_below": false,
      "mean_obj": -7.404681622582421,
      "obj_se": 0.006768405852569907,
      "mean_oracle_gap": 0.056195092840262154,
      "oracle_gap_se": 0.007729614594617566,
      "mean_rel_oracle_gap": 0.0073958860897023315,
      "mean_excess_s": 0.16968928327812816,
      "selected_s_std": 0.4609064856369483,
      "failure_rate": 0.0,
      "n_failed": 0
    },
    "benchmark": {
      "method": "benchmark",
      "n_reps": 500,
      "target": 0.95,
      "coverage": 1.0,
      "coverage_lo": 0.9923756595384479,
      "coverage_hi": 1.0,
      "coverage_gap": 0.050000000000000044,
      "meets_target": true,
      "significantly_below": false,
      "mean_obj": -6.901634398385975,
      "obj_se": 7.95206533574069e-17,
      "mean_oracle_gap": 0.5592423170367093,
      "oracle_gap_se": 0.004244750582824007,
      "mean_rel_oracle_gap": 0.07481141439012347,
      "mean_excess_s": NaN,
      "selected_s_std": NaN,
      "failure_rate": 0.0,
      "n_failed": 0
    },
    "_n_replication_errors": 0
  }
}