{
  "config": "paper_so",
  "n": 500,
  "split": 0.2,
  "d": 2,
  "reps": 500,
  "mesh_p": 60,
  "include_existing": false,
  "folds": null,
  "elapsed_s": 0.7315323352813721,
  "summaries": {
    "NV": {
      "method": "NV",
      "n_reps": 500,
      "target": 0.95,
      "coverage": 0.866,
      "coverage_lo": 0.8333339846536646,
      "coverage_hi": 0.8930849981284793,
      "coverage_gap": -0.08399999999999996,
      "meets_target": false,
      "significantly_below": true,
      "mean_obj": -1.103622415656407,
      "obj_se": 0.004276906584139659,
      "mean_oracle_gap": -0.003982061536842721,
      "oracle_gap_se": 0.0025250292603260886,
      "mean_rel_oracle_gap": -0.004466558345337058,
      "mean_excess_s": -0.052,
      "selected_s_std": 15.174179630375734,
      "failure_rate": 0.0,
      "n_failed": 0
    },
    "UG": {
      "method": "UG",
      "n_reps": 500,
      "target": 0.95,
      "coverage": 0.994,
      "coverage_lo": 0.9825097478959467,
      "coverage_hi": 0.9979574037280398,
      "coverage_gap": 0.04400000000000004,
      "meets_target": true,
      "significantly_below": false,
      "mean_obj": -1.065189540103502,
      "obj_se": 0.0037735517394944075,
      "mean_oracle_gap": 0.034450814016062224,
      "oracle_gap_se": 0.0028970477562257034,
      "mean_rel_oracle_gap": 0.029431570389230145,
      "mean_excess_s": 6.082,
      "selected_s_std": 17.9378453720949,
      "failure_rate": 0.0,
      "n_failed": 0
    },
    "NGS": {
      "method": "NGS",
      "n_reps": 500,
      "target": 0.95,
      "coverage": 0.998,
      "coverage_lo": 0.9887592932948532,
      "coverage_hi": 0.9996468636054407,
      "coverage_gap": 0.04800000000000004,
      "meets_target": true,
      "significantly_below": false,
      "mean_obj": -1.0500248923919708,
      "obj_se": 0.0036442975590740443,
      "mean_oracle_gap": 0.04961546172759362,
      "oracle_gap_se": 0.003260816350364736,
      "mean_rel_oracle_gap": 0.042628200602779144,
      "mean_excess_s": 8.744,
      "selected_s_std": 19.315080135512837,
      "failure_rate": 0.0,
      "n_failed": 0
    },
    "UNGS": {
      "method": "UNGS",
      "n_reps": 500,
      "target": 0.95,
      "coverage": 1.0,
      "coverage_lo": 0.9923756595384479,
      "coverage_hi": 1.0,
      "coverage_gap": 0.050000000000000044,
      "meets_target": true,
      "significantly_below": false,
      "mean_obj": -1.0296199312624148,
      "obj_se": 0.0034298459592143555,
      "mean_oracle_gap": 0.07002042285714932,
      "oracle_gap_se": 0.0036447758854914183,
      "mean_rel_oracle_gap": 0.06040200926682023,
      "mean_excess_s": 14.12,
      "selected_s_std": 22.118447401001312,
      "failure_rate": 0.0,
      "n_failed": 0
    },
    "benchmark": {
      "method": "benchmark",
      "n_reps": 500,
      "target": 0.95,
      "coverage": 1.0,
      "coverage_lo": 0.9923756595384479,
      "coverage_hi": 1.0,
      "coverage_gap": 0.050000000000000044,
      "meets_target": true,
      "significantly_below": false,
      "mean_obj": -0.8315731610074997,
      "obj_se": 0.002314228432131207,
      "mean_oracle_gap": 0.2680671931120646,
      "oracle_gap_se": 0.004393120615823058,
      "mean_rel_oracle_gap": 0.23873283521818744,
      "mean_excess_s": NaN,
      "selected_s_std": NaN,
      "failure_rate": 0.0,
      "n_failed": 0
    },
    "_n_replication_errors": 0
  }
}