{
  "config": "paper_so",
  "n": 200,
  "split": 0.2,
  "d": 50,
  "reps": 500,
  "mesh_p": 60,
  "include_existing": false,
  "folds": null,
  "elapsed_s": 1.732034683227539,
  "summaries": {
    "NV": {
      "method": "NV",
      "n_reps": 500,
      "target": 0.95,
      "coverage": 0.342,
      "coverage_lo": 0.3017655066658599,
      "coverage_hi": 0.38464378491999074,
      "coverage_gap": -0.6079999999999999,
      "meets_target": false,
      "significantly_below": true,
      "mean_obj": -46.02955079096125,
      "obj_se": 0.038015875138494616,
      "mean_oracle_gap": -0.1421287394889463,
      "oracle_gap_se": 0.032270506371144515,
      "mean_rel_oracle_gap": -0.003159096632932231,
      "mean_excess_s": -1.6359649122807018,
      "selected_s_std": 10.709013303375047,
      "failure_rate": 0.0,
      "n_failed": 0
    },
    "UG": {
      "method": "UG",
      "n_reps": 500,
      "target": 0.95,
      "coverage": 0.426,
      "coverage_lo": 0.38338257836675194,
      "coverage_hi": 0.46974582402155785,
      "coverage_gap": -0.524,
      "meets_target": false,
      "significantly_below": true,
      "mean_obj": -45.88514445677877,
      "obj_se": 0.04251077980919493,
      "mean_oracle_gap": 0.14989593367907253,
      "oracle_gap_se": 0.028905412281957445,
      "mean_rel_oracle_gap": 0.0033068854741501496,
      "mean_excess_s": 3.763157894736842,
      "selected_s_std": 9.519329559929158,
      "failure_rate": 0.0,
      "n_failed": 0
    },
    "NGS": {
      "method": "NGS",
      "n_reps": 500,
      "target": 0.95,
      "coverage": 0.43,
      "coverage_lo": 0.38730164759035934,
      "coverage_hi": 0.4737657600742581,
      "coverage_gap": -0.52,
      "meets_target": false,
      "significantly_below": true,
      "mean_obj": -45.8747923987235,
      "obj_se": 0.04285108811383115,
      "mean_oracle_gap": 0.17046016363624056,
      "oracle_gap_se": 0.02968075595758581,
      "mean_rel_oracle_gap": 0.0037588066601889165,
      "mean_excess_s": 4.350877192982456,
      "selected_s_std": 9.364535495693323,
      "failure_rate": 0.0,
      "n_failed": 0
    },
    "UNGS": {
      "method": "UNGS",
      "n_reps": 500,
      "target": 0.95,
      "coverage": 0.44,
      "coverage_lo": 0.397111794441699,
      "coverage_hi": 0.4838031264136874,
      "coverage_gap": -0.51,
      "meets_target": false,
      "significantly_below": true,
      "mean_obj": -45.8592454286718,
      "obj_se": 0.04343831476279394,
      "mean_oracle_gap": 0.20774861680932882,
      "oracle_gap_se": 0.028404428022382362,
      "mean_rel_oracle_gap": 0.004584739547281549,
      "mean_excess_s": 5.4868421052631575,
      "selected_s_std": 9.067348986074736,
      "failure_rate": 0.0,
      "n_failed": 0
    },
    "benchmark": {
      "method": "benchmark",
      "n_reps": 500,
      "target": 0.95,
      "coverage": 1.0,
      "coverage_lo": 0.9923756595384479,
      "coverage_hi": 1.0,
      "coverage_gap": 0.050000000000000044,
      "meets_target": true,
      "significantly_below": false,
      "mean_obj": -43.74463975566441,
      "obj_se": 0.03372942145415557,
      "mean_oracle_gap": 1.676072717516068,
      "oracle_gap_se": 0.04402163135699263,
      "mean_rel_oracle_gap": 0.03700277450217721,
      "mean_excess_s": null,
      "selected_s_std": null,
      "failure_rate": 0.0,
      "n_failed": 0
    },
    "_n_replication_errors": 0
  }
}