{
  "config": "paper_dro_wasserstein",
  "n": 200,
  "split": 0.6,
  "d": 5,
  "reps": 500,
  "mesh_p": null,
  "include_existing": false,
  "folds": null,
  "elapsed_s": 152.32795357704163,
  "summaries": {
    "NV": {
      "method": "NV",
      "n_reps": 500,
      "target": 0.95,
      "coverage": 0.492,
      "coverage_lo": 0.44840780608924286,
      "coverage_hi": 0.535714183358142,
      "coverage_gap": -0.45799999999999996,
      "meets_target": false,
      "significantly_below": true,
      "mean_obj": -3.5814808581722044,
      "obj_se": 0.007559301118966262,
      "mean_oracle_gap": -0.023409349510921218,
      "oracle_gap_se": 0.007586919590765888,
      "mean_rel_oracle_gap": -0.006697385181097827,
      "mean_excess_s": 0.0009177544365601505,
      "selected_s_std": 0.012400838812526021,
      "failure_rate": 0.0,
      "n_failed": 0
    },
    "UG": {
      "method": "UG",
      "n_reps": 500,
      "target": 0.95,
      "coverage": 0.934,
      "coverage_lo": 0.9087605988391466,
      "coverage_hi": 0.9526214736402262,
      "coverage_gap": -0.015999999999999903,
      "meets_target": false,
      "significantly_below": false,
      "mean_obj": -3.299130721175259,
      "obj_se": 0.00870020304904835,
      "mean_oracle_gap": 0.25894078748602406,
      "oracle_gap_se": 0.008886105157017089,
      "mean_rel_oracle_gap": 0.07261604140700766,
      "mean_excess_s": 0.023392491468085475,
      "selected_s_std": 0.025557755919828784,
      "failure_rate": 0.0,
      "n_failed": 0
    },
    "NGS": {
      "method": "NGS",
      "n_reps": 500,
      "target": 0.95,
      "coverage": 0.97,
      "coverage_lo": 0.9510963331640543,
      "coverage_hi": 0.9817367868020865,
      "coverage_gap": 0.020000000000000018,
      "meets_target": true,
      "significantly_below": false,
      "mean_obj": -3.2022921985243817,
      "obj_se": 0.008847660355969974,
      "mean_oracle_gap": 0.35577931013690184,
      "oracle_gap_se": 0.008930528259753908,
      "mean_rel_oracle_gap": 0.09987393748235704,
      "mean_excess_s": 0.035137542366554114,
      "selected_s_std": 0.03119024699373993,
      "failure_rate": 0.0,
      "n_failed": 0
    },
    "UNGS": {
      "method": "UNGS",
      "n_reps": 500,
      "target": 0.95,
      "coverage": 0.974,
      "coverage_lo": 0.9560285091657758,
      "coverage_hi": 0.9847436160766728,
      "coverage_gap": 0.02400000000000002,
      "meets_target": true,
      "significantly_below": false,
      "mean_obj": -3.018241677192934,
      "obj_se": 0.014560114664808733,
      "mean_oracle_gap": 0.539829831468349,
      "oracle_gap_se": 0.01448525386337896,
      "mean_rel_oracle_gap": 0.15168587153735585,
      "mean_excess_s": 0.07751171571931664,
      "selected_s_std": 0.14801442765994874,
      "failure_rate": 0.0,
      "n_failed": 0
    },
    "_n_replication_errors": 0
  }
}