{
  "config": "paper_so",
  "n": 1000,
  "split": 0.9,
  "d": 10,
  "reps": 500,
  "mesh_p": 60,
  "include_existing": false,
  "folds": null,
  "elapsed_s": 8.948992729187012,
  "summaries": {
    "NV": {
      "method": "NV",
      "n_reps": 500,
      "target": 0.95,
      "coverage": 0.76,
      "coverage_lo": 0.7206732029933738,
      "coverage_hi": 0.7953621399666191,
      "coverage_gap": -0.18999999999999995,
      "meets_target": false,
      "significantly_below": true,
      "mean_obj": -7.61392776616618,
      "obj_se": 0.014851508998372981,
      "mean_oracle_gap": -0.027813330605633353,
      "oracle_gap_se": 0.012900588694570678,
      "mean_rel_oracle_gap": -0.00396818891941963,
      "mean_excess_s": 0.32,
      "selected_s_std": 32.77165401094712,
      "failure_rate": 0.0,
      "n_failed": 0
    },
    "UG": {
      "method": "UG",
      "n_reps": 500,
      "target": 0.95,
      "coverage": 0.962,
      "coverage_lo": 0.9414152274693561,
      "coverage_hi": 0.9755398819441696,
      "coverage_gap": 0.01200000000000001,
      "meets_target": true,
      "significantly_below": false,
      "mean_obj": -7.343155560724103,
      "obj_se": 0.013644083285543144,
      "mean_oracle_gap": 0.24295887483644327,
      "oracle_gap_se": 0.013679832921094282,
      "mean_rel_oracle_gap": 0.031516484332124055,
      "mean_excess_s": 39.07,
      "selected_s_std": 64.78298011843891,
      "failure_rate": 0.0,
      "n_failed": 0
    },
    "NGS": {
      "method": "NGS",
      "n_reps": 500,
      "target": 0.95,
      "coverage": 0.998,
      "coverage_lo": 0.9887592932948532,
      "coverage_hi": 0.9996468636054407,
      "coverage_gap": 0.04800000000000004,
      "meets_target": true,
      "significantly_below": false,
      "mean_obj": -7.159426137305217,
      "obj_se": 0.013020862630836155,
      "mean_oracle_gap": 0.4266882982553295,
      "oracle_gap_se": 0.014639615639967263,
      "mean_rel_oracle_gap": 0.05556193078944303,
      "mean_excess_s": 89.686,
      "selected_s_std": 105.35147432420948,
      "failure_rate": 0.0,
      "n_failed": 0
    },
    "UNGS": {
      "method": "UNGS",
      "n_reps": 500,
      "target": 0.95,
      "coverage": 1.0,
      "coverage_lo": 0.9923756595384479,
      "coverage_hi": 1.0,
      "coverage_gap": 0.050000000000000044,
      "meets_target": true,
      "significantly_below": false,
      "mean_obj": -6.812120424427765,
      "obj_se": 0.013542977885492009,
      "mean_oracle_gap": 0.7739940111327817,
      "oracle_gap_se": 0.01617741146945522,
      "mean_rel_oracle_gap": 0.10123673754044059,
      "mean_excess_s": 286.222,
      "selected_s_std": 223.0283375598478,
      "failure_rate": 0.0,
      "n_failed": 0
    },
    "benchmark": {
      "method": "benchmark",
      "n_reps": 500,
      "target": 0.95,
      "coverage": 1.0,
      "coverage_lo": 0.9923756595384479,
      "coverage_hi": 1.0,
      "coverage_gap": 0.050000000000000044,
      "meets_target": true,
      "significantly_below": false,
      "mean_obj": -6.401307420945202,
      "obj_se": 0.008278091924154395,
      "mean_oracle_gap": 1.184807014615344,
      "oracle_gap_se": 0.012680450963763652,
      "mean_rel_oracle_gap": 0.15538031470979438,
      "mean_excess_s": null,
      "selected_s_std": null,
      "failure_rate": 0.0,
      "n_failed": 0
    },
    "_n_replication_errors": 0
  }
}