{
  "config": "paper_saa",
  "n": 400,
  "split": 0.8,
  "d": 5,
  "reps": 500,
  "mesh_p": null,
  "include_existing": false,
  "folds": null,
  "elapsed_s": 130.01583313941956,
  "summaries": {
    "NV": {
      "method": "NV",
      "n_reps": 500,
      "target": 0.95,
      "coverage": 0.436,
      "coverage_lo": 0.39318560312305606,
      "coverage_hi": 0.47979031245602277,
      "coverage_gap": -0.514,
      "meets_target": false,
      "significantly_below": true,
      "mean_obj": -3.6111048640198686,
      "obj_se": 0.005558227089633795,
      "mean_oracle_gap": -0.020634901689759594,
      "oracle_gap_se": 0.005598771971657693,
      "mean_rel_oracle_gap": -0.005781283041053164,
      "mean_excess_s": -0.005008,
      "selected_s_std": 0.02196076077981034,
      "failure_rate": 0.0,
      "n_failed": 0
    },
    "UG": {
      "method": "UG",
      "n_reps": 500,
      "target": 0.95,
      "coverage": 0.924,
      "coverage_lo": 0.8974035863260316,
      "coverage_hi": 0.9441309729625723,
      "coverage_gap": -0.025999999999999912,
      "meets_target": false,
      "significantly_below": true,
      "mean_obj": -3.3665416595886146,
      "obj_se": 0.007908576456044444,
      "mean_oracle_gap": 0.22392830274149467,
      "oracle_gap_se": 0.007953400544466721,
      "mean_rel_oracle_gap": 0.062331847167705616,
      "mean_excess_s": 0.029688000000000003,
      "selected_s_std": 0.02347109252609979,
      "failure_rate": 0.0,
      "n_failed": 0
    },
    "NGS": {
      "method": "NGS",
      "n_reps": 500,
      "target": 0.95,
      "coverage": 0.964,
      "coverage_lo": 0.9438156730319722,
      "coverage_hi": 0.9771089390197072,
      "coverage_gap": 0.014000000000000012,
      "meets_target": true,
      "significantly_below": false,
      "mean_obj": -3.273650226128466,
      "obj_se": 0.00841864597188187,
      "mean_oracle_gap": 0.31681973620164233,
      "oracle_gap_se": 0.008471236561896033,
      "mean_rel_oracle_gap": 0.0882013775977106,
      "mean_excess_s": 0.03964800000000001,
      "selected_s_std": 0.021036850957222488,
      "failure_rate": 0.0,
      "n_failed": 0
    },
    "UNGS": {
      "method": "UNGS",
      "n_reps": 500,
      "target": 0.95,
      "coverage": 0.97,
      "coverage_lo": 0.9510963331640543,
      "coverage_hi": 0.9817367868020865,
      "coverage_gap": 0.020000000000000018,
      "meets_target": true,
      "significantly_below": false,
      "mean_obj": -3.157658409259614,
      "obj_se": 0.01003419907834875,
      "mean_oracle_gap": 0.43281155307049496,
      "oracle_gap_se": 0.010058319032791046,
      "mean_rel_oracle_gap": 0.12051638684479689,
      "mean_excess_s": 0.04859200000000001,
      "selected_s_std": 0.022555424144019842,
      "failure_rate": 0.0,
      "n_failed": 0
    },
    "_n_replication_errors": 0
  }
}