{
  "config": "paper_ro_ellipsoid",
  "n": 1000,
  "split": 0.1,
  "d": 10,
  "reps": 500,
  "mesh_p": null,
  "include_existing": false,
  "folds": null,
  "elapsed_s": 0.6485376358032227,
  "summaries": {
    "NV": {
      "method": "NV",
      "n_reps": 500,
      "target": 0.95,
      "coverage": 0.962,
      "coverage_lo": 0.9414152274693561,
      "coverage_hi": 0.9755398819441696,
      "coverage_gap": 0.01200000000000001,
      "meets_target": true,
      "significantly_below": false,
      "mean_obj": -7.601061383774314,
      "obj_se": 0.00781940822187821,
      "mean_oracle_gap": -0.00708685419799404,
      "oracle_gap_se": 0.007033156888549141,
      "mean_rel_oracle_gap": -0.0011022676796943428,
      "mean_excess_s": -0.008445378661845922,
      "selected_s_std": 0.5383366168256386,
      "failure_rate": 0.0,
      "n_failed": 0
    },
    "UG": {
      "method": "UG",
      "n_reps": 500,
      "target": 0.95,
      "coverage": 0.998,
      "coverage_lo": 0.9887592932948532,
      "coverage_hi": 0.9996468636054407,
      "coverage_gap": 0.04800000000000004,
      "meets_target": true,
      "significantly_below": false,
      "mean_obj": -7.514244243477793,
      "obj_se": 0.007267787271312831,
      "mean_oracle_gap": 0.07973028609852639,
      "oracle_gap_se": 0.008377399644792123,
      "mean_rel_oracle_gap": 0.010213913430255406,
      "mean_excess_s": 0.22942252723248024,
      "selected_s_std": 0.5957021458234143,
      "failure_rate": 0.0,
      "n_failed": 0
    },
    "NGS": {
      "method": "NGS",
      "n_reps": 500,
      "target": 0.95,
      "coverage": 1.0,
      "coverage_lo": 0.9923756595384479,
      "coverage_hi": 1.0,
      "coverage_gap": 0.050000000000000044,
      "meets_target": true,
      "significantly_below": false,
      "mean_obj": -7.470338440631724,
      "obj_se": 0.00692651574450751,
      "mean_oracle_gap": 0.12363608894459761,
      "oracle_gap_se": 0.009547515033106723,
      "mean_rel_oracle_gap": 0.015886821404399197,
      "mean_excess_s": 0.36754260305077924,
      "selected_s_std": 0.6851702078120468,
      "failure_rate": 0.0,
      "n_failed": 0
    },
    "UNGS": {
      "method": "UNGS",
      "n_reps": 500,
      "target": 0.95,
      "coverage": 1.0,
      "coverage_lo": 0.9923756595384479,
      "coverage_hi": 1.0,
      "coverage_gap": 0.050000000000000044,
      "meets_target": true,
      "significantly_below": false,
      "mean_obj": -7.476296569874238,
      "obj_se": 0.007028326974948985,
      "mean_oracle_gap": 0.11767795970208227,
      "oracle_gap_se": 0.009315075484379298,
      "mean_rel_oracle_gap": 0.015126597316408752,
      "mean_excess_s": 0.35335001148470124,
      "selected_s_std": 0.7013821173372152,
      "failure_rate": 0.0,
      "n_failed": 0
    },
    "benchmark": {
      "method": "benchmark",
      "n_reps": 500,
      "target": 0.95,
      "coverage": 1.0,
      "coverage_lo": 0.9923756595384479,
      "coverage_hi": 1.0,
      "coverage_gap": 0.050000000000000044,
      "meets_target": true,
      "significantly_below": false,
      "mean_obj": -6.901634398385975,
      "obj_se": 7.95206533574069e-17,
      "mean_oracle_gap": 0.6923401311903468,
      "oracle_gap_se": 0.007120797130121471,
      "mean_rel_oracle_gap": 0.09077114306548545,
      "mean_excess_s": NaN,
      "selected_s_std": NaN,
      "failure_rate": 0.0,
      "n_failed": 0
    },
    "_n_replication_errors": 0
  }
}