{
  "config": "paper_ro_ellipsoid",
  "n": 200,
  "split": 0.1,
  "d": 50,
  "reps": 500,
  "mesh_p": null,
  "include_existing": false,
  "folds": null,
  "elapsed_s": 3.697421073913574,
  "summaries": {
    "NV": {
      "method": "NV",
      "n_reps": 500,
      "target": 0.95,
      "coverage": 0.734,
      "coverage_lo": 0.6935922104844646,
      "coverage_hi": 0.770839598179529,
      "coverage_gap": -0.21599999999999997,
      "meets_target": false,
      "significantly_below": true,
      "mean_obj": -45.32494353441306,
      "obj_se": 0.026923237478822738,
      "mean_oracle_gap": -0.0799104605384695,
      "oracle_gap_se": 0.028961002579449578,
      "mean_rel_oracle_gap": -0.001808902527343779,
      "mean_excess_s": -0.05783601185020762,
      "selected_s_std": 2.841397406329568,
      "failure_rate": 0.0,
      "n_failed": 0
    },
    "UG": {
      "method": "UG",
      "n_reps": 500,
      "target": 0.95,
      "coverage": 0.972,
      "coverage_lo": 0.9535535973250512,
      "coverage_hi": 0.9832490252792435,
      "coverage_gap": 0.02200000000000002,
      "meets_target": true,
      "significantly_below": false,
      "mean_obj": -44.47122662390898,
      "obj_se": 0.028204472892209842,
      "mean_oracle_gap": 0.7738064499656178,
      "oracle_gap_se": 0.03012517773783613,
      "mean_rel_oracle_gap": 0.017061142518618566,
      "mean_excess_s": 2.088184371735251,
      "selected_s_std": 4.224836608693527,
      "failure_rate": 0.0,
      "n_failed": 0
    },
    "NGS": {
      "method": "NGS",
      "n_reps": 500,
      "target": 0.95,
      "coverage": 0.99,
      "coverage_lo": 0.9768069002442693,
      "coverage_hi": 0.9957212461034096,
      "coverage_gap": 0.040000000000000036,
      "meets_target": true,
      "significantly_below": false,
      "mean_obj": -44.16438211799493,
      "obj_se": 0.029500682651822575,
      "mean_oracle_gap": 1.0806509558796533,
      "oracle_gap_se": 0.03136896767262664,
      "mean_rel_oracle_gap": 0.02384314695736457,
      "mean_excess_s": 3.1383645582968507,
      "selected_s_std": 5.059726657418,
      "failure_rate": 0.0,
      "n_failed": 0
    },
    "UNGS": {
      "method": "UNGS",
      "n_reps": 500,
      "target": 0.95,
      "coverage": 0.994,
      "coverage_lo": 0.9825097478959467,
      "coverage_hi": 0.9979574037280398,
      "coverage_gap": 0.04400000000000004,
      "meets_target": true,
      "significantly_below": false,
      "mean_obj": -43.87274398847116,
      "obj_se": 0.03273567849788646,
      "mean_oracle_gap": 1.37228908540344,
      "oracle_gap_se": 0.03673532844507234,
      "mean_rel_oracle_gap": 0.03026909147402801,
      "mean_excess_s": 4.645144814120047,
      "selected_s_std": 6.812125103080957,
      "failure_rate": 0.0,
      "n_failed": 0
    },
    "benchmark": {
      "method": "benchmark",
      "n_reps": 500,
      "target": 0.95,
      "coverage": 1.0,
      "coverage_lo": 0.9923756595384479,
      "coverage_hi": 1.0,
      "coverage_gap": 0.050000000000000044,
      "meets_target": true,
      "significantly_below": false,
      "mean_obj": -42.46409155317787,
      "obj_se": 3.180826134296276e-16,
      "mean_oracle_gap": 2.780941520696712,
      "oracle_gap_se": 0.015305773703502744,
      "mean_rel_oracle_gap": 0.06141005770999006,
      "mean_excess_s": NaN,
      "selected_s_std": NaN,
      "failure_rate": 0.0,
      "n_failed": 0
    },
    "_n_replication_errors": 0
  }
}