{
  "config": "paper_dro_wasserstein",
  "n": 100,
  "split": 0.6,
  "d": 10,
  "reps": 500,
  "mesh_p": null,
  "include_existing": false,
  "folds": null,
  "elapsed_s": 16.206880807876587,
  "summaries": {
    "NV": {
      "method": "NV",
      "n_reps": 500,
      "target": 0.95,
      "coverage": 0.51,
      "coverage_lo": 0.4662736879310782,
      "coverage_hi": 0.5535738252596908,
      "coverage_gap": -0.43999999999999995,
      "meets_target": false,
      "significantly_below": true,
      "mean_obj": -7.849259632459717,
      "obj_se": 0.020418782704354353,
      "mean_oracle_gap": -0.11535723130100306,
      "oracle_gap_se": 0.021128994153410716,
      "mean_rel_oracle_gap": -0.015184830884148067,
      "mean_excess_s": -0.0012292261839035984,
      "selected_s_std": 0.040125075511223934,
      "failure_rate": 0.0,
      "n_failed": 0
    },
    "UG": {
      "method": "UG",
      "n_reps": 500,
      "target": 0.95,
      "coverage": 0.946,
      "coverage_lo": 0.9225734384893529,
      "coverage_hi": 0.9626256498189425,
      "coverage_gap": -0.0040000000000000036,
      "meets_target": false,
      "significantly_below": false,
      "mean_obj": -7.007758392384074,
      "obj_se": 0.023264900708451365,
      "mean_oracle_gap": 0.7261440087746391,
      "oracle_gap_se": 0.02330214955612335,
      "mean_rel_oracle_gap": 0.0937704731322707,
      "mean_excess_s": 0.07746704565219678,
      "selected_s_std": 0.07485414823187089,
      "failure_rate": 0.0,
      "n_failed": 0
    },
    "NGS": {
      "method": "NGS",
      "n_reps": 500,
      "target": 0.95,
      "coverage": 0.946,
      "coverage_lo": 0.9225734384893529,
      "coverage_hi": 0.9626256498189425,
      "coverage_gap": -0.0040000000000000036,
      "meets_target": false,
      "significantly_below": false,
      "mean_obj": -7.007758392384074,
      "obj_se": 0.023264900708451365,
      "mean_oracle_gap": 0.7261440087746391,
      "oracle_gap_se": 0.02330214955612335,
      "mean_rel_oracle_gap": 0.0937704731322707,
      "mean_excess_s": 0.07746704565219678,
      "selected_s_std": 0.07485414823187089,
      "failure_rate": 0.0,
      "n_failed": 0
    },
    "UNGS": {
      "method": "UNGS",
      "n_reps": 500,
      "target": 0.95,
      "coverage": 0.976,
      "coverage_lo": 0.9585229425360993,
      "coverage_hi": 0.986218685344503,
      "coverage_gap": 0.026000000000000023,
      "meets_target": true,
      "significantly_below": false,
      "mean_obj": -3.2219566244254847,
      "obj_se": 0.09519994714036105,
      "mean_oracle_gap": 4.511945776733228,
      "oracle_gap_se": 0.09447970001847682,
      "mean_rel_oracle_gap": 0.5840054155228492,
      "mean_excess_s": 2.2563961341801884,
      "selected_s_std": 1.2420678297013041,
      "failure_rate": 0.0,
      "n_failed": 0
    },
    "_n_replication_errors": 0
  }
}