{
  "config": "paper_so",
  "n": 1000,
  "split": 0.3,
  "d": 10,
  "reps": 500,
  "mesh_p": 60,
  "include_existing": false,
  "folds": null,
  "elapsed_s": 3.3641114234924316,
  "summaries": {
    "NV": {
      "method": "NV",
      "n_reps": 500,
      "target": 0.95,
      "coverage": 0.848,
      "coverage_lo": 0.8138858517125613,
      "coverage_hi": 0.8768076073261983,
      "coverage_gap": -0.10199999999999998,
      "meets_target": false,
      "significantly_below": true,
      "mean_obj": -7.636770769609733,
      "obj_se": 0.010655859574634793,
      "mean_oracle_gap": -0.011901843662078053,
      "oracle_gap_se": 0.007280509018234718,
      "mean_rel_oracle_gap": -0.0017445712421100615,
      "mean_excess_s": 0.45,
      "selected_s_std": 24.59653909538783,
      "failure_rate": 0.0,
      "n_failed": 0
    },
    "UG": {
      "method": "UG",
      "n_reps": 500,
      "target": 0.95,
      "coverage": 0.992,
      "coverage_lo": 0.9796129641658948,
      "coverage_hi": 0.9968846848199377,
      "coverage_gap": 0.04200000000000004,
      "meets_target": true,
      "significantly_below": false,
      "mean_obj": -7.498961808258463,
      "obj_se": 0.009697098001611794,
      "mean_oracle_gap": 0.12590711768919147,
      "oracle_gap_se": 0.008415614210801153,
      "mean_rel_oracle_gap": 0.016188684473029697,
      "mean_excess_s": 14.054,
      "selected_s_std": 31.68917246162489,
      "failure_rate": 0.0,
      "n_failed": 0
    },
    "NGS": {
      "method": "NGS",
      "n_reps": 500,
      "target": 0.95,
      "coverage": 1.0,
      "coverage_lo": 0.9923756595384479,
      "coverage_hi": 1.0,
      "coverage_gap": 0.050000000000000044,
      "meets_target": true,
      "significantly_below": false,
      "mean_obj": -7.447868405192683,
      "obj_se": 0.009355056886160687,
      "mean_oracle_gap": 0.17700052075497108,
      "oracle_gap_se": 0.009312101974570035,
      "mean_rel_oracle_gap": 0.022796228469034167,
      "mean_excess_s": 21.392,
      "selected_s_std": 35.91602854175869,
      "failure_rate": 0.0,
      "n_failed": 0
    },
    "UNGS": {
      "method": "UNGS",
      "n_reps": 500,
      "target": 0.95,
      "coverage": 1.0,
      "coverage_lo": 0.9923756595384479,
      "coverage_hi": 1.0,
      "coverage_gap": 0.050000000000000044,
      "meets_target": true,
      "significantly_below": false,
      "mean_obj": -7.366672788528894,
      "obj_se": 0.009287242638508317,
      "mean_oracle_gap": 0.25819613741876096,
      "oracle_gap_se": 0.010540693038147201,
      "mean_rel_oracle_gap": 0.03333905712821193,
      "mean_excess_s": 34.45,
      "selected_s_std": 44.64318294619162,
      "failure_rate": 0.0,
      "n_failed": 0
    },
    "benchmark": {
      "method": "benchmark",
      "n_reps": 500,
      "target": 0.95,
      "coverage": 1.0,
      "coverage_lo": 0.9923756595384479,
      "coverage_hi": 1.0,
      "coverage_gap": 0.050000000000000044,
      "meets_target": true,
      "significantly_below": false,
      "mean_obj": -6.407962109227914,
      "obj_se": 0.008047459359835198,
      "mean_oracle_gap": 1.2169068167197408,
      "oracle_gap_se": 0.01212824590359373,
      "mean_rel_oracle_gap": 0.15892001337872944,
      "mean_excess_s": null,
      "selected_s_std": null,
      "failure_rate": 0.0,
      "n_failed": 0
    },
    "_n_replication_errors": 0
  }
}