{
  "config": "paper_so",
  "n": 200,
  "split": 0.1,
  "d": 50,
  "reps": 500,
  "mesh_p": 60,
  "include_existing": false,
  "folds": null,
  "elapsed_s": 0.8631675243377686,
  "summaries": {
    "NV": {
      "method": "NV",
      "n_reps": 500,
      "target": 0.95,
      "coverage": 0.132,
      "coverage_lo": 0.10511672384831994,
      "coverage_hi": 0.1644947907313825,
      "coverage_gap": -0.818,
      "meets_target": false,
      "significantly_below": true,
      "mean_obj": -46.75997785660435,
      "obj_se": 0.0476471563240343,
      "mean_oracle_gap": -0.0885043802867108,
      "oracle_gap_se": 0.04826231391122635,
      "mean_rel_oracle_gap": -0.0019630203259248416,
      "mean_excess_s": -1.0,
      "selected_s_std": 5.490940251878488,
      "failure_rate": 0.0,
      "n_failed": 0
    },
    "UG": {
      "method": "UG",
      "n_reps": 500,
      "target": 0.95,
      "coverage": 0.16,
      "coverage_lo": 0.13047637235016407,
      "coverage_hi": 0.19470817916369149,
      "coverage_gap": -0.7899999999999999,
      "meets_target": false,
      "significantly_below": true,
      "mean_obj": -46.72161309293078,
      "obj_se": 0.049729575169151746,
      "mean_oracle_gap": 0.11674376002135246,
      "oracle_gap_se": 0.0471588447269955,
      "mean_rel_oracle_gap": 0.002565094974526945,
      "mean_excess_s": 0.7701149425287356,
      "selected_s_std": 5.407304493346711,
      "failure_rate": 0.0,
      "n_failed": 0
    },
    "NGS": {
      "method": "NGS",
      "n_reps": 500,
      "target": 0.95,
      "coverage": 0.164,
      "coverage_lo": 0.13412892031587176,
      "coverage_hi": 0.1989946364742914,
      "coverage_gap": -0.7859999999999999,
      "meets_target": false,
      "significantly_below": true,
      "mean_obj": -46.71836520533057,
      "obj_se": 0.04995785480014054,
      "mean_oracle_gap": 0.135423272554386,
      "oracle_gap_se": 0.04620529240613715,
      "mean_rel_oracle_gap": 0.002979290680485014,
      "mean_excess_s": 1.1954022988505748,
      "selected_s_std": 5.349299581442794,
      "failure_rate": 0.0,
      "n_failed": 0
    },
    "UNGS": {
      "method": "UNGS",
      "n_reps": 500,
      "target": 0.95,
      "coverage": 0.164,
      "coverage_lo": 0.13412892031587176,
      "coverage_hi": 0.1989946364742914,
      "coverage_gap": -0.7859999999999999,
      "meets_target": false,
      "significantly_below": true,
      "mean_obj": -46.71843217528879,
      "obj_se": 0.05004991942132203,
      "mean_oracle_gap": 0.1380087093404178,
      "oracle_gap_se": 0.04691253235650199,
      "mean_rel_oracle_gap": 0.003038077488291617,
      "mean_excess_s": 1.1494252873563218,
      "selected_s_std": 5.374940368779534,
      "failure_rate": 0.0,
      "n_failed": 0
    },
    "benchmark": {
      "method": "benchmark",
      "n_reps": 500,
      "target": 0.95,
      "coverage": 1.0,
      "coverage_lo": 0.9923756595384479,
      "coverage_hi": 1.0,
      "coverage_gap": 0.050000000000000044,
      "meets_target": true,
      "significantly_below": false,
      "mean_obj": -43.715993632983256,
      "obj_se": 0.032227446793259375,
      "mean_oracle_gap": 1.7319440003061213,
      "oracle_gap_se": 0.07894601235111738,
      "mean_rel_oracle_gap": 0.038300143591606335,
      "mean_excess_s": null,
      "selected_s_std": null,
      "failure_rate": 0.0,
      "n_failed": 0
    },
    "_n_replication_errors": 0
  }
}