{
  "config": "paper_ro_ellipsoid",
  "n": 500,
  "split": 0.5,
  "d": 2,
  "reps": 500,
  "mesh_p": null,
  "include_existing": false,
  "folds": null,
  "elapsed_s": 0.42944765090942383,
  "summaries": {
    "NV": {
      "method": "NV",
      "n_reps": 500,
      "target": 0.95,
      "coverage": 0.95,
      "coverage_lo": 0.9272318388284524,
      "coverage_hi": 0.9659062547561506,
      "coverage_gap": 0.0,
      "meets_target": true,
      "significantly_below": false,
      "mean_obj": -1.176833681806926,
      "obj_se": 0.0018923564372202502,
      "mean_oracle_gap": 0.007024489223545585,
      "oracle_gap_se": 0.0021114533693182237,
      "mean_rel_oracle_gap": 0.005490022372302775,
      "mean_excess_s": 0.07466855210813478,
      "selected_s_std": 0.42449769870915366,
      "failure_rate": 0.0,
      "n_failed": 0
    },
    "UG": {
      "method": "UG",
      "n_reps": 500,
      "target": 0.95,
      "coverage": 0.994,
      "coverage_lo": 0.9825097478959467,
      "coverage_hi": 0.9979574037280398,
      "coverage_gap": 0.04400000000000004,
      "meets_target": true,
      "significantly_below": false,
      "mean_obj": -1.1272611341537317,
      "obj_se": 0.0021354781351857624,
      "mean_oracle_gap": 0.05659703687673986,
      "oracle_gap_se": 0.0025468059688521782,
      "mean_rel_oracle_gap": 0.04720027569061556,
      "mean_excess_s": 0.5438266635073332,
      "selected_s_std": 0.5815029654789985,
      "failure_rate": 0.0,
      "n_failed": 0
    },
    "NGS": {
      "method": "NGS",
      "n_reps": 500,
      "target": 0.95,
      "coverage": 0.998,
      "coverage_lo": 0.9887592932948532,
      "coverage_hi": 0.9996468636054407,
      "coverage_gap": 0.04800000000000004,
      "meets_target": true,
      "significantly_below": false,
      "mean_obj": -1.1042556729469863,
      "obj_se": 0.002123590645594821,
      "mean_oracle_gap": 0.07960249808348528,
      "oracle_gap_se": 0.002471260347508929,
      "mean_rel_oracle_gap": 0.06670334462088315,
      "mean_excess_s": 0.7815547551737516,
      "selected_s_std": 0.6037174781912834,
      "failure_rate": 0.0,
      "n_failed": 0
    },
    "UNGS": {
      "method": "UNGS",
      "n_reps": 500,
      "target": 0.95,
      "coverage": 0.998,
      "coverage_lo": 0.9887592932948532,
      "coverage_hi": 0.9996468636054407,
      "coverage_gap": 0.04800000000000004,
      "meets_target": true,
      "significantly_below": false,
      "mean_obj": -1.0925546367564871,
      "obj_se": 0.0022378943819677767,
      "mean_oracle_gap": 0.09130353427398459,
      "oracle_gap_se": 0.0026000796431773347,
      "mean_rel_oracle_gap": 0.07656597858808209,
      "mean_excess_s": 0.9210890536280808,
      "selected_s_std": 0.6799554914258495,
      "failure_rate": 0.0,
      "n_failed": 0
    },
    "benchmark": {
      "method": "benchmark",
      "n_reps": 500,
      "target": 0.95,
      "coverage": 1.0,
      "coverage_lo": 0.9923756595384479,
      "coverage_hi": 1.0,
      "coverage_gap": 0.050000000000000044,
      "meets_target": true,
      "significantly_below": false,
      "mean_obj": -0.9727869233715889,
      "obj_se": 0.0,
      "mean_oracle_gap": 0.21107124765888277,
      "oracle_gap_se": 0.0012787135239236175,
      "mean_rel_oracle_gap": 0.1778104757735735,
      "mean_excess_s": null,
      "selected_s_std": null,
      "failure_rate": 0.0,
      "n_failed": 0
    },
    "_n_replication_errors": 0
  }
}