{
  "config": "paper_saa",
  "n": 200,
  "split": 0.7,
  "d": 5,
  "reps": 500,
  "mesh_p": null,
  "include_existing": false,
  "folds": null,
  "elapsed_s": 8.829153537750244,
  "summaries": {
    "NV": {
      "method": "NV",
      "n_reps": 500,
      "target": 0.95,
      "coverage": 0.366,
      "coverage_lo": 0.32494760488221347,
      "coverage_hi": 0.40909571836148256,
      "coverage_gap": -0.584,
      "meets_target": false,
      "significantly_below": true,
      "mean_obj": -3.6262418065872732,
      "obj_se": 0.0072068636593271024,
      "mean_oracle_gap": -0.07001516042292469,
      "oracle_gap_se": 0.007504842607446142,
      "mean_rel_oracle_gap": -0.019857938158321622,
      "mean_excess_s": -0.012816000000000003,
      "selected_s_std": 0.025932257672172547,
      "failure_rate": 0.0,
      "n_failed": 0
    },
    "UG": {
      "method": "UG",
      "n_reps": 500,
      "target": 0.95,
      "coverage": 0.824,
      "coverage_lo": 0.78818582871064,
      "coverage_hi": 0.854873598670274,
      "coverage_gap": -0.126,
      "meets_target": false,
      "significantly_below": true,
      "mean_obj": -3.3895691367200547,
      "obj_se": 0.00926470332897384,
      "mean_oracle_gap": 0.1666575094442943,
      "oracle_gap_se": 0.00938542800016593,
      "mean_rel_oracle_gap": 0.04674744521123439,
      "mean_excess_s": 0.01796,
      "selected_s_std": 0.025715993479569918,
      "failure_rate": 0.0,
      "n_failed": 0
    },
    "NGS": {
      "method": "NGS",
      "n_reps": 500,
      "target": 0.95,
      "coverage": 0.926,
      "coverage_lo": 0.8996652466777695,
      "coverage_hi": 0.945838815248988,
      "coverage_gap": -0.02399999999999991,
      "meets_target": false,
      "significantly_below": true,
      "mean_obj": -3.290708245366483,
      "obj_se": 0.009481215349710826,
      "mean_oracle_gap": 0.26551840079786587,
      "oracle_gap_se": 0.009656682455750337,
      "mean_rel_oracle_gap": 0.07452887621918824,
      "mean_excess_s": 0.028768000000000002,
      "selected_s_std": 0.0209522407581044,
      "failure_rate": 0.0,
      "n_failed": 0
    },
    "UNGS": {
      "method": "UNGS",
      "n_reps": 500,
      "target": 0.95,
      "coverage": 0.942,
      "coverage_lo": 0.917943812143745,
      "coverage_hi": 0.9593162708882429,
      "coverage_gap": -0.008000000000000007,
      "meets_target": false,
      "significantly_below": false,
      "mean_obj": -3.2156858709246334,
      "obj_se": 0.010194592298997232,
      "mean_oracle_gap": 0.3405407752397156,
      "oracle_gap_se": 0.010240444450388976,
      "mean_rel_oracle_gap": 0.09567596987890317,
      "mean_excess_s": 0.035103999999999996,
      "selected_s_std": 0.019605497572623354,
      "failure_rate": 0.0,
      "n_failed": 0
    },
    "_n_replication_errors": 0
  }
}