{
  "config": "paper_so",
  "n": 1000,
  "split": 0.1,
  "d": 10,
  "reps": 500,
  "mesh_p": 60,
  "include_existing": false,
  "folds": null,
  "elapsed_s": 1.6454343795776367,
  "summaries": {
    "NV": {
      "method": "NV",
      "n_reps": 500,
      "target": 0.95,
      "coverage": 0.83,
      "coverage_lo": 0.7945883013993367,
      "coverage_hi": 0.8603796338960388,
      "coverage_gap": -0.12,
      "meets_target": false,
      "significantly_below": true,
      "mean_obj": -7.676827783927984,
      "obj_se": 0.009797467888476689,
      "mean_oracle_gap": -0.02052592847626364,
      "oracle_gap_se": 0.007016782290081838,
      "mean_rel_oracle_gap": -0.002881681520273131,
      "mean_excess_s": 0.012195121951219513,
      "selected_s_std": 23.29526180245437,
      "failure_rate": 0.0,
      "n_failed": 0
    },
    "UG": {
      "method": "UG",
      "n_reps": 500,
      "target": 0.95,
      "coverage": 0.964,
      "coverage_lo": 0.9438156730319722,
      "coverage_hi": 0.9771089390197072,
      "coverage_gap": 0.014000000000000012,
      "meets_target": true,
      "significantly_below": false,
      "mean_obj": -7.561885325181447,
      "obj_se": 0.010007507873173838,
      "mean_oracle_gap": 0.0961257279172646,
      "oracle_gap_se": 0.007331812453196495,
      "mean_rel_oracle_gap": 0.01236568266090935,
      "mean_excess_s": 9.579268292682928,
      "selected_s_std": 25.525546164852734,
      "failure_rate": 0.0,
      "n_failed": 0
    },
    "NGS": {
      "method": "NGS",
      "n_reps": 500,
      "target": 0.95,
      "coverage": 0.984,
      "coverage_lo": 0.9687488914666058,
      "coverage_hi": 0.9918707469666117,
      "coverage_gap": 0.03400000000000003,
      "meets_target": true,
      "significantly_below": false,
      "mean_obj": -7.5145887186259985,
      "obj_se": 0.010022022235176583,
      "mean_oracle_gap": 0.14419138498580955,
      "oracle_gap_se": 0.008410869270803851,
      "mean_rel_oracle_gap": 0.018573618122763078,
      "mean_excess_s": 14.258130081300813,
      "selected_s_std": 26.44026170214197,
      "failure_rate": 0.0,
      "n_failed": 0
    },
    "UNGS": {
      "method": "UNGS",
      "n_reps": 500,
      "target": 0.95,
      "coverage": 0.984,
      "coverage_lo": 0.9687488914666058,
      "coverage_hi": 0.9918707469666117,
      "coverage_gap": 0.03400000000000003,
      "meets_target": true,
      "significantly_below": false,
      "mean_obj": -7.457901339601843,
      "obj_se": 0.010353772974990592,
      "mean_oracle_gap": 0.20180051001035806,
      "oracle_gap_se": 0.009257622797409076,
      "mean_rel_oracle_gap": 0.026063479942235776,
      "mean_excess_s": 20.25609756097561,
      "selected_s_std": 26.090022279121385,
      "failure_rate": 0.0,
      "n_failed": 0
    },
    "benchmark": {
      "method": "benchmark",
      "n_reps": 500,
      "target": 0.95,
      "coverage": 1.0,
      "coverage_lo": 0.9923756595384479,
      "coverage_hi": 1.0,
      "coverage_gap": 0.050000000000000044,
      "meets_target": true,
      "significantly_below": false,
      "mean_obj": -6.3947337154397115,
      "obj_se": 0.0074214931256924785,
      "mean_oracle_gap": 1.2539470549020542,
      "oracle_gap_se": 0.011612143207857023,
      "mean_rel_oracle_gap": 0.16326791191744994,
      "mean_excess_s": NaN,
      "selected_s_std": NaN,
      "failure_rate": 0.0,
      "n_failed": 0
    },
    "_n_replication_errors": 0
  }
}