{
  "config": "paper_ro_ellipsoid",
  "n": 500,
  "split": 0.4,
  "d": 2,
  "reps": 500,
  "mesh_p": null,
  "include_existing": false,
  "folds": null,
  "elapsed_s": 0.40611886978149414,
  "summaries": {
    "NV": {
      "method": "NV",
      "n_reps": 500,
      "target": 0.95,
      "coverage": 0.93,
      "coverage_lo": 0.9042028101480832,
      "coverage_hi": 0.949240257054982,
      "coverage_gap": -0.019999999999999907,
      "meets_target": false,
      "significantly_below": true,
      "mean_obj": -1.1747535364992279,
      "obj_se": 0.001930832458302038,
      "mean_oracle_gap": 0.007062938911878139,
      "oracle_gap_se": 0.0021874791244950553,
      "mean_rel_oracle_gap": 0.005452078936197186,
      "mean_excess_s": 0.0687701371938158,
      "selected_s_std": 0.4192701455620387,
      "failure_rate": 0.0,
      "n_failed": 0
    },
    "UG": {
      "method": "UG",
      "n_reps": 500,
      "target": 0.95,
      "coverage": 0.994,
      "coverage_lo": 0.9825097478959467,
      "coverage_hi": 0.9979574037280398,
      "coverage_gap": 0.04400000000000004,
      "meets_target": true,
      "significantly_below": false,
      "mean_obj": -1.1273495566156817,
      "obj_se": 0.001987298889413874,
      "mean_oracle_gap": 0.054466918795424604,
      "oracle_gap_se": 0.0024945895654959987,
      "mean_rel_oracle_gap": 0.04537323499080265,
      "mean_excess_s": 0.5201386143731683,
      "selected_s_std": 0.545299897570232,
      "failure_rate": 0.0,
      "n_failed": 0
    },
    "NGS": {
      "method": "NGS",
      "n_reps": 500,
      "target": 0.95,
      "coverage": 0.996,
      "coverage_lo": 0.9855342847848231,
      "coverage_hi": 0.9989023694773173,
      "coverage_gap": 0.04600000000000004,
      "meets_target": true,
      "significantly_below": false,
      "mean_obj": -1.1102277142909953,
      "obj_se": 0.002065372073129956,
      "mean_oracle_gap": 0.07158876112011099,
      "oracle_gap_se": 0.0024969151978068344,
      "mean_rel_oracle_gap": 0.059925046616770616,
      "mean_excess_s": 0.6985772411613964,
      "selected_s_std": 0.5688016862498813,
      "failure_rate": 0.0,
      "n_failed": 0
    },
    "UNGS": {
      "method": "UNGS",
      "n_reps": 500,
      "target": 0.95,
      "coverage": 0.998,
      "coverage_lo": 0.9887592932948532,
      "coverage_hi": 0.9996468636054407,
      "coverage_gap": 0.04800000000000004,
      "meets_target": true,
      "significantly_below": false,
      "mean_obj": -1.1009502047109723,
      "obj_se": 0.0020751002197694135,
      "mean_oracle_gap": 0.08086627070013405,
      "oracle_gap_se": 0.0024891811789072397,
      "mean_rel_oracle_gap": 0.06779546663847628,
      "mean_excess_s": 0.8044827293246151,
      "selected_s_std": 0.6181417433951485,
      "failure_rate": 0.0,
      "n_failed": 0
    },
    "benchmark": {
      "method": "benchmark",
      "n_reps": 500,
      "target": 0.95,
      "coverage": 1.0,
      "coverage_lo": 0.9923756595384479,
      "coverage_hi": 1.0,
      "coverage_gap": 0.050000000000000044,
      "meets_target": true,
      "significantly_below": false,
      "mean_obj": -0.9727869233715889,
      "obj_se": 0.0,
      "mean_oracle_gap": 0.2090295520395172,
      "oracle_gap_se": 0.0013752099822780463,
      "mean_rel_oracle_gap": 0.17631292096977197,
      "mean_excess_s": null,
      "selected_s_std": null,
      "failure_rate": 0.0,
      "n_failed": 0
    },
    "_n_replication_errors": 0
  }
}