{
  "config": "paper_ro_ellipsoid",
  "n": 500,
  "split": 0.6,
  "d": 50,
  "reps": 500,
  "mesh_p": null,
  "include_existing": false,
  "folds": null,
  "elapsed_s": 3.664259433746338,
  "summaries": {
    "NV": {
      "method": "NV",
      "n_reps": 500,
      "target": 0.95,
      "coverage": 1.0,
      "coverage_lo": 0.9923756595384479,
      "coverage_hi": 1.0,
      "coverage_gap": 0.050000000000000044,
      "meets_target": true,
      "significantly_below": false,
      "mean_obj": -44.19072631575467,
      "obj_se": 0.017144792127046622,
      "mean_oracle_gap": 0.009997878780335525,
      "oracle_gap_se": 0.007062891724533245,
      "mean_rel_oracle_gap": 0.00022402235072022895,
      "mean_excess_s": 0.013076598267773,
      "selected_s_std": 0.20936885096831404,
      "failure_rate": 0.0,
      "n_failed": 0
    },
    "UG": {
      "method": "UG",
      "n_reps": 500,
      "target": 0.95,
      "coverage": 1.0,
      "coverage_lo": 0.9923756595384479,
      "coverage_hi": 1.0,
      "coverage_gap": 0.050000000000000044,
      "meets_target": true,
      "significantly_below": false,
      "mean_obj": -43.957800193262784,
      "obj_se": 0.03240148577747681,
      "mean_oracle_gap": 0.24292400127222624,
      "oracle_gap_se": 0.03338962874075788,
      "mean_rel_oracle_gap": 0.005454860665914993,
      "mean_excess_s": 0.31272403669157167,
      "selected_s_std": 0.9595100499554818,
      "failure_rate": 0.0,
      "n_failed": 0
    },
    "NGS": {
      "method": "NGS",
      "n_reps": 500,
      "target": 0.95,
      "coverage": 1.0,
      "coverage_lo": 0.9923756595384479,
      "coverage_hi": 1.0,
      "coverage_gap": 0.050000000000000044,
      "meets_target": true,
      "significantly_below": false,
      "mean_obj": -43.71876306219252,
      "obj_se": 0.041950000783780965,
      "mean_oracle_gap": 0.4819611323424825,
      "oracle_gap_se": 0.044576062434365155,
      "mean_rel_oracle_gap": 0.010842538922559989,
      "mean_excess_s": 0.6197438125790966,
      "selected_s_std": 1.2809543855743686,
      "failure_rate": 0.0,
      "n_failed": 0
    },
    "UNGS": {
      "method": "UNGS",
      "n_reps": 500,
      "target": 0.95,
      "coverage": 1.0,
      "coverage_lo": 0.9923756595384479,
      "coverage_hi": 1.0,
      "coverage_gap": 0.050000000000000044,
      "meets_target": true,
      "significantly_below": false,
      "mean_obj": -43.896972923999925,
      "obj_se": 0.035048543935961934,
      "mean_oracle_gap": 0.3037512705350767,
      "oracle_gap_se": 0.03684207570415034,
      "mean_rel_oracle_gap": 0.006822933459068486,
      "mean_excess_s": 0.3911285054695151,
      "selected_s_std": 1.0595669448723464,
      "failure_rate": 0.0,
      "n_failed": 0
    },
    "benchmark": {
      "method": "benchmark",
      "n_reps": 500,
      "target": 0.95,
      "coverage": 1.0,
      "coverage_lo": 0.9923756595384479,
      "coverage_hi": 1.0,
      "coverage_gap": 0.050000000000000044,
      "meets_target": true,
      "significantly_below": false,
      "mean_obj": -42.46409155317787,
      "obj_se": 3.180826134296276e-16,
      "mean_oracle_gap": 1.7366326413571227,
      "oracle_gap_se": 0.016162480895293145,
      "mean_rel_oracle_gap": 0.03922564154536584,
      "mean_excess_s": NaN,
      "selected_s_std": NaN,
      "failure_rate": 0.0,
      "n_failed": 0
    },
    "_n_replication_errors": 0
  }
}