{
  "config": "paper_saa",
  "n": 400,
  "split": 0.9,
  "d": 20,
  "reps": 500,
  "mesh_p": null,
  "include_existing": false,
  "folds": null,
  "elapsed_s": 369.8270924091339,
  "summaries": {
    "NV": {
      "method": "NV",
      "n_reps": 500,
      "target": 0.95,
      "coverage": 0.316,
      "coverage_lo": 0.27678362811990814,
      "coverage_hi": 0.3580221291699432,
      "coverage_gap": -0.6339999999999999,
      "meets_target": false,
      "significantly_below": true,
      "mean_obj": -17.2152143226474,
      "obj_se": 0.0214425028671618,
      "mean_oracle_gap": -0.18311935544482388,
      "oracle_gap_se": 0.021508359559526236,
      "mean_rel_oracle_gap": -0.010757433336806238,
      "mean_excess_s": -0.015791999999999997,
      "selected_s_std": 0.02724418902576002,
      "failure_rate": 0.0,
      "n_failed": 0
    },
    "UG": {
      "method": "UG",
      "n_reps": 500,
      "target": 0.95,
      "coverage": 0.888,
      "coverage_lo": 0.8573463119959378,
      "coverage_hi": 0.9127371998058978,
      "coverage_gap": -0.061999999999999944,
      "meets_target": false,
      "significantly_below": true,
      "mean_obj": -16.239399263087652,
      "obj_se": 0.028588609621567753,
      "mean_oracle_gap": 0.7926957041149214,
      "oracle_gap_se": 0.02873333326807791,
      "mean_rel_oracle_gap": 0.04653099513979427,
      "mean_excess_s": 0.029192000000000003,
      "selected_s_std": 0.02384838550053156,
      "failure_rate": 0.0,
      "n_failed": 0
    },
    "NGS": {
      "method": "NGS",
      "n_reps": 500,
      "target": 0.95,
      "coverage": 0.888,
      "coverage_lo": 0.8573463119959378,
      "coverage_hi": 0.9127371998058978,
      "coverage_gap": -0.061999999999999944,
      "meets_target": false,
      "significantly_below": true,
      "mean_obj": -16.238134761360488,
      "obj_se": 0.028605210014315596,
      "mean_oracle_gap": 0.7939602058420864,
      "oracle_gap_se": 0.028746591156339842,
      "mean_rel_oracle_gap": 0.046605399251350293,
      "mean_excess_s": 0.029216000000000002,
      "selected_s_std": 0.023867659171117248,
      "failure_rate": 0.0,
      "n_failed": 0
    },
    "UNGS": {
      "method": "UNGS",
      "n_reps": 500,
      "target": 0.95,
      "coverage": 0.94,
      "coverage_lo": 0.9156389368747802,
      "coverage_hi": 0.9576516435190539,
      "coverage_gap": -0.010000000000000009,
      "meets_target": false,
      "significantly_below": false,
      "mean_obj": -16.015986874222534,
      "obj_se": 0.02756828418071028,
      "mean_oracle_gap": 1.0161080929800401,
      "oracle_gap_se": 0.02768642616355506,
      "mean_rel_oracle_gap": 0.05964975610086191,
      "mean_excess_s": 0.036352,
      "selected_s_std": 0.0204315760184376,
      "failure_rate": 0.0,
      "n_failed": 0
    },
    "_n_replication_errors": 0
  }
}