{
  "config": "paper_dro_wasserstein",
  "n": 100,
  "split": 0.9,
  "d": 10,
  "reps": 500,
  "mesh_p": null,
  "include_existing": false,
  "folds": null,
  "elapsed_s": 67.42187762260437,
  "summaries": {
    "NV": {
      "method": "NV",
      "n_reps": 500,
      "target": 0.95,
      "coverage": 0.282,
      "coverage_lo": 0.2443364332272433,
      "coverage_hi": 0.32298777921399346,
      "coverage_gap": -0.6679999999999999,
      "meets_target": false,
      "significantly_below": true,
      "mean_obj": -8.042026839792168,
      "obj_se": 0.022991123422706948,
      "mean_oracle_gap": -0.2728714850130764,
      "oracle_gap_se": 0.02387443226802425,
      "mean_rel_oracle_gap": -0.03540157016387697,
      "mean_excess_s": -0.004944241019278417,
      "selected_s_std": 0.04015036191998025,
      "failure_rate": 0.0,
      "n_failed": 0
    },
    "UG": {
      "method": "UG",
      "n_reps": 500,
      "target": 0.95,
      "coverage": 0.65,
      "coverage_lo": 0.6071928710061952,
      "coverage_hi": 0.6905198268553391,
      "coverage_gap": -0.29999999999999993,
      "meets_target": false,
      "significantly_below": true,
      "mean_obj": -7.3802906500938645,
      "obj_se": 0.03733464649638453,
      "mean_oracle_gap": 0.38886470468522827,
      "oracle_gap_se": 0.037741842041303465,
      "mean_rel_oracle_gap": 0.04983837456110225,
      "mean_excess_s": 0.057608083405524126,
      "selected_s_std": 0.10092280470406763,
      "failure_rate": 0.0,
      "n_failed": 0
    },
    "NGS": {
      "method": "NGS",
      "n_reps": 500,
      "target": 0.95,
      "coverage": 0.65,
      "coverage_lo": 0.6071928710061952,
      "coverage_hi": 0.6905198268553391,
      "coverage_gap": -0.29999999999999993,
      "meets_target": false,
      "significantly_below": true,
      "mean_obj": -7.3802906500938645,
      "obj_se": 0.03733464649638453,
      "mean_oracle_gap": 0.38886470468522827,
      "oracle_gap_se": 0.037741842041303465,
      "mean_rel_oracle_gap": 0.04983837456110225,
      "mean_excess_s": 0.057608083405524126,
      "selected_s_std": 0.10092280470406763,
      "failure_rate": 0.0,
      "n_failed": 0
    },
    "UNGS": {
      "method": "UNGS",
      "n_reps": 500,
      "target": 0.95,
      "coverage": 0.862,
      "coverage_lo": 0.8289979864047199,
      "coverage_hi": 0.8894819911011163,
      "coverage_gap": -0.08799999999999997,
      "meets_target": false,
      "significantly_below": true,
      "mean_obj": -2.9044139102967637,
      "obj_se": 0.09825953291595631,
      "mean_oracle_gap": 4.86474144448233,
      "oracle_gap_se": 0.09825546935591575,
      "mean_rel_oracle_gap": 0.6261963072421877,
      "mean_excess_s": 2.5553473098769603,
      "selected_s_std": 1.0418669219599477,
      "failure_rate": 0.0,
      "n_failed": 0
    },
    "_n_replication_errors": 0
  }
}