{
  "config": "paper_ro_ellipsoid",
  "n": 1000,
  "split": 0.7,
  "d": 2,
  "reps": 500,
  "mesh_p": null,
  "include_existing": false,
  "folds": null,
  "elapsed_s": 0.4002501964569092,
  "summaries": {
    "NV": {
      "method": "NV",
      "n_reps": 500,
      "target": 0.95,
      "coverage": 0.988,
      "coverage_lo": 0.9740696388835527,
      "coverage_hi": 0.9944890048259724,
      "coverage_gap": 0.038000000000000034,
      "meets_target": true,
      "significantly_below": false,
      "mean_obj": -1.1832062623824846,
      "obj_se": 0.0015504855241103752,
      "mean_oracle_gap": 0.009496228911590368,
      "oracle_gap_se": 0.0016021440372983274,
      "mean_rel_oracle_gap": 0.007789425146958429,
      "mean_excess_s": 0.09054231617121682,
      "selected_s_std": 0.3205017175362768,
      "failure_rate": 0.0,
      "n_failed": 0
    },
    "UG": {
      "method": "UG",
      "n_reps": 500,
      "target": 0.95,
      "coverage": 1.0,
      "coverage_lo": 0.9923756595384479,
      "coverage_hi": 1.0,
      "coverage_gap": 0.050000000000000044,
      "meets_target": true,
      "significantly_below": false,
      "mean_obj": -1.1263423184441803,
      "obj_se": 0.0021045238529324548,
      "mean_oracle_gap": 0.0663601728498945,
      "oracle_gap_se": 0.0023180249430442344,
      "mean_rel_oracle_gap": 0.055341406264040216,
      "mean_excess_s": 0.6235882066179648,
      "selected_s_std": 0.49302785597069443,
      "failure_rate": 0.0,
      "n_failed": 0
    },
    "NGS": {
      "method": "NGS",
      "n_reps": 500,
      "target": 0.95,
      "coverage": 1.0,
      "coverage_lo": 0.9923756595384479,
      "coverage_hi": 1.0,
      "coverage_gap": 0.050000000000000044,
      "meets_target": true,
      "significantly_below": false,
      "mean_obj": -1.1103237732308848,
      "obj_se": 0.0019713842753896664,
      "mean_oracle_gap": 0.08237871806318975,
      "oracle_gap_se": 0.002115787998140957,
      "mean_rel_oracle_gap": 0.06883744121770957,
      "mean_excess_s": 0.7808185696116773,
      "selected_s_std": 0.4616952405930217,
      "failure_rate": 0.0,
      "n_failed": 0
    },
    "UNGS": {
      "method": "UNGS",
      "n_reps": 500,
      "target": 0.95,
      "coverage": 1.0,
      "coverage_lo": 0.9923756595384479,
      "coverage_hi": 1.0,
      "coverage_gap": 0.050000000000000044,
      "meets_target": true,
      "significantly_below": false,
      "mean_obj": -1.1025086766372298,
      "obj_se": 0.0019814611219694544,
      "mean_oracle_gap": 0.09019381465684503,
      "oracle_gap_se": 0.0021280468593665256,
      "mean_rel_oracle_gap": 0.07539046988899775,
      "mean_excess_s": 0.8654614093639224,
      "selected_s_std": 0.48136712189460873,
      "failure_rate": 0.0,
      "n_failed": 0
    },
    "benchmark": {
      "method": "benchmark",
      "n_reps": 500,
      "target": 0.95,
      "coverage": 1.0,
      "coverage_lo": 0.9923756595384479,
      "coverage_hi": 1.0,
      "coverage_gap": 0.050000000000000044,
      "meets_target": true,
      "significantly_below": false,
      "mean_obj": -0.9727869233715889,
      "obj_se": 0.0,
      "mean_oracle_gap": 0.2199155679224859,
      "oracle_gap_se": 0.0009092761107216224,
      "mean_rel_oracle_gap": 0.18414610138373105,
      "mean_excess_s": null,
      "selected_s_std": null,
      "failure_rate": 0.0,
      "n_failed": 0
    },
    "_n_replication_errors": 0
  }
}