{
  "config": "paper_dro_wasserstein",
  "n": 100,
  "split": 0.7,
  "d": 10,
  "reps": 500,
  "mesh_p": null,
  "include_existing": false,
  "folds": null,
  "elapsed_s": 23.195830821990967,
  "summaries": {
    "NV": {
      "method": "NV",
      "n_reps": 500,
      "target": 0.95,
      "coverage": 0.416,
      "coverage_lo": 0.3735974667931464,
      "coverage_hi": 0.4596834224043944,
      "coverage_gap": -0.534,
      "meets_target": false,
      "significantly_below": true,
      "mean_obj": -7.916590475040985,
      "obj_se": 0.021296210737807145,
      "mean_oracle_gap": -0.1685707426149982,
      "oracle_gap_se": 0.02200406622753516,
      "mean_rel_oracle_gap": -0.022001093274814202,
      "mean_excess_s": -0.002439539338137984,
      "selected_s_std": 0.03908530752651382,
      "failure_rate": 0.0,
      "n_failed": 0
    },
    "UG": {
      "method": "UG",
      "n_reps": 500,
      "target": 0.95,
      "coverage": 0.856,
      "coverage_lo": 0.8225095437017246,
      "coverage_hi": 0.8840619258896502,
      "coverage_gap": -0.09399999999999997,
      "meets_target": false,
      "significantly_below": true,
      "mean_obj": -7.248945872693354,
      "obj_se": 0.02499476551143813,
      "mean_oracle_gap": 0.49907385973263246,
      "oracle_gap_se": 0.025242373485443868,
      "mean_rel_oracle_gap": 0.0642635574869607,
      "mean_excess_s": 0.05189040050648721,
      "selected_s_std": 0.06757545332283492,
      "failure_rate": 0.0,
      "n_failed": 0
    },
    "NGS": {
      "method": "NGS",
      "n_reps": 500,
      "target": 0.95,
      "coverage": 0.922,
      "coverage_lo": 0.8951464501266115,
      "coverage_hi": 0.9424186065238385,
      "coverage_gap": -0.027999999999999914,
      "meets_target": false,
      "significantly_below": true,
      "mean_obj": -6.766663430635137,
      "obj_se": 0.031938913069456884,
      "mean_oracle_gap": 0.9813563017908505,
      "oracle_gap_se": 0.03186110010043788,
      "mean_rel_oracle_gap": 0.12659786600944012,
      "mean_excess_s": 0.12148858199674945,
      "selected_s_std": 0.11648540217029561,
      "failure_rate": 0.0,
      "n_failed": 0
    },
    "UNGS": {
      "method": "UNGS",
      "n_reps": 500,
      "target": 0.95,
      "coverage": 0.974,
      "coverage_lo": 0.9560285091657758,
      "coverage_hi": 0.9847436160766728,
      "coverage_gap": 0.02400000000000002,
      "meets_target": true,
      "significantly_below": false,
      "mean_obj": -2.8730413802425248,
      "obj_se": 0.08596869411087914,
      "mean_oracle_gap": 4.874978352183462,
      "oracle_gap_se": 0.08540076307013116,
      "mean_rel_oracle_gap": 0.6296259264474042,
      "mean_excess_s": 2.4812611823476036,
      "selected_s_std": 1.088115483404324,
      "failure_rate": 0.0,
      "n_failed": 0
    },
    "_n_replication_errors": 0
  }
}