{
  "config": "paper_ro_ellipsoid",
  "n": 200,
  "split": 0.2,
  "d": 2,
  "reps": 500,
  "mesh_p": null,
  "include_existing": false,
  "folds": null,
  "elapsed_s": 0.40627098083496094,
  "summaries": {
    "NV": {
      "method": "NV",
      "n_reps": 500,
      "target": 0.95,
      "coverage": 0.816,
      "coverage_lo": 0.7796708962064596,
      "coverage_hi": 0.8475105206218394,
      "coverage_gap": -0.134,
      "meets_target": false,
      "significantly_below": true,
      "mean_obj": -1.1779055073876694,
      "obj_se": 0.0025769554164517218,
      "mean_oracle_gap": -0.009879673539465898,
      "oracle_gap_se": 0.002822248537423619,
      "mean_rel_oracle_gap": -0.009246561358843787,
      "mean_excess_s": -0.057811163620381134,
      "selected_s_std": 0.7378575902046695,
      "failure_rate": 0.0,
      "n_failed": 0
    },
    "UG": {
      "method": "UG",
      "n_reps": 500,
      "target": 0.95,
      "coverage": 0.988,
      "coverage_lo": 0.9740696388835527,
      "coverage_hi": 0.9944890048259724,
      "coverage_gap": 0.038000000000000034,
      "meets_target": true,
      "significantly_below": false,
      "mean_obj": -1.1047227765353569,
      "obj_se": 0.002407650745304991,
      "mean_oracle_gap": 0.06330305731284673,
      "oracle_gap_se": 0.002648436203743831,
      "mean_rel_oracle_gap": 0.05350186132959619,
      "mean_excess_s": 0.6807045879053711,
      "selected_s_std": 0.9222228625559438,
      "failure_rate": 0.0,
      "n_failed": 0
    },
    "NGS": {
      "method": "NGS",
      "n_reps": 500,
      "target": 0.95,
      "coverage": 0.992,
      "coverage_lo": 0.9796129641658948,
      "coverage_hi": 0.9968846848199377,
      "coverage_gap": 0.04200000000000004,
      "meets_target": true,
      "significantly_below": false,
      "mean_obj": -1.0883238104522897,
      "obj_se": 0.002392740642703352,
      "mean_oracle_gap": 0.07970202339591365,
      "oracle_gap_se": 0.0027040379819172587,
      "mean_rel_oracle_gap": 0.06748626504396367,
      "mean_excess_s": 0.8870453927843385,
      "selected_s_std": 1.0272531240033123,
      "failure_rate": 0.0,
      "n_failed": 0
    },
    "UNGS": {
      "method": "UNGS",
      "n_reps": 500,
      "target": 0.95,
      "coverage": 0.994,
      "coverage_lo": 0.9825097478959467,
      "coverage_hi": 0.9979574037280398,
      "coverage_gap": 0.04400000000000004,
      "meets_target": true,
      "significantly_below": false,
      "mean_obj": -1.064032931317762,
      "obj_se": 0.0026174676396542402,
      "mean_oracle_gap": 0.10399290253044138,
      "oracle_gap_se": 0.0030177561828934603,
      "mean_rel_oracle_gap": 0.08817820743472402,
      "mean_excess_s": 1.2518915689599899,
      "selected_s_std": 1.3221708322260588,
      "failure_rate": 0.0,
      "n_failed": 0
    },
    "benchmark": {
      "method": "benchmark",
      "n_reps": 500,
      "target": 0.95,
      "coverage": 1.0,
      "coverage_lo": 0.9923756595384479,
      "coverage_hi": 1.0,
      "coverage_gap": 0.050000000000000044,
      "meets_target": true,
      "significantly_below": false,
      "mean_obj": -0.9727869233715889,
      "obj_se": 0.0,
      "mean_oracle_gap": 0.19523891047661462,
      "oracle_gap_se": 0.0016996660877053476,
      "mean_rel_oracle_gap": 0.1662615459863576,
      "mean_excess_s": null,
      "selected_s_std": null,
      "failure_rate": 0.0,
      "n_failed": 0
    },
    "_n_replication_errors": 0
  }
}