{
  "config": "paper_saa",
  "n": 200,
  "split": 0.7,
  "d": 20,
  "reps": 500,
  "mesh_p": null,
  "include_existing": false,
  "folds": null,
  "elapsed_s": 11.155771255493164,
  "summaries": {
    "NV": {
      "method": "NV",
      "n_reps": 500,
      "target": 0.95,
      "coverage": 0.406,
      "coverage_lo": 0.3638304421340635,
      "coverage_hi": 0.4496029338727085,
      "coverage_gap": -0.5439999999999999,
      "meets_target": false,
      "significantly_below": true,
      "mean_obj": -17.155255081138616,
      "obj_se": 0.022485361863184918,
      "mean_oracle_gap": -0.2193450034008319,
      "oracle_gap_se": 0.02313671864142176,
      "mean_rel_oracle_gap": -0.01301227775937564,
      "mean_excess_s": -0.01602409638554217,
      "selected_s_std": 0.030320786999161103,
      "failure_rate": 0.0,
      "n_failed": 0
    },
    "UG": {
      "method": "UG",
      "n_reps": 500,
      "target": 0.95,
      "coverage": 0.862,
      "coverage_lo": 0.8289979864047199,
      "coverage_hi": 0.8894819911011163,
      "coverage_gap": -0.08799999999999997,
      "meets_target": false,
      "significantly_below": true,
      "mean_obj": -16.503809825934564,
      "obj_se": 0.023286393892076245,
      "mean_oracle_gap": 0.4347164978080577,
      "oracle_gap_se": 0.02308388568485904,
      "mean_rel_oracle_gap": 0.025644159102892198,
      "mean_excess_s": 0.01338152610441767,
      "selected_s_std": 0.020930515448834695,
      "failure_rate": 0.0,
      "n_failed": 0
    },
    "NGS": {
      "method": "NGS",
      "n_reps": 500,
      "target": 0.95,
      "coverage": 0.938,
      "coverage_lo": 0.9133402868983618,
      "coverage_hi": 0.9559807908573184,
      "coverage_gap": -0.01200000000000001,
      "meets_target": false,
      "significantly_below": false,
      "mean_obj": -16.33934079934503,
      "obj_se": 0.02268824033375113,
      "mean_oracle_gap": 0.5998460425766672,
      "oracle_gap_se": 0.022792973322937407,
      "mean_rel_oracle_gap": 0.03538044955505925,
      "mean_excess_s": 0.019518072289156627,
      "selected_s_std": 0.015859687366613928,
      "failure_rate": 0.0,
      "n_failed": 0
    },
    "UNGS": {
      "method": "UNGS",
      "n_reps": 500,
      "target": 0.95,
      "coverage": 0.96,
      "coverage_lo": 0.9390264041651492,
      "coverage_hi": 0.9739592026102227,
      "coverage_gap": 0.010000000000000009,
      "meets_target": true,
      "significantly_below": false,
      "mean_obj": -16.26834564851618,
      "obj_se": 0.022624295250359354,
      "mean_oracle_gap": 0.6711263144931835,
      "oracle_gap_se": 0.022832868681627812,
      "mean_rel_oracle_gap": 0.03958441498871128,
      "mean_excess_s": 0.02184738955823293,
      "selected_s_std": 0.01401271910063091,
      "failure_rate": 0.0,
      "n_failed": 0
    },
    "_n_replication_errors": 0
  }
}