{
  "config": "paper_saa",
  "n": 400,
  "split": 0.8,
  "d": 10,
  "reps": 500,
  "mesh_p": null,
  "include_existing": false,
  "folds": null,
  "elapsed_s": 215.24584484100342,
  "summaries": {
    "NV": {
      "method": "NV",
      "n_reps": 500,
      "target": 0.95,
      "coverage": 0.406,
      "coverage_lo": 0.3638304421340635,
      "coverage_hi": 0.4496029338727085,
      "coverage_gap": -0.5439999999999999,
      "meets_target": false,
      "significantly_below": true,
      "mean_obj": -7.9660441496226175,
      "obj_se": 0.010337141667859887,
      "mean_oracle_gap": -0.06063935009218563,
      "oracle_gap_se": 0.010426080458418741,
      "mean_rel_oracle_gap": -0.007687549714743353,
      "mean_excess_s": -0.008064,
      "selected_s_std": 0.023303467707927693,
      "failure_rate": 0.0,
      "n_failed": 0
    },
    "UG": {
      "method": "UG",
      "n_reps": 500,
      "target": 0.95,
      "coverage": 0.91,
      "coverage_lo": 0.8816905887106666,
      "coverage_hi": 0.9320574521108606,
      "coverage_gap": -0.039999999999999925,
      "meets_target": false,
      "significantly_below": true,
      "mean_obj": -7.509998483407126,
      "obj_se": 0.013998231606496516,
      "mean_oracle_gap": 0.3954063161233055,
      "oracle_gap_se": 0.01413272920561473,
      "mean_rel_oracle_gap": 0.04999361361175446,
      "mean_excess_s": 0.026808,
      "selected_s_std": 0.02159868770599831,
      "failure_rate": 0.0,
      "n_failed": 0
    },
    "NGS": {
      "method": "NGS",
      "n_reps": 500,
      "target": 0.95,
      "coverage": 0.978,
      "coverage_lo": 0.9610391387886836,
      "coverage_hi": 0.9876719917300725,
      "coverage_gap": 0.028000000000000025,
      "meets_target": true,
      "significantly_below": false,
      "mean_obj": -7.35405235024329,
      "obj_se": 0.014580751536179472,
      "mean_oracle_gap": 0.5513524492871421,
      "oracle_gap_se": 0.01472157410661948,
      "mean_rel_oracle_gap": 0.06971912644229573,
      "mean_excess_s": 0.03572000000000001,
      "selected_s_std": 0.018563331882535592,
      "failure_rate": 0.0,
      "n_failed": 0
    },
    "UNGS": {
      "method": "UNGS",
      "n_reps": 500,
      "target": 0.95,
      "coverage": 0.984,
      "coverage_lo": 0.9687488914666058,
      "coverage_hi": 0.9918707469666117,
      "coverage_gap": 0.03400000000000003,
      "meets_target": true,
      "significantly_below": false,
      "mean_obj": -7.162773281783733,
      "obj_se": 0.015612636028715403,
      "mean_oracle_gap": 0.742631517746699,
      "oracle_gap_se": 0.015757794483351194,
      "mean_rel_oracle_gap": 0.09391381668357321,
      "mean_excess_s": 0.044120000000000006,
      "selected_s_std": 0.017536383478100097,
      "failure_rate": 0.0,
      "n_failed": 0
    },
    "_n_replication_errors": 0
  }
}