{
  "config": "paper_so",
  "n": 200,
  "split": 0.5,
  "d": 10,
  "reps": 500,
  "mesh_p": 60,
  "include_existing": false,
  "folds": null,
  "elapsed_s": 1.313288688659668,
  "summaries": {
    "NV": {
      "method": "NV",
      "n_reps": 500,
      "target": 0.95,
      "coverage": 0.632,
      "coverage_lo": 0.588871722496907,
      "coverage_hi": 0.6731154516212433,
      "coverage_gap": -0.31799999999999995,
      "meets_target": false,
      "significantly_below": true,
      "mean_obj": -7.7047901025977925,
      "obj_se": 0.015540663346171045,
      "mean_oracle_gap": -0.07960386954886717,
      "oracle_gap_se": 0.013881724461250107,
      "mean_rel_oracle_gap": -0.010818724262606895,
      "mean_excess_s": -3.1955645161290325,
      "selected_s_std": 23.27460397903177,
      "failure_rate": 0.0,
      "n_failed": 0
    },
    "UG": {
      "method": "UG",
      "n_reps": 500,
      "target": 0.95,
      "coverage": 0.926,
      "coverage_lo": 0.8996652466777695,
      "coverage_hi": 0.945838815248988,
      "coverage_gap": -0.02399999999999991,
      "meets_target": false,
      "significantly_below": true,
      "mean_obj": -7.465550542500142,
      "obj_se": 0.013797527451054198,
      "mean_oracle_gap": 0.16156504183989343,
      "oracle_gap_se": 0.011455246538457926,
      "mean_rel_oracle_gap": 0.02087962460345303,
      "mean_excess_s": 15.55241935483871,
      "selected_s_std": 27.082467022782104,
      "failure_rate": 0.0,
      "n_failed": 0
    },
    "NGS": {
      "method": "NGS",
      "n_reps": 500,
      "target": 0.95,
      "coverage": 0.954,
      "coverage_lo": 0.9319222072317267,
      "coverage_hi": 0.9691548916291838,
      "coverage_gap": 0.0040000000000000036,
      "meets_target": true,
      "significantly_below": false,
      "mean_obj": -7.38875435993467,
      "obj_se": 0.014402336465990127,
      "mean_oracle_gap": 0.23898054845831238,
      "oracle_gap_se": 0.0121977534232087,
      "mean_rel_oracle_gap": 0.031038694009446605,
      "mean_excess_s": 22.675403225806452,
      "selected_s_std": 25.857052390337017,
      "failure_rate": 0.0,
      "n_failed": 0
    },
    "UNGS": {
      "method": "UNGS",
      "n_reps": 500,
      "target": 0.95,
      "coverage": 0.956,
      "coverage_lo": 0.9342805571276716,
      "coverage_hi": 0.9707660443713928,
      "coverage_gap": 0.006000000000000005,
      "meets_target": true,
      "significantly_below": false,
      "mean_obj": -7.344531863681197,
      "obj_se": 0.014876309953807794,
      "mean_oracle_gap": 0.2835596777460883,
      "oracle_gap_se": 0.012597927742613405,
      "mean_rel_oracle_gap": 0.0369061509910175,
      "mean_excess_s": 27.909274193548388,
      "selected_s_std": 23.959858213504152,
      "failure_rate": 0.0,
      "n_failed": 0
    },
    "benchmark": {
      "method": "benchmark",
      "n_reps": 500,
      "target": 0.95,
      "coverage": 1.0,
      "coverage_lo": 0.9923756595384479,
      "coverage_hi": 1.0,
      "coverage_gap": 0.050000000000000044,
      "meets_target": true,
      "significantly_below": false,
      "mean_obj": -6.971625257516672,
      "obj_se": 0.01144934798243423,
      "mean_oracle_gap": 0.6535319988022,
      "oracle_gap_se": 0.012541756005556046,
      "mean_rel_oracle_gap": 0.08514044919241201,
      "mean_excess_s": null,
      "selected_s_std": null,
      "failure_rate": 0.0,
      "n_failed": 0
    },
    "_n_replication_errors": 0
  }
}