{
  "config": "paper_dro_wasserstein",
  "n": 200,
  "split": 0.7,
  "d": 5,
  "reps": 500,
  "mesh_p": null,
  "include_existing": false,
  "folds": null,
  "elapsed_s": 248.0971131324768,
  "summaries": {
    "NV": {
      "method": "NV",
      "n_reps": 500,
      "target": 0.95,
      "coverage": 0.408,
      "coverage_lo": 0.3657823909308153,
      "coverage_hi": 0.45162048771411034,
      "coverage_gap": -0.542,
      "meets_target": false,
      "significantly_below": true,
      "mean_obj": -3.5998108814681298,
      "obj_se": 0.007485895200985302,
      "mean_oracle_gap": -0.03124436367760942,
      "oracle_gap_se": 0.007666391992456228,
      "mean_rel_oracle_gap": -0.008904267833451726,
      "mean_excess_s": 0.0006505275580514159,
      "selected_s_std": 0.011170448349090775,
      "failure_rate": 0.0,
      "n_failed": 0
    },
    "UG": {
      "method": "UG",
      "n_reps": 500,
      "target": 0.95,
      "coverage": 0.862,
      "coverage_lo": 0.8289979864047199,
      "coverage_hi": 0.8894819911011163,
      "coverage_gap": -0.08799999999999997,
      "meets_target": false,
      "significantly_below": true,
      "mean_obj": -3.340607512272692,
      "obj_se": 0.010416463139630528,
      "mean_oracle_gap": 0.22795900551782894,
      "oracle_gap_se": 0.010455557409489537,
      "mean_rel_oracle_gap": 0.06378281766919991,
      "mean_excess_s": 0.021277493891069057,
      "selected_s_std": 0.028051247627035286,
      "failure_rate": 0.0,
      "n_failed": 0
    },
    "NGS": {
      "method": "NGS",
      "n_reps": 500,
      "target": 0.95,
      "coverage": 0.944,
      "coverage_lo": 0.920255206353293,
      "coverage_hi": 0.9609743793168485,
      "coverage_gap": -0.006000000000000005,
      "meets_target": false,
      "significantly_below": false,
      "mean_obj": -3.2116848865684244,
      "obj_se": 0.01101812071896937,
      "mean_oracle_gap": 0.3568816312220963,
      "oracle_gap_se": 0.011055211122869968,
      "mean_rel_oracle_gap": 0.09991765351641455,
      "mean_excess_s": 0.03669852816206145,
      "selected_s_std": 0.03665271547714413,
      "failure_rate": 0.0,
      "n_failed": 0
    },
    "UNGS": {
      "method": "UNGS",
      "n_reps": 500,
      "target": 0.95,
      "coverage": 0.95,
      "coverage_lo": 0.9272318388284524,
      "coverage_hi": 0.9659062547561506,
      "coverage_gap": 0.0,
      "meets_target": true,
      "significantly_below": false,
      "mean_obj": -2.811859142826048,
      "obj_se": 0.032991120983304145,
      "mean_oracle_gap": 0.756707374964473,
      "oracle_gap_se": 0.032692127499223476,
      "mean_rel_oracle_gap": 0.21238985115471481,
      "mean_excess_s": 0.30727074948865984,
      "selected_s_std": 0.7854579653602446,
      "failure_rate": 0.0,
      "n_failed": 0
    },
    "_n_replication_errors": 0
  }
}