{
  "config": "paper_so",
  "n": 500,
  "split": 0.8,
  "d": 2,
  "reps": 500,
  "mesh_p": 60,
  "include_existing": false,
  "folds": null,
  "elapsed_s": 1.6281030178070068,
  "summaries": {
    "NV": {
      "method": "NV",
      "n_reps": 500,
      "target": 0.95,
      "coverage": 0.83,
      "coverage_lo": 0.7945883013993367,
      "coverage_hi": 0.8603796338960388,
      "coverage_gap": -0.12,
      "meets_target": false,
      "significantly_below": true,
      "mean_obj": -1.0929063489260542,
      "obj_se": 0.004975340171042109,
      "mean_oracle_gap": -0.014670653326908572,
      "oracle_gap_se": 0.003853146019587913,
      "mean_rel_oracle_gap": -0.016040772360063252,
      "mean_excess_s": -0.584,
      "selected_s_std": 14.674172777141028,
      "failure_rate": 0.0,
      "n_failed": 0
    },
    "UG": {
      "method": "UG",
      "n_reps": 500,
      "target": 0.95,
      "coverage": 0.986,
      "coverage_lo": 0.9713869308622147,
      "coverage_hi": 0.9932022102091564,
      "coverage_gap": 0.03600000000000003,
      "meets_target": true,
      "significantly_below": false,
      "mean_obj": -1.0255536092493331,
      "obj_se": 0.004224611293626133,
      "mean_oracle_gap": 0.05268208634981242,
      "oracle_gap_se": 0.003801971529671039,
      "mean_rel_oracle_gap": 0.04569822717501182,
      "mean_excess_s": 12.872,
      "selected_s_std": 25.94594929019053,
      "failure_rate": 0.0,
      "n_failed": 0
    },
    "NGS": {
      "method": "NGS",
      "n_reps": 500,
      "target": 0.95,
      "coverage": 0.992,
      "coverage_lo": 0.9796129641658948,
      "coverage_hi": 0.9968846848199377,
      "coverage_gap": 0.04200000000000004,
      "meets_target": true,
      "significantly_below": false,
      "mean_obj": -0.9981255766776189,
      "obj_se": 0.004014384079954622,
      "mean_oracle_gap": 0.08011011892152668,
      "oracle_gap_se": 0.004329121791681281,
      "mean_rel_oracle_gap": 0.06998136290038555,
      "mean_excess_s": 24.118,
      "selected_s_std": 39.15997793338866,
      "failure_rate": 0.0,
      "n_failed": 0
    },
    "UNGS": {
      "method": "UNGS",
      "n_reps": 500,
      "target": 0.95,
      "coverage": 0.996,
      "coverage_lo": 0.9855342847848231,
      "coverage_hi": 0.9989023694773173,
      "coverage_gap": 0.04600000000000004,
      "meets_target": true,
      "significantly_below": false,
      "mean_obj": -0.9237711541639843,
      "obj_se": 0.003865061040684301,
      "mean_oracle_gap": 0.15446454143516128,
      "oracle_gap_se": 0.005184803794545071,
      "mean_rel_oracle_gap": 0.13735436615120195,
      "mean_excess_s": 92.028,
      "selected_s_std": 94.71652064220439,
      "failure_rate": 0.0,
      "n_failed": 0
    },
    "benchmark": {
      "method": "benchmark",
      "n_reps": 500,
      "target": 0.95,
      "coverage": 1.0,
      "coverage_lo": 0.9923756595384479,
      "coverage_hi": 1.0,
      "coverage_gap": 0.050000000000000044,
      "meets_target": true,
      "significantly_below": false,
      "mean_obj": -0.8237144876868532,
      "obj_se": 0.00241326336009413,
      "mean_oracle_gap": 0.2545212079122924,
      "oracle_gap_se": 0.004808610465269797,
      "mean_rel_oracle_gap": 0.2295547752379864,
      "mean_excess_s": null,
      "selected_s_std": null,
      "failure_rate": 0.0,
      "n_failed": 0
    },
    "_n_replication_errors": 0
  }
}