{
  "config": "paper_ro_ellipsoid",
  "n": 500,
  "split": 0.4,
  "d": 50,
  "reps": 500,
  "mesh_p": null,
  "include_existing": false,
  "folds": null,
  "elapsed_s": 3.623380184173584,
  "summaries": {
    "NV": {
      "method": "NV",
      "n_reps": 500,
      "target": 0.95,
      "coverage": 1.0,
      "coverage_lo": 0.9923756595384479,
      "coverage_hi": 1.0,
      "coverage_gap": 0.050000000000000044,
      "meets_target": true,
      "significantly_below": false,
      "mean_obj": -44.323752883680235,
      "obj_se": 0.02013295072326522,
      "mean_oracle_gap": 0.019311602409386622,
      "oracle_gap_se": 0.009627932365672111,
      "mean_rel_oracle_gap": 0.0004274973113860545,
      "mean_excess_s": 0.025879656608849423,
      "selected_s_std": 0.2907222260902424,
      "failure_rate": 0.0,
      "n_failed": 0
    },
    "UG": {
      "method": "UG",
      "n_reps": 500,
      "target": 0.95,
      "coverage": 1.0,
      "coverage_lo": 0.9923756595384479,
      "coverage_hi": 1.0,
      "coverage_gap": 0.050000000000000044,
      "meets_target": true,
      "significantly_below": false,
      "mean_obj": -44.053537760225346,
      "obj_se": 0.033928949551894294,
      "mean_oracle_gap": 0.2895267258642786,
      "oracle_gap_se": 0.0354658701510229,
      "mean_rel_oracle_gap": 0.006468848418870014,
      "mean_excess_s": 0.380300189373133,
      "selected_s_std": 1.037456767226857,
      "failure_rate": 0.0,
      "n_failed": 0
    },
    "NGS": {
      "method": "NGS",
      "n_reps": 500,
      "target": 0.95,
      "coverage": 1.0,
      "coverage_lo": 0.9923756595384479,
      "coverage_hi": 1.0,
      "coverage_gap": 0.050000000000000044,
      "meets_target": true,
      "significantly_below": false,
      "mean_obj": -43.84698526102468,
      "obj_se": 0.03995962089624212,
      "mean_oracle_gap": 0.4960792250649403,
      "oracle_gap_se": 0.044175679250656345,
      "mean_rel_oracle_gap": 0.011095914800656094,
      "mean_excess_s": 0.6515012501194806,
      "selected_s_std": 1.2925408866977477,
      "failure_rate": 0.0,
      "n_failed": 0
    },
    "UNGS": {
      "method": "UNGS",
      "n_reps": 500,
      "target": 0.95,
      "coverage": 1.0,
      "coverage_lo": 0.9923756595384479,
      "coverage_hi": 1.0,
      "coverage_gap": 0.050000000000000044,
      "meets_target": true,
      "significantly_below": false,
      "mean_obj": -44.053537760225346,
      "obj_se": 0.033928949551894294,
      "mean_oracle_gap": 0.2895267258642786,
      "oracle_gap_se": 0.0354658701510229,
      "mean_rel_oracle_gap": 0.006468848418870014,
      "mean_excess_s": 0.380300189373133,
      "selected_s_std": 1.037456767226857,
      "failure_rate": 0.0,
      "n_failed": 0
    },
    "benchmark": {
      "method": "benchmark",
      "n_reps": 500,
      "target": 0.95,
      "coverage": 1.0,
      "coverage_lo": 0.9923756595384479,
      "coverage_hi": 1.0,
      "coverage_gap": 0.050000000000000044,
      "meets_target": true,
      "significantly_below": false,
      "mean_obj": -42.46409155317787,
      "obj_se": 3.180826134296276e-16,
      "mean_oracle_gap": 1.8789729329117384,
      "oracle_gap_se": 0.019417865571188395,
      "mean_rel_oracle_gap": 0.04228186301353107,
      "mean_excess_s": NaN,
      "selected_s_std": NaN,
      "failure_rate": 0.0,
      "n_failed": 0
    },
    "_n_replication_errors": 0
  }
}