{
  "config": "paper_saa",
  "n": 400,
  "split": 0.8,
  "d": 20,
  "reps": 500,
  "mesh_p": null,
  "include_existing": false,
  "folds": null,
  "elapsed_s": 267.1682937145233,
  "summaries": {
    "NV": {
      "method": "NV",
      "n_reps": 500,
      "target": 0.95,
      "coverage": 0.368,
      "coverage_lo": 0.3268845483787568,
      "coverage_hi": 0.4111282775030931,
      "coverage_gap": -0.582,
      "meets_target": false,
      "significantly_below": true,
      "mean_obj": -17.169192038911017,
      "obj_se": 0.018071148367839938,
      "mean_oracle_gap": -0.14040938015662005,
      "oracle_gap_se": 0.018223916622212594,
      "mean_rel_oracle_gap": -0.008253997671976258,
      "mean_excess_s": -0.011328,
      "selected_s_std": 0.025227779961057357,
      "failure_rate": 0.0,
      "n_failed": 0
    },
    "UG": {
      "method": "UG",
      "n_reps": 500,
      "target": 0.95,
      "coverage": 0.916,
      "coverage_lo": 0.888400685539819,
      "coverage_hi": 0.9372558631961696,
      "coverage_gap": -0.03399999999999992,
      "meets_target": false,
      "significantly_below": true,
      "mean_obj": -16.398726090585775,
      "obj_se": 0.022291375767195913,
      "mean_oracle_gap": 0.6300565681686204,
      "oracle_gap_se": 0.02227892959924616,
      "mean_rel_oracle_gap": 0.03699651882625475,
      "mean_excess_s": 0.025176,
      "selected_s_std": 0.020311846943409775,
      "failure_rate": 0.0,
      "n_failed": 0
    },
    "NGS": {
      "method": "NGS",
      "n_reps": 500,
      "target": 0.95,
      "coverage": 0.964,
      "coverage_lo": 0.9438156730319722,
      "coverage_hi": 0.9771089390197072,
      "coverage_gap": 0.014000000000000012,
      "meets_target": true,
      "significantly_below": false,
      "mean_obj": -16.15565467561768,
      "obj_se": 0.022287163596370882,
      "mean_oracle_gap": 0.8731279831367191,
      "oracle_gap_se": 0.022252126705690916,
      "mean_rel_oracle_gap": 0.05127164241261538,
      "mean_excess_s": 0.0334,
      "selected_s_std": 0.016800074434418555,
      "failure_rate": 0.0,
      "n_failed": 0
    },
    "UNGS": {
      "method": "UNGS",
      "n_reps": 500,
      "target": 0.95,
      "coverage": 0.976,
      "coverage_lo": 0.9585229425360993,
      "coverage_hi": 0.986218685344503,
      "coverage_gap": 0.026000000000000023,
      "meets_target": true,
      "significantly_below": false,
      "mean_obj": -15.886613561621905,
      "obj_se": 0.024060596021069466,
      "mean_oracle_gap": 1.142169097132492,
      "oracle_gap_se": 0.023958132372148406,
      "mean_rel_oracle_gap": 0.06707386332099348,
      "mean_excess_s": 0.039976000000000005,
      "selected_s_std": 0.015424377031621967,
      "failure_rate": 0.0,
      "n_failed": 0
    },
    "_n_replication_errors": 0
  }
}