{
  "config": "paper_saa",
  "n": 400,
  "split": 0.5,
  "d": 5,
  "reps": 500,
  "mesh_p": null,
  "include_existing": false,
  "folds": null,
  "elapsed_s": 27.040425062179565,
  "summaries": {
    "NV": {
      "method": "NV",
      "n_reps": 500,
      "target": 0.95,
      "coverage": 0.494,
      "coverage_lo": 0.45039013091903213,
      "coverage_hi": 0.5377013611665066,
      "coverage_gap": -0.45599999999999996,
      "meets_target": false,
      "significantly_below": true,
      "mean_obj": -3.601906155785994,
      "obj_se": 0.004645563857865233,
      "mean_oracle_gap": -0.02280095654398842,
      "oracle_gap_se": 0.0047014358442694585,
      "mean_rel_oracle_gap": -0.006424562286362084,
      "mean_excess_s": -0.0046,
      "selected_s_std": 0.021966306864708712,
      "failure_rate": 0.0,
      "n_failed": 0
    },
    "UG": {
      "method": "UG",
      "n_reps": 500,
      "target": 0.95,
      "coverage": 0.928,
      "coverage_lo": 0.9019315959830375,
      "coverage_hi": 0.9475419685818739,
      "coverage_gap": -0.02199999999999991,
      "meets_target": false,
      "significantly_below": true,
      "mean_obj": -3.442824671176695,
      "obj_se": 0.005369806025446468,
      "mean_oracle_gap": 0.1362805280653105,
      "oracle_gap_se": 0.005450011975083213,
      "mean_rel_oracle_gap": 0.03801978781841876,
      "mean_excess_s": 0.01876,
      "selected_s_std": 0.020515637517891837,
      "failure_rate": 0.0,
      "n_failed": 0
    },
    "NGS": {
      "method": "NGS",
      "n_reps": 500,
      "target": 0.95,
      "coverage": 0.984,
      "coverage_lo": 0.9687488914666058,
      "coverage_hi": 0.9918707469666117,
      "coverage_gap": 0.03400000000000003,
      "meets_target": true,
      "significantly_below": false,
      "mean_obj": -3.351451333574384,
      "obj_se": 0.005527029705122167,
      "mean_oracle_gap": 0.22765386566762127,
      "oracle_gap_se": 0.0056146645137684385,
      "mean_rel_oracle_gap": 0.06354951477160077,
      "mean_excess_s": 0.029792000000000003,
      "selected_s_std": 0.01788478647270771,
      "failure_rate": 0.0,
      "n_failed": 0
    },
    "UNGS": {
      "method": "UNGS",
      "n_reps": 500,
      "target": 0.95,
      "coverage": 0.986,
      "coverage_lo": 0.9713869308622147,
      "coverage_hi": 0.9932022102091564,
      "coverage_gap": 0.03600000000000003,
      "meets_target": true,
      "significantly_below": false,
      "mean_obj": -3.296893277894099,
      "obj_se": 0.00691814849118147,
      "mean_oracle_gap": 0.282211921347906,
      "oracle_gap_se": 0.007023744513458575,
      "mean_rel_oracle_gap": 0.07878446307691496,
      "mean_excess_s": 0.034168000000000004,
      "selected_s_std": 0.0191124574049522,
      "failure_rate": 0.0,
      "n_failed": 0
    },
    "_n_replication_errors": 0
  }
}