{
  "config": "paper_so",
  "n": 1000,
  "split": 0.7,
  "d": 10,
  "reps": 500,
  "mesh_p": 60,
  "include_existing": false,
  "folds": null,
  "elapsed_s": 6.971470355987549,
  "summaries": {
    "NV": {
      "method": "NV",
      "n_reps": 500,
      "target": 0.95,
      "coverage": 0.816,
      "coverage_lo": 0.7796708962064596,
      "coverage_hi": 0.8475105206218394,
      "coverage_gap": -0.134,
      "meets_target": false,
      "significantly_below": true,
      "mean_obj": -7.612948365184481,
      "obj_se": 0.012385512346648758,
      "mean_oracle_gap": -0.013911324256740128,
      "oracle_gap_se": 0.008350666093564595,
      "mean_rel_oracle_gap": -0.0019620805934266183,
      "mean_excess_s": -0.704,
      "selected_s_std": 26.37970131147366,
      "failure_rate": 0.0,
      "n_failed": 0
    },
    "UG": {
      "method": "UG",
      "n_reps": 500,
      "target": 0.95,
      "coverage": 0.976,
      "coverage_lo": 0.9585229425360993,
      "coverage_hi": 0.986218685344503,
      "coverage_gap": 0.026000000000000023,
      "meets_target": true,
      "significantly_below": false,
      "mean_obj": -7.424440488453602,
      "obj_se": 0.01095448909628726,
      "mean_oracle_gap": 0.17459655247413963,
      "oracle_gap_se": 0.0103049675666664,
      "mean_rel_oracle_gap": 0.022557991023475745,
      "mean_excess_s": 21.038,
      "selected_s_std": 37.77893184544483,
      "failure_rate": 0.0,
      "n_failed": 0
    },
    "NGS": {
      "method": "NGS",
      "n_reps": 500,
      "target": 0.95,
      "coverage": 0.994,
      "coverage_lo": 0.9825097478959467,
      "coverage_hi": 0.9979574037280398,
      "coverage_gap": 0.04400000000000004,
      "meets_target": true,
      "significantly_below": false,
      "mean_obj": -7.33129485235277,
      "obj_se": 0.010369346012829359,
      "mean_oracle_gap": 0.267742188574971,
      "oracle_gap_se": 0.011523900309504682,
      "mean_rel_oracle_gap": 0.03465264360871808,
      "mean_excess_s": 36.872,
      "selected_s_std": 48.78681053075234,
      "failure_rate": 0.0,
      "n_failed": 0
    },
    "UNGS": {
      "method": "UNGS",
      "n_reps": 500,
      "target": 0.95,
      "coverage": 1.0,
      "coverage_lo": 0.9923756595384479,
      "coverage_hi": 1.0,
      "coverage_gap": 0.050000000000000044,
      "meets_target": true,
      "significantly_below": false,
      "mean_obj": -7.203223361284821,
      "obj_se": 0.009987777438889327,
      "mean_oracle_gap": 0.39581367964291997,
      "oracle_gap_se": 0.012299595835068818,
      "mean_rel_oracle_gap": 0.051401475412289684,
      "mean_excess_s": 65.738,
      "selected_s_std": 72.80056208353999,
      "failure_rate": 0.0,
      "n_failed": 0
    },
    "benchmark": {
      "method": "benchmark",
      "n_reps": 500,
      "target": 0.95,
      "coverage": 1.0,
      "coverage_lo": 0.9923756595384479,
      "coverage_hi": 1.0,
      "coverage_gap": 0.050000000000000044,
      "meets_target": true,
      "significantly_below": false,
      "mean_obj": -6.4177109962089665,
      "obj_se": 0.007729078361485313,
      "mean_oracle_gap": 1.181326044718775,
      "oracle_gap_se": 0.012346086626051606,
      "mean_rel_oracle_gap": 0.15468617343055047,
      "mean_excess_s": null,
      "selected_s_std": null,
      "failure_rate": 0.0,
      "n_failed": 0
    },
    "_n_replication_errors": 0
  }
}