{
  "config": "paper_saa",
  "n": 400,
  "split": 0.9,
  "d": 10,
  "reps": 500,
  "mesh_p": null,
  "include_existing": false,
  "folds": null,
  "elapsed_s": 318.17653369903564,
  "summaries": {
    "NV": {
      "method": "NV",
      "n_reps": 500,
      "target": 0.95,
      "coverage": 0.304,
      "coverage_lo": 0.26530206305726467,
      "coverage_hi": 0.34568667840366385,
      "coverage_gap": -0.6459999999999999,
      "meets_target": false,
      "significantly_below": true,
      "mean_obj": -8.014707724288666,
      "obj_se": 0.011514147067576957,
      "mean_oracle_gap": -0.10793957608957222,
      "oracle_gap_se": 0.011554514786631881,
      "mean_rel_oracle_gap": -0.013662781572007773,
      "mean_excess_s": -0.014104,
      "selected_s_std": 0.024405992890639706,
      "failure_rate": 0.0,
      "n_failed": 0
    },
    "UG": {
      "method": "UG",
      "n_reps": 500,
      "target": 0.95,
      "coverage": 0.89,
      "coverage_lo": 0.8595444295965924,
      "coverage_hi": 0.9145085848433969,
      "coverage_gap": -0.05999999999999994,
      "meets_target": false,
      "significantly_below": true,
      "mean_obj": -7.4241803033848015,
      "obj_se": 0.01787975365654408,
      "mean_oracle_gap": 0.4825878448142928,
      "oracle_gap_se": 0.017811174460516485,
      "mean_rel_oracle_gap": 0.0610381357216499,
      "mean_excess_s": 0.031024000000000003,
      "selected_s_std": 0.026533591671199508,
      "failure_rate": 0.0,
      "n_failed": 0
    },
    "NGS": {
      "method": "NGS",
      "n_reps": 500,
      "target": 0.95,
      "coverage": 0.89,
      "coverage_lo": 0.8595444295965924,
      "coverage_hi": 0.9145085848433969,
      "coverage_gap": -0.05999999999999994,
      "meets_target": false,
      "significantly_below": true,
      "mean_obj": -7.424437677833317,
      "obj_se": 0.01786204530298161,
      "mean_oracle_gap": 0.4823304703657769,
      "oracle_gap_se": 0.017792978774299483,
      "mean_rel_oracle_gap": 0.06100564397524718,
      "mean_excess_s": 0.031016000000000002,
      "selected_s_std": 0.02652513731952465,
      "failure_rate": 0.0,
      "n_failed": 0
    },
    "UNGS": {
      "method": "UNGS",
      "n_reps": 500,
      "target": 0.95,
      "coverage": 0.94,
      "coverage_lo": 0.9156389368747802,
      "coverage_hi": 0.9576516435190539,
      "coverage_gap": -0.010000000000000009,
      "meets_target": false,
      "significantly_below": false,
      "mean_obj": -7.229353229935269,
      "obj_se": 0.018171496337764468,
      "mean_oracle_gap": 0.6774149182638247,
      "oracle_gap_se": 0.01812597397133939,
      "mean_rel_oracle_gap": 0.08567588256282267,
      "mean_excess_s": 0.041280000000000004,
      "selected_s_std": 0.023416110446803796,
      "failure_rate": 0.0,
      "n_failed": 0
    },
    "_n_replication_errors": 0
  }
}