{
  "config": "paper_dro_wasserstein",
  "n": 100,
  "split": 0.2,
  "d": 10,
  "reps": 500,
  "mesh_p": null,
  "include_existing": false,
  "folds": null,
  "elapsed_s": 4.369128227233887,
  "summaries": {
    "NV": {
      "method": "NV",
      "n_reps": 500,
      "target": 0.95,
      "coverage": 0.63,
      "coverage_lo": 0.5868399352542358,
      "coverage_hi": 0.6711777362257606,
      "coverage_gap": -0.31999999999999995,
      "meets_target": false,
      "significantly_below": true,
      "mean_obj": -7.670068973496606,
      "obj_se": 0.018292265031324213,
      "mean_oracle_gap": -0.1098511010676194,
      "oracle_gap_se": 0.01917620856024718,
      "mean_rel_oracle_gap": -0.01519839822390947,
      "mean_excess_s": -0.010032659560658975,
      "selected_s_std": 0.06159321810400356,
      "failure_rate": 0.0,
      "n_failed": 0
    },
    "UG": {
      "method": "UG",
      "n_reps": 500,
      "target": 0.95,
      "coverage": 0.986,
      "coverage_lo": 0.9713869308622147,
      "coverage_hi": 0.9932022102091564,
      "coverage_gap": 0.03600000000000003,
      "meets_target": true,
      "significantly_below": false,
      "mean_obj": -7.023515719418236,
      "obj_se": 0.01934939702475406,
      "mean_oracle_gap": 0.53670215301075,
      "oracle_gap_se": 0.021153628349448384,
      "mean_rel_oracle_gap": 0.0702245269733386,
      "mean_excess_s": 0.06376841610686039,
      "selected_s_std": 0.08090423762094454,
      "failure_rate": 0.0,
      "n_failed": 0
    },
    "NGS": {
      "method": "NGS",
      "n_reps": 500,
      "target": 0.95,
      "coverage": 0.992,
      "coverage_lo": 0.9796129641658948,
      "coverage_hi": 0.9968846848199377,
      "coverage_gap": 0.04200000000000004,
      "meets_target": true,
      "significantly_below": false,
      "mean_obj": -6.822361035520973,
      "obj_se": 0.022245827170816464,
      "mean_oracle_gap": 0.7378568369080132,
      "oracle_gap_se": 0.023738225033541182,
      "mean_rel_oracle_gap": 0.09687828645863984,
      "mean_excess_s": 0.09276456925342175,
      "selected_s_std": 0.0947356006360209,
      "failure_rate": 0.0,
      "n_failed": 0
    },
    "UNGS": {
      "method": "UNGS",
      "n_reps": 500,
      "target": 0.95,
      "coverage": 0.992,
      "coverage_lo": 0.9796129641658948,
      "coverage_hi": 0.9968846848199377,
      "coverage_gap": 0.04200000000000004,
      "meets_target": true,
      "significantly_below": false,
      "mean_obj": -6.157576358458113,
      "obj_se": 0.04938910659558313,
      "mean_oracle_gap": 1.402641513970874,
      "oracle_gap_se": 0.04771580367007982,
      "mean_rel_oracle_gap": 0.18595979522185355,
      "mean_excess_s": 0.29721118210925807,
      "selected_s_std": 0.5921090843801996,
      "failure_rate": 0.0,
      "n_failed": 0
    },
    "_n_replication_errors": 0
  }
}