{
  "config": "paper_ro_ellipsoid",
  "n": 500,
  "split": 0.5,
  "d": 10,
  "reps": 500,
  "mesh_p": null,
  "include_existing": false,
  "folds": null,
  "elapsed_s": 0.6377880573272705,
  "summaries": {
    "NV": {
      "method": "NV",
      "n_reps": 500,
      "target": 0.95,
      "coverage": 0.864,
      "coverage_lo": 0.8311649235512272,
      "coverage_hi": 0.8912845565927628,
      "coverage_gap": -0.08599999999999997,
      "meets_target": false,
      "significantly_below": true,
      "mean_obj": -7.596729237220823,
      "obj_se": 0.010292773621187487,
      "mean_oracle_gap": -0.08031525831154158,
      "oracle_gap_se": 0.01142338452300198,
      "mean_rel_oracle_gap": -0.0109583323821171,
      "mean_excess_s": -0.16296965232844077,
      "selected_s_std": 0.5411532937552599,
      "failure_rate": 0.0,
      "n_failed": 0
    },
    "UG": {
      "method": "UG",
      "n_reps": 500,
      "target": 0.95,
      "coverage": 0.99,
      "coverage_lo": 0.9768069002442693,
      "coverage_hi": 0.9957212461034096,
      "coverage_gap": 0.040000000000000036,
      "meets_target": true,
      "significantly_below": false,
      "mean_obj": -7.4469827264759285,
      "obj_se": 0.00784130191513163,
      "mean_oracle_gap": 0.06943125243335228,
      "oracle_gap_se": 0.008730388666268544,
      "mean_rel_oracle_gap": 0.00901738241769589,
      "mean_excess_s": 0.20821650415101486,
      "selected_s_std": 0.5096001606771029,
      "failure_rate": 0.0,
      "n_failed": 0
    },
    "NGS": {
      "method": "NGS",
      "n_reps": 500,
      "target": 0.95,
      "coverage": 0.996,
      "coverage_lo": 0.9855342847848231,
      "coverage_hi": 0.9989023694773173,
      "coverage_gap": 0.04600000000000004,
      "meets_target": true,
      "significantly_below": false,
      "mean_obj": -7.39149465451465,
      "obj_se": 0.008382393720355003,
      "mean_oracle_gap": 0.12491932439463083,
      "oracle_gap_se": 0.009867815820991138,
      "mean_rel_oracle_gap": 0.016347502874207148,
      "mean_excess_s": 0.3798835846080156,
      "selected_s_std": 0.6276317992952629,
      "failure_rate": 0.0,
      "n_failed": 0
    },
    "UNGS": {
      "method": "UNGS",
      "n_reps": 500,
      "target": 0.95,
      "coverage": 0.992,
      "coverage_lo": 0.9796129641658948,
      "coverage_hi": 0.9968846848199377,
      "coverage_gap": 0.04200000000000004,
      "meets_target": true,
      "significantly_below": false,
      "mean_obj": -7.364286705267068,
      "obj_se": 0.009386573757752583,
      "mean_oracle_gap": 0.15212727364221262,
      "oracle_gap_se": 0.0108585593744773,
      "mean_rel_oracle_gap": 0.01995579547290419,
      "mean_excess_s": 0.4745557086822113,
      "selected_s_std": 0.723095462514605,
      "failure_rate": 0.0,
      "n_failed": 0
    },
    "benchmark": {
      "method": "benchmark",
      "n_reps": 500,
      "target": 0.95,
      "coverage": 1.0,
      "coverage_lo": 0.9923756595384479,
      "coverage_hi": 1.0,
      "coverage_gap": 0.050000000000000044,
      "meets_target": true,
      "significantly_below": false,
      "mean_obj": -6.901634398385975,
      "obj_se": 7.95206533574069e-17,
      "mean_oracle_gap": 0.6147795805233075,
      "oracle_gap_se": 0.006064226543295564,
      "mean_rel_oracle_gap": 0.08149566013832375,
      "mean_excess_s": null,
      "selected_s_std": null,
      "failure_rate": 0.0,
      "n_failed": 0
    },
    "_n_replication_errors": 0
  }
}