{
  "config": "paper_so",
  "n": 1000,
  "split": 0.6,
  "d": 2,
  "reps": 500,
  "mesh_p": 60,
  "include_existing": false,
  "folds": null,
  "elapsed_s": 2.4144515991210938,
  "summaries": {
    "NV": {
      "method": "NV",
      "n_reps": 500,
      "target": 0.95,
      "coverage": 0.898,
      "coverage_lo": 0.868365377095774,
      "coverage_hi": 0.9215656478968306,
      "coverage_gap": -0.051999999999999935,
      "meets_target": false,
      "significantly_below": true,
      "mean_obj": -1.0827014585893804,
      "obj_se": 0.004395193498826408,
      "mean_oracle_gap": -0.003384729876340109,
      "oracle_gap_se": 0.002476834836139734,
      "mean_rel_oracle_gap": -0.0038499378896679685,
      "mean_excess_s": -0.05,
      "selected_s_std": 17.69214990713885,
      "failure_rate": 0.0,
      "n_failed": 0
    },
    "UG": {
      "method": "UG",
      "n_reps": 500,
      "target": 0.95,
      "coverage": 0.986,
      "coverage_lo": 0.9713869308622147,
      "coverage_hi": 0.9932022102091564,
      "coverage_gap": 0.03600000000000003,
      "meets_target": true,
      "significantly_below": false,
      "mean_obj": -1.0500202183366731,
      "obj_se": 0.00394437910181654,
      "mean_oracle_gap": 0.029296510376366873,
      "oracle_gap_se": 0.0031010496628174023,
      "mean_rel_oracle_gap": 0.025068789221953013,
      "mean_excess_s": 6.04,
      "selected_s_std": 22.145694560684934,
      "failure_rate": 0.0,
      "n_failed": 0
    },
    "NGS": {
      "method": "NGS",
      "n_reps": 500,
      "target": 0.95,
      "coverage": 0.996,
      "coverage_lo": 0.9855342847848231,
      "coverage_hi": 0.9989023694773173,
      "coverage_gap": 0.04600000000000004,
      "meets_target": true,
      "significantly_below": false,
      "mean_obj": -1.0375043053436044,
      "obj_se": 0.0037240390584841777,
      "mean_oracle_gap": 0.041812423369435844,
      "oracle_gap_se": 0.00327581410164182,
      "mean_rel_oracle_gap": 0.03612569250560201,
      "mean_excess_s": 10.134,
      "selected_s_std": 25.41165244844028,
      "failure_rate": 0.0,
      "n_failed": 0
    },
    "UNGS": {
      "method": "UNGS",
      "n_reps": 500,
      "target": 0.95,
      "coverage": 0.998,
      "coverage_lo": 0.9887592932948532,
      "coverage_hi": 0.9996468636054407,
      "coverage_gap": 0.04800000000000004,
      "meets_target": true,
      "significantly_below": false,
      "mean_obj": -1.0198358517666786,
      "obj_se": 0.0034321971914781798,
      "mean_oracle_gap": 0.059480876946361436,
      "oracle_gap_se": 0.0036003673854162524,
      "mean_rel_oracle_gap": 0.05166343512894798,
      "mean_excess_s": 15.82,
      "selected_s_std": 29.964559627455476,
      "failure_rate": 0.0,
      "n_failed": 0
    },
    "benchmark": {
      "method": "benchmark",
      "n_reps": 500,
      "target": 0.95,
      "coverage": 1.0,
      "coverage_lo": 0.9923756595384479,
      "coverage_hi": 1.0,
      "coverage_gap": 0.050000000000000044,
      "meets_target": true,
      "significantly_below": false,
      "mean_obj": -0.7883189753268153,
      "obj_se": 0.002041358608394259,
      "mean_oracle_gap": 0.29099775338622497,
      "oracle_gap_se": 0.004452897889963215,
      "mean_rel_oracle_gap": 0.264279501585595,
      "mean_excess_s": NaN,
      "selected_s_std": NaN,
      "failure_rate": 0.0,
      "n_failed": 0
    },
    "_n_replication_errors": 0
  }
}