{
  "config": "paper_ro_ellipsoid",
  "n": 500,
  "split": 0.1,
  "d": 10,
  "reps": 500,
  "mesh_p": null,
  "include_existing": false,
  "folds": null,
  "elapsed_s": 0.643519401550293,
  "summaries": {
    "NV": {
      "method": "NV",
      "n_reps": 500,
      "target": 0.95,
      "coverage": 0.924,
      "coverage_lo": 0.8974035863260316,
      "coverage_hi": 0.9441309729625723,
      "coverage_gap": -0.025999999999999912,
      "meets_target": false,
      "significantly_below": true,
      "mean_obj": -7.635153988764619,
      "obj_se": 0.008232678326345414,
      "mean_oracle_gap": -0.006329670693742708,
      "oracle_gap_se": 0.008741817259375326,
      "mean_rel_oracle_gap": -0.001093060982479972,
      "mean_excess_s": 0.01043595903191227,
      "selected_s_std": 0.8724353993604629,
      "failure_rate": 0.0,
      "n_failed": 0
    },
    "UG": {
      "method": "UG",
      "n_reps": 500,
      "target": 0.95,
      "coverage": 0.998,
      "coverage_lo": 0.9887592932948532,
      "coverage_hi": 0.9996468636054407,
      "coverage_gap": 0.04800000000000004,
      "meets_target": true,
      "significantly_below": false,
      "mean_obj": -7.4608167841068695,
      "obj_se": 0.007972782881710157,
      "mean_oracle_gap": 0.16800753396400678,
      "oracle_gap_se": 0.010166724309619476,
      "mean_rel_oracle_gap": 0.021637875060446118,
      "mean_excess_s": 0.550408530236878,
      "selected_s_std": 0.9914987983686487,
      "failure_rate": 0.0,
      "n_failed": 0
    },
    "NGS": {
      "method": "NGS",
      "n_reps": 500,
      "target": 0.95,
      "coverage": 0.998,
      "coverage_lo": 0.9887592932948532,
      "coverage_hi": 0.9996468636054407,
      "coverage_gap": 0.04800000000000004,
      "meets_target": true,
      "significantly_below": false,
      "mean_obj": -7.40828137901662,
      "obj_se": 0.008378715697624616,
      "mean_oracle_gap": 0.22054293905425676,
      "oracle_gap_se": 0.010492302660322812,
      "mean_rel_oracle_gap": 0.02852578382082704,
      "mean_excess_s": 0.7306952738480813,
      "selected_s_std": 1.025935130539706,
      "failure_rate": 0.0,
      "n_failed": 0
    },
    "UNGS": {
      "method": "UNGS",
      "n_reps": 500,
      "target": 0.95,
      "coverage": 0.998,
      "coverage_lo": 0.9887592932948532,
      "coverage_hi": 0.9996468636054407,
      "coverage_gap": 0.04800000000000004,
      "meets_target": true,
      "significantly_below": false,
      "mean_obj": -7.391539633860386,
      "obj_se": 0.008286108341451886,
      "mean_oracle_gap": 0.2372846842104906,
      "oracle_gap_se": 0.010623474480409182,
      "mean_rel_oracle_gap": 0.03070243611900252,
      "mean_excess_s": 0.8118001388814396,
      "selected_s_std": 1.1582434243866375,
      "failure_rate": 0.0,
      "n_failed": 0
    },
    "benchmark": {
      "method": "benchmark",
      "n_reps": 500,
      "target": 0.95,
      "coverage": 1.0,
      "coverage_lo": 0.9923756595384479,
      "coverage_hi": 1.0,
      "coverage_gap": 0.050000000000000044,
      "meets_target": true,
      "significantly_below": false,
      "mean_obj": -6.901634398385975,
      "obj_se": 7.95206533574069e-17,
      "mean_oracle_gap": 0.7271899196849025,
      "oracle_gap_se": 0.00723218670925316,
      "mean_rel_oracle_gap": 0.0949123206388023,
      "mean_excess_s": NaN,
      "selected_s_std": NaN,
      "failure_rate": 0.0,
      "n_failed": 0
    },
    "_n_replication_errors": 0
  }
}