{
  "config": "paper_so",
  "n": 500,
  "split": 0.7,
  "d": 50,
  "reps": 500,
  "mesh_p": 60,
  "include_existing": false,
  "folds": null,
  "elapsed_s": 14.452058792114258,
  "summaries": {
    "NV": {
      "method": "NV",
      "n_reps": 500,
      "target": 0.95,
      "coverage": 0.674,
      "coverage_lo": 0.6317220455546273,
      "coverage_hi": 0.7136246839647526,
      "coverage_gap": -0.2759999999999999,
      "meets_target": false,
      "significantly_below": true,
      "mean_obj": -45.345431481944104,
      "obj_se": 0.03525869982767462,
      "mean_oracle_gap": -0.11598172562668198,
      "oracle_gap_se": 0.03254388448184615,
      "mean_rel_oracle_gap": -0.002614557780830376,
      "mean_excess_s": -0.68,
      "selected_s_std": 40.17990699157607,
      "failure_rate": 0.0,
      "n_failed": 0
    },
    "UG": {
      "method": "UG",
      "n_reps": 500,
      "target": 0.95,
      "coverage": 0.97,
      "coverage_lo": 0.9510963331640543,
      "coverage_hi": 0.9817367868020865,
      "coverage_gap": 0.020000000000000018,
      "meets_target": true,
      "significantly_below": false,
      "mean_obj": -44.408876454382806,
      "obj_se": 0.03191164146548077,
      "mean_oracle_gap": 0.8205733019346135,
      "oracle_gap_se": 0.032620494045147094,
      "mean_rel_oracle_gap": 0.018066670563111554,
      "mean_excess_s": 62.53,
      "selected_s_std": 78.57972437063093,
      "failure_rate": 0.0,
      "n_failed": 0
    },
    "NGS": {
      "method": "NGS",
      "n_reps": 500,
      "target": 0.95,
      "coverage": 0.99,
      "coverage_lo": 0.9768069002442693,
      "coverage_hi": 0.9957212461034096,
      "coverage_gap": 0.040000000000000036,
      "meets_target": true,
      "significantly_below": false,
      "mean_obj": -44.210558785797346,
      "obj_se": 0.03154002237444623,
      "mean_oracle_gap": 1.0188909705200693,
      "oracle_gap_se": 0.03349674241333896,
      "mean_rel_oracle_gap": 0.022441757646587478,
      "mean_excess_s": 80.82,
      "selected_s_std": 85.19834265513833,
      "failure_rate": 0.0,
      "n_failed": 0
    },
    "UNGS": {
      "method": "UNGS",
      "n_reps": 500,
      "target": 0.95,
      "coverage": 0.998,
      "coverage_lo": 0.9887592932948532,
      "coverage_hi": 0.9996468636054407,
      "coverage_gap": 0.04800000000000004,
      "meets_target": true,
      "significantly_below": false,
      "mean_obj": -43.63719940510566,
      "obj_se": 0.030979224293385562,
      "mean_oracle_gap": 1.5922503512117563,
      "oracle_gap_se": 0.03353386558197723,
      "mean_rel_oracle_gap": 0.035115070390310824,
      "mean_excess_s": 149.364,
      "selected_s_std": 93.6109745334713,
      "failure_rate": 0.0,
      "n_failed": 0
    },
    "benchmark": {
      "method": "benchmark",
      "n_reps": 500,
      "target": 0.95,
      "coverage": 1.0,
      "coverage_lo": 0.9923756595384479,
      "coverage_hi": 1.0,
      "coverage_gap": 0.050000000000000044,
      "meets_target": true,
      "significantly_below": false,
      "mean_obj": -42.71089944822068,
      "obj_se": 0.025754769322495166,
      "mean_oracle_gap": 2.518550308096747,
      "oracle_gap_se": 0.029366672892502204,
      "mean_rel_oracle_gap": 0.055593489003485014,
      "mean_excess_s": NaN,
      "selected_s_std": NaN,
      "failure_rate": 0.0,
      "n_failed": 0
    },
    "_n_replication_errors": 0
  }
}