{
  "config": "paper_ro_ellipsoid",
  "n": 1000,
  "split": 0.5,
  "d": 50,
  "reps": 500,
  "mesh_p": null,
  "include_existing": false,
  "folds": null,
  "elapsed_s": 3.5007688999176025,
  "summaries": {
    "NV": {
      "method": "NV",
      "n_reps": 500,
      "target": 0.95,
      "coverage": 1.0,
      "coverage_lo": 0.9923756595384479,
      "coverage_hi": 1.0,
      "coverage_gap": 0.050000000000000044,
      "meets_target": true,
      "significantly_below": false,
      "mean_obj": -44.03247878021559,
      "obj_se": 0.012016033794213348,
      "mean_oracle_gap": 1.7053025658242405e-16,
      "oracle_gap_se": 2.8652588027675207e-16,
      "mean_rel_oracle_gap": 3.861759599402191e-18,
      "mean_excess_s": 0.0,
      "selected_s_std": 0.026088160180988876,
      "failure_rate": 0.0,
      "n_failed": 0
    },
    "UG": {
      "method": "UG",
      "n_reps": 500,
      "target": 0.95,
      "coverage": 1.0,
      "coverage_lo": 0.9923756595384479,
      "coverage_hi": 1.0,
      "coverage_gap": 0.050000000000000044,
      "meets_target": true,
      "significantly_below": false,
      "mean_obj": -44.03247878021559,
      "obj_se": 0.012016033794213348,
      "mean_oracle_gap": 1.7053025658242405e-16,
      "oracle_gap_se": 2.8652588027675207e-16,
      "mean_rel_oracle_gap": 3.861759599402191e-18,
      "mean_excess_s": 0.0,
      "selected_s_std": 0.026088160180988876,
      "failure_rate": 0.0,
      "n_failed": 0
    },
    "NGS": {
      "method": "NGS",
      "n_reps": 500,
      "target": 0.95,
      "coverage": 1.0,
      "coverage_lo": 0.9923756595384479,
      "coverage_hi": 1.0,
      "coverage_gap": 0.050000000000000044,
      "meets_target": true,
      "significantly_below": false,
      "mean_obj": -44.016871475458245,
      "obj_se": 0.014110160760480873,
      "mean_oracle_gap": 0.015607304757349822,
      "oracle_gap_se": 0.008995535219823025,
      "mean_rel_oracle_gap": 0.000351113778544327,
      "mean_excess_s": 0.019674592813470382,
      "selected_s_std": 0.2539135320095301,
      "failure_rate": 0.0,
      "n_failed": 0
    },
    "UNGS": {
      "method": "UNGS",
      "n_reps": 500,
      "target": 0.95,
      "coverage": 1.0,
      "coverage_lo": 0.9923756595384479,
      "coverage_hi": 1.0,
      "coverage_gap": 0.050000000000000044,
      "meets_target": true,
      "significantly_below": false,
      "mean_obj": -44.03247878021559,
      "obj_se": 0.012016033794213348,
      "mean_oracle_gap": 1.7053025658242405e-16,
      "oracle_gap_se": 2.8652588027675207e-16,
      "mean_rel_oracle_gap": 3.861759599402191e-18,
      "mean_excess_s": 0.0,
      "selected_s_std": 0.026088160180988876,
      "failure_rate": 0.0,
      "n_failed": 0
    },
    "benchmark": {
      "method": "benchmark",
      "n_reps": 500,
      "target": 0.95,
      "coverage": 1.0,
      "coverage_lo": 0.9923756595384479,
      "coverage_hi": 1.0,
      "coverage_gap": 0.050000000000000044,
      "meets_target": true,
      "significantly_below": false,
      "mean_obj": -42.46409155317787,
      "obj_se": 3.180826134296276e-16,
      "mean_oracle_gap": 1.5683872270377115,
      "oracle_gap_se": 0.012016033794213352,
      "mean_rel_oracle_gap": 0.035583035609377645,
      "mean_excess_s": null,
      "selected_s_std": null,
      "failure_rate": 0.0,
      "n_failed": 0
    },
    "_n_replication_errors": 0
  }
}