{
  "config": "paper_saa",
  "n": 400,
  "split": 0.4,
  "d": 20,
  "reps": 500,
  "mesh_p": null,
  "include_existing": false,
  "folds": null,
  "elapsed_s": 17.628355741500854,
  "summaries": {
    "NV": {
      "method": "NV",
      "n_reps": 500,
      "target": 0.95,
      "coverage": 0.504,
      "coverage_lo": 0.460312154390353,
      "coverage_hi": 0.5476268508859545,
      "coverage_gap": -0.44599999999999995,
      "meets_target": false,
      "significantly_below": true,
      "mean_obj": -17.021880905862805,
      "obj_se": 0.013943675628638783,
      "mean_oracle_gap": -0.0594323686107161,
      "oracle_gap_se": 0.014327429398416943,
      "mean_rel_oracle_gap": -0.0035267563579371606,
      "mean_excess_s": -0.005144000000000001,
      "selected_s_std": 0.022800219385085228,
      "failure_rate": 0.0,
      "n_failed": 0
    },
    "UG": {
      "method": "UG",
      "n_reps": 500,
      "target": 0.95,
      "coverage": 0.938,
      "coverage_lo": 0.9133402868983618,
      "coverage_hi": 0.9559807908573184,
      "coverage_gap": -0.01200000000000001,
      "meets_target": false,
      "significantly_below": false,
      "mean_obj": -16.532806294694552,
      "obj_se": 0.01557822787019066,
      "mean_oracle_gap": 0.42964224255753025,
      "oracle_gap_se": 0.01590894224929774,
      "mean_rel_oracle_gap": 0.02530719375635548,
      "mean_excess_s": 0.015519999999999999,
      "selected_s_std": 0.016384251688948557,
      "failure_rate": 0.0,
      "n_failed": 0
    },
    "NGS": {
      "method": "NGS",
      "n_reps": 500,
      "target": 0.95,
      "coverage": 0.982,
      "coverage_lo": 0.9661483290912607,
      "coverage_hi": 0.990501806703803,
      "coverage_gap": 0.03200000000000003,
      "meets_target": true,
      "significantly_below": false,
      "mean_obj": -16.369413940769675,
      "obj_se": 0.015503788903835265,
      "mean_oracle_gap": 0.5930345964824077,
      "oracle_gap_se": 0.015964043570952414,
      "mean_rel_oracle_gap": 0.03493643553978894,
      "mean_excess_s": 0.020975999999999998,
      "selected_s_std": 0.013324850741925373,
      "failure_rate": 0.0,
      "n_failed": 0
    },
    "UNGS": {
      "method": "UNGS",
      "n_reps": 500,
      "target": 0.95,
      "coverage": 0.986,
      "coverage_lo": 0.9713869308622147,
      "coverage_hi": 0.9932022102091564,
      "coverage_gap": 0.03600000000000003,
      "meets_target": true,
      "significantly_below": false,
      "mean_obj": -16.23276968864642,
      "obj_se": 0.01718454621482027,
      "mean_oracle_gap": 0.7296788486056637,
      "oracle_gap_se": 0.017663475158671258,
      "mean_rel_oracle_gap": 0.04299033604070398,
      "mean_excess_s": 0.024432000000000002,
      "selected_s_std": 0.012069537998406982,
      "failure_rate": 0.0,
      "n_failed": 0
    },
    "_n_replication_errors": 0
  }
}