{
  "config": "paper_saa",
  "n": 200,
  "split": 0.4,
  "d": 5,
  "reps": 500,
  "mesh_p": null,
  "include_existing": false,
  "folds": null,
  "elapsed_s": 2.775493621826172,
  "summaries": {
    "NV": {
      "method": "NV",
      "n_reps": 500,
      "target": 0.95,
      "coverage": 0.516,
      "coverage_lo": 0.4722414643366831,
      "coverage_hi": 0.5595145567685472,
      "coverage_gap": -0.43399999999999994,
      "meets_target": false,
      "significantly_below": true,
      "mean_obj": -3.5632444861248476,
      "obj_se": 0.006985827632588922,
      "mean_oracle_gap": -0.047255110898783474,
      "oracle_gap_se": 0.007441487210250077,
      "mean_rel_oracle_gap": -0.013811871868967531,
      "mean_excess_s": -0.008114052953156824,
      "selected_s_std": 0.026995962289941063,
      "failure_rate": 0.0,
      "n_failed": 0
    },
    "UG": {
      "method": "UG",
      "n_reps": 500,
      "target": 0.95,
      "coverage": 0.902,
      "coverage_lo": 0.8727939491335183,
      "coverage_hi": 0.9250760811353939,
      "coverage_gap": -0.04799999999999993,
      "meets_target": false,
      "significantly_below": true,
      "mean_obj": -3.3506907895974143,
      "obj_se": 0.008671030085005228,
      "mean_oracle_gap": 0.16919468189901046,
      "oracle_gap_se": 0.008805606987561413,
      "mean_rel_oracle_gap": 0.047847707345507355,
      "mean_excess_s": 0.017279022403258654,
      "selected_s_std": 0.021113547019282922,
      "failure_rate": 0.0,
      "n_failed": 0
    },
    "NGS": {
      "method": "NGS",
      "n_reps": 500,
      "target": 0.95,
      "coverage": 0.934,
      "coverage_lo": 0.9087605988391466,
      "coverage_hi": 0.9526214736402262,
      "coverage_gap": -0.015999999999999903,
      "meets_target": false,
      "significantly_below": false,
      "mean_obj": -3.307699042692101,
      "obj_se": 0.008775848686655771,
      "mean_oracle_gap": 0.21297446489831093,
      "oracle_gap_se": 0.008866864042811,
      "mean_rel_oracle_gap": 0.060304615533525625,
      "mean_excess_s": 0.021458248472505086,
      "selected_s_std": 0.018191383368444395,
      "failure_rate": 0.0,
      "n_failed": 0
    },
    "UNGS": {
      "method": "UNGS",
      "n_reps": 500,
      "target": 0.95,
      "coverage": 0.938,
      "coverage_lo": 0.9133402868983618,
      "coverage_hi": 0.9559807908573184,
      "coverage_gap": -0.01200000000000001,
      "meets_target": false,
      "significantly_below": false,
      "mean_obj": -3.2648549352271368,
      "obj_se": 0.009477756723800825,
      "mean_oracle_gap": 0.25660390223534196,
      "oracle_gap_se": 0.009578484907986243,
      "mean_rel_oracle_gap": 0.07270304660999892,
      "mean_excess_s": 0.024733197556008144,
      "selected_s_std": 0.017566220087894626,
      "failure_rate": 0.0,
      "n_failed": 0
    },
    "_n_replication_errors": 0
  }
}