{
  "config": "paper_ro_ellipsoid",
  "n": 200,
  "split": 0.4,
  "d": 2,
  "reps": 500,
  "mesh_p": null,
  "include_existing": false,
  "folds": null,
  "elapsed_s": 0.46224236488342285,
  "summaries": {
    "NV": {
      "method": "NV",
      "n_reps": 500,
      "target": 0.95,
      "coverage": 0.794,
      "coverage_lo": 0.7563735290819746,
      "coverage_hi": 0.8271433587266328,
      "coverage_gap": -0.15599999999999992,
      "meets_target": false,
      "significantly_below": true,
      "mean_obj": -1.1850373177655926,
      "obj_se": 0.0028354640009954496,
      "mean_oracle_gap": -0.012676646578888302,
      "oracle_gap_se": 0.003167924715220378,
      "mean_rel_oracle_gap": -0.011605681880708766,
      "mean_excess_s": -0.06850724926702538,
      "selected_s_std": 0.6341051983266611,
      "failure_rate": 0.0,
      "n_failed": 0
    },
    "UG": {
      "method": "UG",
      "n_reps": 500,
      "target": 0.95,
      "coverage": 0.982,
      "coverage_lo": 0.9661483290912607,
      "coverage_hi": 0.990501806703803,
      "coverage_gap": 0.03200000000000003,
      "meets_target": true,
      "significantly_below": false,
      "mean_obj": -1.1011556289970479,
      "obj_se": 0.0026363605001321912,
      "mean_oracle_gap": 0.07120504218965655,
      "oracle_gap_se": 0.002979975140187798,
      "mean_rel_oracle_gap": 0.06001567799493679,
      "mean_excess_s": 0.763716867801443,
      "selected_s_std": 0.8814627780357724,
      "failure_rate": 0.0,
      "n_failed": 0
    },
    "NGS": {
      "method": "NGS",
      "n_reps": 500,
      "target": 0.95,
      "coverage": 0.988,
      "coverage_lo": 0.9740696388835527,
      "coverage_hi": 0.9944890048259724,
      "coverage_gap": 0.038000000000000034,
      "meets_target": true,
      "significantly_below": false,
      "mean_obj": -1.081672785681938,
      "obj_se": 0.0025846443945909455,
      "mean_oracle_gap": 0.09068788550476643,
      "oracle_gap_se": 0.0029785317169549784,
      "mean_rel_oracle_gap": 0.07659981819364983,
      "mean_excess_s": 0.9922689918810411,
      "selected_s_std": 0.9306382471055716,
      "failure_rate": 0.0,
      "n_failed": 0
    },
    "UNGS": {
      "method": "UNGS",
      "n_reps": 500,
      "target": 0.95,
      "coverage": 0.992,
      "coverage_lo": 0.9796129641658948,
      "coverage_hi": 0.9968846848199377,
      "coverage_gap": 0.04200000000000004,
      "meets_target": true,
      "significantly_below": false,
      "mean_obj": -1.051743726347096,
      "obj_se": 0.0030439820789035627,
      "mean_oracle_gap": 0.12061694483960851,
      "oracle_gap_se": 0.0034642615530068614,
      "mean_rel_oracle_gap": 0.10205106076409315,
      "mean_excess_s": 1.4504105964639071,
      "selected_s_std": 1.363762563222188,
      "failure_rate": 0.0,
      "n_failed": 0
    },
    "benchmark": {
      "method": "benchmark",
      "n_reps": 500,
      "target": 0.95,
      "coverage": 1.0,
      "coverage_lo": 0.9923756595384479,
      "coverage_hi": 1.0,
      "coverage_gap": 0.050000000000000044,
      "meets_target": true,
      "significantly_below": false,
      "mean_obj": -0.9727869233715889,
      "obj_se": 0.0,
      "mean_oracle_gap": 0.19957374781511544,
      "oracle_gap_se": 0.0015254970941313282,
      "mean_rel_oracle_gap": 0.16952975651855137,
      "mean_excess_s": null,
      "selected_s_std": null,
      "failure_rate": 0.0,
      "n_failed": 0
    },
    "_n_replication_errors": 0
  }
}