{
  "config": "paper_ro_ellipsoid",
  "n": 1000,
  "split": 0.8,
  "d": 10,
  "reps": 500,
  "mesh_p": null,
  "include_existing": false,
  "folds": null,
  "elapsed_s": 0.6110296249389648,
  "summaries": {
    "NV": {
      "method": "NV",
      "n_reps": 500,
      "target": 0.95,
      "coverage": 0.774,
      "coverage_lo": 0.7353316422926235,
      "coverage_hi": 0.8084902191344461,
      "coverage_gap": -0.17599999999999993,
      "meets_target": false,
      "significantly_below": true,
      "mean_obj": -7.613605185598855,
      "obj_se": 0.012457905303127645,
      "mean_oracle_gap": -0.15441762247470173,
      "oracle_gap_se": 0.012795362612603467,
      "mean_rel_oracle_gap": -0.020808901740656055,
      "mean_excess_s": -0.32486348674416277,
      "selected_s_std": 0.6102193523113006,
      "failure_rate": 0.0,
      "n_failed": 0
    },
    "UG": {
      "method": "UG",
      "n_reps": 500,
      "target": 0.95,
      "coverage": 0.98,
      "coverage_lo": 0.9635798167531208,
      "coverage_hi": 0.9891008164037892,
      "coverage_gap": 0.030000000000000027,
      "meets_target": true,
      "significantly_below": false,
      "mean_obj": -7.4272930966790724,
      "obj_se": 0.007408262186628775,
      "mean_oracle_gap": 0.031894466445081066,
      "oracle_gap_se": 0.007812253848225293,
      "mean_rel_oracle_gap": 0.0041854893168389515,
      "mean_excess_s": 0.10930240773289733,
      "selected_s_std": 0.45902808557154906,
      "failure_rate": 0.0,
      "n_failed": 0
    },
    "NGS": {
      "method": "NGS",
      "n_reps": 500,
      "target": 0.95,
      "coverage": 0.994,
      "coverage_lo": 0.9825097478959467,
      "coverage_hi": 0.9979574037280398,
      "coverage_gap": 0.04400000000000004,
      "meets_target": true,
      "significantly_below": false,
      "mean_obj": -7.38068454845522,
      "obj_se": 0.007852523354149023,
      "mean_oracle_gap": 0.07850301466893325,
      "oracle_gap_se": 0.008447780818420212,
      "mean_rel_oracle_gap": 0.010418808154025712,
      "mean_excess_s": 0.2470095393833049,
      "selected_s_std": 0.5525959945152299,
      "failure_rate": 0.0,
      "n_failed": 0
    },
    "UNGS": {
      "method": "UNGS",
      "n_reps": 500,
      "target": 0.95,
      "coverage": 0.986,
      "coverage_lo": 0.9713869308622147,
      "coverage_hi": 0.9932022102091564,
      "coverage_gap": 0.03600000000000003,
      "meets_target": true,
      "significantly_below": false,
      "mean_obj": -7.352862474067104,
      "obj_se": 0.009369460059011214,
      "mean_oracle_gap": 0.10632508905705042,
      "oracle_gap_se": 0.009987306739760355,
      "mean_rel_oracle_gap": 0.014138936918815568,
      "mean_excess_s": 0.34183550577392713,
      "selected_s_std": 0.6554654846644056,
      "failure_rate": 0.0,
      "n_failed": 0
    },
    "benchmark": {
      "method": "benchmark",
      "n_reps": 500,
      "target": 0.95,
      "coverage": 1.0,
      "coverage_lo": 0.9923756595384479,
      "coverage_hi": 1.0,
      "coverage_gap": 0.050000000000000044,
      "meets_target": true,
      "significantly_below": false,
      "mean_obj": -6.901634398385975,
      "obj_se": 7.95206533574069e-17,
      "mean_oracle_gap": 0.5575531647381797,
      "oracle_gap_se": 0.00386582899255033,
      "mean_rel_oracle_gap": 0.07462591342782492,
      "mean_excess_s": null,
      "selected_s_std": null,
      "failure_rate": 0.0,
      "n_failed": 0
    },
    "_n_replication_errors": 0
  }
}