{
  "config": "paper_so",
  "n": 200,
  "split": 0.9,
  "d": 2,
  "reps": 500,
  "mesh_p": 60,
  "include_existing": false,
  "folds": null,
  "elapsed_s": 0.9766683578491211,
  "summaries": {
    "NV": {
      "method": "NV",
      "n_reps": 500,
      "target": 0.95,
      "coverage": 0.62,
      "coverage_lo": 0.576692489073785,
      "coverage_hi": 0.6614776692154425,
      "coverage_gap": -0.32999999999999996,
      "meets_target": false,
      "significantly_below": true,
      "mean_obj": -1.1411808436815591,
      "obj_se": 0.007158882982272147,
      "mean_oracle_gap": -0.04848109554913944,
      "oracle_gap_se": 0.006488311940821863,
      "mean_rel_oracle_gap": -0.046256145776748615,
      "mean_excess_s": -0.866,
      "selected_s_std": 19.52535733753205,
      "failure_rate": 0.0,
      "n_failed": 0
    },
    "UG": {
      "method": "UG",
      "n_reps": 500,
      "target": 0.95,
      "coverage": 0.95,
      "coverage_lo": 0.9272318388284524,
      "coverage_hi": 0.9659062547561506,
      "coverage_gap": 0.0,
      "meets_target": true,
      "significantly_below": false,
      "mean_obj": -0.9955725775414355,
      "obj_se": 0.005265984380922768,
      "mean_oracle_gap": 0.09712717059098412,
      "oracle_gap_se": 0.005488393437880725,
      "mean_rel_oracle_gap": 0.08538817419318151,
      "mean_excess_s": 29.806,
      "selected_s_std": 40.024374287103456,
      "failure_rate": 0.0,
      "n_failed": 0
    },
    "NGS": {
      "method": "NGS",
      "n_reps": 500,
      "target": 0.95,
      "coverage": 0.95,
      "coverage_lo": 0.9272318388284524,
      "coverage_hi": 0.9659062547561506,
      "coverage_gap": 0.0,
      "meets_target": true,
      "significantly_below": false,
      "mean_obj": -0.9955725775414355,
      "obj_se": 0.005265984380922768,
      "mean_oracle_gap": 0.09712717059098412,
      "oracle_gap_se": 0.005488393437880725,
      "mean_rel_oracle_gap": 0.08538817419318151,
      "mean_excess_s": 29.806,
      "selected_s_std": 40.024374287103456,
      "failure_rate": 0.0,
      "n_failed": 0
    },
    "UNGS": {
      "method": "UNGS",
      "n_reps": 500,
      "target": 0.95,
      "coverage": 0.95,
      "coverage_lo": 0.9272318388284524,
      "coverage_hi": 0.9659062547561506,
      "coverage_gap": 0.0,
      "meets_target": true,
      "significantly_below": false,
      "mean_obj": -0.9955725775414355,
      "obj_se": 0.005265984380922768,
      "mean_oracle_gap": 0.09712717059098412,
      "oracle_gap_se": 0.005488393437880725,
      "mean_rel_oracle_gap": 0.08538817419318151,
      "mean_excess_s": 29.806,
      "selected_s_std": 40.024374287103456,
      "failure_rate": 0.0,
      "n_failed": 0
    },
    "benchmark": {
      "method": "benchmark",
      "n_reps": 500,
      "target": 0.95,
      "coverage": 1.0,
      "coverage_lo": 0.9923756595384479,
      "coverage_hi": 1.0,
      "coverage_gap": 0.050000000000000044,
      "meets_target": true,
      "significantly_below": false,
      "mean_obj": -0.8852940974735232,
      "obj_se": 0.003027994466713606,
      "mean_oracle_gap": 0.2074056506588965,
      "oracle_gap_se": 0.004617482758481583,
      "mean_rel_oracle_gap": 0.1847955854156084,
      "mean_excess_s": null,
      "selected_s_std": null,
      "failure_rate": 0.0,
      "n_failed": 0
    },
    "_n_replication_errors": 0
  }
}