{
  "config": "paper_ro_ellipsoid",
  "n": 200,
  "split": 0.7,
  "d": 50,
  "reps": 500,
  "mesh_p": null,
  "include_existing": false,
  "folds": null,
  "elapsed_s": 3.698711395263672,
  "summaries": {
    "NV": {
      "method": "NV",
      "n_reps": 500,
      "target": 0.95,
      "coverage": 0.998,
      "coverage_lo": 0.9887592932948532,
      "coverage_hi": 0.9996468636054407,
      "coverage_gap": 0.04800000000000004,
      "meets_target": true,
      "significantly_below": false,
      "mean_obj": -44.329775310124724,
      "obj_se": 0.032598756360215475,
      "mean_oracle_gap": 0.19671978877100707,
      "oracle_gap_se": 0.029847561517848432,
      "mean_rel_oracle_gap": 0.004379682525173733,
      "mean_excess_s": 0.2688338809429524,
      "selected_s_std": 0.9195701652091254,
      "failure_rate": 0.0,
      "n_failed": 0
    },
    "UG": {
      "method": "UG",
      "n_reps": 500,
      "target": 0.95,
      "coverage": 1.0,
      "coverage_lo": 0.9923756595384479,
      "coverage_hi": 1.0,
      "coverage_gap": 0.050000000000000044,
      "meets_target": true,
      "significantly_below": false,
      "mean_obj": -43.36418971245432,
      "obj_se": 0.05273409614441615,
      "mean_oracle_gap": 1.1623053864414086,
      "oracle_gap_se": 0.05657353571470921,
      "mean_rel_oracle_gap": 0.025993596524129046,
      "mean_excess_s": 1.6033871368714412,
      "selected_s_std": 1.8052837758402116,
      "failure_rate": 0.0,
      "n_failed": 0
    },
    "NGS": {
      "method": "NGS",
      "n_reps": 500,
      "target": 0.95,
      "coverage": 1.0,
      "coverage_lo": 0.9923756595384479,
      "coverage_hi": 1.0,
      "coverage_gap": 0.050000000000000044,
      "meets_target": true,
      "significantly_below": false,
      "mean_obj": -42.940971749233896,
      "obj_se": 0.0581478780197804,
      "mean_oracle_gap": 1.5855233496618375,
      "oracle_gap_se": 0.061791810228201086,
      "mean_rel_oracle_gap": 0.035497205411869445,
      "mean_excess_s": 2.2479612955130355,
      "selected_s_std": 2.118528011103981,
      "failure_rate": 0.0,
      "n_failed": 0
    },
    "UNGS": {
      "method": "UNGS",
      "n_reps": 500,
      "target": 0.95,
      "coverage": 1.0,
      "coverage_lo": 0.9923756595384479,
      "coverage_hi": 1.0,
      "coverage_gap": 0.050000000000000044,
      "meets_target": true,
      "significantly_below": false,
      "mean_obj": -43.18196284848788,
      "obj_se": 0.06356510596793942,
      "mean_oracle_gap": 1.344532250407852,
      "oracle_gap_se": 0.06840159429525619,
      "mean_rel_oracle_gap": 0.030059187758000077,
      "mean_excess_s": 1.9804178481274544,
      "selected_s_std": 2.4842107181700603,
      "failure_rate": 0.0,
      "n_failed": 0
    },
    "benchmark": {
      "method": "benchmark",
      "n_reps": 500,
      "target": 0.95,
      "coverage": 1.0,
      "coverage_lo": 0.9923756595384479,
      "coverage_hi": 1.0,
      "coverage_gap": 0.050000000000000044,
      "meets_target": true,
      "significantly_below": false,
      "mean_obj": -42.46409155317787,
      "obj_se": 3.180826134296276e-16,
      "mean_oracle_gap": 2.062403545717848,
      "oracle_gap_se": 0.021966735700572507,
      "mean_rel_oracle_gap": 0.04620248112548711,
      "mean_excess_s": null,
      "selected_s_std": null,
      "failure_rate": 0.0,
      "n_failed": 0
    },
    "_n_replication_errors": 0
  }
}