{
  "config": "paper_so",
  "n": 500,
  "split": 0.9,
  "d": 2,
  "reps": 500,
  "mesh_p": 60,
  "include_existing": false,
  "folds": null,
  "elapsed_s": 1.9004299640655518,
  "summaries": {
    "NV": {
      "method": "NV",
      "n_reps": 500,
      "target": 0.95,
      "coverage": 0.738,
      "coverage_lo": 0.6977470833575388,
      "coverage_hi": 0.7746237305827623,
      "coverage_gap": -0.21199999999999997,
      "meets_target": false,
      "significantly_below": true,
      "mean_obj": -1.1116156319273043,
      "obj_se": 0.005458435611612183,
      "mean_oracle_gap": -0.026978211975967774,
      "oracle_gap_se": 0.0048196829455012195,
      "mean_rel_oracle_gap": -0.028023355717277192,
      "mean_excess_s": -0.448,
      "selected_s_std": 19.55979476227408,
      "failure_rate": 0.0,
      "n_failed": 0
    },
    "UG": {
      "method": "UG",
      "n_reps": 500,
      "target": 0.95,
      "coverage": 0.972,
      "coverage_lo": 0.9535535973250512,
      "coverage_hi": 0.9832490252792435,
      "coverage_gap": 0.02200000000000002,
      "meets_target": true,
      "significantly_below": false,
      "mean_obj": -1.0084430621328775,
      "obj_se": 0.004466785383249695,
      "mean_oracle_gap": 0.07619435781845892,
      "oracle_gap_se": 0.004512892212866206,
      "mean_rel_oracle_gap": 0.06644548174326453,
      "mean_excess_s": 25.346,
      "selected_s_std": 46.4866637199059,
      "failure_rate": 0.0,
      "n_failed": 0
    },
    "NGS": {
      "method": "NGS",
      "n_reps": 500,
      "target": 0.95,
      "coverage": 0.98,
      "coverage_lo": 0.9635798167531208,
      "coverage_hi": 0.9891008164037892,
      "coverage_gap": 0.030000000000000027,
      "meets_target": true,
      "significantly_below": false,
      "mean_obj": -0.9803982281791908,
      "obj_se": 0.004460254817970202,
      "mean_oracle_gap": 0.10423919177214579,
      "oracle_gap_se": 0.004957760440068383,
      "mean_rel_oracle_gap": 0.09153378734687516,
      "mean_excess_s": 44.874,
      "selected_s_std": 69.50844930690154,
      "failure_rate": 0.0,
      "n_failed": 0
    },
    "UNGS": {
      "method": "UNGS",
      "n_reps": 500,
      "target": 0.95,
      "coverage": 0.998,
      "coverage_lo": 0.9887592932948532,
      "coverage_hi": 0.9996468636054407,
      "coverage_gap": 0.04800000000000004,
      "meets_target": true,
      "significantly_below": false,
      "mean_obj": -0.9200649132600447,
      "obj_se": 0.003939146819758121,
      "mean_oracle_gap": 0.1645725066912919,
      "oracle_gap_se": 0.005152457955800983,
      "mean_rel_oracle_gap": 0.14611927807318498,
      "mean_excess_s": 94.654,
      "selected_s_std": 102.50703752173781,
      "failure_rate": 0.0,
      "n_failed": 0
    },
    "benchmark": {
      "method": "benchmark",
      "n_reps": 500,
      "target": 0.95,
      "coverage": 1.0,
      "coverage_lo": 0.9923756595384479,
      "coverage_hi": 1.0,
      "coverage_gap": 0.050000000000000044,
      "meets_target": true,
      "significantly_below": false,
      "mean_obj": -0.826583426431797,
      "obj_se": 0.0024239914810135423,
      "mean_oracle_gap": 0.2580539935195394,
      "oracle_gap_se": 0.004624344206291881,
      "mean_rel_oracle_gap": 0.23189140673766323,
      "mean_excess_s": NaN,
      "selected_s_std": NaN,
      "failure_rate": 0.0,
      "n_failed": 0
    },
    "_n_replication_errors": 0
  }
}