{
  "config": "paper_ro_ellipsoid",
  "n": 200,
  "split": 0.3,
  "d": 2,
  "reps": 500,
  "mesh_p": null,
  "include_existing": false,
  "folds": null,
  "elapsed_s": 0.4007878303527832,
  "summaries": {
    "NV": {
      "method": "NV",
      "n_reps": 500,
      "target": 0.95,
      "coverage": 0.818,
      "coverage_lo": 0.7817973646706083,
      "coverage_hi": 0.8493535547958443,
      "coverage_gap": -0.132,
      "meets_target": false,
      "significantly_below": true,
      "mean_obj": -1.1763166617893581,
      "obj_se": 0.0025557819429631945,
      "mean_oracle_gap": -0.007705321476110519,
      "oracle_gap_se": 0.0028997713022750446,
      "mean_rel_oracle_gap": -0.007454123978108135,
      "mean_excess_s": -0.031188839603651108,
      "selected_s_std": 0.7033417158281215,
      "failure_rate": 0.0,
      "n_failed": 0
    },
    "UG": {
      "method": "UG",
      "n_reps": 500,
      "target": 0.95,
      "coverage": 0.976,
      "coverage_lo": 0.9585229425360993,
      "coverage_hi": 0.986218685344503,
      "coverage_gap": 0.026000000000000023,
      "meets_target": true,
      "significantly_below": false,
      "mean_obj": -1.1108659531531053,
      "obj_se": 0.0025208948585267684,
      "mean_oracle_gap": 0.05774538716014236,
      "oracle_gap_se": 0.002837290762856229,
      "mean_rel_oracle_gap": 0.04864509024015622,
      "mean_excess_s": 0.6161000606206596,
      "selected_s_std": 0.8649845204248701,
      "failure_rate": 0.0,
      "n_failed": 0
    },
    "NGS": {
      "method": "NGS",
      "n_reps": 500,
      "target": 0.95,
      "coverage": 0.994,
      "coverage_lo": 0.9825097478959467,
      "coverage_hi": 0.9979574037280398,
      "coverage_gap": 0.04400000000000004,
      "meets_target": true,
      "significantly_below": false,
      "mean_obj": -1.0824214331221977,
      "obj_se": 0.0025537947444104073,
      "mean_oracle_gap": 0.08618990719104992,
      "oracle_gap_se": 0.002974101567790286,
      "mean_rel_oracle_gap": 0.07289410021524666,
      "mean_excess_s": 0.9662288770897915,
      "selected_s_std": 1.0196576824499675,
      "failure_rate": 0.0,
      "n_failed": 0
    },
    "UNGS": {
      "method": "UNGS",
      "n_reps": 500,
      "target": 0.95,
      "coverage": 0.996,
      "coverage_lo": 0.9855342847848231,
      "coverage_hi": 0.9989023694773173,
      "coverage_gap": 0.04600000000000004,
      "meets_target": true,
      "significantly_below": false,
      "mean_obj": -1.057585755280511,
      "obj_se": 0.002723028846918794,
      "mean_oracle_gap": 0.1110255850327368,
      "oracle_gap_se": 0.0032343186275377023,
      "mean_rel_oracle_gap": 0.09403451595063013,
      "mean_excess_s": 1.337790721344407,
      "selected_s_std": 1.3371204155413958,
      "failure_rate": 0.0,
      "n_failed": 0
    },
    "benchmark": {
      "method": "benchmark",
      "n_reps": 500,
      "target": 0.95,
      "coverage": 1.0,
      "coverage_lo": 0.9923756595384479,
      "coverage_hi": 1.0,
      "coverage_gap": 0.050000000000000044,
      "meets_target": true,
      "significantly_below": false,
      "mean_obj": -0.9727869233715889,
      "obj_se": 0.0,
      "mean_oracle_gap": 0.19582441694165875,
      "oracle_gap_se": 0.0016703152224913818,
      "mean_rel_oracle_gap": 0.16671482035801016,
      "mean_excess_s": NaN,
      "selected_s_std": NaN,
      "failure_rate": 0.0,
      "n_failed": 0
    },
    "_n_replication_errors": 0
  }
}