{
  "config": "paper_so",
  "n": 1000,
  "split": 0.5,
  "d": 10,
  "reps": 500,
  "mesh_p": 60,
  "include_existing": false,
  "folds": null,
  "elapsed_s": 5.303611516952515,
  "summaries": {
    "NV": {
      "method": "NV",
      "n_reps": 500,
      "target": 0.95,
      "coverage": 0.84,
      "coverage_lo": 0.8052918208363085,
      "coverage_hi": 0.8695236276498359,
      "coverage_gap": -0.10999999999999999,
      "meets_target": false,
      "significantly_below": true,
      "mean_obj": -7.6124509856227895,
      "obj_se": 0.01193752033868946,
      "mean_oracle_gap": -0.012779349525129172,
      "oracle_gap_se": 0.008662417507883415,
      "mean_rel_oracle_gap": -0.0019242618099014216,
      "mean_excess_s": 0.254,
      "selected_s_std": 25.151599988150412,
      "failure_rate": 0.0,
      "n_failed": 0
    },
    "UG": {
      "method": "UG",
      "n_reps": 500,
      "target": 0.95,
      "coverage": 0.984,
      "coverage_lo": 0.9687488914666058,
      "coverage_hi": 0.9918707469666117,
      "coverage_gap": 0.03400000000000003,
      "meets_target": true,
      "significantly_below": false,
      "mean_obj": -7.46098617382823,
      "obj_se": 0.011003696043347768,
      "mean_oracle_gap": 0.13868546226943032,
      "oracle_gap_se": 0.010391033987031898,
      "mean_rel_oracle_gap": 0.017786967188207395,
      "mean_excess_s": 14.968,
      "selected_s_std": 34.590129084178336,
      "failure_rate": 0.0,
      "n_failed": 0
    },
    "NGS": {
      "method": "NGS",
      "n_reps": 500,
      "target": 0.95,
      "coverage": 0.998,
      "coverage_lo": 0.9887592932948532,
      "coverage_hi": 0.9996468636054407,
      "coverage_gap": 0.04800000000000004,
      "meets_target": true,
      "significantly_below": false,
      "mean_obj": -7.376335523726037,
      "obj_se": 0.010188958673555393,
      "mean_oracle_gap": 0.22333611237162404,
      "oracle_gap_se": 0.011112902679182562,
      "mean_rel_oracle_gap": 0.028790478169197133,
      "mean_excess_s": 25.208,
      "selected_s_std": 38.83229339119749,
      "failure_rate": 0.0,
      "n_failed": 0
    },
    "UNGS": {
      "method": "UNGS",
      "n_reps": 500,
      "target": 0.95,
      "coverage": 1.0,
      "coverage_lo": 0.9923756595384479,
      "coverage_hi": 1.0,
      "coverage_gap": 0.050000000000000044,
      "meets_target": true,
      "significantly_below": false,
      "mean_obj": -7.299778504097701,
      "obj_se": 0.00964885233392345,
      "mean_oracle_gap": 0.2998931319999581,
      "oracle_gap_se": 0.011576509421647672,
      "mean_rel_oracle_gap": 0.03877715659339759,
      "mean_excess_s": 40.008,
      "selected_s_std": 48.78569466562935,
      "failure_rate": 0.0,
      "n_failed": 0
    },
    "benchmark": {
      "method": "benchmark",
      "n_reps": 500,
      "target": 0.95,
      "coverage": 1.0,
      "coverage_lo": 0.9923756595384479,
      "coverage_hi": 1.0,
      "coverage_gap": 0.050000000000000044,
      "meets_target": true,
      "significantly_below": false,
      "mean_obj": -6.402973975509136,
      "obj_se": 0.0077412904794244685,
      "mean_oracle_gap": 1.1966976605885242,
      "oracle_gap_se": 0.012639571492933283,
      "mean_rel_oracle_gap": 0.1566327862114701,
      "mean_excess_s": NaN,
      "selected_s_std": NaN,
      "failure_rate": 0.0,
      "n_failed": 0
    },
    "_n_replication_errors": 0
  }
}