{
  "config": "paper_so",
  "n": 200,
  "split": 0.8,
  "d": 50,
  "reps": 500,
  "mesh_p": 60,
  "include_existing": false,
  "folds": null,
  "elapsed_s": 6.9326183795928955,
  "summaries": {
    "NV": {
      "method": "NV",
      "n_reps": 500,
      "target": 0.95,
      "coverage": 0.442,
      "coverage_lo": 0.3990759531428234,
      "coverage_hi": 0.4858084703507167,
      "coverage_gap": -0.508,
      "meets_target": false,
      "significantly_below": true,
      "mean_obj": -45.840704052080326,
      "obj_se": 0.051290561085146846,
      "mean_oracle_gap": -0.6012511360705357,
      "oracle_gap_se": 0.05328444109744997,
      "mean_rel_oracle_gap": -0.013409312064177606,
      "mean_excess_s": -11.750503018108652,
      "selected_s_std": 34.25798030282664,
      "failure_rate": 0.0,
      "n_failed": 0
    },
    "UG": {
      "method": "UG",
      "n_reps": 500,
      "target": 0.95,
      "coverage": 0.872,
      "coverage_lo": 0.8398543146918417,
      "coverage_hi": 0.8984731760047634,
      "coverage_gap": -0.07799999999999996,
      "meets_target": false,
      "significantly_below": true,
      "mean_obj": -44.659331464862,
      "obj_se": 0.04220174102886874,
      "mean_oracle_gap": 0.5861944830512787,
      "oracle_gap_se": 0.03913307434675563,
      "mean_rel_oracle_gap": 0.012900201153575772,
      "mean_excess_s": 32.49496981891348,
      "selected_s_std": 42.59900527595688,
      "failure_rate": 0.0,
      "n_failed": 0
    },
    "NGS": {
      "method": "NGS",
      "n_reps": 500,
      "target": 0.95,
      "coverage": 0.872,
      "coverage_lo": 0.8398543146918417,
      "coverage_hi": 0.8984731760047634,
      "coverage_gap": -0.07799999999999996,
      "meets_target": false,
      "significantly_below": true,
      "mean_obj": -44.661828607949204,
      "obj_se": 0.04223852829870316,
      "mean_oracle_gap": 0.5836822666657682,
      "oracle_gap_se": 0.03916084811804637,
      "mean_rel_oracle_gap": 0.012844793093732683,
      "mean_excess_s": 32.21730382293762,
      "selected_s_std": 42.57219782975871,
      "failure_rate": 0.0,
      "n_failed": 0
    },
    "UNGS": {
      "method": "UNGS",
      "n_reps": 500,
      "target": 0.95,
      "coverage": 0.908,
      "coverage_lo": 0.8794612618638256,
      "coverage_hi": 0.930317276319548,
      "coverage_gap": -0.041999999999999926,
      "meets_target": false,
      "significantly_below": true,
      "mean_obj": -44.55761138727851,
      "obj_se": 0.040117036556855196,
      "mean_oracle_gap": 0.6885285651272274,
      "oracle_gap_se": 0.03717464588346231,
      "mean_rel_oracle_gap": 0.01515919522595797,
      "mean_excess_s": 37.32394366197183,
      "selected_s_std": 41.599217417874094,
      "failure_rate": 0.0,
      "n_failed": 0
    },
    "benchmark": {
      "method": "benchmark",
      "n_reps": 500,
      "target": 0.95,
      "coverage": 1.0,
      "coverage_lo": 0.9923756595384479,
      "coverage_hi": 1.0,
      "coverage_gap": 0.050000000000000044,
      "meets_target": true,
      "significantly_below": false,
      "mean_obj": -43.738043521533534,
      "obj_se": 0.032546151586159616,
      "mean_oracle_gap": 1.5049343231719505,
      "oracle_gap_se": 0.03226520009713799,
      "mean_rel_oracle_gap": 0.03318618628516108,
      "mean_excess_s": NaN,
      "selected_s_std": NaN,
      "failure_rate": 0.0,
      "n_failed": 0
    },
    "_n_replication_errors": 0
  }
}