{
  "config": "paper_so",
  "n": 1000,
  "split": 0.6,
  "d": 50,
  "reps": 500,
  "mesh_p": 60,
  "include_existing": false,
  "folds": null,
  "elapsed_s": 24.996922969818115,
  "summaries": {
    "NV": {
      "method": "NV",
      "n_reps": 500,
      "target": 0.95,
      "coverage": 0.766,
      "coverage_lo": 0.7269485494684876,
      "coverage_hi": 0.8009953014059666,
      "coverage_gap": -0.18399999999999994,
      "meets_target": false,
      "significantly_below": true,
      "mean_obj": -45.24894363377502,
      "obj_se": 0.028750309326965207,
      "mean_oracle_gap": -0.04082107973994054,
      "oracle_gap_se": 0.0223726905864919,
      "mean_rel_oracle_gap": -0.0009384533754970683,
      "mean_excess_s": -0.974,
      "selected_s_std": 34.79125244214393,
      "failure_rate": 0.0,
      "n_failed": 0
    },
    "UG": {
      "method": "UG",
      "n_reps": 500,
      "target": 0.95,
      "coverage": 0.982,
      "coverage_lo": 0.9661483290912607,
      "coverage_hi": 0.990501806703803,
      "coverage_gap": 0.03200000000000003,
      "meets_target": true,
      "significantly_below": false,
      "mean_obj": -44.70227606021448,
      "obj_se": 0.027962288741780805,
      "mean_oracle_gap": 0.5058464938206003,
      "oracle_gap_se": 0.027003368331488087,
      "mean_rel_oracle_gap": 0.011121766759748639,
      "mean_excess_s": 30.126,
      "selected_s_std": 50.443082708993636,
      "failure_rate": 0.0,
      "n_failed": 0
    },
    "NGS": {
      "method": "NGS",
      "n_reps": 500,
      "target": 0.95,
      "coverage": 0.998,
      "coverage_lo": 0.9887592932948532,
      "coverage_hi": 0.9996468636054407,
      "coverage_gap": 0.04800000000000004,
      "meets_target": true,
      "significantly_below": false,
      "mean_obj": -44.430198559160026,
      "obj_se": 0.025671076325820285,
      "mean_oracle_gap": 0.7779239948750589,
      "oracle_gap_se": 0.02894637663350826,
      "mean_rel_oracle_gap": 0.01711216100966338,
      "mean_excess_s": 52.826,
      "selected_s_std": 64.62653605388927,
      "failure_rate": 0.0,
      "n_failed": 0
    },
    "UNGS": {
      "method": "UNGS",
      "n_reps": 500,
      "target": 0.95,
      "coverage": 1.0,
      "coverage_lo": 0.9923756595384479,
      "coverage_hi": 1.0,
      "coverage_gap": 0.050000000000000044,
      "meets_target": true,
      "significantly_below": false,
      "mean_obj": -44.1059010643207,
      "obj_se": 0.02549525993178824,
      "mean_oracle_gap": 1.1022214897143803,
      "oracle_gap_se": 0.031643380835567024,
      "mean_rel_oracle_gap": 0.024265040030735326,
      "mean_excess_s": 87.764,
      "selected_s_std": 87.07745749162876,
      "failure_rate": 0.0,
      "n_failed": 0
    },
    "benchmark": {
      "method": "benchmark",
      "n_reps": 500,
      "target": 0.95,
      "coverage": 1.0,
      "coverage_lo": 0.9923756595384479,
      "coverage_hi": 1.0,
      "coverage_gap": 0.050000000000000044,
      "meets_target": true,
      "significantly_below": false,
      "mean_obj": -41.9306514373431,
      "obj_se": 0.020770246947341947,
      "mean_oracle_gap": 3.2774711166919768,
      "oracle_gap_se": 0.030147134861544782,
      "mean_rel_oracle_gap": 0.0723721132647107,
      "mean_excess_s": NaN,
      "selected_s_std": NaN,
      "failure_rate": 0.0,
      "n_failed": 0
    },
    "_n_replication_errors": 0
  }
}