{
  "config": "paper_dro_wasserstein",
  "n": 100,
  "split": 0.8,
  "d": 10,
  "reps": 500,
  "mesh_p": null,
  "include_existing": false,
  "folds": null,
  "elapsed_s": 47.199198484420776,
  "summaries": {
    "NV": {
      "method": "NV",
      "n_reps": 500,
      "target": 0.95,
      "coverage": 0.376,
      "coverage_lo": 0.3346400158192325,
      "coverage_hi": 0.4192508206152326,
      "coverage_gap": -0.574,
      "meets_target": false,
      "significantly_below": true,
      "mean_obj": -7.965031440311101,
      "obj_se": 0.02140235962393652,
      "mean_oracle_gap": -0.20437562156047154,
      "oracle_gap_se": 0.022241717453023287,
      "mean_rel_oracle_gap": -0.026598887259097825,
      "mean_excess_s": -0.003985582153901918,
      "selected_s_std": 0.03601880129245872,
      "failure_rate": 0.0,
      "n_failed": 0
    },
    "UG": {
      "method": "UG",
      "n_reps": 500,
      "target": 0.95,
      "coverage": 0.884,
      "coverage_lo": 0.8529581630365658,
      "coverage_hi": 0.9091863434889621,
      "coverage_gap": -0.06599999999999995,
      "meets_target": false,
      "significantly_below": true,
      "mean_obj": -6.955469958708931,
      "obj_se": 0.030867066839562203,
      "mean_oracle_gap": 0.8051858600416997,
      "oracle_gap_se": 0.031061684130563552,
      "mean_rel_oracle_gap": 0.10361669945318966,
      "mean_excess_s": 0.0938796718552561,
      "selected_s_std": 0.1006483151067105,
      "failure_rate": 0.0,
      "n_failed": 0
    },
    "NGS": {
      "method": "NGS",
      "n_reps": 500,
      "target": 0.95,
      "coverage": 0.884,
      "coverage_lo": 0.8529581630365658,
      "coverage_hi": 0.9091863434889621,
      "coverage_gap": -0.06599999999999995,
      "meets_target": false,
      "significantly_below": true,
      "mean_obj": -6.955469958708931,
      "obj_se": 0.030867066839562203,
      "mean_oracle_gap": 0.8051858600416997,
      "oracle_gap_se": 0.031061684130563552,
      "mean_rel_oracle_gap": 0.10361669945318966,
      "mean_excess_s": 0.0938796718552561,
      "selected_s_std": 0.1006483151067105,
      "failure_rate": 0.0,
      "n_failed": 0
    },
    "UNGS": {
      "method": "UNGS",
      "n_reps": 500,
      "target": 0.95,
      "coverage": 0.928,
      "coverage_lo": 0.9019315959830375,
      "coverage_hi": 0.9475419685818739,
      "coverage_gap": -0.02199999999999991,
      "meets_target": false,
      "significantly_below": true,
      "mean_obj": -2.666942282443039,
      "obj_se": 0.08267038981599169,
      "mean_oracle_gap": 5.093713536307591,
      "oracle_gap_se": 0.08256334593275685,
      "mean_rel_oracle_gap": 0.656451548394707,
      "mean_excess_s": 2.6457359365401616,
      "selected_s_std": 0.9337594077038384,
      "failure_rate": 0.0,
      "n_failed": 0
    },
    "_n_replication_errors": 0
  }
}