{
  "config": "paper_saa",
  "n": 400,
  "split": 0.2,
  "d": 10,
  "reps": 500,
  "mesh_p": null,
  "include_existing": false,
  "folds": null,
  "elapsed_s": 2.539919376373291,
  "summaries": {
    "NV": {
      "method": "NV",
      "n_reps": 500,
      "target": 0.95,
      "coverage": 0.62,
      "coverage_lo": 0.576692489073785,
      "coverage_hi": 0.6614776692154425,
      "coverage_gap": -0.32999999999999996,
      "meets_target": false,
      "significantly_below": true,
      "mean_obj": -7.811199509126061,
      "obj_se": 0.00998135805509303,
      "mean_oracle_gap": -0.03175993455404778,
      "oracle_gap_se": 0.009517015583558688,
      "mean_rel_oracle_gap": -0.004215701779459678,
      "mean_excess_s": -0.0029217391304347824,
      "selected_s_std": 0.023063812844494113,
      "failure_rate": 0.0,
      "n_failed": 0
    },
    "UG": {
      "method": "UG",
      "n_reps": 500,
      "target": 0.95,
      "coverage": 0.87,
      "coverage_lo": 0.8376786384230859,
      "coverage_hi": 0.8966793496353656,
      "coverage_gap": -0.07999999999999996,
      "meets_target": false,
      "significantly_below": true,
      "mean_obj": -7.602458272287332,
      "obj_se": 0.011976354791199115,
      "mean_oracle_gap": 0.19439978382905385,
      "oracle_gap_se": 0.011288620849418557,
      "mean_rel_oracle_gap": 0.024891926279987927,
      "mean_excess_s": 0.011426086956521739,
      "selected_s_std": 0.01733397049340203,
      "failure_rate": 0.0,
      "n_failed": 0
    },
    "NGS": {
      "method": "NGS",
      "n_reps": 500,
      "target": 0.95,
      "coverage": 0.896,
      "coverage_lo": 0.8661557291243417,
      "coverage_hi": 0.919805793230109,
      "coverage_gap": -0.05399999999999994,
      "meets_target": false,
      "significantly_below": true,
      "mean_obj": -7.537471719148175,
      "obj_se": 0.01231545854313351,
      "mean_oracle_gap": 0.2646690379073078,
      "oracle_gap_se": 0.011645200109365091,
      "mean_rel_oracle_gap": 0.03391099771789425,
      "mean_excess_s": 0.016095652173913042,
      "selected_s_std": 0.013050580803881382,
      "failure_rate": 0.0,
      "n_failed": 0
    },
    "UNGS": {
      "method": "UNGS",
      "n_reps": 500,
      "target": 0.95,
      "coverage": 0.902,
      "coverage_lo": 0.8727939491335183,
      "coverage_hi": 0.9250760811353939,
      "coverage_gap": -0.04799999999999993,
      "meets_target": false,
      "significantly_below": true,
      "mean_obj": -7.503207088033997,
      "obj_se": 0.013046444873996978,
      "mean_oracle_gap": 0.30191320216184936,
      "oracle_gap_se": 0.01211566933626551,
      "mean_rel_oracle_gap": 0.03872614242291561,
      "mean_excess_s": 0.017556521739130432,
      "selected_s_std": 0.012331236059922422,
      "failure_rate": 0.0,
      "n_failed": 0
    },
    "_n_replication_errors": 0
  }
}