{
  "config": "paper_saa",
  "n": 400,
  "split": 0.3,
  "d": 10,
  "reps": 500,
  "mesh_p": null,
  "include_existing": false,
  "folds": null,
  "elapsed_s": 7.077296495437622,
  "summaries": {
    "NV": {
      "method": "NV",
      "n_reps": 500,
      "target": 0.95,
      "coverage": 0.574,
      "coverage_lo": 0.5302541759784422,
      "coverage_hi": 0.616617421633248,
      "coverage_gap": -0.376,
      "meets_target": false,
      "significantly_below": true,
      "mean_obj": -7.863297054833721,
      "obj_se": 0.007894733565588247,
      "mean_oracle_gap": -0.03407999310550616,
      "oracle_gap_se": 0.008044708698316472,
      "mean_rel_oracle_gap": -0.004406342275271788,
      "mean_excess_s": -0.004056565656565657,
      "selected_s_std": 0.02148467095797245,
      "failure_rate": 0.0,
      "n_failed": 0
    },
    "UG": {
      "method": "UG",
      "n_reps": 500,
      "target": 0.95,
      "coverage": 0.938,
      "coverage_lo": 0.9133402868983618,
      "coverage_hi": 0.9559807908573184,
      "coverage_gap": -0.01200000000000001,
      "meets_target": false,
      "significantly_below": false,
      "mean_obj": -7.573124023881216,
      "obj_se": 0.009758763599136078,
      "mean_oracle_gap": 0.2587687797045631,
      "oracle_gap_se": 0.010077096436044217,
      "mean_rel_oracle_gap": 0.03298281816653417,
      "mean_excess_s": 0.01621010101010101,
      "selected_s_std": 0.016442740142896307,
      "failure_rate": 0.0,
      "n_failed": 0
    },
    "NGS": {
      "method": "NGS",
      "n_reps": 500,
      "target": 0.95,
      "coverage": 0.982,
      "coverage_lo": 0.9661483290912607,
      "coverage_hi": 0.990501806703803,
      "coverage_gap": 0.03200000000000003,
      "meets_target": true,
      "significantly_below": false,
      "mean_obj": -7.487371092568957,
      "obj_se": 0.010268261632005579,
      "mean_oracle_gap": 0.3453879022421979,
      "oracle_gap_se": 0.0106236693664887,
      "mean_rel_oracle_gap": 0.04403918462966675,
      "mean_excess_s": 0.020993939393939398,
      "selected_s_std": 0.013478186042565074,
      "failure_rate": 0.0,
      "n_failed": 0
    },
    "UNGS": {
      "method": "UNGS",
      "n_reps": 500,
      "target": 0.95,
      "coverage": 0.99,
      "coverage_lo": 0.9768069002442693,
      "coverage_hi": 0.9957212461034096,
      "coverage_gap": 0.040000000000000036,
      "meets_target": true,
      "significantly_below": false,
      "mean_obj": -7.403869860085403,
      "obj_se": 0.011038347333258817,
      "mean_oracle_gap": 0.4297325815185159,
      "oracle_gap_se": 0.01102615262865055,
      "mean_rel_oracle_gap": 0.054840905901519875,
      "mean_excess_s": 0.024662626262626264,
      "selected_s_std": 0.012238118445503474,
      "failure_rate": 0.0,
      "n_failed": 0
    },
    "_n_replication_errors": 0
  }
}