{
  "config": "paper_ro_ellipsoid",
  "n": 1000,
  "split": 0.2,
  "d": 2,
  "reps": 500,
  "mesh_p": null,
  "include_existing": false,
  "folds": null,
  "elapsed_s": 0.4200136661529541,
  "summaries": {
    "NV": {
      "method": "NV",
      "n_reps": 500,
      "target": 0.95,
      "coverage": 0.962,
      "coverage_lo": 0.9414152274693561,
      "coverage_hi": 0.9755398819441696,
      "coverage_gap": 0.01200000000000001,
      "meets_target": true,
      "significantly_below": false,
      "mean_obj": -1.1818876207810767,
      "obj_se": 0.0015399371963262939,
      "mean_oracle_gap": 0.0002235909817573223,
      "oracle_gap_se": 0.0014420207532323556,
      "mean_rel_oracle_gap": -8.283531283646062e-05,
      "mean_excess_s": 0.005825542989163759,
      "selected_s_std": 0.3742803051734899,
      "failure_rate": 0.0,
      "n_failed": 0
    },
    "UG": {
      "method": "UG",
      "n_reps": 500,
      "target": 0.95,
      "coverage": 0.996,
      "coverage_lo": 0.9855342847848231,
      "coverage_hi": 0.9989023694773173,
      "coverage_gap": 0.04600000000000004,
      "meets_target": true,
      "significantly_below": false,
      "mean_obj": -1.1481047244698246,
      "obj_se": 0.0017614638619882009,
      "mean_oracle_gap": 0.03400648729300953,
      "oracle_gap_se": 0.0022449944590871777,
      "mean_rel_oracle_gap": 0.028117585648609285,
      "mean_excess_s": 0.31842821903954033,
      "selected_s_std": 0.5038197762111153,
      "failure_rate": 0.0,
      "n_failed": 0
    },
    "NGS": {
      "method": "NGS",
      "n_reps": 500,
      "target": 0.95,
      "coverage": 1.0,
      "coverage_lo": 0.9923756595384479,
      "coverage_hi": 1.0,
      "coverage_gap": 0.050000000000000044,
      "meets_target": true,
      "significantly_below": false,
      "mean_obj": -1.1324091071838642,
      "obj_se": 0.0017338451200134418,
      "mean_oracle_gap": 0.04970210457897008,
      "oracle_gap_se": 0.002334189072872493,
      "mean_rel_oracle_gap": 0.04131096138976572,
      "mean_excess_s": 0.4698529613607116,
      "selected_s_std": 0.5194132050046906,
      "failure_rate": 0.0,
      "n_failed": 0
    },
    "UNGS": {
      "method": "UNGS",
      "n_reps": 500,
      "target": 0.95,
      "coverage": 1.0,
      "coverage_lo": 0.9923756595384479,
      "coverage_hi": 1.0,
      "coverage_gap": 0.050000000000000044,
      "meets_target": true,
      "significantly_below": false,
      "mean_obj": -1.1333905080903477,
      "obj_se": 0.0017322896938238607,
      "mean_oracle_gap": 0.04872070367248644,
      "oracle_gap_se": 0.0023266531437919915,
      "mean_rel_oracle_gap": 0.040485740742817584,
      "mean_excess_s": 0.4620168172784897,
      "selected_s_std": 0.532492610946364,
      "failure_rate": 0.0,
      "n_failed": 0
    },
    "benchmark": {
      "method": "benchmark",
      "n_reps": 500,
      "target": 0.95,
      "coverage": 1.0,
      "coverage_lo": 0.9923756595384479,
      "coverage_hi": 1.0,
      "coverage_gap": 0.050000000000000044,
      "meets_target": true,
      "significantly_below": false,
      "mean_obj": -0.9727869233715889,
      "obj_se": 0.0,
      "mean_oracle_gap": 0.2093242883912453,
      "oracle_gap_se": 0.0013482264787747964,
      "mean_rel_oracle_gap": 0.17654005972215173,
      "mean_excess_s": null,
      "selected_s_std": null,
      "failure_rate": 0.0,
      "n_failed": 0
    },
    "_n_replication_errors": 0
  }
}