{
  "config": "paper_so",
  "n": 200,
  "split": 0.6,
  "d": 10,
  "reps": 500,
  "mesh_p": 60,
  "include_existing": false,
  "folds": null,
  "elapsed_s": 1.5073504447937012,
  "summaries": {
    "NV": {
      "method": "NV",
      "n_reps": 500,
      "target": 0.95,
      "coverage": 0.606,
      "coverage_lo": 0.5625178093072173,
      "coverage_hi": 0.6478658305149335,
      "coverage_gap": -0.344,
      "meets_target": false,
      "significantly_below": true,
      "mean_obj": -7.743234462542459,
      "obj_se": 0.015004460622909376,
      "mean_oracle_gap": -0.10779300520384061,
      "oracle_gap_se": 0.014791537284358218,
      "mean_rel_oracle_gap": -0.014562763278036935,
      "mean_excess_s": -2.9819639278557113,
      "selected_s_std": 25.150855473763198,
      "failure_rate": 0.0,
      "n_failed": 0
    },
    "UG": {
      "method": "UG",
      "n_reps": 500,
      "target": 0.95,
      "coverage": 0.936,
      "coverage_lo": 0.911047591162316,
      "coverage_hi": 0.9543039839552107,
      "coverage_gap": -0.013999999999999901,
      "meets_target": false,
      "significantly_below": false,
      "mean_obj": -7.42643002052169,
      "obj_se": 0.013466048437389687,
      "mean_oracle_gap": 0.2096463154582525,
      "oracle_gap_se": 0.012622730714963453,
      "mean_rel_oracle_gap": 0.027121145809536427,
      "mean_excess_s": 23.66733466933868,
      "selected_s_std": 31.06063473369661,
      "failure_rate": 0.0,
      "n_failed": 0
    },
    "NGS": {
      "method": "NGS",
      "n_reps": 500,
      "target": 0.95,
      "coverage": 0.962,
      "coverage_lo": 0.9414152274693561,
      "coverage_hi": 0.9755398819441696,
      "coverage_gap": 0.01200000000000001,
      "meets_target": true,
      "significantly_below": false,
      "mean_obj": -7.376661545699287,
      "obj_se": 0.0133216115974053,
      "mean_oracle_gap": 0.2595145267031451,
      "oracle_gap_se": 0.012625779673670139,
      "mean_rel_oracle_gap": 0.03363958270793056,
      "mean_excess_s": 29.240480961923847,
      "selected_s_std": 30.379345042486037,
      "failure_rate": 0.0,
      "n_failed": 0
    },
    "UNGS": {
      "method": "UNGS",
      "n_reps": 500,
      "target": 0.95,
      "coverage": 0.982,
      "coverage_lo": 0.9661483290912607,
      "coverage_hi": 0.990501806703803,
      "coverage_gap": 0.03200000000000003,
      "meets_target": true,
      "significantly_below": false,
      "mean_obj": -7.306274420838605,
      "obj_se": 0.013568281952331859,
      "mean_oracle_gap": 0.33004270792627366,
      "oracle_gap_se": 0.012969004625391179,
      "mean_rel_oracle_gap": 0.042874775089943265,
      "mean_excess_s": 38.26653306613226,
      "selected_s_std": 28.939705892671206,
      "failure_rate": 0.0,
      "n_failed": 0
    },
    "benchmark": {
      "method": "benchmark",
      "n_reps": 500,
      "target": 0.95,
      "coverage": 1.0,
      "coverage_lo": 0.9923756595384479,
      "coverage_hi": 1.0,
      "coverage_gap": 0.050000000000000044,
      "meets_target": true,
      "significantly_below": false,
      "mean_obj": -6.983073843778898,
      "obj_se": 0.01141941651688053,
      "mean_oracle_gap": 0.6525685891225513,
      "oracle_gap_se": 0.012664953946181627,
      "mean_rel_oracle_gap": 0.08495990696389843,
      "mean_excess_s": NaN,
      "selected_s_std": NaN,
      "failure_rate": 0.0,
      "n_failed": 0
    },
    "_n_replication_errors": 0
  }
}