{
  "config": "paper_ro_ellipsoid",
  "n": 1000,
  "split": 0.6,
  "d": 10,
  "reps": 500,
  "mesh_p": null,
  "include_existing": false,
  "folds": null,
  "elapsed_s": 0.6097300052642822,
  "summaries": {
    "NV": {
      "method": "NV",
      "n_reps": 500,
      "target": 0.95,
      "coverage": 0.866,
      "coverage_lo": 0.8333339846536646,
      "coverage_hi": 0.8930849981284793,
      "coverage_gap": -0.08399999999999996,
      "meets_target": false,
      "significantly_below": true,
      "mean_obj": -7.551132618813692,
      "obj_se": 0.010238331307346426,
      "mean_oracle_gap": -0.09047457052368867,
      "oracle_gap_se": 0.010566639034908771,
      "mean_rel_oracle_gap": -0.01223558992157431,
      "mean_excess_s": -0.18972660128660646,
      "selected_s_std": 0.5015252154456586,
      "failure_rate": 0.0,
      "n_failed": 0
    },
    "UG": {
      "method": "UG",
      "n_reps": 500,
      "target": 0.95,
      "coverage": 0.994,
      "coverage_lo": 0.9825097478959467,
      "coverage_hi": 0.9979574037280398,
      "coverage_gap": 0.04400000000000004,
      "meets_target": true,
      "significantly_below": false,
      "mean_obj": -7.454860175776989,
      "obj_se": 0.004538605920964724,
      "mean_oracle_gap": 0.005797872513012999,
      "oracle_gap_se": 0.004123377262543574,
      "mean_rel_oracle_gap": 0.0007192487113447021,
      "mean_excess_s": 0.01717647780302285,
      "selected_s_std": 0.1934097368125118,
      "failure_rate": 0.0,
      "n_failed": 0
    },
    "NGS": {
      "method": "NGS",
      "n_reps": 500,
      "target": 0.95,
      "coverage": 1.0,
      "coverage_lo": 0.9923756595384479,
      "coverage_hi": 1.0,
      "coverage_gap": 0.050000000000000044,
      "meets_target": true,
      "significantly_below": false,
      "mean_obj": -7.432240000290624,
      "obj_se": 0.004915768006822526,
      "mean_oracle_gap": 0.028418047999378002,
      "oracle_gap_se": 0.005209334138247085,
      "mean_rel_oracle_gap": 0.003722789998601673,
      "mean_excess_s": 0.08330024902367186,
      "selected_s_std": 0.30863599173813866,
      "failure_rate": 0.0,
      "n_failed": 0
    },
    "UNGS": {
      "method": "UNGS",
      "n_reps": 500,
      "target": 0.95,
      "coverage": 0.996,
      "coverage_lo": 0.9855342847848231,
      "coverage_hi": 0.9989023694773173,
      "coverage_gap": 0.04600000000000004,
      "meets_target": true,
      "significantly_below": false,
      "mean_obj": -7.436842186185028,
      "obj_se": 0.0051486989875916146,
      "mean_oracle_gap": 0.02381586210497504,
      "oracle_gap_se": 0.005458310611725697,
      "mean_rel_oracle_gap": 0.0031045112350109034,
      "mean_excess_s": 0.07184760796156987,
      "selected_s_std": 0.31156716968931436,
      "failure_rate": 0.0,
      "n_failed": 0
    },
    "benchmark": {
      "method": "benchmark",
      "n_reps": 500,
      "target": 0.95,
      "coverage": 1.0,
      "coverage_lo": 0.9923756595384479,
      "coverage_hi": 1.0,
      "coverage_gap": 0.050000000000000044,
      "meets_target": true,
      "significantly_below": false,
      "mean_obj": -6.901634398385975,
      "obj_se": 7.95206533574069e-17,
      "mean_oracle_gap": 0.5590236499040286,
      "oracle_gap_se": 0.004147683694652422,
      "mean_rel_oracle_gap": 0.07478927421564313,
      "mean_excess_s": null,
      "selected_s_std": null,
      "failure_rate": 0.0,
      "n_failed": 0
    },
    "_n_replication_errors": 0
  }
}