{
  "config": "paper_dro_wasserstein",
  "n": 200,
  "split": 0.9,
  "d": 5,
  "reps": 500,
  "mesh_p": null,
  "include_existing": false,
  "folds": null,
  "elapsed_s": 527.2513508796692,
  "summaries": {
    "NV": {
      "method": "NV",
      "n_reps": 500,
      "target": 0.95,
      "coverage": 0.352,
      "coverage_lo": 0.31141084189074275,
      "coverage_hi": 0.3948459628858768,
      "coverage_gap": -0.598,
      "meets_target": false,
      "significantly_below": true,
      "mean_obj": -3.618657634838239,
      "obj_se": 0.009155314144682817,
      "mean_oracle_gap": -0.038812885193256076,
      "oracle_gap_se": 0.00915522469866382,
      "mean_rel_oracle_gap": -0.010919782929865913,
      "mean_excess_s": 0.002078728817779947,
      "selected_s_std": 0.017679440073325108,
      "failure_rate": 0.0,
      "n_failed": 0
    },
    "UG": {
      "method": "UG",
      "n_reps": 500,
      "target": 0.95,
      "coverage": 0.874,
      "coverage_lo": 0.8420322822801359,
      "coverage_hi": 0.900264711054623,
      "coverage_gap": -0.07599999999999996,
      "meets_target": false,
      "significantly_below": true,
      "mean_obj": -3.1289479871013866,
      "obj_se": 0.01751149717423638,
      "mean_oracle_gap": 0.45089676254359706,
      "oracle_gap_se": 0.017571247666670443,
      "mean_rel_oracle_gap": 0.1258554551416802,
      "mean_excess_s": 0.06278247971819127,
      "selected_s_std": 0.07182669387039455,
      "failure_rate": 0.0,
      "n_failed": 0
    },
    "NGS": {
      "method": "NGS",
      "n_reps": 500,
      "target": 0.95,
      "coverage": 0.874,
      "coverage_lo": 0.8420322822801359,
      "coverage_hi": 0.900264711054623,
      "coverage_gap": -0.07599999999999996,
      "meets_target": false,
      "significantly_below": true,
      "mean_obj": -3.1289479871013866,
      "obj_se": 0.01751149717423638,
      "mean_oracle_gap": 0.45089676254359706,
      "oracle_gap_se": 0.017571247666670443,
      "mean_rel_oracle_gap": 0.1258554551416802,
      "mean_excess_s": 0.06278247971819127,
      "selected_s_std": 0.07182669387039455,
      "failure_rate": 0.0,
      "n_failed": 0
    },
    "UNGS": {
      "method": "UNGS",
      "n_reps": 500,
      "target": 0.95,
      "coverage": 0.916,
      "coverage_lo": 0.888400685539819,
      "coverage_hi": 0.9372558631961696,
      "coverage_gap": -0.03399999999999992,
      "meets_target": false,
      "significantly_below": true,
      "mean_obj": -1.1367910142650162,
      "obj_se": 0.05155316028662469,
      "mean_oracle_gap": 2.4430537353799675,
      "oracle_gap_se": 0.05169606615863449,
      "mean_rel_oracle_gap": 0.6821802853474439,
      "mean_excess_s": 2.4120204724999783,
      "selected_s_std": 1.1819035717550548,
      "failure_rate": 0.0,
      "n_failed": 0
    },
    "_n_replication_errors": 0
  }
}