{
  "config": "paper_ro_ellipsoid",
  "n": 500,
  "split": 0.8,
  "d": 2,
  "reps": 500,
  "mesh_p": null,
  "include_existing": false,
  "folds": null,
  "elapsed_s": 0.40488147735595703,
  "summaries": {
    "NV": {
      "method": "NV",
      "n_reps": 500,
      "target": 0.95,
      "coverage": 0.91,
      "coverage_lo": 0.8816905887106666,
      "coverage_hi": 0.9320574521108606,
      "coverage_gap": -0.039999999999999925,
      "meets_target": false,
      "significantly_below": true,
      "mean_obj": -1.1836177953862788,
      "obj_se": 0.002878039280917833,
      "mean_oracle_gap": 0.005982695690069582,
      "oracle_gap_se": 0.0030163637081757084,
      "mean_rel_oracle_gap": 0.004674394819530012,
      "mean_excess_s": 0.10001266984939258,
      "selected_s_std": 0.5187657366282284,
      "failure_rate": 0.0,
      "n_failed": 0
    },
    "UG": {
      "method": "UG",
      "n_reps": 500,
      "target": 0.95,
      "coverage": 0.992,
      "coverage_lo": 0.9796129641658948,
      "coverage_hi": 0.9968846848199377,
      "coverage_gap": 0.04200000000000004,
      "meets_target": true,
      "significantly_below": false,
      "mean_obj": -1.1076419893269849,
      "obj_se": 0.00290834900749772,
      "mean_oracle_gap": 0.08195850174936332,
      "oracle_gap_se": 0.0030922573538083166,
      "mean_rel_oracle_gap": 0.06851822970722952,
      "mean_excess_s": 0.8311918209019307,
      "selected_s_std": 0.7377418773473715,
      "failure_rate": 0.0,
      "n_failed": 0
    },
    "NGS": {
      "method": "NGS",
      "n_reps": 500,
      "target": 0.95,
      "coverage": 0.996,
      "coverage_lo": 0.9855342847848231,
      "coverage_hi": 0.9989023694773173,
      "coverage_gap": 0.04600000000000004,
      "meets_target": true,
      "significantly_below": false,
      "mean_obj": -1.0812779394659833,
      "obj_se": 0.002894148840847602,
      "mean_oracle_gap": 0.10832255161036493,
      "oracle_gap_se": 0.0030806681115405758,
      "mean_rel_oracle_gap": 0.09068688450803751,
      "mean_excess_s": 1.1357956178900102,
      "selected_s_std": 0.8194825250629689,
      "failure_rate": 0.0,
      "n_failed": 0
    },
    "UNGS": {
      "method": "UNGS",
      "n_reps": 500,
      "target": 0.95,
      "coverage": 0.992,
      "coverage_lo": 0.9796129641658948,
      "coverage_hi": 0.9968846848199377,
      "coverage_gap": 0.04200000000000004,
      "meets_target": true,
      "significantly_below": false,
      "mean_obj": -1.0388297916826885,
      "obj_se": 0.003377279587684267,
      "mean_oracle_gap": 0.15077069939365975,
      "oracle_gap_se": 0.0035709101587198784,
      "mean_rel_oracle_gap": 0.12634518628427405,
      "mean_excess_s": 1.7311152085963712,
      "selected_s_std": 1.092332961110995,
      "failure_rate": 0.0,
      "n_failed": 0
    },
    "benchmark": {
      "method": "benchmark",
      "n_reps": 500,
      "target": 0.95,
      "coverage": 1.0,
      "coverage_lo": 0.9923756595384479,
      "coverage_hi": 1.0,
      "coverage_gap": 0.050000000000000044,
      "meets_target": true,
      "significantly_below": false,
      "mean_obj": -0.9727869233715889,
      "obj_se": 0.0,
      "mean_oracle_gap": 0.2168135677047593,
      "oracle_gap_se": 0.001086249540083443,
      "mean_rel_oracle_gap": 0.18191446278096757,
      "mean_excess_s": null,
      "selected_s_std": null,
      "failure_rate": 0.0,
      "n_failed": 0
    },
    "_n_replication_errors": 0
  }
}