{
  "config": "paper_dro_wasserstein",
  "n": 100,
  "split": 0.4,
  "d": 10,
  "reps": 500,
  "mesh_p": null,
  "include_existing": false,
  "folds": null,
  "elapsed_s": 8.929404258728027,
  "summaries": {
    "NV": {
      "method": "NV",
      "n_reps": 500,
      "target": 0.95,
      "coverage": 0.566,
      "coverage_lo": 0.5222171596922527,
      "coverage_hi": 0.6087764273668224,
      "coverage_gap": -0.384,
      "meets_target": false,
      "significantly_below": true,
      "mean_obj": -7.788490518458473,
      "obj_se": 0.019222914675333897,
      "mean_oracle_gap": -0.109296811575905,
      "oracle_gap_se": 0.020301754045265595,
      "mean_rel_oracle_gap": -0.014648506724009669,
      "mean_excess_s": -0.00392559548125965,
      "selected_s_std": 0.045227997012023194,
      "failure_rate": 0.0,
      "n_failed": 0
    },
    "UG": {
      "method": "UG",
      "n_reps": 500,
      "target": 0.95,
      "coverage": 0.926,
      "coverage_lo": 0.8996652466777695,
      "coverage_hi": 0.945838815248988,
      "coverage_gap": -0.02399999999999991,
      "meets_target": false,
      "significantly_below": true,
      "mean_obj": -7.192488198672981,
      "obj_se": 0.020505312219098074,
      "mean_oracle_gap": 0.48670550820958713,
      "oracle_gap_se": 0.0215771393842207,
      "mean_rel_oracle_gap": 0.06298857297150956,
      "mean_excess_s": 0.051808612029199806,
      "selected_s_std": 0.06038320089716916,
      "failure_rate": 0.0,
      "n_failed": 0
    },
    "NGS": {
      "method": "NGS",
      "n_reps": 500,
      "target": 0.95,
      "coverage": 0.976,
      "coverage_lo": 0.9585229425360993,
      "coverage_hi": 0.986218685344503,
      "coverage_gap": 0.026000000000000023,
      "meets_target": true,
      "significantly_below": false,
      "mean_obj": -6.946877751045422,
      "obj_se": 0.02107794850129034,
      "mean_oracle_gap": 0.7323159558371465,
      "oracle_gap_se": 0.02195993662439469,
      "mean_rel_oracle_gap": 0.09501896268189475,
      "mean_excess_s": 0.08136489880648586,
      "selected_s_std": 0.07084415684179579,
      "failure_rate": 0.0,
      "n_failed": 0
    },
    "UNGS": {
      "method": "UNGS",
      "n_reps": 500,
      "target": 0.95,
      "coverage": 0.988,
      "coverage_lo": 0.9740696388835527,
      "coverage_hi": 0.9944890048259724,
      "coverage_gap": 0.038000000000000034,
      "meets_target": true,
      "significantly_below": false,
      "mean_obj": -5.007455288939757,
      "obj_se": 0.09578531406741686,
      "mean_oracle_gap": 2.6717384179428127,
      "oracle_gap_se": 0.0948259657733637,
      "mean_rel_oracle_gap": 0.3486476069900013,
      "mean_excess_s": 1.0696239070076412,
      "selected_s_std": 1.318653690945379,
      "failure_rate": 0.0,
      "n_failed": 0
    },
    "_n_replication_errors": 0
  }
}