{
  "config": "paper_so",
  "n": 1000,
  "split": 0.3,
  "d": 2,
  "reps": 500,
  "mesh_p": 60,
  "include_existing": false,
  "folds": null,
  "elapsed_s": 1.529794692993164,
  "summaries": {
    "NV": {
      "method": "NV",
      "n_reps": 500,
      "target": 0.95,
      "coverage": 0.922,
      "coverage_lo": 0.8951464501266115,
      "coverage_hi": 0.9424186065238385,
      "coverage_gap": -0.027999999999999914,
      "meets_target": false,
      "significantly_below": true,
      "mean_obj": -1.0897004623359776,
      "obj_se": 0.004158634590982867,
      "mean_oracle_gap": -0.0014547457938879486,
      "oracle_gap_se": 0.001911065233170824,
      "mean_rel_oracle_gap": -0.0017876232013997063,
      "mean_excess_s": 0.102,
      "selected_s_std": 13.528041832861966,
      "failure_rate": 0.0,
      "n_failed": 0
    },
    "UG": {
      "method": "UG",
      "n_reps": 500,
      "target": 0.95,
      "coverage": 0.992,
      "coverage_lo": 0.9796129641658948,
      "coverage_hi": 0.9968846848199377,
      "coverage_gap": 0.04200000000000004,
      "meets_target": true,
      "significantly_below": false,
      "mean_obj": -1.0583600959307058,
      "obj_se": 0.004020814568140589,
      "mean_oracle_gap": 0.02988562061138397,
      "oracle_gap_se": 0.0030954607318763017,
      "mean_rel_oracle_gap": 0.025688575000258257,
      "mean_excess_s": 4.764,
      "selected_s_std": 17.026880080936177,
      "failure_rate": 0.0,
      "n_failed": 0
    },
    "NGS": {
      "method": "NGS",
      "n_reps": 500,
      "target": 0.95,
      "coverage": 0.996,
      "coverage_lo": 0.9855342847848231,
      "coverage_hi": 0.9989023694773173,
      "coverage_gap": 0.04600000000000004,
      "meets_target": true,
      "significantly_below": false,
      "mean_obj": -1.0509168837519325,
      "obj_se": 0.003910296052977323,
      "mean_oracle_gap": 0.03732883279015701,
      "oracle_gap_se": 0.003275697231634675,
      "mean_rel_oracle_gap": 0.03213653608781132,
      "mean_excess_s": 6.274,
      "selected_s_std": 18.544948266641914,
      "failure_rate": 0.0,
      "n_failed": 0
    },
    "UNGS": {
      "method": "UNGS",
      "n_reps": 500,
      "target": 0.95,
      "coverage": 1.0,
      "coverage_lo": 0.9923756595384479,
      "coverage_hi": 1.0,
      "coverage_gap": 0.050000000000000044,
      "meets_target": true,
      "significantly_below": false,
      "mean_obj": -1.0376650250296728,
      "obj_se": 0.0037738204427345,
      "mean_oracle_gap": 0.05058069151241695,
      "oracle_gap_se": 0.0035376601066780095,
      "mean_rel_oracle_gap": 0.04376917384674381,
      "mean_excess_s": 9.212,
      "selected_s_std": 20.593634831937326,
      "failure_rate": 0.0,
      "n_failed": 0
    },
    "benchmark": {
      "method": "benchmark",
      "n_reps": 500,
      "target": 0.95,
      "coverage": 1.0,
      "coverage_lo": 0.9923756595384479,
      "coverage_hi": 1.0,
      "coverage_gap": 0.050000000000000044,
      "meets_target": true,
      "significantly_below": false,
      "mean_obj": -0.793407309514471,
      "obj_se": 0.001982782246782922,
      "mean_oracle_gap": 0.29483840702761865,
      "oracle_gap_se": 0.004330982076337281,
      "mean_rel_oracle_gap": 0.26586487875477366,
      "mean_excess_s": null,
      "selected_s_std": null,
      "failure_rate": 0.0,
      "n_failed": 0
    },
    "_n_replication_errors": 0
  }
}