{
  "config": "paper_ro_ellipsoid",
  "n": 500,
  "split": 0.8,
  "d": 10,
  "reps": 500,
  "mesh_p": null,
  "include_existing": false,
  "folds": null,
  "elapsed_s": 0.6052663326263428,
  "summaries": {
    "NV": {
      "method": "NV",
      "n_reps": 500,
      "target": 0.95,
      "coverage": 0.702,
      "coverage_lo": 0.6604929783319653,
      "coverage_hi": 0.7404267881215676,
      "coverage_gap": -0.248,
      "meets_target": false,
      "significantly_below": true,
      "mean_obj": -7.671230646534466,
      "obj_se": 0.014125513126820463,
      "mean_oracle_gap": -0.18273608246488834,
      "oracle_gap_se": 0.015316727505092094,
      "mean_rel_oracle_gap": -0.02468974849570115,
      "mean_excess_s": -0.3700286788470726,
      "selected_s_std": 0.7339951412778517,
      "failure_rate": 0.0,
      "n_failed": 0
    },
    "UG": {
      "method": "UG",
      "n_reps": 500,
      "target": 0.95,
      "coverage": 0.968,
      "coverage_lo": 0.9486551309545582,
      "coverage_hi": 0.9802084863734289,
      "coverage_gap": 0.018000000000000016,
      "meets_target": true,
      "significantly_below": false,
      "mean_obj": -7.375308128278583,
      "obj_se": 0.010815950188248383,
      "mean_oracle_gap": 0.11318643579099615,
      "oracle_gap_se": 0.011928549360200744,
      "mean_rel_oracle_gap": 0.014882097166418575,
      "mean_excess_s": 0.36347678919848886,
      "selected_s_std": 0.7246467968370266,
      "failure_rate": 0.0,
      "n_failed": 0
    },
    "NGS": {
      "method": "NGS",
      "n_reps": 500,
      "target": 0.95,
      "coverage": 0.984,
      "coverage_lo": 0.9687488914666058,
      "coverage_hi": 0.9918707469666117,
      "coverage_gap": 0.03400000000000003,
      "meets_target": true,
      "significantly_below": false,
      "mean_obj": -7.289325119726008,
      "obj_se": 0.011366260002012019,
      "mean_oracle_gap": 0.19916944434356987,
      "oracle_gap_se": 0.012260872302819765,
      "mean_rel_oracle_gap": 0.026384548983182633,
      "mean_excess_s": 0.6302525293261134,
      "selected_s_std": 0.8176929438374589,
      "failure_rate": 0.0,
      "n_failed": 0
    },
    "UNGS": {
      "method": "UNGS",
      "n_reps": 500,
      "target": 0.95,
      "coverage": 0.976,
      "coverage_lo": 0.9585229425360993,
      "coverage_hi": 0.986218685344503,
      "coverage_gap": 0.026000000000000023,
      "meets_target": true,
      "significantly_below": false,
      "mean_obj": -7.189518641074201,
      "obj_se": 0.013833529999376683,
      "mean_oracle_gap": 0.29897592299537634,
      "oracle_gap_se": 0.01481029438380244,
      "mean_rel_oracle_gap": 0.039684576521526835,
      "mean_excess_s": 0.9948897726257542,
      "selected_s_std": 1.0937006459066556,
      "failure_rate": 0.0,
      "n_failed": 0
    },
    "benchmark": {
      "method": "benchmark",
      "n_reps": 500,
      "target": 0.95,
      "coverage": 1.0,
      "coverage_lo": 0.9923756595384479,
      "coverage_hi": 1.0,
      "coverage_gap": 0.050000000000000044,
      "meets_target": true,
      "significantly_below": false,
      "mean_obj": -6.901634398385975,
      "obj_se": 7.95206533574069e-17,
      "mean_oracle_gap": 0.5868601656836041,
      "oracle_gap_se": 0.005424051492101344,
      "mean_rel_oracle_gap": 0.07813215938089553,
      "mean_excess_s": null,
      "selected_s_std": null,
      "failure_rate": 0.0,
      "n_failed": 0
    },
    "_n_replication_errors": 0
  }
}