{
  "config": "paper_so",
  "n": 500,
  "split": 0.8,
  "d": 50,
  "reps": 500,
  "mesh_p": 60,
  "include_existing": false,
  "folds": null,
  "elapsed_s": 16.456718921661377,
  "summaries": {
    "NV": {
      "method": "NV",
      "n_reps": 500,
      "target": 0.95,
      "coverage": 0.654,
      "coverage_lo": 0.6112729349259212,
      "coverage_hi": 0.6943787682119209,
      "coverage_gap": -0.29599999999999993,
      "meets_target": false,
      "significantly_below": true,
      "mean_obj": -45.35251928083692,
      "obj_se": 0.036200882901459945,
      "mean_oracle_gap": -0.12198370778681944,
      "oracle_gap_se": 0.032629138857286986,
      "mean_rel_oracle_gap": -0.0027316003303228024,
      "mean_excess_s": -1.884,
      "selected_s_std": 40.689855402364486,
      "failure_rate": 0.0,
      "n_failed": 0
    },
    "UG": {
      "method": "UG",
      "n_reps": 500,
      "target": 0.95,
      "coverage": 0.944,
      "coverage_lo": 0.920255206353293,
      "coverage_hi": 0.9609743793168485,
      "coverage_gap": -0.006000000000000005,
      "meets_target": false,
      "significantly_below": false,
      "mean_obj": -44.47614150436171,
      "obj_se": 0.036877798781287115,
      "mean_oracle_gap": 0.7543940686883805,
      "oracle_gap_se": 0.0384439227046926,
      "mean_rel_oracle_gap": 0.016601458785296015,
      "mean_excess_s": 57.452,
      "selected_s_std": 80.34075412607909,
      "failure_rate": 0.0,
      "n_failed": 0
    },
    "NGS": {
      "method": "NGS",
      "n_reps": 500,
      "target": 0.95,
      "coverage": 0.984,
      "coverage_lo": 0.9687488914666058,
      "coverage_hi": 0.9918707469666117,
      "coverage_gap": 0.03400000000000003,
      "meets_target": true,
      "significantly_below": false,
      "mean_obj": -43.96704771713671,
      "obj_se": 0.03614912068578355,
      "mean_oracle_gap": 1.2634878559133873,
      "oracle_gap_se": 0.03891313399559455,
      "mean_rel_oracle_gap": 0.02784702257095327,
      "mean_excess_s": 110.736,
      "selected_s_std": 101.56206452165002,
      "failure_rate": 0.0,
      "n_failed": 0
    },
    "UNGS": {
      "method": "UNGS",
      "n_reps": 500,
      "target": 0.95,
      "coverage": 0.998,
      "coverage_lo": 0.9887592932948532,
      "coverage_hi": 0.9996468636054407,
      "coverage_gap": 0.04800000000000004,
      "meets_target": true,
      "significantly_below": false,
      "mean_obj": -43.43800268653892,
      "obj_se": 0.03323582356200343,
      "mean_oracle_gap": 1.7925328865111814,
      "oracle_gap_se": 0.03624248954112349,
      "mean_rel_oracle_gap": 0.03954482175840556,
      "mean_excess_s": 186.1,
      "selected_s_std": 100.68907077706048,
      "failure_rate": 0.0,
      "n_failed": 0
    },
    "benchmark": {
      "method": "benchmark",
      "n_reps": 500,
      "target": 0.95,
      "coverage": 1.0,
      "coverage_lo": 0.9923756595384479,
      "coverage_hi": 1.0,
      "coverage_gap": 0.050000000000000044,
      "meets_target": true,
      "significantly_below": false,
      "mean_obj": -42.70306405178426,
      "obj_se": 0.026985499932268585,
      "mean_oracle_gap": 2.5274715212658405,
      "oracle_gap_se": 0.03102514733499906,
      "mean_rel_oracle_gap": 0.05579235136191626,
      "mean_excess_s": NaN,
      "selected_s_std": NaN,
      "failure_rate": 0.0,
      "n_failed": 0
    },
    "_n_replication_errors": 0
  }
}