{
  "config": "paper_so",
  "n": 200,
  "split": 0.3,
  "d": 2,
  "reps": 500,
  "mesh_p": 60,
  "include_existing": false,
  "folds": null,
  "elapsed_s": 0.6217160224914551,
  "summaries": {
    "NV": {
      "method": "NV",
      "n_reps": 500,
      "target": 0.95,
      "coverage": 0.766,
      "coverage_lo": 0.7269485494684876,
      "coverage_hi": 0.8009953014059666,
      "coverage_gap": -0.18399999999999994,
      "meets_target": false,
      "significantly_below": true,
      "mean_obj": -1.1145490665206528,
      "obj_se": 0.0044238729608499835,
      "mean_oracle_gap": -0.017335541287625263,
      "oracle_gap_se": 0.0035987554627431957,
      "mean_rel_oracle_gap": -0.018029143591149988,
      "mean_excess_s": -0.6659877800407332,
      "selected_s_std": 12.785461902964018,
      "failure_rate": 0.0,
      "n_failed": 0
    },
    "UG": {
      "method": "UG",
      "n_reps": 500,
      "target": 0.95,
      "coverage": 0.958,
      "coverage_lo": 0.9366484142456699,
      "coverage_hi": 0.9723676898915483,
      "coverage_gap": 0.008000000000000007,
      "meets_target": true,
      "significantly_below": false,
      "mean_obj": -1.0610999113279276,
      "obj_se": 0.004122289889964695,
      "mean_oracle_gap": 0.037093333654050056,
      "oracle_gap_se": 0.003245518656881845,
      "mean_rel_oracle_gap": 0.031970673799835286,
      "mean_excess_s": 6.543788187372709,
      "selected_s_std": 15.28446039148644,
      "failure_rate": 0.0,
      "n_failed": 0
    },
    "NGS": {
      "method": "NGS",
      "n_reps": 500,
      "target": 0.95,
      "coverage": 0.97,
      "coverage_lo": 0.9510963331640543,
      "coverage_hi": 0.9817367868020865,
      "coverage_gap": 0.020000000000000018,
      "meets_target": true,
      "significantly_below": false,
      "mean_obj": -1.045353394052212,
      "obj_se": 0.0040635306368839485,
      "mean_oracle_gap": 0.05312848362932042,
      "oracle_gap_se": 0.003515666813048221,
      "mean_rel_oracle_gap": 0.046171341710585054,
      "mean_excess_s": 9.720977596741344,
      "selected_s_std": 15.930368900518696,
      "failure_rate": 0.0,
      "n_failed": 0
    },
    "UNGS": {
      "method": "UNGS",
      "n_reps": 500,
      "target": 0.95,
      "coverage": 0.976,
      "coverage_lo": 0.9585229425360993,
      "coverage_hi": 0.986218685344503,
      "coverage_gap": 0.026000000000000023,
      "meets_target": true,
      "significantly_below": false,
      "mean_obj": -1.019238944724223,
      "obj_se": 0.004226423016805914,
      "mean_oracle_gap": 0.07972160921790404,
      "oracle_gap_se": 0.0038506983060901372,
      "mean_rel_oracle_gap": 0.07028249315542826,
      "mean_excess_s": 15.784114052953157,
      "selected_s_std": 16.03161405781081,
      "failure_rate": 0.0,
      "n_failed": 0
    },
    "benchmark": {
      "method": "benchmark",
      "n_reps": 500,
      "target": 0.95,
      "coverage": 1.0,
      "coverage_lo": 0.9923756595384479,
      "coverage_hi": 1.0,
      "coverage_gap": 0.050000000000000044,
      "meets_target": true,
      "significantly_below": false,
      "mean_obj": -0.8862184554818475,
      "obj_se": 0.0029785210544904257,
      "mean_oracle_gap": 0.20924893217458695,
      "oracle_gap_se": 0.0046138567726483936,
      "mean_rel_oracle_gap": 0.1862767337588509,
      "mean_excess_s": NaN,
      "selected_s_std": NaN,
      "failure_rate": 0.0,
      "n_failed": 0
    },
    "_n_replication_errors": 0
  }
}