{
  "config": "paper_ro_ellipsoid",
  "n": 200,
  "split": 0.8,
  "d": 2,
  "reps": 500,
  "mesh_p": null,
  "include_existing": false,
  "folds": null,
  "elapsed_s": 0.39180541038513184,
  "summaries": {
    "NV": {
      "method": "NV",
      "n_reps": 500,
      "target": 0.95,
      "coverage": 0.728,
      "coverage_lo": 0.6873673929547526,
      "coverage_hi": 0.7651559077947796,
      "coverage_gap": -0.22199999999999998,
      "meets_target": false,
      "significantly_below": true,
      "mean_obj": -1.2015764382058935,
      "obj_se": 0.004110756245910253,
      "mean_oracle_gap": -0.020781672704396414,
      "oracle_gap_se": 0.004276406787636045,
      "mean_rel_oracle_gap": -0.018233408189433486,
      "mean_excess_s": -0.06008725445291678,
      "selected_s_std": 0.7776006675140745,
      "failure_rate": 0.0,
      "n_failed": 0
    },
    "UG": {
      "method": "UG",
      "n_reps": 500,
      "target": 0.95,
      "coverage": 0.972,
      "coverage_lo": 0.9535535973250512,
      "coverage_hi": 0.9832490252792435,
      "coverage_gap": 0.02200000000000002,
      "meets_target": true,
      "significantly_below": false,
      "mean_obj": -1.0473167185991965,
      "obj_se": 0.0043098652371256095,
      "mean_oracle_gap": 0.13347804690230056,
      "oracle_gap_se": 0.004540489470038854,
      "mean_rel_oracle_gap": 0.11238903617502588,
      "mean_excess_s": 1.6808742455607575,
      "selected_s_std": 1.555497655923318,
      "failure_rate": 0.0,
      "n_failed": 0
    },
    "NGS": {
      "method": "NGS",
      "n_reps": 500,
      "target": 0.95,
      "coverage": 0.972,
      "coverage_lo": 0.9535535973250512,
      "coverage_hi": 0.9832490252792435,
      "coverage_gap": 0.02200000000000002,
      "meets_target": true,
      "significantly_below": false,
      "mean_obj": -1.0473167185991965,
      "obj_se": 0.0043098652371256095,
      "mean_oracle_gap": 0.13347804690230056,
      "oracle_gap_se": 0.004540489470038854,
      "mean_rel_oracle_gap": 0.11238903617502588,
      "mean_excess_s": 1.6808742455607575,
      "selected_s_std": 1.555497655923318,
      "failure_rate": 0.0,
      "n_failed": 0
    },
    "UNGS": {
      "method": "UNGS",
      "n_reps": 500,
      "target": 0.95,
      "coverage": 0.978,
      "coverage_lo": 0.9610391387886836,
      "coverage_hi": 0.9876719917300725,
      "coverage_gap": 0.028000000000000025,
      "meets_target": true,
      "significantly_below": false,
      "mean_obj": -0.9611817303691682,
      "obj_se": 0.005199404579419572,
      "mean_oracle_gap": 0.21961303513232883,
      "oracle_gap_se": 0.005492714047485155,
      "mean_rel_oracle_gap": 0.18519506348281542,
      "mean_excess_s": 3.383176329970517,
      "selected_s_std": 2.687619512354906,
      "failure_rate": 0.0,
      "n_failed": 0
    },
    "benchmark": {
      "method": "benchmark",
      "n_reps": 500,
      "target": 0.95,
      "coverage": 1.0,
      "coverage_lo": 0.9923756595384479,
      "coverage_hi": 1.0,
      "coverage_gap": 0.050000000000000044,
      "meets_target": true,
      "significantly_below": false,
      "mean_obj": -0.9727869233715889,
      "obj_se": 0.0,
      "mean_oracle_gap": 0.20800784212990817,
      "oracle_gap_se": 0.001429555934047731,
      "mean_rel_oracle_gap": 0.17555425408465816,
      "mean_excess_s": NaN,
      "selected_s_std": NaN,
      "failure_rate": 0.0,
      "n_failed": 0
    },
    "_n_replication_errors": 0
  }
}