{
  "config": "paper_saa",
  "n": 400,
  "split": 0.6,
  "d": 20,
  "reps": 500,
  "mesh_p": null,
  "include_existing": false,
  "folds": null,
  "elapsed_s": 112.97939562797546,
  "summaries": {
    "NV": {
      "method": "NV",
      "n_reps": 500,
      "target": 0.95,
      "coverage": 0.432,
      "coverage_lo": 0.3892622537365845,
      "coverage_hi": 0.47577465656618667,
      "coverage_gap": -0.518,
      "meets_target": false,
      "significantly_below": true,
      "mean_obj": -17.10807818011944,
      "obj_se": 0.015762908408251015,
      "mean_oracle_gap": -0.09241463755289549,
      "oracle_gap_se": 0.015852752776007787,
      "mean_rel_oracle_gap": -0.005437734769937969,
      "mean_excess_s": -0.007472,
      "selected_s_std": 0.022776919020801745,
      "failure_rate": 0.0,
      "n_failed": 0
    },
    "UG": {
      "method": "UG",
      "n_reps": 500,
      "target": 0.95,
      "coverage": 0.942,
      "coverage_lo": 0.917943812143745,
      "coverage_hi": 0.9593162708882429,
      "coverage_gap": -0.008000000000000007,
      "meets_target": false,
      "significantly_below": false,
      "mean_obj": -16.49697542326251,
      "obj_se": 0.017583702934493066,
      "mean_oracle_gap": 0.5186881193040328,
      "oracle_gap_se": 0.017686699060553722,
      "mean_rel_oracle_gap": 0.030475982559933935,
      "mean_excess_s": 0.020504,
      "selected_s_std": 0.01618883357951803,
      "failure_rate": 0.0,
      "n_failed": 0
    },
    "NGS": {
      "method": "NGS",
      "n_reps": 500,
      "target": 0.95,
      "coverage": 0.978,
      "coverage_lo": 0.9610391387886836,
      "coverage_hi": 0.9876719917300725,
      "coverage_gap": 0.028000000000000025,
      "meets_target": true,
      "significantly_below": false,
      "mean_obj": -16.284747725717025,
      "obj_se": 0.018229982386068065,
      "mean_oracle_gap": 0.7309158168495157,
      "oracle_gap_se": 0.018352563285282425,
      "mean_rel_oracle_gap": 0.04294782735019052,
      "mean_excess_s": 0.027328,
      "selected_s_std": 0.013024905386245279,
      "failure_rate": 0.0,
      "n_failed": 0
    },
    "UNGS": {
      "method": "UNGS",
      "n_reps": 500,
      "target": 0.95,
      "coverage": 0.984,
      "coverage_lo": 0.9687488914666058,
      "coverage_hi": 0.9918707469666117,
      "coverage_gap": 0.03400000000000003,
      "meets_target": true,
      "significantly_below": false,
      "mean_obj": -16.074110506053895,
      "obj_se": 0.020782291194212755,
      "mean_oracle_gap": 0.9415530365126475,
      "oracle_gap_se": 0.020955606085770073,
      "mean_rel_oracle_gap": 0.05532457574239393,
      "mean_excess_s": 0.032304,
      "selected_s_std": 0.01164018745243631,
      "failure_rate": 0.0,
      "n_failed": 0
    },
    "_n_replication_errors": 0
  }
}