{
  "config": "paper_saa",
  "n": 400,
  "split": 0.6,
  "d": 10,
  "reps": 500,
  "mesh_p": null,
  "include_existing": false,
  "folds": null,
  "elapsed_s": 86.79903936386108,
  "summaries": {
    "NV": {
      "method": "NV",
      "n_reps": 500,
      "target": 0.95,
      "coverage": 0.38,
      "coverage_lo": 0.33852233078455757,
      "coverage_hi": 0.42330751092621505,
      "coverage_gap": -0.57,
      "meets_target": false,
      "significantly_below": true,
      "mean_obj": -7.96409995178018,
      "obj_se": 0.008633875022123585,
      "mean_oracle_gap": -0.07233041992264663,
      "oracle_gap_se": 0.008668938662523329,
      "mean_rel_oracle_gap": -0.00917878159350152,
      "mean_excess_s": -0.008847999999999998,
      "selected_s_std": 0.022221885617579838,
      "failure_rate": 0.0,
      "n_failed": 0
    },
    "UG": {
      "method": "UG",
      "n_reps": 500,
      "target": 0.95,
      "coverage": 0.928,
      "coverage_lo": 0.9019315959830375,
      "coverage_hi": 0.9475419685818739,
      "coverage_gap": -0.02199999999999991,
      "meets_target": false,
      "significantly_below": true,
      "mean_obj": -7.580519711403936,
      "obj_se": 0.010778036033211298,
      "mean_oracle_gap": 0.3112498204535965,
      "oracle_gap_se": 0.010710649881141098,
      "mean_rel_oracle_gap": 0.03943563396909244,
      "mean_excess_s": 0.021096,
      "selected_s_std": 0.018154873253363443,
      "failure_rate": 0.0,
      "n_failed": 0
    },
    "NGS": {
      "method": "NGS",
      "n_reps": 500,
      "target": 0.95,
      "coverage": 0.982,
      "coverage_lo": 0.9661483290912607,
      "coverage_hi": 0.990501806703803,
      "coverage_gap": 0.03200000000000003,
      "meets_target": true,
      "significantly_below": false,
      "mean_obj": -7.442492298742009,
      "obj_se": 0.010879577857114095,
      "mean_oracle_gap": 0.4492772331155247,
      "oracle_gap_se": 0.010802744779132414,
      "mean_rel_oracle_gap": 0.056926901050702854,
      "mean_excess_s": 0.029456000000000003,
      "selected_s_std": 0.014934321944564063,
      "failure_rate": 0.0,
      "n_failed": 0
    },
    "UNGS": {
      "method": "UNGS",
      "n_reps": 500,
      "target": 0.95,
      "coverage": 0.986,
      "coverage_lo": 0.9713869308622147,
      "coverage_hi": 0.9932022102091564,
      "coverage_gap": 0.03600000000000003,
      "meets_target": true,
      "significantly_below": false,
      "mean_obj": -7.305995275121493,
      "obj_se": 0.0130136110405938,
      "mean_oracle_gap": 0.5857742567360401,
      "oracle_gap_se": 0.012937620848310155,
      "mean_rel_oracle_gap": 0.07422463605160991,
      "mean_excess_s": 0.034968000000000006,
      "selected_s_std": 0.015403175374683185,
      "failure_rate": 0.0,
      "n_failed": 0
    },
    "_n_replication_errors": 0
  }
}