{
  "config": "paper_ro_ellipsoid",
  "n": 500,
  "split": 0.8,
  "d": 50,
  "reps": 500,
  "mesh_p": null,
  "include_existing": false,
  "folds": null,
  "elapsed_s": 3.6252620220184326,
  "summaries": {
    "NV": {
      "method": "NV",
      "n_reps": 500,
      "target": 0.95,
      "coverage": 1.0,
      "coverage_lo": 0.9923756595384479,
      "coverage_hi": 1.0,
      "coverage_gap": 0.050000000000000044,
      "meets_target": true,
      "significantly_below": false,
      "mean_obj": -44.06816937325092,
      "obj_se": 0.01684627194575685,
      "mean_oracle_gap": 0.015781441113111753,
      "oracle_gap_se": 0.009093591260843031,
      "mean_rel_oracle_gap": 0.0003572155577567333,
      "mean_excess_s": 0.019686331772789795,
      "selected_s_std": 0.25502124764482464,
      "failure_rate": 0.0,
      "n_failed": 0
    },
    "UG": {
      "method": "UG",
      "n_reps": 500,
      "target": 0.95,
      "coverage": 1.0,
      "coverage_lo": 0.9923756595384479,
      "coverage_hi": 1.0,
      "coverage_gap": 0.050000000000000044,
      "meets_target": true,
      "significantly_below": false,
      "mean_obj": -43.53301716113594,
      "obj_se": 0.046479576888478584,
      "mean_oracle_gap": 0.5509336532280931,
      "oracle_gap_se": 0.04757007665129404,
      "mean_rel_oracle_gap": 0.012458332860442092,
      "mean_excess_s": 0.6954368878020665,
      "selected_s_std": 1.3413183010521106,
      "failure_rate": 0.0,
      "n_failed": 0
    },
    "NGS": {
      "method": "NGS",
      "n_reps": 500,
      "target": 0.95,
      "coverage": 1.0,
      "coverage_lo": 0.9923756595384479,
      "coverage_hi": 1.0,
      "coverage_gap": 0.050000000000000044,
      "meets_target": true,
      "significantly_below": false,
      "mean_obj": -43.27693822061048,
      "obj_se": 0.05281831803811777,
      "mean_oracle_gap": 0.8070125937535436,
      "oracle_gap_se": 0.05392563647522938,
      "mean_rel_oracle_gap": 0.01826549265806236,
      "mean_excess_s": 1.0170472276147948,
      "selected_s_std": 1.5180003307717282,
      "failure_rate": 0.0,
      "n_failed": 0
    },
    "UNGS": {
      "method": "UNGS",
      "n_reps": 500,
      "target": 0.95,
      "coverage": 1.0,
      "coverage_lo": 0.9923756595384479,
      "coverage_hi": 1.0,
      "coverage_gap": 0.050000000000000044,
      "meets_target": true,
      "significantly_below": false,
      "mean_obj": -43.42849681374272,
      "obj_se": 0.04927427341011383,
      "mean_oracle_gap": 0.6554540006213104,
      "oracle_gap_se": 0.05057578204835695,
      "mean_rel_oracle_gap": 0.014825847963952912,
      "mean_excess_s": 0.8268186432810928,
      "selected_s_std": 1.4253587765946705,
      "failure_rate": 0.0,
      "n_failed": 0
    },
    "benchmark": {
      "method": "benchmark",
      "n_reps": 500,
      "target": 0.95,
      "coverage": 1.0,
      "coverage_lo": 0.9923756595384479,
      "coverage_hi": 1.0,
      "coverage_gap": 0.050000000000000044,
      "meets_target": true,
      "significantly_below": false,
      "mean_obj": -42.46409155317787,
      "obj_se": 3.180826134296276e-16,
      "mean_oracle_gap": 1.6198592611861509,
      "oracle_gap_se": 0.014394500214085199,
      "mean_rel_oracle_gap": 0.03669362040352721,
      "mean_excess_s": NaN,
      "selected_s_std": NaN,
      "failure_rate": 0.0,
      "n_failed": 0
    },
    "_n_replication_errors": 0
  }
}