{
  "config": "paper_saa",
  "n": 200,
  "split": 0.4,
  "d": 10,
  "reps": 500,
  "mesh_p": null,
  "include_existing": false,
  "folds": null,
  "elapsed_s": 2.471506357192993,
  "summaries": {
    "NV": {
      "method": "NV",
      "n_reps": 500,
      "target": 0.95,
      "coverage": 0.522,
      "coverage_lo": 0.47821548941356756,
      "coverage_hi": 0.5654490396061242,
      "coverage_gap": -0.42799999999999994,
      "meets_target": false,
      "significantly_below": true,
      "mean_obj": -7.861873523201086,
      "obj_se": 0.013085545731145112,
      "mean_oracle_gap": -0.0931456657836328,
      "oracle_gap_se": 0.013543010591300333,
      "mean_rel_oracle_gap": -0.01222313283953522,
      "mean_excess_s": -0.007794871794871795,
      "selected_s_std": 0.025488709748618082,
      "failure_rate": 0.0,
      "n_failed": 0
    },
    "UG": {
      "method": "UG",
      "n_reps": 500,
      "target": 0.95,
      "coverage": 0.848,
      "coverage_lo": 0.8138858517125613,
      "coverage_hi": 0.8768076073261983,
      "coverage_gap": -0.10199999999999998,
      "meets_target": false,
      "significantly_below": true,
      "mean_obj": -7.570015281915627,
      "obj_se": 0.014298265037947793,
      "mean_oracle_gap": 0.21568354019146796,
      "oracle_gap_se": 0.013393255041249262,
      "mean_rel_oracle_gap": 0.02768601241476504,
      "mean_excess_s": 0.012384615384615383,
      "selected_s_std": 0.015559620933917844,
      "failure_rate": 0.0,
      "n_failed": 0
    },
    "NGS": {
      "method": "NGS",
      "n_reps": 500,
      "target": 0.95,
      "coverage": 0.874,
      "coverage_lo": 0.8420322822801359,
      "coverage_hi": 0.900264711054623,
      "coverage_gap": -0.07599999999999996,
      "meets_target": false,
      "significantly_below": true,
      "mean_obj": -7.525081296352744,
      "obj_se": 0.014788163828267791,
      "mean_oracle_gap": 0.2640942287469066,
      "oracle_gap_se": 0.014025781503317115,
      "mean_rel_oracle_gap": 0.03389581328597288,
      "mean_excess_s": 0.015,
      "selected_s_std": 0.012770848567980615,
      "failure_rate": 0.0,
      "n_failed": 0
    },
    "UNGS": {
      "method": "UNGS",
      "n_reps": 500,
      "target": 0.95,
      "coverage": 0.882,
      "coverage_lo": 0.8507680121388806,
      "coverage_hi": 0.9074069917484936,
      "coverage_gap": -0.06799999999999995,
      "meets_target": false,
      "significantly_below": true,
      "mean_obj": -7.484846280298285,
      "obj_se": 0.015896981901001313,
      "mean_oracle_gap": 0.30797442819962234,
      "oracle_gap_se": 0.015106044993783072,
      "mean_rel_oracle_gap": 0.03954719031916586,
      "mean_excess_s": 0.016666666666666663,
      "selected_s_std": 0.011125255890867162,
      "failure_rate": 0.0,
      "n_failed": 0
    },
    "_n_replication_errors": 0
  }
}