{
  "config": "paper_so",
  "n": 200,
  "split": 0.8,
  "d": 10,
  "reps": 500,
  "mesh_p": 60,
  "include_existing": false,
  "folds": null,
  "elapsed_s": 1.8625969886779785,
  "summaries": {
    "NV": {
      "method": "NV",
      "n_reps": 500,
      "target": 0.95,
      "coverage": 0.578,
      "coverage_lo": 0.534276977868969,
      "coverage_hi": 0.6205336250190289,
      "coverage_gap": -0.372,
      "meets_target": false,
      "significantly_below": true,
      "mean_obj": -7.761723383107332,
      "obj_se": 0.018463891730699577,
      "mean_oracle_gap": -0.14535525818568165,
      "oracle_gap_se": 0.018331478724827065,
      "mean_rel_oracle_gap": -0.019595741395041857,
      "mean_excess_s": -3.786,
      "selected_s_std": 27.284814938945527,
      "failure_rate": 0.0,
      "n_failed": 0
    },
    "UG": {
      "method": "UG",
      "n_reps": 500,
      "target": 0.95,
      "coverage": 0.936,
      "coverage_lo": 0.911047591162316,
      "coverage_hi": 0.9543039839552107,
      "coverage_gap": -0.013999999999999901,
      "meets_target": false,
      "significantly_below": false,
      "mean_obj": -7.35224149207717,
      "obj_se": 0.014652978524642313,
      "mean_oracle_gap": 0.2641266328444798,
      "oracle_gap_se": 0.014614530040765837,
      "mean_rel_oracle_gap": 0.03421630439211066,
      "mean_excess_s": 33.852,
      "selected_s_std": 40.5405636196291,
      "failure_rate": 0.0,
      "n_failed": 0
    },
    "NGS": {
      "method": "NGS",
      "n_reps": 500,
      "target": 0.95,
      "coverage": 0.938,
      "coverage_lo": 0.9133402868983618,
      "coverage_hi": 0.9559807908573184,
      "coverage_gap": -0.01200000000000001,
      "meets_target": false,
      "significantly_below": false,
      "mean_obj": -7.349322489710557,
      "obj_se": 0.014540937611587207,
      "mean_oracle_gap": 0.26704563521109353,
      "oracle_gap_se": 0.01453762423252367,
      "mean_rel_oracle_gap": 0.034595234890612336,
      "mean_excess_s": 34.278,
      "selected_s_std": 40.688507090067056,
      "failure_rate": 0.0,
      "n_failed": 0
    },
    "UNGS": {
      "method": "UNGS",
      "n_reps": 500,
      "target": 0.95,
      "coverage": 0.954,
      "coverage_lo": 0.9319222072317267,
      "coverage_hi": 0.9691548916291838,
      "coverage_gap": 0.0040000000000000036,
      "meets_target": true,
      "significantly_below": false,
      "mean_obj": -7.285799095434713,
      "obj_se": 0.014357918883984586,
      "mean_oracle_gap": 0.3305690294869378,
      "oracle_gap_se": 0.014477079967812388,
      "mean_rel_oracle_gap": 0.04292655254933487,
      "mean_excess_s": 43.88,
      "selected_s_std": 41.21075525511993,
      "failure_rate": 0.0,
      "n_failed": 0
    },
    "benchmark": {
      "method": "benchmark",
      "n_reps": 500,
      "target": 0.95,
      "coverage": 1.0,
      "coverage_lo": 0.9923756595384479,
      "coverage_hi": 1.0,
      "coverage_gap": 0.050000000000000044,
      "meets_target": true,
      "significantly_below": false,
      "mean_obj": -6.985308533983032,
      "obj_se": 0.010709791887522836,
      "mean_oracle_gap": 0.6310595909386186,
      "oracle_gap_se": 0.012663692415637454,
      "mean_rel_oracle_gap": 0.08222585527189395,
      "mean_excess_s": NaN,
      "selected_s_std": NaN,
      "failure_rate": 0.0,
      "n_failed": 0
    },
    "_n_replication_errors": 0
  }
}