{
  "config": "paper_so",
  "n": 500,
  "split": 0.9,
  "d": 10,
  "reps": 500,
  "mesh_p": 60,
  "include_existing": false,
  "folds": null,
  "elapsed_s": 4.723210334777832,
  "summaries": {
    "NV": {
      "method": "NV",
      "n_reps": 500,
      "target": 0.95,
      "coverage": 0.64,
      "coverage_lo": 0.597006617075836,
      "coverage_hi": 0.6808585675949294,
      "coverage_gap": -0.30999999999999994,
      "meets_target": false,
      "significantly_below": true,
      "mean_obj": -7.703137021730552,
      "obj_se": 0.017470735705584026,
      "mean_oracle_gap": -0.09587683861974863,
      "oracle_gap_se": 0.0168917199321741,
      "mean_rel_oracle_gap": -0.013094464054447462,
      "mean_excess_s": 1.164,
      "selected_s_std": 37.0856818137564,
      "failure_rate": 0.0,
      "n_failed": 0
    },
    "UG": {
      "method": "UG",
      "n_reps": 500,
      "target": 0.95,
      "coverage": 0.958,
      "coverage_lo": 0.9366484142456699,
      "coverage_hi": 0.9723676898915483,
      "coverage_gap": 0.008000000000000007,
      "meets_target": true,
      "significantly_below": false,
      "mean_obj": -7.261236210975583,
      "obj_se": 0.015377786453958,
      "mean_oracle_gap": 0.3460239721352196,
      "oracle_gap_se": 0.015708516419222874,
      "mean_rel_oracle_gap": 0.04492944306905749,
      "mean_excess_s": 72.628,
      "selected_s_std": 90.95847256557757,
      "failure_rate": 0.0,
      "n_failed": 0
    },
    "NGS": {
      "method": "NGS",
      "n_reps": 500,
      "target": 0.95,
      "coverage": 0.982,
      "coverage_lo": 0.9661483290912607,
      "coverage_hi": 0.990501806703803,
      "coverage_gap": 0.03200000000000003,
      "meets_target": true,
      "significantly_below": false,
      "mean_obj": -7.10205450675271,
      "obj_se": 0.014816067176266528,
      "mean_oracle_gap": 0.5052056763580927,
      "oracle_gap_se": 0.01601943446821003,
      "mean_rel_oracle_gap": 0.06575105152847646,
      "mean_excess_s": 119.126,
      "selected_s_std": 111.10282016807042,
      "failure_rate": 0.0,
      "n_failed": 0
    },
    "UNGS": {
      "method": "UNGS",
      "n_reps": 500,
      "target": 0.95,
      "coverage": 0.996,
      "coverage_lo": 0.9855342847848231,
      "coverage_hi": 0.9989023694773173,
      "coverage_gap": 0.04600000000000004,
      "meets_target": true,
      "significantly_below": false,
      "mean_obj": -6.964904815054573,
      "obj_se": 0.013216342527437006,
      "mean_oracle_gap": 0.6423553680562298,
      "oracle_gap_se": 0.015168538082611272,
      "mean_rel_oracle_gap": 0.08371638861335429,
      "mean_excess_s": 169.168,
      "selected_s_std": 117.97635935531096,
      "failure_rate": 0.0,
      "n_failed": 0
    },
    "benchmark": {
      "method": "benchmark",
      "n_reps": 500,
      "target": 0.95,
      "coverage": 1.0,
      "coverage_lo": 0.9923756595384479,
      "coverage_hi": 1.0,
      "coverage_gap": 0.050000000000000044,
      "meets_target": true,
      "significantly_below": false,
      "mean_obj": -6.65354984037722,
      "obj_se": 0.008842778148151039,
      "mean_oracle_gap": 0.953710342733583,
      "oracle_gap_se": 0.012164220872061938,
      "mean_rel_oracle_gap": 0.12462252304471892,
      "mean_excess_s": NaN,
      "selected_s_std": NaN,
      "failure_rate": 0.0,
      "n_failed": 0
    },
    "_n_replication_errors": 0
  }
}