{
  "config": "paper_ro_ellipsoid",
  "n": 500,
  "split": 0.9,
  "d": 10,
  "reps": 500,
  "mesh_p": null,
  "include_existing": false,
  "folds": null,
  "elapsed_s": 0.739194393157959,
  "summaries": {
    "NV": {
      "method": "NV",
      "n_reps": 500,
      "target": 0.95,
      "coverage": 0.614,
      "coverage_lo": 0.5706131270887722,
      "coverage_hi": 0.6556485232859939,
      "coverage_gap": -0.33599999999999997,
      "meets_target": false,
      "significantly_below": true,
      "mean_obj": -7.713606824069082,
      "obj_se": 0.01566213948385031,
      "mean_oracle_gap": -0.24062826981901833,
      "oracle_gap_se": 0.016377283567545146,
      "mean_rel_oracle_gap": -0.032402974471002995,
      "mean_excess_s": -0.48480131796787534,
      "selected_s_std": 0.8009465467234924,
      "failure_rate": 0.0,
      "n_failed": 0
    },
    "UG": {
      "method": "UG",
      "n_reps": 500,
      "target": 0.95,
      "coverage": 0.964,
      "coverage_lo": 0.9438156730319722,
      "coverage_hi": 0.9771089390197072,
      "coverage_gap": 0.014000000000000012,
      "meets_target": true,
      "significantly_below": false,
      "mean_obj": -7.240912255789079,
      "obj_se": 0.014169646569938233,
      "mean_oracle_gap": 0.23206629846098498,
      "oracle_gap_se": 0.014868651469718566,
      "mean_rel_oracle_gap": 0.030873644365955664,
      "mean_excess_s": 0.7910011119745973,
      "selected_s_std": 1.0504067407471254,
      "failure_rate": 0.0,
      "n_failed": 0
    },
    "NGS": {
      "method": "NGS",
      "n_reps": 500,
      "target": 0.95,
      "coverage": 0.964,
      "coverage_lo": 0.9438156730319722,
      "coverage_hi": 0.9771089390197072,
      "coverage_gap": 0.014000000000000012,
      "meets_target": true,
      "significantly_below": false,
      "mean_obj": -7.227397943020258,
      "obj_se": 0.015039705194973383,
      "mean_oracle_gap": 0.24558061122980626,
      "oracle_gap_se": 0.01578842958760389,
      "mean_rel_oracle_gap": 0.032669794692518364,
      "mean_excess_s": 0.854039181701391,
      "selected_s_std": 1.1676111913950524,
      "failure_rate": 0.0,
      "n_failed": 0
    },
    "UNGS": {
      "method": "UNGS",
      "n_reps": 500,
      "target": 0.95,
      "coverage": 0.964,
      "coverage_lo": 0.9438156730319722,
      "coverage_hi": 0.9771089390197072,
      "coverage_gap": 0.014000000000000012,
      "meets_target": true,
      "significantly_below": false,
      "mean_obj": -6.885180166923901,
      "obj_se": 0.022755079979636363,
      "mean_oracle_gap": 0.5877983873261631,
      "oracle_gap_se": 0.023800415155897016,
      "mean_rel_oracle_gap": 0.07835805883919625,
      "mean_excess_s": 2.3652802750809827,
      "selected_s_std": 2.3625244896913844,
      "failure_rate": 0.0,
      "n_failed": 0
    },
    "benchmark": {
      "method": "benchmark",
      "n_reps": 500,
      "target": 0.95,
      "coverage": 1.0,
      "coverage_lo": 0.9923756595384479,
      "coverage_hi": 1.0,
      "coverage_gap": 0.050000000000000044,
      "meets_target": true,
      "significantly_below": false,
      "mean_obj": -6.901634398385975,
      "obj_se": 7.95206533574069e-17,
      "mean_oracle_gap": 0.5713441558640903,
      "oracle_gap_se": 0.004686911473553878,
      "mean_rel_oracle_gap": 0.07627608219902367,
      "mean_excess_s": NaN,
      "selected_s_std": NaN,
      "failure_rate": 0.0,
      "n_failed": 0
    },
    "_n_replication_errors": 0
  }
}