{
  "config": "paper_dro_wasserstein",
  "n": 100,
  "split": 0.3,
  "d": 10,
  "reps": 500,
  "mesh_p": null,
  "include_existing": false,
  "folds": null,
  "elapsed_s": 6.658358812332153,
  "summaries": {
    "NV": {
      "method": "NV",
      "n_reps": 500,
      "target": 0.95,
      "coverage": 0.562,
      "coverage_lo": 0.5182029258694332,
      "coverage_hi": 0.6048516559133346,
      "coverage_gap": -0.3879999999999999,
      "meets_target": false,
      "significantly_below": true,
      "mean_obj": -7.763567192340046,
      "obj_se": 0.0189594839128665,
      "mean_oracle_gap": -0.12133670458726123,
      "oracle_gap_se": 0.020169398974821638,
      "mean_rel_oracle_gap": -0.01636864091160647,
      "mean_excess_s": -0.006634265739611354,
      "selected_s_std": 0.050300130977244915,
      "failure_rate": 0.0,
      "n_failed": 0
    },
    "UG": {
      "method": "UG",
      "n_reps": 500,
      "target": 0.95,
      "coverage": 0.962,
      "coverage_lo": 0.9414152274693561,
      "coverage_hi": 0.9755398819441696,
      "coverage_gap": 0.01200000000000001,
      "meets_target": true,
      "significantly_below": false,
      "mean_obj": -7.033711580602295,
      "obj_se": 0.02119572998959956,
      "mean_oracle_gap": 0.6085189071504885,
      "oracle_gap_se": 0.021671318242013057,
      "mean_rel_oracle_gap": 0.07930365143684977,
      "mean_excess_s": 0.068501031592973,
      "selected_s_std": 0.07270821140625573,
      "failure_rate": 0.0,
      "n_failed": 0
    },
    "NGS": {
      "method": "NGS",
      "n_reps": 500,
      "target": 0.95,
      "coverage": 0.962,
      "coverage_lo": 0.9414152274693561,
      "coverage_hi": 0.9755398819441696,
      "coverage_gap": 0.01200000000000001,
      "meets_target": true,
      "significantly_below": false,
      "mean_obj": -7.030466390484716,
      "obj_se": 0.021337913562849108,
      "mean_oracle_gap": 0.6117640972680677,
      "oracle_gap_se": 0.021818101202001824,
      "mean_rel_oracle_gap": 0.07972692053038992,
      "mean_excess_s": 0.06906353159297299,
      "selected_s_std": 0.0735035442825267,
      "failure_rate": 0.0,
      "n_failed": 0
    },
    "UNGS": {
      "method": "UNGS",
      "n_reps": 500,
      "target": 0.95,
      "coverage": 0.982,
      "coverage_lo": 0.9661483290912607,
      "coverage_hi": 0.990501806703803,
      "coverage_gap": 0.03200000000000003,
      "meets_target": true,
      "significantly_below": false,
      "mean_obj": -5.720332415423705,
      "obj_se": 0.07604197736122385,
      "mean_oracle_gap": 1.9218980723290793,
      "oracle_gap_se": 0.07508914855029254,
      "mean_rel_oracle_gap": 0.2519924319163572,
      "mean_excess_s": 0.5991495775999174,
      "selected_s_std": 1.0202842395569547,
      "failure_rate": 0.0,
      "n_failed": 0
    },
    "_n_replication_errors": 0
  }
}