{
  "config": "paper_saa",
  "n": 400,
  "split": 0.6,
  "d": 5,
  "reps": 500,
  "mesh_p": null,
  "include_existing": false,
  "folds": null,
  "elapsed_s": 56.08581614494324,
  "summaries": {
    "NV": {
      "method": "NV",
      "n_reps": 500,
      "target": 0.95,
      "coverage": 0.478,
      "coverage_lo": 0.43455096039387586,
      "coverage_hi": 0.5217845105864325,
      "coverage_gap": -0.472,
      "meets_target": false,
      "significantly_below": true,
      "mean_obj": -3.6071170268754074,
      "obj_se": 0.004944900459399079,
      "mean_oracle_gap": -0.021580483139558758,
      "oracle_gap_se": 0.005019435321931881,
      "mean_rel_oracle_gap": -0.0060609140755816,
      "mean_excess_s": -0.004808,
      "selected_s_std": 0.021343025687352343,
      "failure_rate": 0.0,
      "n_failed": 0
    },
    "UG": {
      "method": "UG",
      "n_reps": 500,
      "target": 0.95,
      "coverage": 0.932,
      "coverage_lo": 0.9064790772661258,
      "coverage_hi": 0.9509334925750932,
      "coverage_gap": -0.017999999999999905,
      "meets_target": false,
      "significantly_below": false,
      "mean_obj": -3.407664873078247,
      "obj_se": 0.006006399632041533,
      "mean_oracle_gap": 0.17787167065760146,
      "oracle_gap_se": 0.0060577320341039355,
      "mean_rel_oracle_gap": 0.04957145685083864,
      "mean_excess_s": 0.023008000000000004,
      "selected_s_std": 0.020109972600577855,
      "failure_rate": 0.0,
      "n_failed": 0
    },
    "NGS": {
      "method": "NGS",
      "n_reps": 500,
      "target": 0.95,
      "coverage": 0.976,
      "coverage_lo": 0.9585229425360993,
      "coverage_hi": 0.986218685344503,
      "coverage_gap": 0.026000000000000023,
      "meets_target": true,
      "significantly_below": false,
      "mean_obj": -3.3313414332906324,
      "obj_se": 0.006365077414984843,
      "mean_oracle_gap": 0.2541951104452161,
      "oracle_gap_se": 0.006448465197756808,
      "mean_rel_oracle_gap": 0.07085051977233464,
      "mean_excess_s": 0.031416000000000006,
      "selected_s_std": 0.018515471080657854,
      "failure_rate": 0.0,
      "n_failed": 0
    },
    "UNGS": {
      "method": "UNGS",
      "n_reps": 500,
      "target": 0.95,
      "coverage": 0.976,
      "coverage_lo": 0.9585229425360993,
      "coverage_hi": 0.986218685344503,
      "coverage_gap": 0.026000000000000023,
      "meets_target": true,
      "significantly_below": false,
      "mean_obj": -3.257982485088058,
      "obj_se": 0.007889344482527138,
      "mean_oracle_gap": 0.32755405864779075,
      "oracle_gap_se": 0.007950845455820964,
      "mean_rel_oracle_gap": 0.09131329416647327,
      "mean_excess_s": 0.03708800000000001,
      "selected_s_std": 0.020456927133259067,
      "failure_rate": 0.0,
      "n_failed": 0
    },
    "_n_replication_errors": 0
  }
}