{
  "config": "paper_saa",
  "n": 200,
  "split": 0.5,
  "d": 10,
  "reps": 500,
  "mesh_p": null,
  "include_existing": false,
  "folds": null,
  "elapsed_s": 4.521945476531982,
  "summaries": {
    "NV": {
      "method": "NV",
      "n_reps": 500,
      "target": 0.95,
      "coverage": 0.506,
      "coverage_lo": 0.4622986388334935,
      "coverage_hi": 0.5496098690809679,
      "coverage_gap": -0.44399999999999995,
      "meets_target": false,
      "significantly_below": true,
      "mean_obj": -7.871178353953901,
      "obj_se": 0.01303807900783913,
      "mean_oracle_gap": -0.0776162458543456,
      "oracle_gap_se": 0.013586995051149497,
      "mean_rel_oracle_gap": -0.01013888435122539,
      "mean_excess_s": -0.008130081300813009,
      "selected_s_std": 0.027921459844350537,
      "failure_rate": 0.0,
      "n_failed": 0
    },
    "UG": {
      "method": "UG",
      "n_reps": 500,
      "target": 0.95,
      "coverage": 0.884,
      "coverage_lo": 0.8529581630365658,
      "coverage_hi": 0.9091863434889621,
      "coverage_gap": -0.06599999999999995,
      "meets_target": false,
      "significantly_below": true,
      "mean_obj": -7.545040201655928,
      "obj_se": 0.013434638577302616,
      "mean_oracle_gap": 0.25275846928343765,
      "oracle_gap_se": 0.013874973165768701,
      "mean_rel_oracle_gap": 0.03226962602858522,
      "mean_excess_s": 0.014552845528455285,
      "selected_s_std": 0.017490266402707403,
      "failure_rate": 0.0,
      "n_failed": 0
    },
    "NGS": {
      "method": "NGS",
      "n_reps": 500,
      "target": 0.95,
      "coverage": 0.926,
      "coverage_lo": 0.8996652466777695,
      "coverage_hi": 0.945838815248988,
      "coverage_gap": -0.02399999999999991,
      "meets_target": false,
      "significantly_below": true,
      "mean_obj": -7.459508019153083,
      "obj_se": 0.013512450447329316,
      "mean_oracle_gap": 0.33968141898145005,
      "oracle_gap_se": 0.014044635850691763,
      "mean_rel_oracle_gap": 0.043407460440847756,
      "mean_excess_s": 0.019455284552845526,
      "selected_s_std": 0.01345006589370811,
      "failure_rate": 0.0,
      "n_failed": 0
    },
    "UNGS": {
      "method": "UNGS",
      "n_reps": 500,
      "target": 0.95,
      "coverage": 0.94,
      "coverage_lo": 0.9156389368747802,
      "coverage_hi": 0.9576516435190539,
      "coverage_gap": -0.010000000000000009,
      "meets_target": false,
      "significantly_below": false,
      "mean_obj": -7.41672267033442,
      "obj_se": 0.014341042751973544,
      "mean_oracle_gap": 0.3831624645288717,
      "oracle_gap_se": 0.014593135801480904,
      "mean_rel_oracle_gap": 0.04901760253155212,
      "mean_excess_s": 0.021146341463414636,
      "selected_s_std": 0.012491020261545839,
      "failure_rate": 0.0,
      "n_failed": 0
    },
    "_n_replication_errors": 0
  }
}