{
  "config": "paper_saa",
  "n": 400,
  "split": 0.3,
  "d": 20,
  "reps": 500,
  "mesh_p": null,
  "include_existing": false,
  "folds": null,
  "elapsed_s": 6.79655122756958,
  "summaries": {
    "NV": {
      "method": "NV",
      "n_reps": 500,
      "target": 0.95,
      "coverage": 0.52,
      "coverage_lo": 0.47622345295527013,
      "coverage_hi": 0.5634715734262677,
      "coverage_gap": -0.42999999999999994,
      "meets_target": false,
      "significantly_below": true,
      "mean_obj": -16.99283307585222,
      "obj_se": 0.014221805308657135,
      "mean_oracle_gap": -0.08649966998751435,
      "oracle_gap_se": 0.015352958816565829,
      "mean_rel_oracle_gap": -0.005190615119637222,
      "mean_excess_s": -0.0047317073170731715,
      "selected_s_std": 0.02063452600198641,
      "failure_rate": 0.0,
      "n_failed": 0
    },
    "UG": {
      "method": "UG",
      "n_reps": 500,
      "target": 0.95,
      "coverage": 0.936,
      "coverage_lo": 0.911047591162316,
      "coverage_hi": 0.9543039839552107,
      "coverage_gap": -0.013999999999999901,
      "meets_target": false,
      "significantly_below": false,
      "mean_obj": -16.535309778830804,
      "obj_se": 0.01547458471516756,
      "mean_oracle_gap": 0.377942645031928,
      "oracle_gap_se": 0.015080270728001707,
      "mean_rel_oracle_gap": 0.022320758596187353,
      "mean_excess_s": 0.013609756097560976,
      "selected_s_std": 0.013997042917017925,
      "failure_rate": 0.0,
      "n_failed": 0
    },
    "NGS": {
      "method": "NGS",
      "n_reps": 500,
      "target": 0.95,
      "coverage": 0.958,
      "coverage_lo": 0.9366484142456699,
      "coverage_hi": 0.9723676898915483,
      "coverage_gap": 0.008000000000000007,
      "meets_target": true,
      "significantly_below": false,
      "mean_obj": -16.43176024644961,
      "obj_se": 0.016306374650184762,
      "mean_oracle_gap": 0.4831759096469617,
      "oracle_gap_se": 0.016076088373839646,
      "mean_rel_oracle_gap": 0.028539386167963043,
      "mean_excess_s": 0.016764227642276426,
      "selected_s_std": 0.011578810028814134,
      "failure_rate": 0.0,
      "n_failed": 0
    },
    "UNGS": {
      "method": "UNGS",
      "n_reps": 500,
      "target": 0.95,
      "coverage": 0.972,
      "coverage_lo": 0.9535535973250512,
      "coverage_hi": 0.9832490252792435,
      "coverage_gap": 0.02200000000000002,
      "meets_target": true,
      "significantly_below": false,
      "mean_obj": -16.32747659447412,
      "obj_se": 0.01753854864533636,
      "mean_oracle_gap": 0.5891552307602647,
      "oracle_gap_se": 0.017393379077020613,
      "mean_rel_oracle_gap": 0.0348039054288895,
      "mean_excess_s": 0.019674796747967477,
      "selected_s_std": 0.01004678434881047,
      "failure_rate": 0.0,
      "n_failed": 0
    },
    "_n_replication_errors": 0
  }
}