{
  "config": "paper_so",
  "n": 500,
  "split": 0.2,
  "d": 10,
  "reps": 500,
  "mesh_p": 60,
  "include_existing": false,
  "folds": null,
  "elapsed_s": 1.4170193672180176,
  "summaries": {
    "NV": {
      "method": "NV",
      "n_reps": 500,
      "target": 0.95,
      "coverage": 0.732,
      "coverage_lo": 0.6915162794621877,
      "coverage_hi": 0.768946026563652,
      "coverage_gap": -0.21799999999999997,
      "meets_target": false,
      "significantly_below": true,
      "mean_obj": -7.677666165414623,
      "obj_se": 0.011784331398715422,
      "mean_oracle_gap": -0.03359073618260333,
      "oracle_gap_se": 0.008975588268147244,
      "mean_rel_oracle_gap": -0.004614103852997219,
      "mean_excess_s": -0.7186234817813765,
      "selected_s_std": 21.91867012846356,
      "failure_rate": 0.0,
      "n_failed": 0
    },
    "UG": {
      "method": "UG",
      "n_reps": 500,
      "target": 0.95,
      "coverage": 0.96,
      "coverage_lo": 0.9390264041651492,
      "coverage_hi": 0.9739592026102227,
      "coverage_gap": 0.010000000000000009,
      "meets_target": true,
      "significantly_below": false,
      "mean_obj": -7.501917742112925,
      "obj_se": 0.011027144632362923,
      "mean_oracle_gap": 0.1442922833535289,
      "oracle_gap_se": 0.009031152693518098,
      "mean_rel_oracle_gap": 0.018598631768158874,
      "mean_excess_s": 14.2834008097166,
      "selected_s_std": 26.0347167634662,
      "failure_rate": 0.0,
      "n_failed": 0
    },
    "NGS": {
      "method": "NGS",
      "n_reps": 500,
      "target": 0.95,
      "coverage": 0.984,
      "coverage_lo": 0.9687488914666058,
      "coverage_hi": 0.9918707469666117,
      "coverage_gap": 0.03400000000000003,
      "meets_target": true,
      "significantly_below": false,
      "mean_obj": -7.450634491841381,
      "obj_se": 0.01049254313123743,
      "mean_oracle_gap": 0.1961984071101519,
      "oracle_gap_se": 0.009298284083040908,
      "mean_rel_oracle_gap": 0.025318852671551078,
      "mean_excess_s": 20.576923076923077,
      "selected_s_std": 26.738676812350885,
      "failure_rate": 0.0,
      "n_failed": 0
    },
    "UNGS": {
      "method": "UNGS",
      "n_reps": 500,
      "target": 0.95,
      "coverage": 0.984,
      "coverage_lo": 0.9687488914666058,
      "coverage_hi": 0.9918707469666117,
      "coverage_gap": 0.03400000000000003,
      "meets_target": true,
      "significantly_below": false,
      "mean_obj": -7.385579091425827,
      "obj_se": 0.011043367995373674,
      "mean_oracle_gap": 0.2620439540894573,
      "oracle_gap_se": 0.01018637205540695,
      "mean_rel_oracle_gap": 0.033911722190893175,
      "mean_excess_s": 28.51417004048583,
      "selected_s_std": 26.35027928574712,
      "failure_rate": 0.0,
      "n_failed": 0
    },
    "benchmark": {
      "method": "benchmark",
      "n_reps": 500,
      "target": 0.95,
      "coverage": 1.0,
      "coverage_lo": 0.9923756595384479,
      "coverage_hi": 1.0,
      "coverage_gap": 0.050000000000000044,
      "meets_target": true,
      "significantly_below": false,
      "mean_obj": -6.63668938187062,
      "obj_se": 0.009337675078656658,
      "mean_oracle_gap": 1.0032824305428152,
      "oracle_gap_se": 0.012190980240379222,
      "mean_rel_oracle_gap": 0.13069918697168742,
      "mean_excess_s": NaN,
      "selected_s_std": NaN,
      "failure_rate": 0.0,
      "n_failed": 0
    },
    "_n_replication_errors": 0
  }
}