{
  "config": "paper_saa",
  "n": 200,
  "split": 0.9,
  "d": 5,
  "reps": 500,
  "mesh_p": null,
  "include_existing": false,
  "folds": null,
  "elapsed_s": 19.518519401550293,
  "summaries": {
    "NV": {
      "method": "NV",
      "n_reps": 500,
      "target": 0.95,
      "coverage": 0.356,
      "coverage_lo": 0.3152745600260401,
      "coverage_hi": 0.398921250026887,
      "coverage_gap": -0.594,
      "meets_target": false,
      "significantly_below": true,
      "mean_obj": -3.6393198665331465,
      "obj_se": 0.008664882778225908,
      "mean_oracle_gap": -0.06596677095318647,
      "oracle_gap_se": 0.008804784597030114,
      "mean_rel_oracle_gap": -0.018567656414834398,
      "mean_excess_s": -0.012952,
      "selected_s_std": 0.027737451007198797,
      "failure_rate": 0.0,
      "n_failed": 0
    },
    "UG": {
      "method": "UG",
      "n_reps": 500,
      "target": 0.95,
      "coverage": 0.798,
      "coverage_lo": 0.7605971137604937,
      "coverage_hi": 0.8308587793244213,
      "coverage_gap": -0.1519999999999999,
      "meets_target": false,
      "significantly_below": true,
      "mean_obj": -3.341483704822843,
      "obj_se": 0.011903053454340083,
      "mean_oracle_gap": 0.2318693907571174,
      "oracle_gap_se": 0.012226800257055139,
      "mean_rel_oracle_gap": 0.06468568244152875,
      "mean_excess_s": 0.024192,
      "selected_s_std": 0.03024745081095467,
      "failure_rate": 0.0,
      "n_failed": 0
    },
    "NGS": {
      "method": "NGS",
      "n_reps": 500,
      "target": 0.95,
      "coverage": 0.798,
      "coverage_lo": 0.7605971137604937,
      "coverage_hi": 0.8308587793244213,
      "coverage_gap": -0.1519999999999999,
      "meets_target": false,
      "significantly_below": true,
      "mean_obj": -3.3406579512955505,
      "obj_se": 0.011913891890923749,
      "mean_oracle_gap": 0.23269514428440993,
      "oracle_gap_se": 0.01223149661639338,
      "mean_rel_oracle_gap": 0.0649196027741009,
      "mean_excess_s": 0.02428,
      "selected_s_std": 0.030289214863943707,
      "failure_rate": 0.0,
      "n_failed": 0
    },
    "UNGS": {
      "method": "UNGS",
      "n_reps": 500,
      "target": 0.95,
      "coverage": 0.798,
      "coverage_lo": 0.7605971137604937,
      "coverage_hi": 0.8308587793244213,
      "coverage_gap": -0.1519999999999999,
      "meets_target": false,
      "significantly_below": true,
      "mean_obj": -3.341483704822843,
      "obj_se": 0.011903053454340083,
      "mean_oracle_gap": 0.2318693907571174,
      "oracle_gap_se": 0.012226800257055139,
      "mean_rel_oracle_gap": 0.06468568244152875,
      "mean_excess_s": 0.024192,
      "selected_s_std": 0.03024745081095467,
      "failure_rate": 0.0,
      "n_failed": 0
    },
    "_n_replication_errors": 0
  }
}