{
  "config": "paper_ro_ellipsoid",
  "n": 200,
  "split": 0.4,
  "d": 10,
  "reps": 500,
  "mesh_p": null,
  "include_existing": false,
  "folds": null,
  "elapsed_s": 0.6487059593200684,
  "summaries": {
    "NV": {
      "method": "NV",
      "n_reps": 500,
      "target": 0.95,
      "coverage": 0.852,
      "coverage_lo": 0.8181938697042727,
      "coverage_hi": 0.8804385946107945,
      "coverage_gap": -0.09799999999999998,
      "meets_target": false,
      "significantly_below": true,
      "mean_obj": -7.647203961037658,
      "obj_se": 0.011718325154182559,
      "mean_oracle_gap": -0.04083722413373748,
      "oracle_gap_se": 0.012375123634250413,
      "mean_rel_oracle_gap": -0.005674983722785589,
      "mean_excess_s": -0.06915956313746506,
      "selected_s_std": 0.7528684057088502,
      "failure_rate": 0.0,
      "n_failed": 0
    },
    "UG": {
      "method": "UG",
      "n_reps": 500,
      "target": 0.95,
      "coverage": 0.992,
      "coverage_lo": 0.9796129641658948,
      "coverage_hi": 0.9968846848199377,
      "coverage_gap": 0.04200000000000004,
      "meets_target": true,
      "significantly_below": false,
      "mean_obj": -7.30787892206882,
      "obj_se": 0.011169274588414312,
      "mean_oracle_gap": 0.29848781483510006,
      "oracle_gap_se": 0.012671074398768124,
      "mean_rel_oracle_gap": 0.03886985094095867,
      "mean_excess_s": 0.9793037650841767,
      "selected_s_std": 1.0759647192804964,
      "failure_rate": 0.0,
      "n_failed": 0
    },
    "NGS": {
      "method": "NGS",
      "n_reps": 500,
      "target": 0.95,
      "coverage": 0.994,
      "coverage_lo": 0.9825097478959467,
      "coverage_hi": 0.9979574037280398,
      "coverage_gap": 0.04400000000000004,
      "meets_target": true,
      "significantly_below": false,
      "mean_obj": -7.24246239376947,
      "obj_se": 0.011493520153202248,
      "mean_oracle_gap": 0.3639043431344504,
      "oracle_gap_se": 0.012973149160009583,
      "mean_rel_oracle_gap": 0.047472600876829835,
      "mean_excess_s": 1.2193467125617508,
      "selected_s_std": 1.175633068568193,
      "failure_rate": 0.0,
      "n_failed": 0
    },
    "UNGS": {
      "method": "UNGS",
      "n_reps": 500,
      "target": 0.95,
      "coverage": 0.996,
      "coverage_lo": 0.9855342847848231,
      "coverage_hi": 0.9989023694773173,
      "coverage_gap": 0.04600000000000004,
      "meets_target": true,
      "significantly_below": false,
      "mean_obj": -7.144026402746916,
      "obj_se": 0.012979533498878974,
      "mean_oracle_gap": 0.4623403341570046,
      "oracle_gap_se": 0.014770442429002365,
      "mean_rel_oracle_gap": 0.0603606359198779,
      "mean_excess_s": 1.647575526758046,
      "selected_s_std": 1.5578889468936037,
      "failure_rate": 0.0,
      "n_failed": 0
    },
    "benchmark": {
      "method": "benchmark",
      "n_reps": 500,
      "target": 0.95,
      "coverage": 1.0,
      "coverage_lo": 0.9923756595384479,
      "coverage_hi": 1.0,
      "coverage_gap": 0.050000000000000044,
      "meets_target": true,
      "significantly_below": false,
      "mean_obj": -6.901634398385975,
      "obj_se": 7.95206533574069e-17,
      "mean_oracle_gap": 0.7047323385179468,
      "oracle_gap_se": 0.007408331155795628,
      "mean_rel_oracle_gap": 0.09221953763478949,
      "mean_excess_s": null,
      "selected_s_std": null,
      "failure_rate": 0.0,
      "n_failed": 0
    },
    "_n_replication_errors": 0
  }
}