{
  "config": "paper_ro_ellipsoid",
  "n": 200,
  "split": 0.8,
  "d": 50,
  "reps": 500,
  "mesh_p": null,
  "include_existing": false,
  "folds": null,
  "elapsed_s": 3.6488101482391357,
  "summaries": {
    "NV": {
      "method": "NV",
      "n_reps": 500,
      "target": 0.95,
      "coverage": 0.998,
      "coverage_lo": 0.9887592932948532,
      "coverage_hi": 0.9996468636054407,
      "coverage_gap": 0.04800000000000004,
      "meets_target": true,
      "significantly_below": false,
      "mean_obj": -44.24581697973888,
      "obj_se": 0.036569839808793705,
      "mean_oracle_gap": 0.23905070494603375,
      "oracle_gap_se": 0.033810009148308756,
      "mean_rel_oracle_gap": 0.005335298238325458,
      "mean_excess_s": 0.32686716436788704,
      "selected_s_std": 1.0489755669628162,
      "failure_rate": 0.0,
      "n_failed": 0
    },
    "UG": {
      "method": "UG",
      "n_reps": 500,
      "target": 0.95,
      "coverage": 0.998,
      "coverage_lo": 0.9887592932948532,
      "coverage_hi": 0.9996468636054407,
      "coverage_gap": 0.04800000000000004,
      "meets_target": true,
      "significantly_below": false,
      "mean_obj": -42.595670899648205,
      "obj_se": 0.06457683702550872,
      "mean_oracle_gap": 1.8891967850367128,
      "oracle_gap_se": 0.06658814250053408,
      "mean_rel_oracle_gap": 0.04237646783960902,
      "mean_excess_s": 2.6885677174209004,
      "selected_s_std": 2.3387218808706662,
      "failure_rate": 0.0,
      "n_failed": 0
    },
    "NGS": {
      "method": "NGS",
      "n_reps": 500,
      "target": 0.95,
      "coverage": 0.998,
      "coverage_lo": 0.9887592932948532,
      "coverage_hi": 0.9996468636054407,
      "coverage_gap": 0.04800000000000004,
      "meets_target": true,
      "significantly_below": false,
      "mean_obj": -42.595670899648205,
      "obj_se": 0.06457683702550872,
      "mean_oracle_gap": 1.8891967850367128,
      "oracle_gap_se": 0.06658814250053408,
      "mean_rel_oracle_gap": 0.04237646783960902,
      "mean_excess_s": 2.6885677174209004,
      "selected_s_std": 2.3387218808706662,
      "failure_rate": 0.0,
      "n_failed": 0
    },
    "UNGS": {
      "method": "UNGS",
      "n_reps": 500,
      "target": 0.95,
      "coverage": 0.998,
      "coverage_lo": 0.9887592932948532,
      "coverage_hi": 0.9996468636054407,
      "coverage_gap": 0.04800000000000004,
      "meets_target": true,
      "significantly_below": false,
      "mean_obj": -42.368434708961416,
      "obj_se": 0.07711295611329352,
      "mean_oracle_gap": 2.116432975723496,
      "oracle_gap_se": 0.08010307857335619,
      "mean_rel_oracle_gap": 0.04745937669646111,
      "mean_excess_s": 3.2262902091468977,
      "selected_s_std": 3.289568006142981,
      "failure_rate": 0.0,
      "n_failed": 0
    },
    "benchmark": {
      "method": "benchmark",
      "n_reps": 500,
      "target": 0.95,
      "coverage": 1.0,
      "coverage_lo": 0.9923756595384479,
      "coverage_hi": 1.0,
      "coverage_gap": 0.050000000000000044,
      "meets_target": true,
      "significantly_below": false,
      "mean_obj": -42.46409155317787,
      "obj_se": 3.180826134296276e-16,
      "mean_oracle_gap": 2.020776131507036,
      "oracle_gap_se": 0.022476928445914028,
      "mean_rel_oracle_gap": 0.04530443228358849,
      "mean_excess_s": null,
      "selected_s_std": null,
      "failure_rate": 0.0,
      "n_failed": 0
    },
    "_n_replication_errors": 0
  }
}