{
  "config": "paper_so",
  "n": 500,
  "split": 0.5,
  "d": 10,
  "reps": 500,
  "mesh_p": 60,
  "include_existing": false,
  "folds": null,
  "elapsed_s": 2.815197229385376,
  "summaries": {
    "NV": {
      "method": "NV",
      "n_reps": 500,
      "target": 0.95,
      "coverage": 0.764,
      "coverage_lo": 0.7248556437078593,
      "coverage_hi": 0.7991187045284411,
      "coverage_gap": -0.18599999999999994,
      "meets_target": false,
      "significantly_below": true,
      "mean_obj": -7.654529093687306,
      "obj_se": 0.012043900877552081,
      "mean_oracle_gap": -0.028291161387020074,
      "oracle_gap_se": 0.00970417661675675,
      "mean_rel_oracle_gap": -0.003994953246833049,
      "mean_excess_s": -0.548,
      "selected_s_std": 28.255693309646777,
      "failure_rate": 0.0,
      "n_failed": 0
    },
    "UG": {
      "method": "UG",
      "n_reps": 500,
      "target": 0.95,
      "coverage": 0.976,
      "coverage_lo": 0.9585229425360993,
      "coverage_hi": 0.986218685344503,
      "coverage_gap": 0.026000000000000023,
      "meets_target": true,
      "significantly_below": false,
      "mean_obj": -7.443116974338197,
      "obj_se": 0.01133393616934607,
      "mean_oracle_gap": 0.18312095796208933,
      "oracle_gap_se": 0.01135727822412136,
      "mean_rel_oracle_gap": 0.023526877202141472,
      "mean_excess_s": 22.346,
      "selected_s_std": 41.91901611230454,
      "failure_rate": 0.0,
      "n_failed": 0
    },
    "NGS": {
      "method": "NGS",
      "n_reps": 500,
      "target": 0.95,
      "coverage": 0.994,
      "coverage_lo": 0.9825097478959467,
      "coverage_hi": 0.9979574037280398,
      "coverage_gap": 0.04400000000000004,
      "meets_target": true,
      "significantly_below": false,
      "mean_obj": -7.3364921183640845,
      "obj_se": 0.010765001027364681,
      "mean_oracle_gap": 0.2897458139362019,
      "oracle_gap_se": 0.011727704870758573,
      "mean_rel_oracle_gap": 0.037432954426558966,
      "mean_excess_s": 37.924,
      "selected_s_std": 47.07832773032372,
      "failure_rate": 0.0,
      "n_failed": 0
    },
    "UNGS": {
      "method": "UNGS",
      "n_reps": 500,
      "target": 0.95,
      "coverage": 0.998,
      "coverage_lo": 0.9887592932948532,
      "coverage_hi": 0.9996468636054407,
      "coverage_gap": 0.04800000000000004,
      "meets_target": true,
      "significantly_below": false,
      "mean_obj": -7.175555317109508,
      "obj_se": 0.010097153924695554,
      "mean_oracle_gap": 0.4506826151907787,
      "oracle_gap_se": 0.012034861909741722,
      "mean_rel_oracle_gap": 0.05845972358528894,
      "mean_excess_s": 75.672,
      "selected_s_std": 61.38129913717642,
      "failure_rate": 0.0,
      "n_failed": 0
    },
    "benchmark": {
      "method": "benchmark",
      "n_reps": 500,
      "target": 0.95,
      "coverage": 1.0,
      "coverage_lo": 0.9923756595384479,
      "coverage_hi": 1.0,
      "coverage_gap": 0.050000000000000044,
      "meets_target": true,
      "significantly_below": false,
      "mean_obj": -6.657644898961045,
      "obj_se": 0.008528268455086637,
      "mean_oracle_gap": 0.9685930333392418,
      "oracle_gap_se": 0.01139420253634642,
      "mean_rel_oracle_gap": 0.12636729350675005,
      "mean_excess_s": null,
      "selected_s_std": null,
      "failure_rate": 0.0,
      "n_failed": 0
    },
    "_n_replication_errors": 0
  }
}