{
  "config": "paper_dro_wasserstein",
  "n": 100,
  "split": 0.3,
  "d": 5,
  "reps": 500,
  "mesh_p": null,
  "include_existing": false,
  "folds": null,
  "elapsed_s": 5.6716601848602295,
  "summaries": {
    "NV": {
      "method": "NV",
      "n_reps": 500,
      "target": 0.95,
      "coverage": 0.578,
      "coverage_lo": 0.534276977868969,
      "coverage_hi": 0.6205336250190289,
      "coverage_gap": -0.372,
      "meets_target": false,
      "significantly_below": true,
      "mean_obj": -3.516506290689805,
      "obj_se": 0.009728118426780327,
      "mean_oracle_gap": -0.05693708457718014,
      "oracle_gap_se": 0.010219299235834716,
      "mean_rel_oracle_gap": -0.017047363099744882,
      "mean_excess_s": -0.0027230661435395315,
      "selected_s_std": 0.02887761071837121,
      "failure_rate": 0.0,
      "n_failed": 0
    },
    "UG": {
      "method": "UG",
      "n_reps": 500,
      "target": 0.95,
      "coverage": 0.948,
      "coverage_lo": 0.9248988560621544,
      "coverage_hi": 0.9642697348842947,
      "coverage_gap": -0.0020000000000000018,
      "meets_target": false,
      "significantly_below": false,
      "mean_obj": -3.1603322021993008,
      "obj_se": 0.010758174852628023,
      "mean_oracle_gap": 0.2992370039133242,
      "oracle_gap_se": 0.011143411849789567,
      "mean_rel_oracle_gap": 0.08600921503562631,
      "mean_excess_s": 0.03890490337746933,
      "selected_s_std": 0.04944892067146032,
      "failure_rate": 0.0,
      "n_failed": 0
    },
    "NGS": {
      "method": "NGS",
      "n_reps": 500,
      "target": 0.95,
      "coverage": 0.948,
      "coverage_lo": 0.9248988560621544,
      "coverage_hi": 0.9642697348842947,
      "coverage_gap": -0.0020000000000000018,
      "meets_target": false,
      "significantly_below": false,
      "mean_obj": -3.1580016094929113,
      "obj_se": 0.01082047954666993,
      "mean_oracle_gap": 0.3015675966197131,
      "oracle_gap_se": 0.0111497743978397,
      "mean_rel_oracle_gap": 0.08670982446429698,
      "mean_excess_s": 0.03937365337746933,
      "selected_s_std": 0.04999027029629707,
      "failure_rate": 0.0,
      "n_failed": 0
    },
    "UNGS": {
      "method": "UNGS",
      "n_reps": 500,
      "target": 0.95,
      "coverage": 0.976,
      "coverage_lo": 0.9585229425360993,
      "coverage_hi": 0.986218685344503,
      "coverage_gap": 0.026000000000000023,
      "meets_target": true,
      "significantly_below": false,
      "mean_obj": -2.6515862156536945,
      "obj_se": 0.03436578248431574,
      "mean_oracle_gap": 0.8079829904589303,
      "oracle_gap_se": 0.03386122624673605,
      "mean_rel_oracle_gap": 0.23411902512049323,
      "mean_excess_s": 0.38488160686254047,
      "selected_s_std": 0.8764534837419811,
      "failure_rate": 0.0,
      "n_failed": 0
    },
    "_n_replication_errors": 0
  }
}