{
  "config": "paper_ro_ellipsoid",
  "n": 200,
  "split": 0.9,
  "d": 2,
  "reps": 500,
  "mesh_p": null,
  "include_existing": false,
  "folds": null,
  "elapsed_s": 0.405468225479126,
  "summaries": {
    "NV": {
      "method": "NV",
      "n_reps": 500,
      "target": 0.95,
      "coverage": 0.586,
      "coverage_lo": 0.5423312223504144,
      "coverage_hi": 0.6283573910901985,
      "coverage_gap": -0.364,
      "meets_target": false,
      "significantly_below": true,
      "mean_obj": -1.226930117218353,
      "obj_se": 0.0050720013431601475,
      "mean_oracle_gap": -0.04658315614846229,
      "oracle_gap_se": 0.005220151030991498,
      "mean_rel_oracle_gap": -0.04012799810902158,
      "mean_excess_s": -0.1994437208535209,
      "selected_s_std": 0.9059936241727423,
      "failure_rate": 0.0,
      "n_failed": 0
    },
    "UG": {
      "method": "UG",
      "n_reps": 500,
      "target": 0.95,
      "coverage": 0.962,
      "coverage_lo": 0.9414152274693561,
      "coverage_hi": 0.9755398819441696,
      "coverage_gap": 0.01200000000000001,
      "meets_target": true,
      "significantly_below": false,
      "mean_obj": -1.0200270394523752,
      "obj_se": 0.005807680156412753,
      "mean_oracle_gap": 0.1603199216175158,
      "oracle_gap_se": 0.006038305020433365,
      "mean_rel_oracle_gap": 0.13507014667984307,
      "mean_excess_s": 2.322495404648831,
      "selected_s_std": 2.3876372025679324,
      "failure_rate": 0.0,
      "n_failed": 0
    },
    "NGS": {
      "method": "NGS",
      "n_reps": 500,
      "target": 0.95,
      "coverage": 0.962,
      "coverage_lo": 0.9414152274693561,
      "coverage_hi": 0.9755398819441696,
      "coverage_gap": 0.01200000000000001,
      "meets_target": true,
      "significantly_below": false,
      "mean_obj": -1.0200270394523752,
      "obj_se": 0.005807680156412753,
      "mean_oracle_gap": 0.1603199216175158,
      "oracle_gap_se": 0.006038305020433365,
      "mean_rel_oracle_gap": 0.13507014667984307,
      "mean_excess_s": 2.322495404648831,
      "selected_s_std": 2.3876372025679324,
      "failure_rate": 0.0,
      "n_failed": 0
    },
    "UNGS": {
      "method": "UNGS",
      "n_reps": 500,
      "target": 0.95,
      "coverage": 0.962,
      "coverage_lo": 0.9414152274693561,
      "coverage_hi": 0.9755398819441696,
      "coverage_gap": 0.01200000000000001,
      "meets_target": true,
      "significantly_below": false,
      "mean_obj": -1.0200270394523752,
      "obj_se": 0.005807680156412753,
      "mean_oracle_gap": 0.1603199216175158,
      "oracle_gap_se": 0.006038305020433365,
      "mean_rel_oracle_gap": 0.13507014667984307,
      "mean_excess_s": 2.322495404648831,
      "selected_s_std": 2.3876372025679324,
      "failure_rate": 0.0,
      "n_failed": 0
    },
    "benchmark": {
      "method": "benchmark",
      "n_reps": 500,
      "target": 0.95,
      "coverage": 1.0,
      "coverage_lo": 0.9923756595384479,
      "coverage_hi": 1.0,
      "coverage_gap": 0.050000000000000044,
      "meets_target": true,
      "significantly_below": false,
      "mean_obj": -0.9727869233715889,
      "obj_se": 0.0,
      "mean_oracle_gap": 0.20756003769830209,
      "oracle_gap_se": 0.0014111478469938385,
      "mean_rel_oracle_gap": 0.17525469417105488,
      "mean_excess_s": null,
      "selected_s_std": null,
      "failure_rate": 0.0,
      "n_failed": 0
    },
    "_n_replication_errors": 0
  }
}