{
  "config": "paper_dro_wasserstein",
  "n": 100,
  "split": 0.1,
  "d": 5,
  "reps": 500,
  "mesh_p": null,
  "include_existing": false,
  "folds": null,
  "elapsed_s": 0.496368408203125,
  "summaries": {
    "NV": {
      "method": "NV",
      "n_reps": 500,
      "target": 0.95,
      "coverage": 0.716,
      "coverage_lo": 0.674944056876268,
      "coverage_hi": 0.7537622280443413,
      "coverage_gap": -0.23399999999999999,
      "meets_target": false,
      "significantly_below": true,
      "mean_obj": -3.3922152261548417,
      "obj_se": 0.010299465694716417,
      "mean_oracle_gap": -0.033080451941909575,
      "oracle_gap_se": 0.01083222447794645,
      "mean_rel_oracle_gap": -0.011146395689620782,
      "mean_excess_s": -0.003708809414812671,
      "selected_s_std": 0.06350994574361771,
      "failure_rate": 0.0,
      "n_failed": 0
    },
    "UG": {
      "method": "UG",
      "n_reps": 500,
      "target": 0.95,
      "coverage": 0.978,
      "coverage_lo": 0.9610391387886836,
      "coverage_hi": 0.9876719917300725,
      "coverage_gap": 0.028000000000000025,
      "meets_target": true,
      "significantly_below": false,
      "mean_obj": -3.1034297893000495,
      "obj_se": 0.010925672612218872,
      "mean_oracle_gap": 0.2557049849128831,
      "oracle_gap_se": 0.012471611038553165,
      "mean_rel_oracle_gap": 0.07442767043745227,
      "mean_excess_s": 0.04242930831102044,
      "selected_s_std": 0.0726941815933151,
      "failure_rate": 0.0,
      "n_failed": 0
    },
    "NGS": {
      "method": "NGS",
      "n_reps": 500,
      "target": 0.95,
      "coverage": 0.992,
      "coverage_lo": 0.9796129641658948,
      "coverage_hi": 0.9968846848199377,
      "coverage_gap": 0.04200000000000004,
      "meets_target": true,
      "significantly_below": false,
      "mean_obj": -3.0266398326899915,
      "obj_se": 0.011231440130604042,
      "mean_oracle_gap": 0.33249494152294107,
      "oracle_gap_se": 0.012626695852862387,
      "mean_rel_oracle_gap": 0.09738978051317236,
      "mean_excess_s": 0.056384819543125644,
      "selected_s_std": 0.07640729199031042,
      "failure_rate": 0.0,
      "n_failed": 0
    },
    "UNGS": {
      "method": "UNGS",
      "n_reps": 500,
      "target": 0.95,
      "coverage": 0.99,
      "coverage_lo": 0.9768069002442693,
      "coverage_hi": 0.9957212461034096,
      "coverage_gap": 0.040000000000000036,
      "meets_target": true,
      "significantly_below": false,
      "mean_obj": -2.798318112942293,
      "obj_se": 0.018086485695504934,
      "mean_oracle_gap": 0.56081666127064,
      "oracle_gap_se": 0.01830522389459903,
      "mean_rel_oracle_gap": 0.16610193441790397,
      "mean_excess_s": 0.13268081028958806,
      "selected_s_std": 0.30598948653807706,
      "failure_rate": 0.0,
      "n_failed": 0
    },
    "_n_replication_errors": 0
  }
}