{
  "config": "paper_ro_ellipsoid",
  "n": 500,
  "split": 0.9,
  "d": 50,
  "reps": 500,
  "mesh_p": null,
  "include_existing": false,
  "folds": null,
  "elapsed_s": 3.7236626148223877,
  "summaries": {
    "NV": {
      "method": "NV",
      "n_reps": 500,
      "target": 0.95,
      "coverage": 1.0,
      "coverage_lo": 0.9923756595384479,
      "coverage_hi": 1.0,
      "coverage_gap": 0.050000000000000044,
      "meets_target": true,
      "significantly_below": false,
      "mean_obj": -43.97396728342159,
      "obj_se": 0.02332634486151491,
      "mean_oracle_gap": 0.07816152411084772,
      "oracle_gap_se": 0.019902966523202944,
      "mean_rel_oracle_gap": 0.001769513099909753,
      "mean_excess_s": 0.09878993606718564,
      "selected_s_std": 0.5641389268483659,
      "failure_rate": 0.0,
      "n_failed": 0
    },
    "UG": {
      "method": "UG",
      "n_reps": 500,
      "target": 0.95,
      "coverage": 1.0,
      "coverage_lo": 0.9923756595384479,
      "coverage_hi": 1.0,
      "coverage_gap": 0.050000000000000044,
      "meets_target": true,
      "significantly_below": false,
      "mean_obj": -42.94754183042064,
      "obj_se": 0.05739698221395218,
      "mean_oracle_gap": 1.1045869771117973,
      "oracle_gap_se": 0.05901627366669026,
      "mean_rel_oracle_gap": 0.025027593362677385,
      "mean_excess_s": 1.393861995416409,
      "selected_s_std": 1.6805706950267343,
      "failure_rate": 0.0,
      "n_failed": 0
    },
    "NGS": {
      "method": "NGS",
      "n_reps": 500,
      "target": 0.95,
      "coverage": 1.0,
      "coverage_lo": 0.9923756595384479,
      "coverage_hi": 1.0,
      "coverage_gap": 0.050000000000000044,
      "meets_target": true,
      "significantly_below": false,
      "mean_obj": -42.94754183042064,
      "obj_se": 0.05739698221395218,
      "mean_oracle_gap": 1.1045869771117973,
      "oracle_gap_se": 0.05901627366669026,
      "mean_rel_oracle_gap": 0.025027593362677385,
      "mean_excess_s": 1.393861995416409,
      "selected_s_std": 1.6805706950267343,
      "failure_rate": 0.0,
      "n_failed": 0
    },
    "UNGS": {
      "method": "UNGS",
      "n_reps": 500,
      "target": 0.95,
      "coverage": 1.0,
      "coverage_lo": 0.9923756595384479,
      "coverage_hi": 1.0,
      "coverage_gap": 0.050000000000000044,
      "meets_target": true,
      "significantly_below": false,
      "mean_obj": -42.83688655909389,
      "obj_se": 0.06624625963654539,
      "mean_oracle_gap": 1.215242248438561,
      "oracle_gap_se": 0.06809336981003705,
      "mean_rel_oracle_gap": 0.02753192506806312,
      "mean_excess_s": 1.6046820632176522,
      "selected_s_std": 2.131319171952711,
      "failure_rate": 0.0,
      "n_failed": 0
    },
    "benchmark": {
      "method": "benchmark",
      "n_reps": 500,
      "target": 0.95,
      "coverage": 1.0,
      "coverage_lo": 0.9923756595384479,
      "coverage_hi": 1.0,
      "coverage_gap": 0.050000000000000044,
      "meets_target": true,
      "significantly_below": false,
      "mean_obj": -42.46409155317787,
      "obj_se": 3.180826134296276e-16,
      "mean_oracle_gap": 1.58803725435456,
      "oracle_gap_se": 0.013634038067424002,
      "mean_rel_oracle_gap": 0.03600291240148489,
      "mean_excess_s": NaN,
      "selected_s_std": NaN,
      "failure_rate": 0.0,
      "n_failed": 0
    },
    "_n_replication_errors": 0
  }
}