{
  "config": "paper_ro_ellipsoid",
  "n": 500,
  "split": 0.5,
  "d": 5,
  "reps": 500,
  "include_existing": false,
  "elapsed_s": 3.9450719356536865,
  "summaries": {
    "NV": {
      "method": "NV",
      "n_reps": 500,
      "target": 0.95,
      "coverage": 0.942,
      "coverage_lo": 0.917943812143745,
      "coverage_hi": 0.9593162708882429,
      "coverage_gap": -0.008000000000000007,
      "meets_target": false,
      "significantly_below": false,
      "mean_obj": -3.4606634101287046,
      "obj_se": 0.004721793696321817,
      "mean_oracle_gap": -0.006057185120550951,
      "oracle_gap_se": 0.004839445923490381,
      "mean_rel_oracle_gap": -0.0019805259069957623,
      "mean_excess_s": 0.004186638752488493,
      "selected_s_std": 0.41795179896486784,
      "failure_rate": 0.0
    },
    "UG": {
      "method": "UG",
      "n_reps": 500,
      "target": 0.95,
      "coverage": 0.998,
      "coverage_lo": 0.9887592932948532,
      "coverage_hi": 0.9996468636054407,
      "coverage_gap": 0.04800000000000004,
      "meets_target": true,
      "significantly_below": false,
      "mean_obj": -3.3670535760536113,
      "obj_se": 0.004783911066474523,
      "mean_oracle_gap": 0.08755264895454218,
      "oracle_gap_se": 0.005506609492574747,
      "mean_rel_oracle_gap": 0.024997552320050374,
      "mean_excess_s": 0.41622670102830317,
      "selected_s_std": 0.5887669508675408,
      "failure_rate": 0.0
    },
    "NGS": {
      "method": "NGS",
      "n_reps": 500,
      "target": 0.95,
      "coverage": 1.0,
      "coverage_lo": 0.9923756595384479,
      "coverage_hi": 1.0,
      "coverage_gap": 0.050000000000000044,
      "meets_target": true,
      "significantly_below": false,
      "mean_obj": -3.330614358167687,
      "obj_se": 0.004974733788155467,
      "mean_oracle_gap": 0.12399186684046672,
      "oracle_gap_se": 0.005987247727133706,
      "mean_rel_oracle_gap": 0.03547279298338793,
      "mean_excess_s": 0.5952348060227558,
      "selected_s_std": 0.6563727213376385,
      "failure_rate": 0.0
    },
    "UNGS": {
      "method": "UNGS",
      "n_reps": 500,
      "target": 0.95,
      "coverage": 1.0,
      "coverage_lo": 0.9923756595384479,
      "coverage_hi": 1.0,
      "coverage_gap": 0.050000000000000044,
      "meets_target": true,
      "significantly_below": false,
      "mean_obj": -3.305327517011896,
      "obj_se": 0.004992019431712103,
      "mean_oracle_gap": 0.14927870799625753,
      "oracle_gap_se": 0.005980784211904159,
      "mean_rel_oracle_gap": 0.0428004488346494,
      "mean_excess_s": 0.7211293504193134,
      "selected_s_std": 0.6763544476554181,
      "failure_rate": 0.0
    },
    "benchmark": {
      "method": "benchmark",
      "n_reps": 500,
      "target": 0.95,
      "coverage": 1.0,
      "coverage_lo": 0.9923756595384479,
      "coverage_hi": 1.0,
      "coverage_gap": 0.050000000000000044,
      "meets_target": true,
      "significantly_below": false,
      "mean_obj": -3.025999410984558,
      "obj_se": 0.0,
      "mean_oracle_gap": 0.42860681402359546,
      "oracle_gap_se": 0.0031101432462030142,
      "mean_rel_oracle_gap": 0.12371331502098801,
      "mean_excess_s": NaN,
      "selected_s_std": NaN,
      "failure_rate": 0.0
    }
  }
}