{
  "config": "paper_ro_ellipsoid",
  "n": 500,
  "split": 0.5,
  "d": 100,
  "reps": 500,
  "include_existing": false,
  "elapsed_s": 71.5818440914154,
  "summaries": {
    "NV": {
      "method": "NV",
      "n_reps": 500,
      "target": 0.95,
      "coverage": 1.0,
      "coverage_lo": 0.9923756595384479,
      "coverage_hi": 1.0,
      "coverage_gap": 0.050000000000000044,
      "meets_target": true,
      "significantly_below": false,
      "mean_obj": -90.16019686471388,
      "obj_se": 0.030007231204495506,
      "mean_oracle_gap": -7.673861546209082e-16,
      "oracle_gap_se": 4.439886402901013e-16,
      "mean_rel_oracle_gap": -8.466719553003691e-18,
      "mean_excess_s": 0.0,
      "selected_s_std": 0.038923992065105294,
      "failure_rate": 0.0,
      "n_failed": 0
    },
    "UG": {
      "method": "UG",
      "n_reps": 500,
      "target": 0.95,
      "coverage": 1.0,
      "coverage_lo": 0.9923756595384479,
      "coverage_hi": 1.0,
      "coverage_gap": 0.050000000000000044,
      "meets_target": true,
      "significantly_below": false,
      "mean_obj": -90.16019686471388,
      "obj_se": 0.030007231204495506,
      "mean_oracle_gap": -7.673861546209082e-16,
      "oracle_gap_se": 4.439886402901013e-16,
      "mean_rel_oracle_gap": -8.466719553003691e-18,
      "mean_excess_s": 0.0,
      "selected_s_std": 0.038923992065105294,
      "failure_rate": 0.0,
      "n_failed": 0
    },
    "NGS": {
      "method": "NGS",
      "n_reps": 500,
      "target": 0.95,
      "coverage": 1.0,
      "coverage_lo": 0.9923756595384479,
      "coverage_hi": 1.0,
      "coverage_gap": 0.050000000000000044,
      "meets_target": true,
      "significantly_below": false,
      "mean_obj": -90.16019686471388,
      "obj_se": 0.030007231204495506,
      "mean_oracle_gap": -7.673861546209082e-16,
      "oracle_gap_se": 4.439886402901013e-16,
      "mean_rel_oracle_gap": -8.466719553003691e-18,
      "mean_excess_s": 0.0,
      "selected_s_std": 0.038923992065105294,
      "failure_rate": 0.0,
      "n_failed": 0
    },
    "UNGS": {
      "method": "UNGS",
      "n_reps": 500,
      "target": 0.95,
      "coverage": 1.0,
      "coverage_lo": 0.9923756595384479,
      "coverage_hi": 1.0,
      "coverage_gap": 0.050000000000000044,
      "meets_target": true,
      "significantly_below": false,
      "mean_obj": -90.16019686471388,
      "obj_se": 0.030007231204495506,
      "mean_oracle_gap": -7.673861546209082e-16,
      "oracle_gap_se": 4.439886402901013e-16,
      "mean_rel_oracle_gap": -8.466719553003691e-18,
      "mean_excess_s": 0.0,
      "selected_s_std": 0.038923992065105294,
      "failure_rate": 0.0,
      "n_failed": 0
    },
    "benchmark": {
      "method": "benchmark",
      "n_reps": 500,
      "target": 0.95,
      "coverage": 1.0,
      "coverage_lo": 0.9923756595384479,
      "coverage_hi": 1.0,
      "coverage_gap": 0.050000000000000044,
      "meets_target": true,
      "significantly_below": false,
      "mean_obj": -89.83596171629071,
      "obj_se": 1.2723304537185105e-15,
      "mean_oracle_gap": 0.32423514842320705,
      "oracle_gap_se": 0.030007231204495485,
      "mean_rel_oracle_gap": 0.0035411324746205696,
      "mean_excess_s": NaN,
      "selected_s_std": NaN,
      "failure_rate": 0.0,
      "n_failed": 0
    },
    "_n_replication_errors": 0
  }
}