{
  "key": "paper_dro_wasserstein_n200_folds",
  "config": "paper_dro_wasserstein",
  "n": 200,
  "split": 0.7,
  "d": 10,
  "reps": 300,
  "alpha": null,
  "beta": null,
  "dgp_params": null,
  "folds": [
    3,
    5,
    10
  ],
  "mesh_p": null,
  "elapsed_s": 12328.134476423264,
  "summaries": {
    "NV": {
      "method": "NV",
      "n_reps": 300,
      "target": 0.95,
      "coverage": 0.4166666666666667,
      "coverage_lo": 0.3622760916643605,
      "coverage_hi": 0.47316440353973044,
      "coverage_gap": -0.5333333333333332,
      "meets_target": false,
      "significantly_below": true,
      "mean_obj": -7.935912169025243,
      "obj_se": 0.020076961802067694,
      "mean_oracle_gap": -0.12873608604203718,
      "oracle_gap_se": 0.02067041774167664,
      "mean_rel_oracle_gap": -0.016621128143469093,
      "mean_excess_s": -0.0019143128881057424,
      "selected_s_std": 0.023554337686062084,
      "failure_rate": 0.0,
      "n_failed": 0
    },
    "UG": {
      "method": "UG",
      "n_reps": 300,
      "target": 0.95,
      "coverage": 0.87,
      "coverage_lo": 0.8272195707065882,
      "coverage_hi": 0.9034246305872476,
      "coverage_gap": -0.07999999999999996,
      "meets_target": false,
      "significantly_below": true,
      "mean_obj": -7.410781697164925,
      "obj_se": 0.025475919693377445,
      "mean_oracle_gap": 0.3963943858182809,
      "oracle_gap_se": 0.025859503328129748,
      "mean_rel_oracle_gap": 0.05066145474755242,
      "mean_excess_s": 0.03399869396031714,
      "selected_s_std": 0.047765690290194625,
      "failure_rate": 0.0,
      "n_failed": 0
    },
    "NGS": {
      "method": "NGS",
      "n_reps": 300,
      "target": 0.95,
      "coverage": 0.9466666666666667,
      "coverage_lo": 0.9151308582251686,
      "coverage_hi": 0.9669080874809034,
      "coverage_gap": -0.0033333333333332993,
      "meets_target": false,
      "significantly_below": false,
      "mean_obj": -7.175983146666011,
      "obj_se": 0.02529418345659285,
      "mean_oracle_gap": 0.6311929363171946,
      "oracle_gap_se": 0.025558242073999846,
      "mean_rel_oracle_gap": 0.08075579043917615,
      "mean_excess_s": 0.05639827523249534,
      "selected_s_std": 0.055304928842511376,
      "failure_rate": 0.0,
      "n_failed": 0
    },
    "UNGS": {
      "method": "UNGS",
      "n_reps": 300,
      "target": 0.95,
      "coverage": 0.96,
      "coverage_lo": 0.9313957879613599,
      "coverage_hi": 0.9769726785120576,
      "coverage_gap": 0.010000000000000009,
      "meets_target": true,
      "significantly_below": false,
      "mean_obj": -5.728480021299642,
      "obj_se": 0.11719767517937088,
      "mean_oracle_gap": 2.078696061683563,
      "oracle_gap_se": 0.1164347605847274,
      "mean_rel_oracle_gap": 0.2666621334101685,
      "mean_excess_s": 0.7390836388134744,
      "selected_s_std": 1.1852440865388345,
      "failure_rate": 0.0,
      "n_failed": 0
    },
    "Sec3": {
      "method": "Sec3",
      "n_reps": 300,
      "target": 0.95,
      "coverage": 0.73,
      "coverage_lo": 0.6770882626256942,
      "coverage_hi": 0.7770959706110145,
      "coverage_gap": -0.21999999999999997,
      "meets_target": false,
      "significantly_below": true,
      "mean_obj": -7.578718090088917,
      "obj_se": 0.026763035186890743,
      "mean_oracle_gap": 0.2284579928942898,
      "oracle_gap_se": 0.027342614414234627,
      "mean_rel_oracle_gap": 0.029119569666029695,
      "mean_excess_s": NaN,
      "selected_s_std": NaN,
      "failure_rate": 0.0,
      "n_failed": 0
    },
    "CV5": {
      "method": "CV5",
      "n_reps": 300,
      "target": 0.95,
      "coverage": 0.9533333333333334,
      "coverage_lo": 0.923202639772079,
      "coverage_hi": 0.9720010663176659,
      "coverage_gap": 0.0033333333333334103,
      "meets_target": true,
      "significantly_below": false,
      "mean_obj": -7.334934309257486,
      "obj_se": 0.020461264562019056,
      "mean_oracle_gap": 0.47224177372572085,
      "oracle_gap_se": 0.02211270051388612,
      "mean_rel_oracle_gap": 0.060252644002102645,
      "mean_excess_s": NaN,
      "selected_s_std": NaN,
      "failure_rate": 0.0,
      "n_failed": 0
    },
    "CV3": {
      "method": "CV3",
      "n_reps": 300,
      "target": 0.95,
      "coverage": 0.98,
      "coverage_lo": 0.9570603791821394,
      "coverage_hi": 0.9908023684422963,
      "coverage_gap": 0.030000000000000027,
      "meets_target": true,
      "significantly_below": false,
      "mean_obj": -7.334675291991589,
      "obj_se": 0.017964220141573853,
      "mean_oracle_gap": 0.4725007909916163,
      "oracle_gap_se": 0.019435287988864673,
      "mean_rel_oracle_gap": 0.060324576268181954,
      "mean_excess_s": NaN,
      "selected_s_std": NaN,
      "failure_rate": 0.0,
      "n_failed": 0
    },
    "CV10": {
      "method": "CV10",
      "n_reps": 300,
      "target": 0.95,
      "coverage": 0.99,
      "coverage_lo": 0.9710165066376601,
      "coverage_hi": 0.9965933815622847,
      "coverage_gap": 0.040000000000000036,
      "meets_target": true,
      "significantly_below": false,
      "mean_obj": -7.105312270594355,
      "obj_se": 0.02180899386921679,
      "mean_oracle_gap": 0.70186381238885,
      "oracle_gap_se": 0.0228642575085893,
      "mean_rel_oracle_gap": 0.08972652204021325,
      "mean_excess_s": NaN,
      "selected_s_std": NaN,
      "failure_rate": 0.0,
      "n_failed": 0
    },
    "BS10": {
      "method": "BS10",
      "n_reps": 300,
      "target": 0.95,
      "coverage": 0.9966666666666667,
      "coverage_lo": 0.9813633063054688,
      "coverage_hi": 0.9994113422781488,
      "coverage_gap": 0.046666666666666745,
      "meets_target": true,
      "significantly_below": false,
      "mean_obj": -7.133975945496883,
      "obj_se": 0.016440135219485286,
      "mean_oracle_gap": 0.6732001374863228,
      "oracle_gap_se": 0.018160724882171388,
      "mean_rel_oracle_gap": 0.08602350923462755,
      "mean_excess_s": NaN,
      "selected_s_std": NaN,
      "failure_rate": 0.0,
      "n_failed": 0
    },
    "BS5": {
      "method": "BS5",
      "n_reps": 300,
      "target": 0.95,
      "coverage": 0.9866666666666667,
      "coverage_lo": 0.9662244697474675,
      "coverage_hi": 0.9948030382606411,
      "coverage_gap": 0.036666666666666736,
      "meets_target": true,
      "significantly_below": false,
      "mean_obj": -7.214241943096522,
      "obj_se": 0.018321741062036507,
      "mean_oracle_gap": 0.592934139886684,
      "oracle_gap_se": 0.01975020160966962,
      "mean_rel_oracle_gap": 0.07575348145572998,
      "mean_excess_s": NaN,
      "selected_s_std": NaN,
      "failure_rate": 0.0,
      "n_failed": 0
    },
    "Sec10": {
      "method": "Sec10",
      "n_reps": 300,
      "target": 0.95,
      "coverage": 0.9966666666666667,
      "coverage_lo": 0.9813633063054688,
      "coverage_hi": 0.9994113422781488,
      "coverage_gap": 0.046666666666666745,
      "meets_target": true,
      "significantly_below": false,
      "mean_obj": -6.402780236586205,
      "obj_se": 0.030955929796718202,
      "mean_oracle_gap": 1.4043958463970019,
      "oracle_gap_se": 0.03160240404380799,
      "mean_rel_oracle_gap": 0.17974101826886926,
      "mean_excess_s": NaN,
      "selected_s_std": NaN,
      "failure_rate": 0.0,
      "n_failed": 0
    },
    "BS3": {
      "method": "BS3",
      "n_reps": 300,
      "target": 0.95,
      "coverage": 0.9233333333333333,
      "coverage_lo": 0.8875898961498251,
      "coverage_hi": 0.9483723882133924,
      "coverage_gap": -0.026666666666666616,
      "meets_target": false,
      "significantly_below": true,
      "mean_obj": -7.403572857758293,
      "obj_se": 0.020772787230915683,
      "mean_oracle_gap": 0.40360322522491204,
      "oracle_gap_se": 0.022491592843541647,
      "mean_rel_oracle_gap": 0.05145020627863867,
      "mean_excess_s": NaN,
      "selected_s_std": NaN,
      "failure_rate": 0.0,
      "n_failed": 0
    },