{
  "key": "paper_so_n500_deepfolds",
  "config": "paper_so",
  "n": 500,
  "split": 0.7,
  "d": 10,
  "reps": 300,
  "alpha": null,
  "beta": null,
  "dgp_params": null,
  "folds": [
    2,
    3,
    5,
    10,
    20
  ],
  "mesh_p": 60,
  "elapsed_s": 1832.237446308136,
  "summaries": {
    "NV": {
      "method": "NV",
      "n_reps": 300,
      "target": 0.95,
      "coverage": 0.6933333333333334,
      "coverage_lo": 0.6389838112035251,
      "coverage_hi": 0.7427942399229839,
      "coverage_gap": -0.2566666666666666,
      "meets_target": false,
      "significantly_below": true,
      "mean_obj": -7.677294150429876,
      "obj_se": 0.01705944828669814,
      "mean_oracle_gap": -0.047681656365689766,
      "oracle_gap_se": 0.013677557477495593,
      "mean_rel_oracle_gap": -0.006389295318165851,
      "mean_excess_s": -1.63,
      "selected_s_std": 26.594175228342923,
      "failure_rate": 0.0,
      "n_failed": 0
    },
    "UG": {
      "method": "UG",
      "n_reps": 300,
      "target": 0.95,
      "coverage": 0.9566666666666667,
      "coverage_lo": 0.9272825343659885,
      "coverage_hi": 0.9745035519155927,
      "coverage_gap": 0.00666666666666671,
      "meets_target": true,
      "significantly_below": false,
      "mean_obj": -7.3905705926777125,
      "obj_se": 0.013670237153114191,
      "mean_oracle_gap": 0.23904190138647374,
      "oracle_gap_se": 0.013922703509024432,
      "mean_rel_oracle_gap": 0.03092702951309569,
      "mean_excess_s": 34.806666666666665,
      "selected_s_std": 50.53590795969769,
      "failure_rate": 0.0,
      "n_failed": 0
    },
    "NGS": {
      "method": "NGS",
      "n_reps": 300,
      "target": 0.95,
      "coverage": 0.9833333333333333,
      "coverage_lo": 0.9615846051669054,
      "coverage_hi": 0.9928605226493666,
      "coverage_gap": 0.033333333333333326,
      "meets_target": true,
      "significantly_below": false,
      "mean_obj": -7.326358575104973,
      "obj_se": 0.013488480152939327,
      "mean_oracle_gap": 0.30325391895921333,
      "oracle_gap_se": 0.0147521697810941,
      "mean_rel_oracle_gap": 0.039273722464814684,
      "mean_excess_s": 47.053333333333335,
      "selected_s_std": 57.634105550715304,
      "failure_rate": 0.0,
      "n_failed": 0
    },
    "UNGS": {
      "method": "UNGS",
      "n_reps": 300,
      "target": 0.95,
      "coverage": 0.9966666666666667,
      "coverage_lo": 0.9813633063054688,
      "coverage_hi": 0.9994113422781488,
      "coverage_gap": 0.046666666666666745,
      "meets_target": true,
      "significantly_below": false,
      "mean_obj": -7.03265587389521,
      "obj_se": 0.014478807383342528,
      "mean_oracle_gap": 0.596956620168978,
      "oracle_gap_se": 0.017139480920552754,
      "mean_rel_oracle_gap": 0.07766875751482083,
      "mean_excess_s": 133.29333333333332,
      "selected_s_std": 91.07596863295127,
      "failure_rate": 0.0,
      "n_failed": 0
    },
    "benchmark": {
      "method": "benchmark",
      "n_reps": 300,
      "target": 0.95,
      "coverage": 1.0,
      "coverage_lo": 0.9873570287754538,
      "coverage_hi": 0.9999999999999998,
      "coverage_gap": 0.050000000000000044,
      "meets_target": true,
      "significantly_below": false,
      "mean_obj": -6.6440391831836605,
      "obj_se": 0.010941010925109646,
      "mean_oracle_gap": 0.985573310880527,
      "oracle_gap_se": 0.014790774024869485,
      "mean_rel_oracle_gap": 0.1286058252047051,
      "mean_excess_s": null,
      "selected_s_std": null,
      "failure_rate": 0.0,
      "n_failed": 0
    },
    "BS20": {
      "method": "BS20",
      "n_reps": 300,
      "target": 0.95,
      "coverage": 0.9466666666666667,
      "coverage_lo": 0.9151308582251686,
      "coverage_hi": 0.9669080874809034,
      "coverage_gap": -0.0033333333333332993,
      "meets_target": false,
      "significantly_below": false,
      "mean_obj": -7.344535495258706,
      "obj_se": 0.019774273783256108,
      "mean_oracle_gap": 0.28507699880547954,
      "oracle_gap_se": 0.022520595974060104,
      "mean_rel_oracle_gap": 0.03666894539952288,
      "mean_excess_s": null,
      "selected_s_std": null,
      "failure_rate": 0.0,
      "n_failed": 0
    },
    "CV10": {
      "method": "CV10",
      "n_reps": 300,
      "target": 0.95,
      "coverage": 0.8866666666666667,
      "coverage_lo": 0.8458006041283088,
      "coverage_hi": 0.9177554981247089,
      "coverage_gap": -0.06333333333333324,
      "meets_target": false,
      "significantly_below": true,
      "mean_obj": -7.333873779604318,
      "obj_se": 0.02559571918946045,
      "mean_oracle_gap": 0.2957387144598698,
      "oracle_gap_se": 0.027782096262627398,
      "mean_rel_oracle_gap": 0.038066327664316724,
      "mean_excess_s": null,
      "selected_s_std": null,
      "failure_rate": 0.0,
      "n_failed": 0
    },
    "CV20": {
      "method": "CV20",
      "n_reps": 300,
      "target": 0.95,
      "coverage": 0.93,
      "coverage_lo": 0.8953639895740667,
      "coverage_hi": 0.9537630551728237,
      "coverage_gap": -0.019999999999999907,
      "meets_target": false,
      "significantly_below": false,
      "mean_obj": -7.237845821795203,
      "obj_se": 0.023807135639787425,
      "mean_oracle_gap": 0.39176667226898565,
      "oracle_gap_se": 0.026323755713307605,
      "mean_rel_oracle_gap": 0.050634302914494334,
      "mean_excess_s": null,
      "selected_s_std": null,
      "failure_rate": 0.0,
      "n_failed": 0
    },
    "CV2": {
      "method": "CV2",
      "n_reps": 300,
      "target": 0.95,
      "coverage": 0.9,
      "coverage_lo": 0.8608335376153785,
      "coverage_hi": 0.9290520854049847,
      "coverage_gap": -0.04999999999999993,
      "meets_target": false,
      "significantly_below": true,
      "mean_obj": -7.337979565232155,
      "obj_se": 0.023356146806661142,
      "mean_oracle_gap": 0.29163292883203146,
      "oracle_gap_se": 0.026303303241019677,
      "mean_rel_oracle_gap": 0.037444359450086666,
      "mean_excess_s": null,
      "selected_s_std": null,
      "failure_rate": 0.0,
      "n_failed": 0
    },
    "BS5": {
      "method": "BS5",
      "n_reps": 300,
      "target": 0.95,
      "coverage": 0.8566666666666667,
      "coverage_lo": 0.8124994228503402,
      "coverage_hi": 0.8918152576761502,
      "coverage_gap": -0.09333333333333327,
      "meets_target": false,
      "significantly_below": true,
      "mean_obj": -7.444362023941086,
      "obj_se": 0.023657772687114706,
      "mean_oracle_gap": 0.18525047012309998,
      "oracle_gap_se": 0.02621835639097921,
      "mean_rel_oracle_gap": 0.023538618713484685,
      "mean_excess_s": null,
      "selected_s_std": null,
      "failure_rate": 0.0,
      "n_failed": 0
    },
    "Sec3": {
      "method": "Sec3",
      "n_reps": 300,
      "target": 0.95,
      "coverage": 0.8833333333333333,
      "coverage_lo": 0.8420668566758442,
      "coverage_hi": 0.9149068653853369,
      "coverage_gap": -0.06666666666666665,
      "meets_target": false,
      "significantly_below": true,
      "mean_obj": -7.4813582717108025,
      "obj_se": 0.017872714933432378,
      "mean_oracle_gap": 0.1482542223533829,
      "oracle_gap_se": 0.01963888484927845,
      "mean_rel_oracle_gap": 0.01884942001847758,
      "mean_excess_s": null,
      "selected_s_std": null,
      "failure_rate": 0.0,
      "n_failed": 0
    },
    "CV5": {
      "method": "CV5",
      "n_reps": 300,
      "target": 0.95,
      "coverage": 0.84,
      "coverage_lo": 0.7942563251514081,
      "coverage_hi": 0.8771464544159004,
      "coverage_gap": -0.10999999999999999,
      "meets_target": false,
      "significantly_below": true,
      "mean_obj": -7.452717834336933,
      "obj_se": 0.02619762472256855,
      "mean_oracle_gap": 0.17689465972725463,
      "oracle_gap_se": 0.02745494786035568,
      "mean_rel_oracle_gap": 0.022605792279304707,
      "mean_excess_s": null,
      "selected_s_std": null,
      "failure_rate": 0.0,
      "n_failed": 0
    },