{
  "key": "paper_so_n300_deepfolds",
  "config": "paper_so",
  "n": 300,
  "split": 0.7,
  "d": 10,
  "reps": 300,
  "alpha": null,
  "beta": null,
  "dgp_params": null,
  "folds": [
    2,
    3,
    5,
    10,
    20
  ],
  "mesh_p": 60,
  "elapsed_s": 683.8266263008118,
  "summaries": {
    "NV": {
      "method": "NV",
      "n_reps": 300,
      "target": 0.95,
      "coverage": 0.65,
      "coverage_lo": 0.5944391111549903,
      "coverage_hi": 0.7017679974776458,
      "coverage_gap": -0.29999999999999993,
      "meets_target": false,
      "significantly_below": true,
      "mean_obj": -7.698865048517161,
      "obj_se": 0.020642544444413324,
      "mean_oracle_gap": -0.09043069663684956,
      "oracle_gap_se": 0.018756429288851878,
      "mean_rel_oracle_gap": -0.012280688897193224,
      "mean_excess_s": -2.3033333333333332,
      "selected_s_std": 29.79337988462928,
      "failure_rate": 0.0,
      "n_failed": 0
    },
    "UG": {
      "method": "UG",
      "n_reps": 300,
      "target": 0.95,
      "coverage": 0.9566666666666667,
      "coverage_lo": 0.9272825343659885,
      "coverage_hi": 0.9745035519155927,
      "coverage_gap": 0.00666666666666671,
      "meets_target": true,
      "significantly_below": false,
      "mean_obj": -7.381057414548583,
      "obj_se": 0.01727903292709153,
      "mean_oracle_gap": 0.22737693733172837,
      "oracle_gap_se": 0.01727278376749107,
      "mean_rel_oracle_gap": 0.029357323585446404,
      "mean_excess_s": 32.74666666666667,
      "selected_s_std": 48.992807130247925,
      "failure_rate": 0.0,
      "n_failed": 0
    },
    "NGS": {
      "method": "NGS",
      "n_reps": 300,
      "target": 0.95,
      "coverage": 0.9833333333333333,
      "coverage_lo": 0.9615846051669054,
      "coverage_hi": 0.9928605226493666,
      "coverage_gap": 0.033333333333333326,
      "meets_target": true,
      "significantly_below": false,
      "mean_obj": -7.276081656879114,
      "obj_se": 0.016217263474454013,
      "mean_oracle_gap": 0.3323526950011973,
      "oracle_gap_se": 0.017379220439014745,
      "mean_rel_oracle_gap": 0.04306170565366363,
      "mean_excess_s": 49.07666666666667,
      "selected_s_std": 54.17029631951889,
      "failure_rate": 0.0,
      "n_failed": 0
    },
    "UNGS": {
      "method": "UNGS",
      "n_reps": 300,
      "target": 0.95,
      "coverage": 1.0,
      "coverage_lo": 0.9873570287754538,
      "coverage_hi": 0.9999999999999998,
      "coverage_gap": 0.050000000000000044,
      "meets_target": true,
      "significantly_below": false,
      "mean_obj": -7.074493709494421,
      "obj_se": 0.01422208719160581,
      "mean_oracle_gap": 0.5339406423858891,
      "oracle_gap_se": 0.016367612825982602,
      "mean_rel_oracle_gap": 0.06951102287748007,
      "mean_excess_s": 87.85,
      "selected_s_std": 52.010474461733864,
      "failure_rate": 0.0,
      "n_failed": 0
    },
    "benchmark": {
      "method": "benchmark",
      "n_reps": 300,
      "target": 0.95,
      "coverage": 1.0,
      "coverage_lo": 0.9873570287754538,
      "coverage_hi": 0.9999999999999998,
      "coverage_gap": 0.050000000000000044,
      "meets_target": true,
      "significantly_below": false,
      "mean_obj": -6.8416577508382,
      "obj_se": 0.012153012342164853,
      "mean_oracle_gap": 0.7667766010421107,
      "oracle_gap_se": 0.015704259874388445,
      "mean_rel_oracle_gap": 0.10005319184247757,
      "mean_excess_s": NaN,
      "selected_s_std": NaN,
      "failure_rate": 0.0,
      "n_failed": 0
    },
    "BS20": {
      "method": "BS20",
      "n_reps": 300,
      "target": 0.95,
      "coverage": 0.97,
      "coverage_lo": 0.9439774608583589,
      "coverage_hi": 0.9841381461905676,
      "coverage_gap": 0.020000000000000018,
      "meets_target": true,
      "significantly_below": false,
      "mean_obj": -7.272300834343052,
      "obj_se": 0.017151873158364986,
      "mean_oracle_gap": 0.33613351753725973,
      "oracle_gap_se": 0.020224413612830963,
      "mean_rel_oracle_gap": 0.04334580013473289,
      "mean_excess_s": NaN,
      "selected_s_std": NaN,
      "failure_rate": 0.0,
      "n_failed": 0
    },
    "CV10": {
      "method": "CV10",
      "n_reps": 300,
      "target": 0.95,
      "coverage": 0.9,
      "coverage_lo": 0.8608335376153785,
      "coverage_hi": 0.9290520854049847,
      "coverage_gap": -0.04999999999999993,
      "meets_target": false,
      "significantly_below": true,
      "mean_obj": -7.329240354140972,
      "obj_se": 0.02408624095783688,
      "mean_oracle_gap": 0.27919399773934006,
      "oracle_gap_se": 0.02658038057597488,
      "mean_rel_oracle_gap": 0.03582062421993967,
      "mean_excess_s": NaN,
      "selected_s_std": NaN,
      "failure_rate": 0.0,
      "n_failed": 0
    },
    "CV20": {
      "method": "CV20",
      "n_reps": 300,
      "target": 0.95,
      "coverage": 0.9766666666666667,
      "coverage_lo": 0.9526280277317246,
      "coverage_hi": 0.9886523397008747,
      "coverage_gap": 0.026666666666666727,
      "meets_target": true,
      "significantly_below": false,
      "mean_obj": -7.1380260067426695,
      "obj_se": 0.020452044480658967,
      "mean_oracle_gap": 0.47040834513764385,
      "oracle_gap_se": 0.02380981459785907,
      "mean_rel_oracle_gap": 0.06090847872026419,
      "mean_excess_s": NaN,
      "selected_s_std": NaN,
      "failure_rate": 0.0,
      "n_failed": 0
    },
    "CV2": {
      "method": "CV2",
      "n_reps": 300,
      "target": 0.95,
      "coverage": 0.8666666666666667,
      "coverage_lo": 0.8235282379361116,
      "coverage_hi": 0.9005335831658879,
      "coverage_gap": -0.08333333333333326,
      "meets_target": false,
      "significantly_below": true,
      "mean_obj": -7.399523310830636,
      "obj_se": 0.02553961387967314,
      "mean_oracle_gap": 0.20891104104967415,
      "oracle_gap_se": 0.0271724387453114,
      "mean_rel_oracle_gap": 0.026695776503197793,
      "mean_excess_s": NaN,
      "selected_s_std": NaN,
      "failure_rate": 0.0,
      "n_failed": 0
    },
    "BS5": {
      "method": "BS5",
      "n_reps": 300,
      "target": 0.95,
      "coverage": 0.8633333333333333,
      "coverage_lo": 0.8198445870022494,
      "coverage_hi": 0.8976348539079136,
      "coverage_gap": -0.08666666666666667,
      "meets_target": false,
      "significantly_below": true,
      "mean_obj": -7.424228685721385,
      "obj_se": 0.024441389363262712,
      "mean_oracle_gap": 0.18420566615892675,
      "oracle_gap_se": 0.026346265308767332,
      "mean_rel_oracle_gap": 0.023405646366144856,
      "mean_excess_s": NaN,
      "selected_s_std": NaN,
      "failure_rate": 0.0,
      "n_failed": 0
    },
    "Sec3": {
      "method": "Sec3",
      "n_reps": 300,
      "target": 0.95,
      "coverage": 0.8166666666666667,
      "coverage_lo": 0.7689713823226987,
      "coverage_hi": 0.8563547359017554,
      "coverage_gap": -0.1333333333333333,
      "meets_target": false,
      "significantly_below": true,
      "mean_obj": -7.5450759969577605,
      "obj_se": 0.019546524748635767,
      "mean_oracle_gap": 0.06335835492255143,
      "oracle_gap_se": 0.02465710927515292,
      "mean_rel_oracle_gap": 0.00713496795054169,
      "mean_excess_s": NaN,
      "selected_s_std": NaN,
      "failure_rate": 0.0,
      "n_failed": 0
    },
    "CV5": {
      "method": "CV5",
      "n_reps": 300,
      "target": 0.95,
      "coverage": 0.84,
      "coverage_lo": 0.7942563251514081,
      "coverage_hi": 0.8771464544159004,
      "coverage_gap": -0.10999999999999999,
      "meets_target": false,
      "significantly_below": true,
      "mean_obj": -7.4372799018467415,
      "obj_se": 0.026569073806287327,
      "mean_oracle_gap": 0.1711544500335702,
      "oracle_gap_se": 0.029457977342083018,
      "mean_rel_oracle_gap": 0.021515664793125555,
      "mean_excess_s": NaN,
      "selected_s_std": NaN,
      "failure_rate": 0.0,
      "n_failed": 0
    },
    "BS2": {
      "method": "BS2",
      "n_reps": 300,