{
  "key": "paper_so_n200_deepfolds",
  "config": "paper_so",
  "n": 200,
  "split": 0.7,
  "d": 10,
  "reps": 300,
  "alpha": null,
  "beta": null,
  "dgp_params": null,
  "folds": [
    2,
    3,
    5,
    10,
    20
  ],
  "mesh_p": 60,
  "elapsed_s": 304.8891282081604,
  "summaries": {
    "NV": {
      "method": "NV",
      "n_reps": 300,
      "target": 0.95,
      "coverage": 0.55,
      "coverage_lo": 0.4934256045239535,
      "coverage_hi": 0.6053100983535921,
      "coverage_gap": -0.3999999999999999,
      "meets_target": false,
      "significantly_below": true,
      "mean_obj": -7.779353505895567,
      "obj_se": 0.02217988752150809,
      "mean_oracle_gap": -0.14729918820378748,
      "oracle_gap_se": 0.020254128923976038,
      "mean_rel_oracle_gap": -0.019579676010645673,
      "mean_excess_s": -5.668896321070235,
      "selected_s_std": 27.704544057374033,
      "failure_rate": 0.0,
      "n_failed": 0
    },
    "UG": {
      "method": "UG",
      "n_reps": 300,
      "target": 0.95,
      "coverage": 0.9,
      "coverage_lo": 0.8608335376153785,
      "coverage_hi": 0.9290520854049847,
      "coverage_gap": -0.04999999999999993,
      "meets_target": false,
      "significantly_below": true,
      "mean_obj": -7.453198500181277,
      "obj_se": 0.01905947487080687,
      "mean_oracle_gap": 0.1799466369276069,
      "oracle_gap_se": 0.018015555084562332,
      "mean_rel_oracle_gap": 0.023214103911329862,
      "mean_excess_s": 24.82608695652174,
      "selected_s_std": 37.8279629719695,
      "failure_rate": 0.0,
      "n_failed": 0
    },
    "NGS": {
      "method": "NGS",
      "n_reps": 300,
      "target": 0.95,
      "coverage": 0.9433333333333334,
      "coverage_lo": 0.9111340419775253,
      "coverage_hi": 0.9643225235367106,
      "coverage_gap": -0.006666666666666599,
      "meets_target": false,
      "significantly_below": false,
      "mean_obj": -7.3643873496219445,
      "obj_se": 0.018620504289796315,
      "mean_oracle_gap": 0.2690548147463363,
      "oracle_gap_se": 0.017536420187437493,
      "mean_rel_oracle_gap": 0.03489998331682776,
      "mean_excess_s": 33.675585284280935,
      "selected_s_std": 38.74906493639319,
      "failure_rate": 0.0,
      "n_failed": 0
    },
    "UNGS": {
      "method": "UNGS",
      "n_reps": 300,
      "target": 0.95,
      "coverage": 0.9733333333333334,
      "coverage_lo": 0.9482710570494102,
      "coverage_hi": 0.9864269301913529,
      "coverage_gap": 0.023333333333333428,
      "meets_target": true,
      "significantly_below": false,
      "mean_obj": -7.282881464202383,
      "obj_se": 0.018280601854784306,
      "mean_oracle_gap": 0.3508332951004097,
      "oracle_gap_se": 0.017381867079957213,
      "mean_rel_oracle_gap": 0.045603827451813926,
      "mean_excess_s": 43.414715719063544,
      "selected_s_std": 36.39382994982728,
      "failure_rate": 0.0,
      "n_failed": 0
    },
    "benchmark": {
      "method": "benchmark",
      "n_reps": 300,
      "target": 0.95,
      "coverage": 1.0,
      "coverage_lo": 0.9873570287754538,
      "coverage_hi": 0.9999999999999998,
      "coverage_gap": 0.050000000000000044,
      "meets_target": true,
      "significantly_below": false,
      "mean_obj": -6.981053482592124,
      "obj_se": 0.014901921203391988,
      "mean_oracle_gap": 0.6508495743441837,
      "oracle_gap_se": 0.01635604511758435,
      "mean_rel_oracle_gap": 0.08478511432613638,
      "mean_excess_s": NaN,
      "selected_s_std": NaN,
      "failure_rate": 0.0,
      "n_failed": 0
    },
    "BS5": {
      "method": "BS5",
      "n_reps": 300,
      "target": 0.95,
      "coverage": 0.8966666666666666,
      "coverage_lo": 0.8570598275670679,
      "coverage_hi": 0.9262434152614588,
      "coverage_gap": -0.053333333333333344,
      "meets_target": false,
      "significantly_below": true,
      "mean_obj": -7.343442676154018,
      "obj_se": 0.025380580416699484,
      "mean_oracle_gap": 0.28724837679044385,
      "oracle_gap_se": 0.026213843104998406,
      "mean_rel_oracle_gap": 0.03711207775376825,
      "mean_excess_s": NaN,
      "selected_s_std": NaN,
      "failure_rate": 0.0,
      "n_failed": 0
    },
    "Sec5": {
      "method": "Sec5",
      "n_reps": 300,
      "target": 0.95,
      "coverage": 0.8433333333333334,
      "coverage_lo": 0.7978919765479306,
      "coverage_hi": 0.8800931832112144,
      "coverage_gap": -0.10666666666666658,
      "meets_target": false,
      "significantly_below": true,
      "mean_obj": -7.478653007487466,
      "obj_se": 0.02039861902767266,
      "mean_oracle_gap": 0.1515858369909973,
      "oracle_gap_se": 0.023664594329429568,
      "mean_rel_oracle_gap": 0.019034769898950588,
      "mean_excess_s": NaN,
      "selected_s_std": NaN,
      "failure_rate": 0.0,
      "n_failed": 0
    },
    "CV10": {
      "method": "CV10",
      "n_reps": 300,
      "target": 0.95,
      "coverage": 0.8933333333333333,
      "coverage_lo": 0.8532967116826325,
      "coverage_hi": 0.9234241509540578,
      "coverage_gap": -0.05666666666666664,
      "meets_target": false,
      "significantly_below": true,
      "mean_obj": -7.313016210709863,
      "obj_se": 0.025043826076988417,
      "mean_oracle_gap": 0.31777660298859217,
      "oracle_gap_se": 0.027313460817615237,
      "mean_rel_oracle_gap": 0.0409091290331886,
      "mean_excess_s": NaN,
      "selected_s_std": NaN,
      "failure_rate": 0.0,
      "n_failed": 0
    },
    "BS10": {
      "method": "BS10",
      "n_reps": 300,
      "target": 0.95,
      "coverage": 0.9633333333333334,
      "coverage_lo": 0.9355461518281071,
      "coverage_hi": 0.979404694837147,
      "coverage_gap": 0.01333333333333342,
      "meets_target": true,
      "significantly_below": false,
      "mean_obj": -7.232463348179554,
      "obj_se": 0.01988434536171876,
      "mean_oracle_gap": 0.3994438364040456,
      "oracle_gap_se": 0.021593369078693723,
      "mean_rel_oracle_gap": 0.05173640830411454,
      "mean_excess_s": NaN,
      "selected_s_std": NaN,
      "failure_rate": 0.0,
      "n_failed": 0
    },
    "Sec2": {
      "method": "Sec2",
      "n_reps": 300,
      "target": 0.95,
      "coverage": 0.7233333333333334,
      "coverage_lo": 0.6701300560341223,
      "coverage_hi": 0.7708894168189138,
      "coverage_gap": -0.22666666666666657,
      "meets_target": false,
      "significantly_below": true,
      "mean_obj": -7.66555092520752,
      "obj_se": 0.021784114686658647,
      "mean_oracle_gap": -0.03438994703804264,
      "oracle_gap_se": 0.023195287745528977,
      "mean_rel_oracle_gap": -0.00514959689114829,
      "mean_excess_s": NaN,
      "selected_s_std": NaN,
      "failure_rate": 0.0,
      "n_failed": 0
    },
    "Sec10": {
      "method": "Sec10",
      "n_reps": 300,
      "target": 0.95,
      "coverage": 0.9433333333333334,
      "coverage_lo": 0.9111340419775253,
      "coverage_hi": 0.9643225235367106,
      "coverage_gap": -0.006666666666666599,
      "meets_target": false,
      "significantly_below": false,
      "mean_obj": -7.310894109494958,
      "obj_se": 0.021127327590238058,
      "mean_oracle_gap": 0.3199058015319754,
      "oracle_gap_se": 0.021680305643796582,
      "mean_rel_oracle_gap": 0.04144616358571513,
      "mean_excess_s": NaN,
      "selected_s_std": NaN,
      "failure_rate": 0.0,
      "n_failed": 0
    },
    "BS20": {
      "method": "BS20",
      "n_reps": 300,
      "target": 0.95,
      "coverage": 0.9833333333333333,
      "coverage_lo": 0.9615846051669054,
      "coverage_hi": 0.9928605226493666,
      "coverage_gap": 0.033333333333333326,
      "meets_target": true,
      "significantly_below": false,
      "mean_obj": -7.185236804699186,
      "obj_se": 0.01903794878154829,
      "mean_oracle_gap": 0.4459833648722164,
      "oracle_gap_se": 0.020692243420699696,
      "mean_rel_oracle_gap": 0.05786564446656695,
      "mean_excess_s": NaN,
      "selected_s_std": NaN,
      "failure_rate": 0.0,