{
  "key": "paper_saa_n300_folds",
  "config": "paper_saa",
  "n": 300,
  "split": 0.7,
  "d": 10,
  "reps": 300,
  "alpha": null,
  "beta": null,
  "dgp_params": null,
  "folds": [
    3,
    5,
    10
  ],
  "mesh_p": null,
  "elapsed_s": 3008.3981606960297,
  "summaries": {
    "NV": {
      "method": "NV",
      "n_reps": 300,
      "target": 0.95,
      "coverage": 0.4,
      "coverage_lo": 0.3461651905860969,
      "coverage_hi": 0.4563634036588123,
      "coverage_gap": -0.5499999999999999,
      "meets_target": false,
      "significantly_below": true,
      "mean_obj": -7.969444154861879,
      "obj_se": 0.014605107975025185,
      "mean_oracle_gap": -0.08370331888174301,
      "oracle_gap_se": 0.014456120448616763,
      "mean_rel_oracle_gap": -0.010618839774102244,
      "mean_excess_s": -0.0106,
      "selected_s_std": 0.026452456246473067,
      "failure_rate": 0.0,
      "n_failed": 0
    },
    "UG": {
      "method": "UG",
      "n_reps": 300,
      "target": 0.95,
      "coverage": 0.87,
      "coverage_lo": 0.8272195707065882,
      "coverage_hi": 0.9034246305872476,
      "coverage_gap": -0.07999999999999996,
      "meets_target": false,
      "significantly_below": true,
      "mean_obj": -7.562967784510965,
      "obj_se": 0.017961205443779337,
      "mean_oracle_gap": 0.32277305146916996,
      "oracle_gap_se": 0.017717355715863355,
      "mean_rel_oracle_gap": 0.04093895521129523,
      "mean_excess_s": 0.01958666666666667,
      "selected_s_std": 0.0224157095732986,
      "failure_rate": 0.0,
      "n_failed": 0
    },
    "NGS": {
      "method": "NGS",
      "n_reps": 300,
      "target": 0.95,
      "coverage": 0.9333333333333333,
      "coverage_lo": 0.899276940483885,
      "coverage_hi": 0.9564324844548417,
      "coverage_gap": -0.016666666666666607,
      "meets_target": false,
      "significantly_below": false,
      "mean_obj": -7.446144266151393,
      "obj_se": 0.018129546553288793,
      "mean_oracle_gap": 0.4395965698287435,
      "oracle_gap_se": 0.017878707789329092,
      "mean_rel_oracle_gap": 0.055754719416659645,
      "mean_excess_s": 0.026626666666666667,
      "selected_s_std": 0.019880090935596367,
      "failure_rate": 0.0,
      "n_failed": 0
    },
    "UNGS": {
      "method": "UNGS",
      "n_reps": 300,
      "target": 0.95,
      "coverage": 0.9633333333333334,
      "coverage_lo": 0.9355461518281071,
      "coverage_hi": 0.979404694837147,
      "coverage_gap": 0.01333333333333342,
      "meets_target": true,
      "significantly_below": false,
      "mean_obj": -7.229308016234869,
      "obj_se": 0.02012503359306784,
      "mean_oracle_gap": 0.656432819745266,
      "oracle_gap_se": 0.020020559555823755,
      "mean_rel_oracle_gap": 0.08324093141303386,
      "mean_excess_s": 0.03550666666666667,
      "selected_s_std": 0.016565970950535986,
      "failure_rate": 0.0,
      "n_failed": 0
    },
    "Sec3": {
      "method": "Sec3",
      "n_reps": 300,
      "target": 0.95,
      "coverage": 0.67,
      "coverage_lo": 0.6149358533991501,
      "coverage_hi": 0.7207655363845044,
      "coverage_gap": -0.2799999999999999,
      "meets_target": false,
      "significantly_below": true,
      "mean_obj": -7.756961171459015,
      "obj_se": 0.018978594081131096,
      "mean_oracle_gap": 0.12877966452111964,
      "oracle_gap_se": 0.019340068728652064,
      "mean_rel_oracle_gap": 0.01628300338081709,
      "mean_excess_s": null,
      "selected_s_std": null,
      "failure_rate": 0.0,
      "n_failed": 0
    },
    "CV5": {
      "method": "CV5",
      "n_reps": 300,
      "target": 0.95,
      "coverage": 0.9266666666666666,
      "coverage_lo": 0.8914686583942826,
      "coverage_hi": 0.9510760061607713,
      "coverage_gap": -0.023333333333333317,
      "meets_target": false,
      "significantly_below": false,
      "mean_obj": -7.553344894735276,
      "obj_se": 0.0157319252311398,
      "mean_oracle_gap": 0.3323959412448586,
      "oracle_gap_se": 0.016067383199226234,
      "mean_rel_oracle_gap": 0.04211234567765558,
      "mean_excess_s": null,
      "selected_s_std": null,
      "failure_rate": 0.0,
      "n_failed": 0
    },
    "CV3": {
      "method": "CV3",
      "n_reps": 300,
      "target": 0.95,
      "coverage": 0.93,
      "coverage_lo": 0.8953639895740667,
      "coverage_hi": 0.9537630551728237,
      "coverage_gap": -0.019999999999999907,
      "meets_target": false,
      "significantly_below": false,
      "mean_obj": -7.582497950474165,
      "obj_se": 0.01423708240248376,
      "mean_oracle_gap": 0.30324288550596834,
      "oracle_gap_se": 0.014440736276938296,
      "mean_rel_oracle_gap": 0.03842682793816188,
      "mean_excess_s": null,
      "selected_s_std": null,
      "failure_rate": 0.0,
      "n_failed": 0
    },
    "CV10": {
      "method": "CV10",
      "n_reps": 300,
      "target": 0.95,
      "coverage": 0.98,
      "coverage_lo": 0.9570603791821394,
      "coverage_hi": 0.9908023684422963,
      "coverage_gap": 0.030000000000000027,
      "meets_target": true,
      "significantly_below": false,
      "mean_obj": -7.398348285461626,
      "obj_se": 0.01759822870406189,
      "mean_oracle_gap": 0.48739255051850905,
      "oracle_gap_se": 0.017818968125322052,
      "mean_rel_oracle_gap": 0.061775025359377886,
      "mean_excess_s": null,
      "selected_s_std": null,
      "failure_rate": 0.0,
      "n_failed": 0
    },
    "BS10": {
      "method": "BS10",
      "n_reps": 300,
      "target": 0.95,
      "coverage": 1.0,
      "coverage_lo": 0.9873570287754538,
      "coverage_hi": 0.9999999999999998,
      "coverage_gap": 0.050000000000000044,
      "meets_target": true,
      "significantly_below": false,
      "mean_obj": -7.296067289808901,
      "obj_se": 0.015760679660796167,
      "mean_oracle_gap": 0.5896735461712345,
      "oracle_gap_se": 0.015982489217216997,
      "mean_rel_oracle_gap": 0.07474791143113302,
      "mean_excess_s": null,
      "selected_s_std": null,
      "failure_rate": 0.0,
      "n_failed": 0
    },
    "BS5": {
      "method": "BS5",
      "n_reps": 300,
      "target": 0.95,
      "coverage": 0.9566666666666667,
      "coverage_lo": 0.9272825343659885,
      "coverage_hi": 0.9745035519155927,
      "coverage_gap": 0.00666666666666671,
      "meets_target": true,
      "significantly_below": false,
      "mean_obj": -7.444883444140637,
      "obj_se": 0.017574626248512724,
      "mean_oracle_gap": 0.44085739183949774,
      "oracle_gap_se": 0.01759651295568623,
      "mean_rel_oracle_gap": 0.05589098341783092,
      "mean_excess_s": null,
      "selected_s_std": null,
      "failure_rate": 0.0,
      "n_failed": 0
    },
    "Sec10": {
      "method": "Sec10",
      "n_reps": 300,
      "target": 0.95,
      "coverage": 0.9933333333333333,
      "coverage_lo": 0.9760224167496929,
      "coverage_hi": 0.998169851642088,
      "coverage_gap": 0.043333333333333335,
      "meets_target": true,
      "significantly_below": false,
      "mean_obj": -7.155071174339068,
      "obj_se": 0.01935351175971844,
      "mean_oracle_gap": 0.7306696616410677,
      "oracle_gap_se": 0.019461163089143536,
      "mean_rel_oracle_gap": 0.09263512625244724,
      "mean_excess_s": null,
      "selected_s_std": null,
      "failure_rate": 0.0,
      "n_failed": 0
    },
    "BS3": {
      "method": "BS3",
      "n_reps": 300,
      "target": 0.95,
      "coverage": 0.9133333333333333,
      "coverage_lo": 0.8760440413057516,
      "coverage_hi": 0.9401711024819569,
      "coverage_gap": -0.036666666666666625,
      "meets_target": false,
      "significantly_below": true,
      "mean_obj": -7.558790992132372,
      "obj_se": 0.01693015681424211,
      "mean_oracle_gap": 0.3269498438477644,
      "oracle_gap_se": 0.017013112421026336,
      "mean_rel_oracle_gap": 0.04144051295740565,
      "mean_excess_s": null,
      "selected_s_std": null,
      "failure_rate": 0.0,
      "n_failed": 0
    },
    "Sec5": {
      "method": "Sec5",