{
  "key": "port_n500_d10_g0.28",
  "n": 500,
  "split": 0.5,
  "d": 10,
  "gamma": 0.28,
  "dgp": "gaussian",
  "reps": 500,
  "elapsed_s": 3.267709255218506,
  "summaries": {
    "NV": {
      "method": "NV",
      "n_reps": 500,
      "target": 0.95,
      "coverage": 0.706,
      "coverage_lo": 0.6646172591655972,
      "coverage_hi": 0.7442415125642432,
      "coverage_gap": -0.244,
      "meets_target": false,
      "significantly_below": true,
      "mean_obj": -0.13740466622000758,
      "obj_se": 3.9524297246576836e-05,
      "mean_oracle_gap": NaN,
      "oracle_gap_se": NaN,
      "mean_rel_oracle_gap": NaN,
      "mean_excess_s": NaN,
      "selected_s_std": NaN,
      "failure_rate": 0.0,
      "mean_return": 0.13740466622000758,
      "mean_true_cvar": 0.26725277771866557
    },
    "UG": {
      "method": "UG",
      "n_reps": 500,
      "target": 0.95,
      "coverage": 0.962,
      "coverage_lo": 0.9414152274693561,
      "coverage_hi": 0.9755398819441696,
      "coverage_gap": 0.01200000000000001,
      "meets_target": true,
      "significantly_below": false,
      "mean_obj": -0.1358370467253485,
      "obj_se": 6.726838108119022e-05,
      "mean_oracle_gap": NaN,
      "oracle_gap_se": NaN,
      "mean_rel_oracle_gap": NaN,
      "mean_excess_s": NaN,
      "selected_s_std": NaN,
      "failure_rate": 0.0,
      "mean_return": 0.1358370467253485,
      "mean_true_cvar": 0.2347883183592633
    },
    "NGS": {
      "method": "NGS",
      "n_reps": 500,
      "target": 0.95,
      "coverage": 0.982,
      "coverage_lo": 0.9661483290912607,
      "coverage_hi": 0.990501806703803,
      "coverage_gap": 0.03200000000000003,
      "meets_target": true,
      "significantly_below": false,
      "mean_obj": -0.1351908625665983,
      "obj_se": 7.714975198973202e-05,
      "mean_oracle_gap": NaN,
      "oracle_gap_se": NaN,
      "mean_rel_oracle_gap": NaN,
      "mean_excess_s": NaN,
      "selected_s_std": NaN,
      "failure_rate": 0.0,
      "mean_return": 0.1351908625665983,
      "mean_true_cvar": 0.22457983344448873
    },
    "UNGS": {
      "method": "UNGS",
      "n_reps": 500,
      "target": 0.95,
      "coverage": 0.978,
      "coverage_lo": 0.9610391387886836,
      "coverage_hi": 0.9876719917300725,
      "coverage_gap": 0.028000000000000025,
      "meets_target": true,
      "significantly_below": false,
      "mean_obj": -0.13514829516050264,
      "obj_se": 8.60616868832157e-05,
      "mean_oracle_gap": NaN,
      "oracle_gap_se": NaN,
      "mean_rel_oracle_gap": NaN,
      "mean_excess_s": NaN,
      "selected_s_std": NaN,
      "failure_rate": 0.0,
      "mean_return": 0.13514829516050264,
      "mean_true_cvar": 0.2248724849710137
    },
    "benchmark": {
      "method": "benchmark",
      "n_reps": 500,
      "target": 0.95,
      "coverage": 0.448,
      "coverage_lo": 0.4049726694186174,
      "coverage_hi": 0.4918202619893841,
      "coverage_gap": -0.502,
      "meets_target": false,
      "significantly_below": true,
      "mean_obj": -0.138001148072178,
      "obj_se": 3.7376709918206194e-05,
      "mean_oracle_gap": NaN,
      "oracle_gap_se": NaN,
      "mean_rel_oracle_gap": NaN,
      "mean_excess_s": NaN,
      "selected_s_std": NaN,
      "failure_rate": 0.0,
      "mean_return": 0.138001148072178,
      "mean_true_cvar": 0.2860345300451723
    },
    "_n_replication_errors": 0
  }
}