{
  "key": "port_n500_d10_g0.22",
  "n": 500,
  "split": 0.5,
  "d": 10,
  "gamma": 0.22,
  "dgp": "gaussian",
  "reps": 500,
  "elapsed_s": 3.211699962615967,
  "summaries": {
    "NV": {
      "method": "NV",
      "n_reps": 500,
      "target": 0.95,
      "coverage": 0.654,
      "coverage_lo": 0.6112729349259212,
      "coverage_hi": 0.6943787682119209,
      "coverage_gap": -0.29599999999999993,
      "meets_target": false,
      "significantly_below": true,
      "mean_obj": -0.1344542276561683,
      "obj_se": 6.874161069985329e-05,
      "mean_oracle_gap": NaN,
      "oracle_gap_se": NaN,
      "mean_rel_oracle_gap": NaN,
      "mean_excess_s": NaN,
      "selected_s_std": NaN,
      "failure_rate": 0.0,
      "mean_return": 0.1344542276561683,
      "mean_true_cvar": 0.21319741261870112
    },
    "UG": {
      "method": "UG",
      "n_reps": 500,
      "target": 0.95,
      "coverage": 0.952,
      "coverage_lo": 0.92957280316411,
      "coverage_hi": 0.9675347930586469,
      "coverage_gap": 0.0020000000000000018,
      "meets_target": true,
      "significantly_below": false,
      "mean_obj": -0.1314817724787148,
      "obj_se": 0.0001274027185971209,
      "mean_oracle_gap": NaN,
      "oracle_gap_se": NaN,
      "mean_rel_oracle_gap": NaN,
      "mean_excess_s": NaN,
      "selected_s_std": NaN,
      "failure_rate": 0.0,
      "mean_return": 0.1314817724787148,
      "mean_true_cvar": 0.18341761921680536
    },
    "NGS": {
      "method": "NGS",
      "n_reps": 500,
      "target": 0.95,
      "coverage": 0.976,
      "coverage_lo": 0.9585229425360993,
      "coverage_hi": 0.986218685344503,
      "coverage_gap": 0.026000000000000023,
      "meets_target": true,
      "significantly_below": false,
      "mean_obj": -0.13050872225191754,
      "obj_se": 0.0001397653473242839,
      "mean_oracle_gap": NaN,
      "oracle_gap_se": NaN,
      "mean_rel_oracle_gap": NaN,
      "mean_excess_s": NaN,
      "selected_s_std": NaN,
      "failure_rate": 0.0,
      "mean_return": 0.13050872225191754,
      "mean_true_cvar": 0.17565106711772496
    },
    "UNGS": {
      "method": "UNGS",
      "n_reps": 500,
      "target": 0.95,
      "coverage": 0.968,
      "coverage_lo": 0.9486551309545582,
      "coverage_hi": 0.9802084863734289,
      "coverage_gap": 0.018000000000000016,
      "meets_target": true,
      "significantly_below": false,
      "mean_obj": -0.1301402288639889,
      "obj_se": 0.0001640673900847884,
      "mean_oracle_gap": NaN,
      "oracle_gap_se": NaN,
      "mean_rel_oracle_gap": NaN,
      "mean_excess_s": NaN,
      "selected_s_std": NaN,
      "failure_rate": 0.0,
      "mean_return": 0.1301402288639889,
      "mean_true_cvar": 0.17406837649679135
    },
    "benchmark": {
      "method": "benchmark",
      "n_reps": 500,
      "target": 0.95,
      "coverage": 0.348,
      "coverage_lo": 0.30755030205694756,
      "coverage_hi": 0.39076749744336436,
      "coverage_gap": -0.602,
      "meets_target": false,
      "significantly_below": true,
      "mean_obj": -0.1355647974822981,
      "obj_se": 6.276056620802784e-05,
      "mean_oracle_gap": NaN,
      "oracle_gap_se": NaN,
      "mean_rel_oracle_gap": NaN,
      "mean_excess_s": NaN,
      "selected_s_std": NaN,
      "failure_rate": 0.0,
      "mean_return": 0.1355647974822981,
      "mean_true_cvar": 0.23075304663580884
    },
    "_n_replication_errors": 0
  }
}