{
  "key": "port_n500_d10_g0.22",
  "n": 500,
  "split": 0.5,
  "d": 10,
  "gamma": 0.22,
  "dgp": "gaussian",
  "reps": 500,
  "elapsed_s": 3.037193775177002,
  "summaries": {
    "NV": {
      "method": "NV",
      "n_reps": 500,
      "target": 0.95,
      "coverage": 0.7,
      "coverage_lo": 0.6584321959560773,
      "coverage_hi": 0.7385180678593017,
      "coverage_gap": -0.25,
      "meets_target": false,
      "significantly_below": true,
      "mean_obj": -0.13428498302457795,
      "obj_se": 7.126434430821552e-05,
      "mean_oracle_gap": null,
      "oracle_gap_se": null,
      "mean_rel_oracle_gap": null,
      "mean_excess_s": null,
      "selected_s_std": null,
      "failure_rate": 0.0,
      "mean_return": 0.13428498302457795,
      "mean_true_cvar": 0.2109599783472842
    },
    "UG": {
      "method": "UG",
      "n_reps": 500,
      "target": 0.95,
      "coverage": 0.96,
      "coverage_lo": 0.9390264041651492,
      "coverage_hi": 0.9739592026102227,
      "coverage_gap": 0.010000000000000009,
      "meets_target": true,
      "significantly_below": false,
      "mean_obj": -0.13106019898827592,
      "obj_se": 0.00012866202146144277,
      "mean_oracle_gap": null,
      "oracle_gap_se": null,
      "mean_rel_oracle_gap": null,
      "mean_excess_s": null,
      "selected_s_std": null,
      "failure_rate": 0.0,
      "mean_return": 0.13106019898827592,
      "mean_true_cvar": 0.17965012354567572
    },
    "NGS": {
      "method": "NGS",
      "n_reps": 500,
      "target": 0.95,
      "coverage": 0.978,
      "coverage_lo": 0.9610391387886836,
      "coverage_hi": 0.9876719917300725,
      "coverage_gap": 0.028000000000000025,
      "meets_target": true,
      "significantly_below": false,
      "mean_obj": -0.13004770833039367,
      "obj_se": 0.00014399263587875076,
      "mean_oracle_gap": null,
      "oracle_gap_se": null,
      "mean_rel_oracle_gap": null,
      "mean_excess_s": null,
      "selected_s_std": null,
      "failure_rate": 0.0,
      "mean_return": 0.13004770833039367,
      "mean_true_cvar": 0.17223294679038062
    },
    "UNGS": {
      "method": "UNGS",
      "n_reps": 500,
      "target": 0.95,
      "coverage": 0.976,
      "coverage_lo": 0.9585229425360993,
      "coverage_hi": 0.986218685344503,
      "coverage_gap": 0.026000000000000023,
      "meets_target": true,
      "significantly_below": false,
      "mean_obj": -0.129582567543126,
      "obj_se": 0.0001670238579158594,
      "mean_oracle_gap": null,
      "oracle_gap_se": null,
      "mean_rel_oracle_gap": null,
      "mean_excess_s": null,
      "selected_s_std": null,
      "failure_rate": 0.0,
      "mean_return": 0.129582567543126,
      "mean_true_cvar": 0.169968607819811
    },
    "benchmark": {
      "method": "benchmark",
      "n_reps": 500,
      "target": 0.95,
      "coverage": 0.346,
      "coverage_lo": 0.30562123178807926,
      "coverage_hi": 0.3887270650740789,
      "coverage_gap": -0.604,
      "meets_target": false,
      "significantly_below": true,
      "mean_obj": -0.1356077840598336,
      "obj_se": 6.550131109019264e-05,
      "mean_oracle_gap": null,
      "oracle_gap_se": null,
      "mean_rel_oracle_gap": null,
      "mean_excess_s": null,
      "selected_s_std": null,
      "failure_rate": 0.0,
      "mean_return": 0.1356077840598336,
      "mean_true_cvar": 0.23158695549604186
    },
    "_n_replication_errors": 0
  },
  "_provenance": {
    "git_commit": "d34ff2286f94f415327062e8df3721cd49ec3996",
    "git_dirty": true,
    "versions": {
      "numpy": "2.5.1",
      "scipy": "1.18.0",
      "cvxpy": "1.9.2",
      "gurobipy": "13.0.2"
    },
    "timestamp": null
  }
}