{
  "key": "port_n500_d10_g0.18",
  "n": 500,
  "split": 0.5,
  "d": 10,
  "gamma": 0.18,
  "dgp": "gaussian",
  "reps": 500,
  "elapsed_s": 3.2952640056610107,
  "summaries": {
    "NV": {
      "method": "NV",
      "n_reps": 500,
      "target": 0.95,
      "coverage": 0.596,
      "coverage_lo": 0.5524153513244502,
      "coverage_hi": 0.6381207753069317,
      "coverage_gap": -0.354,
      "meets_target": false,
      "significantly_below": true,
      "mean_obj": -0.1303851698928912,
      "obj_se": 0.00011822359486892433,
      "mean_oracle_gap": NaN,
      "oracle_gap_se": NaN,
      "mean_rel_oracle_gap": NaN,
      "mean_excess_s": NaN,
      "selected_s_std": NaN,
      "failure_rate": 0.0,
      "mean_return": 0.1303851698928912,
      "mean_true_cvar": 0.1755817002188781
    },
    "UG": {
      "method": "UG",
      "n_reps": 500,
      "target": 0.95,
      "coverage": 0.934,
      "coverage_lo": 0.9087605988391466,
      "coverage_hi": 0.9526214736402262,
      "coverage_gap": -0.015999999999999903,
      "meets_target": false,
      "significantly_below": false,
      "mean_obj": -0.12574817415919265,
      "obj_se": 0.00019344252459555476,
      "mean_oracle_gap": NaN,
      "oracle_gap_se": NaN,
      "mean_rel_oracle_gap": NaN,
      "mean_excess_s": NaN,
      "selected_s_std": NaN,
      "failure_rate": 0.0,
      "mean_return": 0.12574817415919265,
      "mean_true_cvar": 0.14858656552109853
    },
    "NGS": {
      "method": "NGS",
      "n_reps": 500,
      "target": 0.95,
      "coverage": 0.974,
      "coverage_lo": 0.9560285091657758,
      "coverage_hi": 0.9847436160766728,
      "coverage_gap": 0.02400000000000002,
      "meets_target": true,
      "significantly_below": false,
      "mean_obj": -0.12440416223661109,
      "obj_se": 0.00019996969392318726,
      "mean_oracle_gap": NaN,
      "oracle_gap_se": NaN,
      "mean_rel_oracle_gap": NaN,
      "mean_excess_s": NaN,
      "selected_s_std": NaN,
      "failure_rate": 0.0,
      "mean_return": 0.12440416223661109,
      "mean_true_cvar": 0.14227697537278067
    },
    "UNGS": {
      "method": "UNGS",
      "n_reps": 500,
      "target": 0.95,
      "coverage": 0.966,
      "coverage_lo": 0.9462286344983655,
      "coverage_hi": 0.9786654801914678,
      "coverage_gap": 0.016000000000000014,
      "meets_target": true,
      "significantly_below": false,
      "mean_obj": -0.12342378993265293,
      "obj_se": 0.0002322337698368628,
      "mean_oracle_gap": NaN,
      "oracle_gap_se": NaN,
      "mean_rel_oracle_gap": NaN,
      "mean_excess_s": NaN,
      "selected_s_std": NaN,
      "failure_rate": 0.0,
      "mean_return": 0.12342378993265293,
      "mean_true_cvar": 0.1389909802120299
    },
    "benchmark": {
      "method": "benchmark",
      "n_reps": 500,
      "target": 0.95,
      "coverage": 0.232,
      "coverage_lo": 0.19712923845271468,
      "coverage_hi": 0.2709574080346774,
      "coverage_gap": -0.718,
      "meets_target": false,
      "significantly_below": true,
      "mean_obj": -0.1326716444035858,
      "obj_se": 0.00010021516118983932,
      "mean_oracle_gap": NaN,
      "oracle_gap_se": NaN,
      "mean_rel_oracle_gap": NaN,
      "mean_excess_s": NaN,
      "selected_s_std": NaN,
      "failure_rate": 0.0,
      "mean_return": 0.1326716444035858,
      "mean_true_cvar": 0.19600466129940888
    },
    "_n_replication_errors": 0
  }
}