{
  "key": "port_n500_d10_g0.28",
  "n": 500,
  "split": 0.5,
  "d": 10,
  "gamma": 0.28,
  "dgp": "gaussian",
  "reps": 500,
  "elapsed_s": 3.130861282348633,
  "summaries": {
    "NV": {
      "method": "NV",
      "n_reps": 500,
      "target": 0.95,
      "coverage": 0.75,
      "coverage_lo": 0.7102363265170449,
      "coverage_hi": 0.785951503252179,
      "coverage_gap": -0.19999999999999996,
      "meets_target": false,
      "significantly_below": true,
      "mean_obj": -0.13734598497513634,
      "obj_se": 4.0910499536262276e-05,
      "mean_oracle_gap": null,
      "oracle_gap_se": null,
      "mean_rel_oracle_gap": null,
      "mean_excess_s": null,
      "selected_s_std": null,
      "failure_rate": 0.0,
      "mean_return": 0.13734598497513634,
      "mean_true_cvar": 0.26568998610297007
    },
    "UG": {
      "method": "UG",
      "n_reps": 500,
      "target": 0.95,
      "coverage": 0.958,
      "coverage_lo": 0.9366484142456699,
      "coverage_hi": 0.9723676898915483,
      "coverage_gap": 0.008000000000000007,
      "meets_target": true,
      "significantly_below": false,
      "mean_obj": -0.13572658088734005,
      "obj_se": 7.125111009212492e-05,
      "mean_oracle_gap": null,
      "oracle_gap_se": null,
      "mean_rel_oracle_gap": null,
      "mean_excess_s": null,
      "selected_s_std": null,
      "failure_rate": 0.0,
      "mean_return": 0.13572658088734005,
      "mean_true_cvar": 0.2330401808324399
    },
    "NGS": {
      "method": "NGS",
      "n_reps": 500,
      "target": 0.95,
      "coverage": 0.98,
      "coverage_lo": 0.9635798167531208,
      "coverage_hi": 0.9891008164037892,
      "coverage_gap": 0.030000000000000027,
      "meets_target": true,
      "significantly_below": false,
      "mean_obj": -0.13505961901004945,
      "obj_se": 8.120197763397185e-05,
      "mean_oracle_gap": null,
      "oracle_gap_se": null,
      "mean_rel_oracle_gap": null,
      "mean_excess_s": null,
      "selected_s_std": null,
      "failure_rate": 0.0,
      "mean_return": 0.13505961901004945,
      "mean_true_cvar": 0.22252850021286874
    },
    "UNGS": {
      "method": "UNGS",
      "n_reps": 500,
      "target": 0.95,
      "coverage": 0.968,
      "coverage_lo": 0.9486551309545582,
      "coverage_hi": 0.9802084863734289,
      "coverage_gap": 0.018000000000000016,
      "meets_target": true,
      "significantly_below": false,
      "mean_obj": -0.13499142517881413,
      "obj_se": 9.276712909720836e-05,
      "mean_oracle_gap": null,
      "oracle_gap_se": null,
      "mean_rel_oracle_gap": null,
      "mean_excess_s": null,
      "selected_s_std": null,
      "failure_rate": 0.0,
      "mean_return": 0.13499142517881413,
      "mean_true_cvar": 0.22272519127330256
    },
    "benchmark": {
      "method": "benchmark",
      "n_reps": 500,
      "target": 0.95,
      "coverage": 0.462,
      "coverage_lo": 0.41875629515879303,
      "coverage_hi": 0.505823154716285,
      "coverage_gap": -0.48799999999999993,
      "meets_target": false,
      "significantly_below": true,
      "mean_obj": -0.13796467619469058,
      "obj_se": 3.651340690230407e-05,
      "mean_oracle_gap": null,
      "oracle_gap_se": null,
      "mean_rel_oracle_gap": null,
      "mean_excess_s": null,
      "selected_s_std": null,
      "failure_rate": 0.0,
      "mean_return": 0.13796467619469058,
      "mean_true_cvar": 0.2844693958454233
    },
    "_n_replication_errors": 0
  },
  "_provenance": {
    "git_commit": "d34ff2286f94f415327062e8df3721cd49ec3996",
    "git_dirty": true,
    "versions": {
      "numpy": "2.5.1",
      "scipy": "1.18.0",
      "cvxpy": "1.9.2",
      "gurobipy": "13.0.2"
    },
    "timestamp": null
  }
}