{
  "key": "paper_dro_moment_n200_s0.9_d10",
  "config": "paper_dro_moment",
  "n": 200,
  "split": 0.9,
  "d": 10,
  "reps": 500,
  "alpha": null,
  "beta": null,
  "dgp_params": null,
  "folds": null,
  "mesh_p": null,
  "elapsed_s": 6.8565993309021,
  "summaries": {
    "NV": {
      "method": "NV",
      "n_reps": 500,
      "target": 0.95,
      "coverage": 1.0,
      "coverage_lo": 0.9923756595384479,
      "coverage_hi": 1.0,
      "coverage_gap": 0.050000000000000044,
      "meets_target": true,
      "significantly_below": false,
      "mean_obj": -6.1731409239591555,
      "obj_se": 0.0068786545489880335,
      "mean_oracle_gap": -2.4868995751603507e-17,
      "oracle_gap_se": 3.5277426867924643e-17,
      "mean_rel_oracle_gap": -4.0633027863503165e-18,
      "mean_excess_s": 0.0,
      "selected_s_std": 0.0,
      "failure_rate": 0.0,
      "n_failed": 0,
      "n_attempted": 500
    },
    "UG": {
      "method": "UG",
      "n_reps": 500,
      "target": 0.95,
      "coverage": 1.0,
      "coverage_lo": 0.9923756595384479,
      "coverage_hi": 1.0,
      "coverage_gap": 0.050000000000000044,
      "meets_target": true,
      "significantly_below": false,
      "mean_obj": -6.130817356739461,
      "obj_se": 0.010447678514676798,
      "mean_oracle_gap": 0.042323567219694797,
      "oracle_gap_se": 0.008847163831589844,
      "mean_rel_oracle_gap": 0.006753568397887319,
      "mean_excess_s": 0.0018122514708696653,
      "selected_s_std": 0.008455821336405768,
      "failure_rate": 0.0,
      "n_failed": 0,
      "n_attempted": 500
    },
    "NGS": {
      "method": "NGS",
      "n_reps": 500,
      "target": 0.95,
      "coverage": 1.0,
      "coverage_lo": 0.9923756595384479,
      "coverage_hi": 1.0,
      "coverage_gap": 0.050000000000000044,
      "meets_target": true,
      "significantly_below": false,
      "mean_obj": -6.130817356739461,
      "obj_se": 0.010447678514676798,
      "mean_oracle_gap": 0.042323567219694797,
      "oracle_gap_se": 0.008847163831589844,
      "mean_rel_oracle_gap": 0.006753568397887319,
      "mean_excess_s": 0.0018122514708696653,
      "selected_s_std": 0.008455821336405768,
      "failure_rate": 0.0,
      "n_failed": 0,
      "n_attempted": 500
    },
    "UNGS": {
      "method": "UNGS",
      "n_reps": 500,
      "target": 0.95,
      "coverage": 1.0,
      "coverage_lo": 0.9923756595384479,
      "coverage_hi": 1.0,
      "coverage_gap": 0.050000000000000044,
      "meets_target": true,
      "significantly_below": false,
      "mean_obj": -6.130817356739461,
      "obj_se": 0.010447678514676798,
      "mean_oracle_gap": 0.042323567219694797,
      "oracle_gap_se": 0.008847163831589844,
      "mean_rel_oracle_gap": 0.006753568397887319,
      "mean_excess_s": 0.0018122514708696653,
      "selected_s_std": 0.008455821336405768,
      "failure_rate": 0.0,
      "n_failed": 0,
      "n_attempted": 500
    },
    "benchmark": {
      "method": "benchmark",
      "n_reps": 500,
      "target": 0.95,
      "coverage": 1.0,
      "coverage_lo": 0.9923756595384479,
      "coverage_hi": 1.0,
      "coverage_gap": 0.050000000000000044,
      "meets_target": true,
      "significantly_below": false,
      "mean_obj": -3.205244899499,
      "obj_se": 0.0032428124026924535,
      "mean_oracle_gap": 2.9678960244601558,
      "oracle_gap_se": 0.005750578265351469,
      "mean_rel_oracle_gap": 0.4806174960007744,
      "mean_excess_s": null,
      "selected_s_std": null,
      "failure_rate": 0.0,
      "n_failed": 0,
      "n_attempted": 500
    },
    "_n_replication_errors": 0
  },
  "_provenance": {
    "git_commit": "d34ff2286f94f415327062e8df3721cd49ec3996",
    "git_dirty": true,
    "versions": {
      "numpy": "2.5.1",
      "scipy": "1.18.0",
      "cvxpy": "1.9.2",
      "gurobipy": "13.0.2"
    },
    "timestamp": null
  }
}