{
  "key": "paper_dro_moment_n200_s0.5_d10",
  "config": "paper_dro_moment",
  "n": 200,
  "split": 0.5,
  "d": 10,
  "reps": 500,
  "alpha": null,
  "beta": null,
  "dgp_params": null,
  "folds": null,
  "mesh_p": null,
  "elapsed_s": 19.004902362823486,
  "summaries": {
    "NV": {
      "method": "NV",
      "n_reps": 500,
      "target": 0.95,
      "coverage": 1.0,
      "coverage_lo": 0.9923756595384479,
      "coverage_hi": 1.0,
      "coverage_gap": 0.050000000000000044,
      "meets_target": true,
      "significantly_below": false,
      "mean_obj": -3.3259907971427847,
      "obj_se": 0.004606343547925593,
      "mean_oracle_gap": -1.1546319456101627e-17,
      "oracle_gap_se": 1.4518291507082185e-17,
      "mean_rel_oracle_gap": -3.678474920173437e-18,
      "mean_excess_s": 0.0,
      "selected_s_std": 2.222669831529484e-16,
      "failure_rate": 0.0,
      "n_failed": 0
    },
    "UG": {
      "method": "UG",
      "n_reps": 500,
      "target": 0.95,
      "coverage": 1.0,
      "coverage_lo": 0.9923756595384479,
      "coverage_hi": 1.0,
      "coverage_gap": 0.050000000000000044,
      "meets_target": true,
      "significantly_below": false,
      "mean_obj": -3.3259907971427847,
      "obj_se": 0.004606343547925593,
      "mean_oracle_gap": -1.1546319456101627e-17,
      "oracle_gap_se": 1.4518291507082185e-17,
      "mean_rel_oracle_gap": -3.678474920173437e-18,
      "mean_excess_s": 0.0,
      "selected_s_std": 2.222669831529484e-16,
      "failure_rate": 0.0,
      "n_failed": 0
    },
    "NGS": {
      "method": "NGS",
      "n_reps": 500,
      "target": 0.95,
      "coverage": 1.0,
      "coverage_lo": 0.9923756595384479,
      "coverage_hi": 1.0,
      "coverage_gap": 0.050000000000000044,
      "meets_target": true,
      "significantly_below": false,
      "mean_obj": -3.3259907971427847,
      "obj_se": 0.004606343547925593,
      "mean_oracle_gap": -1.1546319456101627e-17,
      "oracle_gap_se": 1.4518291507082185e-17,
      "mean_rel_oracle_gap": -3.678474920173437e-18,
      "mean_excess_s": 0.0,
      "selected_s_std": 2.222669831529484e-16,
      "failure_rate": 0.0,
      "n_failed": 0
    },
    "UNGS": {
      "method": "UNGS",
      "n_reps": 500,
      "target": 0.95,
      "coverage": 1.0,
      "coverage_lo": 0.9923756595384479,
      "coverage_hi": 1.0,
      "coverage_gap": 0.050000000000000044,
      "meets_target": true,
      "significantly_below": false,
      "mean_obj": -3.3259907971427847,
      "obj_se": 0.004606343547925593,
      "mean_oracle_gap": -1.1546319456101627e-17,
      "oracle_gap_se": 1.4518291507082185e-17,
      "mean_rel_oracle_gap": -3.678474920173437e-18,
      "mean_excess_s": 0.0,
      "selected_s_std": 2.222669831529484e-16,
      "failure_rate": 0.0,
      "n_failed": 0
    },
    "benchmark": {
      "method": "benchmark",
      "n_reps": 500,
      "target": 0.95,
      "coverage": 1.0,
      "coverage_lo": 0.9923756595384479,
      "coverage_hi": 1.0,
      "coverage_gap": 0.050000000000000044,
      "meets_target": true,
      "significantly_below": false,
      "mean_obj": -1.5745949775021135,
      "obj_se": 0.0020933731333738948,
      "mean_oracle_gap": 1.7513958196406716,
      "oracle_gap_se": 0.003890723730866004,
      "mean_rel_oracle_gap": 0.5263605681904703,
      "mean_excess_s": NaN,
      "selected_s_std": NaN,
      "failure_rate": 0.0,
      "n_failed": 0
    },
    "_n_replication_errors": 0
  }
}