{
  "key": "paper_dro_moment_n200_d5",
  "config": "paper_dro_moment",
  "n": 200,
  "split": 0.5,
  "d": 5,
  "reps": 500,
  "alpha": null,
  "beta": null,
  "dgp_params": null,
  "folds": null,
  "mesh_p": null,
  "elapsed_s": 3.970323085784912,
  "summaries": {
    "NV": {
      "method": "NV",
      "n_reps": 500,
      "target": 0.95,
      "coverage": 1.0,
      "coverage_lo": 0.9923756595384479,
      "coverage_hi": 1.0,
      "coverage_gap": 0.050000000000000044,
      "meets_target": true,
      "significantly_below": false,
      "mean_obj": -2.6366418405042706,
      "obj_se": 0.0049039626610124405,
      "mean_oracle_gap": -4.440892098500626e-18,
      "oracle_gap_se": 1.0480070923117205e-17,
      "mean_rel_oracle_gap": -1.6557651749402195e-18,
      "mean_excess_s": 0.0,
      "selected_s_std": 0.0,
      "failure_rate": 0.0,
      "n_failed": 0,
      "n_attempted": 500
    },
    "UG": {
      "method": "UG",
      "n_reps": 500,
      "target": 0.95,
      "coverage": 1.0,
      "coverage_lo": 0.9923756595384479,
      "coverage_hi": 1.0,
      "coverage_gap": 0.050000000000000044,
      "meets_target": true,
      "significantly_below": false,
      "mean_obj": -2.6366418405042706,
      "obj_se": 0.0049039626610124405,
      "mean_oracle_gap": -4.440892098500626e-18,
      "oracle_gap_se": 1.0480070923117205e-17,
      "mean_rel_oracle_gap": -1.6557651749402195e-18,
      "mean_excess_s": 0.0,
      "selected_s_std": 0.0,
      "failure_rate": 0.0,
      "n_failed": 0,
      "n_attempted": 500
    },
    "NGS": {
      "method": "NGS",
      "n_reps": 500,
      "target": 0.95,
      "coverage": 1.0,
      "coverage_lo": 0.9923756595384479,
      "coverage_hi": 1.0,
      "coverage_gap": 0.050000000000000044,
      "meets_target": true,
      "significantly_below": false,
      "mean_obj": -2.6366418405042706,
      "obj_se": 0.0049039626610124405,
      "mean_oracle_gap": -4.440892098500626e-18,
      "oracle_gap_se": 1.0480070923117205e-17,
      "mean_rel_oracle_gap": -1.6557651749402195e-18,
      "mean_excess_s": 0.0,
      "selected_s_std": 0.0,
      "failure_rate": 0.0,
      "n_failed": 0,
      "n_attempted": 500
    },
    "UNGS": {
      "method": "UNGS",
      "n_reps": 500,
      "target": 0.95,
      "coverage": 1.0,
      "coverage_lo": 0.9923756595384479,
      "coverage_hi": 1.0,
      "coverage_gap": 0.050000000000000044,
      "meets_target": true,
      "significantly_below": false,
      "mean_obj": -2.6366418405042706,
      "obj_se": 0.0049039626610124405,
      "mean_oracle_gap": -4.440892098500626e-18,
      "oracle_gap_se": 1.0480070923117205e-17,
      "mean_rel_oracle_gap": -1.6557651749402195e-18,
      "mean_excess_s": 0.0,
      "selected_s_std": 0.0,
      "failure_rate": 0.0,
      "n_failed": 0,
      "n_attempted": 500
    },
    "benchmark": {
      "method": "benchmark",
      "n_reps": 500,
      "target": 0.95,
      "coverage": 1.0,
      "coverage_lo": 0.9923756595384479,
      "coverage_hi": 1.0,
      "coverage_gap": 0.050000000000000044,
      "meets_target": true,
      "significantly_below": false,
      "mean_obj": -1.853123424178211,
      "obj_se": 0.0023487216317527844,
      "mean_oracle_gap": 0.7835184163260597,
      "oracle_gap_se": 0.004130080061521467,
      "mean_rel_oracle_gap": 0.29640782935545523,
      "mean_excess_s": null,
      "selected_s_std": null,
      "failure_rate": 0.0,
      "n_failed": 0,
      "n_attempted": 500
    },
    "_n_replication_errors": 0
  },
  "_provenance": {
    "git_commit": "d34ff2286f94f415327062e8df3721cd49ec3996",
    "git_dirty": true,
    "versions": {
      "numpy": "2.5.1",
      "scipy": "1.18.0",
      "cvxpy": "1.9.2",
      "gurobipy": "13.0.2"
    },
    "timestamp": null
  }
}