{
  "key": "paper_dro_moment_n200_s0.9_d10",
  "config": "paper_dro_moment",
  "n": 200,
  "split": 0.9,
  "d": 10,
  "reps": 500,
  "alpha": null,
  "beta": null,
  "dgp_params": null,
  "folds": null,
  "mesh_p": null,
  "elapsed_s": 18.686173677444458,
  "summaries": {
    "NV": {
      "method": "NV",
      "n_reps": 500,
      "target": 0.95,
      "coverage": 1.0,
      "coverage_lo": 0.9923756595384479,
      "coverage_hi": 1.0,
      "coverage_gap": 0.050000000000000044,
      "meets_target": true,
      "significantly_below": false,
      "mean_obj": -3.319293253722887,
      "obj_se": 0.0035687969761539775,
      "mean_oracle_gap": 7.105427357601002e-18,
      "oracle_gap_se": 1.3940857344349076e-17,
      "mean_rel_oracle_gap": 2.452885081253109e-18,
      "mean_excess_s": 0.0,
      "selected_s_std": 2.222669831529484e-16,
      "failure_rate": 0.0,
      "n_failed": 0
    },
    "UG": {
      "method": "UG",
      "n_reps": 500,
      "target": 0.95,
      "coverage": 1.0,
      "coverage_lo": 0.9923756595384479,
      "coverage_hi": 1.0,
      "coverage_gap": 0.050000000000000044,
      "meets_target": true,
      "significantly_below": false,
      "mean_obj": -3.319293253722887,
      "obj_se": 0.0035687969761539775,
      "mean_oracle_gap": 7.105427357601002e-18,
      "oracle_gap_se": 1.3940857344349076e-17,
      "mean_rel_oracle_gap": 2.452885081253109e-18,
      "mean_excess_s": 0.0,
      "selected_s_std": 2.222669831529484e-16,
      "failure_rate": 0.0,
      "n_failed": 0
    },
    "NGS": {
      "method": "NGS",
      "n_reps": 500,
      "target": 0.95,
      "coverage": 1.0,
      "coverage_lo": 0.9923756595384479,
      "coverage_hi": 1.0,
      "coverage_gap": 0.050000000000000044,
      "meets_target": true,
      "significantly_below": false,
      "mean_obj": -3.319293253722887,
      "obj_se": 0.0035687969761539775,
      "mean_oracle_gap": 7.105427357601002e-18,
      "oracle_gap_se": 1.3940857344349076e-17,
      "mean_rel_oracle_gap": 2.452885081253109e-18,
      "mean_excess_s": 0.0,
      "selected_s_std": 2.222669831529484e-16,
      "failure_rate": 0.0,
      "n_failed": 0
    },
    "UNGS": {
      "method": "UNGS",
      "n_reps": 500,
      "target": 0.95,
      "coverage": 1.0,
      "coverage_lo": 0.9923756595384479,
      "coverage_hi": 1.0,
      "coverage_gap": 0.050000000000000044,
      "meets_target": true,
      "significantly_below": false,
      "mean_obj": -3.319293253722887,
      "obj_se": 0.0035687969761539775,
      "mean_oracle_gap": 7.105427357601002e-18,
      "oracle_gap_se": 1.3940857344349076e-17,
      "mean_rel_oracle_gap": 2.452885081253109e-18,
      "mean_excess_s": 0.0,
      "selected_s_std": 2.222669831529484e-16,
      "failure_rate": 0.0,
      "n_failed": 0
    },
    "benchmark": {
      "method": "benchmark",
      "n_reps": 500,
      "target": 0.95,
      "coverage": 1.0,
      "coverage_lo": 0.9923756595384479,
      "coverage_hi": 1.0,
      "coverage_gap": 0.050000000000000044,
      "meets_target": true,
      "significantly_below": false,
      "mean_obj": -1.5806618257512222,
      "obj_se": 0.002221926193024486,
      "mean_oracle_gap": 1.7386314279716653,
      "oracle_gap_se": 0.0023517254716488023,
      "mean_rel_oracle_gap": 0.5237962234243726,
      "mean_excess_s": NaN,
      "selected_s_std": NaN,
      "failure_rate": 0.0,
      "n_failed": 0
    },
    "_n_replication_errors": 0
  }
}