{
  "key": "paper_dro_moment_n200_d10_a0.05",
  "config": "paper_dro_moment",
  "n": 200,
  "split": 0.5,
  "d": 10,
  "reps": 500,
  "alpha": 0.05,
  "beta": null,
  "dgp_params": null,
  "folds": null,
  "mesh_p": null,
  "elapsed_s": 16.96963381767273,
  "summaries": {
    "NV": {
      "method": "NV",
      "n_reps": 500,
      "target": 0.95,
      "coverage": 1.0,
      "coverage_lo": 0.9923756595384479,
      "coverage_hi": 1.0,
      "coverage_gap": 0.050000000000000044,
      "meets_target": true,
      "significantly_below": false,
      "mean_obj": -2.5585984342411274,
      "obj_se": 0.004095433077705234,
      "mean_oracle_gap": -7.105427357601002e-18,
      "oracle_gap_se": 9.895130381256292e-18,
      "mean_rel_oracle_gap": -2.6986714252148504e-18,
      "mean_excess_s": 0.0,
      "selected_s_std": 2.222669831529484e-16,
      "failure_rate": 0.0,
      "n_failed": 0
    },
    "UG": {
      "method": "UG",
      "n_reps": 500,
      "target": 0.95,
      "coverage": 1.0,
      "coverage_lo": 0.9923756595384479,
      "coverage_hi": 1.0,
      "coverage_gap": 0.050000000000000044,
      "meets_target": true,
      "significantly_below": false,
      "mean_obj": -2.5585984342411274,
      "obj_se": 0.004095433077705234,
      "mean_oracle_gap": -7.105427357601002e-18,
      "oracle_gap_se": 9.895130381256292e-18,
      "mean_rel_oracle_gap": -2.6986714252148504e-18,
      "mean_excess_s": 0.0,
      "selected_s_std": 2.222669831529484e-16,
      "failure_rate": 0.0,
      "n_failed": 0
    },
    "NGS": {
      "method": "NGS",
      "n_reps": 500,
      "target": 0.95,
      "coverage": 1.0,
      "coverage_lo": 0.9923756595384479,
      "coverage_hi": 1.0,
      "coverage_gap": 0.050000000000000044,
      "meets_target": true,
      "significantly_below": false,
      "mean_obj": -2.5585984342411274,
      "obj_se": 0.004095433077705234,
      "mean_oracle_gap": -7.105427357601002e-18,
      "oracle_gap_se": 9.895130381256292e-18,
      "mean_rel_oracle_gap": -2.6986714252148504e-18,
      "mean_excess_s": 0.0,
      "selected_s_std": 2.222669831529484e-16,
      "failure_rate": 0.0,
      "n_failed": 0
    },
    "UNGS": {
      "method": "UNGS",
      "n_reps": 500,
      "target": 0.95,
      "coverage": 1.0,
      "coverage_lo": 0.9923756595384479,
      "coverage_hi": 1.0,
      "coverage_gap": 0.050000000000000044,
      "meets_target": true,
      "significantly_below": false,
      "mean_obj": -2.5585984342411274,
      "obj_se": 0.004095433077705234,
      "mean_oracle_gap": -7.105427357601002e-18,
      "oracle_gap_se": 9.895130381256292e-18,
      "mean_rel_oracle_gap": -2.6986714252148504e-18,
      "mean_excess_s": 0.0,
      "selected_s_std": 2.222669831529484e-16,
      "failure_rate": 0.0,
      "n_failed": 0
    },
    "benchmark": {
      "method": "benchmark",
      "n_reps": 500,
      "target": 0.95,
      "coverage": 1.0,
      "coverage_lo": 0.9923756595384479,
      "coverage_hi": 1.0,
      "coverage_gap": 0.050000000000000044,
      "meets_target": true,
      "significantly_below": false,
      "mean_obj": -1.0922979546930578,
      "obj_se": 0.001568189176808001,
      "mean_oracle_gap": 1.4663004795480694,
      "oracle_gap_se": 0.00347654509214551,
      "mean_rel_oracle_gap": 0.5728148350623016,
      "mean_excess_s": NaN,
      "selected_s_std": NaN,
      "failure_rate": 0.0,
      "n_failed": 0
    },
    "_n_replication_errors": 0
  }
}