{
  "key": "paper_dro_moment_n200_d10_t6",
  "config": "paper_dro_moment",
  "n": 200,
  "split": 0.5,
  "d": 10,
  "reps": 500,
  "alpha": null,
  "beta": null,
  "dgp_params": {
    "kind": "multivariate_t",
    "df": 6
  },
  "folds": null,
  "mesh_p": null,
  "elapsed_s": 19.23112463951111,
  "summaries": {
    "NV": {
      "method": "NV",
      "n_reps": 500,
      "target": 0.95,
      "coverage": 1.0,
      "coverage_lo": 0.9923756595384479,
      "coverage_hi": 1.0,
      "coverage_gap": 0.050000000000000044,
      "meets_target": true,
      "significantly_below": false,
      "mean_obj": -3.332905477592437,
      "obj_se": 0.006484034696213599,
      "mean_oracle_gap": -2.398081733190338e-17,
      "oracle_gap_se": 1.2432399939885202e-17,
      "mean_rel_oracle_gap": -7.366402237479801e-18,
      "mean_excess_s": 0.0,
      "selected_s_std": 2.222669831529484e-16,
      "failure_rate": 0.0,
      "n_failed": 0
    },
    "UG": {
      "method": "UG",
      "n_reps": 500,
      "target": 0.95,
      "coverage": 1.0,
      "coverage_lo": 0.9923756595384479,
      "coverage_hi": 1.0,
      "coverage_gap": 0.050000000000000044,
      "meets_target": true,
      "significantly_below": false,
      "mean_obj": -3.332905477592437,
      "obj_se": 0.006484034696213599,
      "mean_oracle_gap": -2.398081733190338e-17,
      "oracle_gap_se": 1.2432399939885202e-17,
      "mean_rel_oracle_gap": -7.366402237479801e-18,
      "mean_excess_s": 0.0,
      "selected_s_std": 2.222669831529484e-16,
      "failure_rate": 0.0,
      "n_failed": 0
    },
    "NGS": {
      "method": "NGS",
      "n_reps": 500,
      "target": 0.95,
      "coverage": 1.0,
      "coverage_lo": 0.9923756595384479,
      "coverage_hi": 1.0,
      "coverage_gap": 0.050000000000000044,
      "meets_target": true,
      "significantly_below": false,
      "mean_obj": -3.332905477592437,
      "obj_se": 0.006484034696213599,
      "mean_oracle_gap": -2.398081733190338e-17,
      "oracle_gap_se": 1.2432399939885202e-17,
      "mean_rel_oracle_gap": -7.366402237479801e-18,
      "mean_excess_s": 0.0,
      "selected_s_std": 2.222669831529484e-16,
      "failure_rate": 0.0,
      "n_failed": 0
    },
    "UNGS": {
      "method": "UNGS",
      "n_reps": 500,
      "target": 0.95,
      "coverage": 1.0,
      "coverage_lo": 0.9923756595384479,
      "coverage_hi": 1.0,
      "coverage_gap": 0.050000000000000044,
      "meets_target": true,
      "significantly_below": false,
      "mean_obj": -3.332905477592437,
      "obj_se": 0.006484034696213599,
      "mean_oracle_gap": -2.398081733190338e-17,
      "oracle_gap_se": 1.2432399939885202e-17,
      "mean_rel_oracle_gap": -7.366402237479801e-18,
      "mean_excess_s": 0.0,
      "selected_s_std": 2.222669831529484e-16,
      "failure_rate": 0.0,
      "n_failed": 0
    },
    "benchmark": {
      "method": "benchmark",
      "n_reps": 500,
      "target": 0.95,
      "coverage": 1.0,
      "coverage_lo": 0.9923756595384479,
      "coverage_hi": 1.0,
      "coverage_gap": 0.050000000000000044,
      "meets_target": true,
      "significantly_below": false,
      "mean_obj": -1.519647115218435,
      "obj_se": 0.003566551033393259,
      "mean_oracle_gap": 1.8132583623740022,
      "oracle_gap_se": 0.005147202314386399,
      "mean_rel_oracle_gap": 0.5438254311461749,
      "mean_excess_s": NaN,
      "selected_s_std": NaN,
      "failure_rate": 0.0,
      "n_failed": 0
    },
    "_n_replication_errors": 0
  }
}