{
  "key": "paper_dro_moment_n200_s0.1_d10",
  "config": "paper_dro_moment",
  "n": 200,
  "split": 0.1,
  "d": 10,
  "reps": 500,
  "alpha": null,
  "beta": null,
  "dgp_params": null,
  "folds": null,
  "mesh_p": null,
  "elapsed_s": 11.605127811431885,
  "summaries": {
    "NV": {
      "method": "NV",
      "n_reps": 500,
      "target": 0.95,
      "coverage": 0.994,
      "coverage_lo": 0.9825097478959467,
      "coverage_hi": 0.9979574037280398,
      "coverage_gap": 0.04400000000000004,
      "meets_target": true,
      "significantly_below": false,
      "mean_obj": -6.726967566949714,
      "obj_se": 0.024716554580248302,
      "mean_oracle_gap": 0.019243170328018856,
      "oracle_gap_se": 0.016793667713351394,
      "mean_rel_oracle_gap": 0.0014193431154143202,
      "mean_excess_s": 0.0009885008022925447,
      "selected_s_std": 0.02109931048452936,
      "failure_rate": 0.0,
      "n_failed": 0,
      "n_attempted": 500
    },
    "UG": {
      "method": "UG",
      "n_reps": 500,
      "target": 0.95,
      "coverage": 0.998,
      "coverage_lo": 0.9887592932948532,
      "coverage_hi": 0.9996468636054407,
      "coverage_gap": 0.04800000000000004,
      "meets_target": true,
      "significantly_below": false,
      "mean_obj": -6.5297764302292505,
      "obj_se": 0.029708137769132562,
      "mean_oracle_gap": 0.2164343070484826,
      "oracle_gap_se": 0.03300345477892302,
      "mean_rel_oracle_gap": 0.028233336041895568,
      "mean_excess_s": 0.01037925842407172,
      "selected_s_std": 0.03807531110339651,
      "failure_rate": 0.0,
      "n_failed": 0,
      "n_attempted": 500
    },
    "NGS": {
      "method": "NGS",
      "n_reps": 500,
      "target": 0.95,
      "coverage": 0.998,
      "coverage_lo": 0.9887592932948532,
      "coverage_hi": 0.9996468636054407,
      "coverage_gap": 0.04800000000000004,
      "meets_target": true,
      "significantly_below": false,
      "mean_obj": -6.5297764302292505,
      "obj_se": 0.029708137769132562,
      "mean_oracle_gap": 0.2164343070484826,
      "oracle_gap_se": 0.03300345477892302,
      "mean_rel_oracle_gap": 0.028233336041895568,
      "mean_excess_s": 0.01037925842407172,
      "selected_s_std": 0.03807531110339651,
      "failure_rate": 0.0,
      "n_failed": 0,
      "n_attempted": 500
    },
    "UNGS": {
      "method": "UNGS",
      "n_reps": 500,
      "target": 0.95,
      "coverage": 0.998,
      "coverage_lo": 0.9887592932948532,
      "coverage_hi": 0.9996468636054407,
      "coverage_gap": 0.04800000000000004,
      "meets_target": true,
      "significantly_below": false,
      "mean_obj": -6.5297764302292505,
      "obj_se": 0.029708137769132562,
      "mean_oracle_gap": 0.2164343070484826,
      "oracle_gap_se": 0.03300345477892302,
      "mean_rel_oracle_gap": 0.028233336041895568,
      "mean_excess_s": 0.01037925842407172,
      "selected_s_std": 0.03807531110339651,
      "failure_rate": 0.0,
      "n_failed": 0,
      "n_attempted": 500
    },
    "benchmark": {
      "method": "benchmark",
      "n_reps": 500,
      "target": 0.95,
      "coverage": 1.0,
      "coverage_lo": 0.9923756595384479,
      "coverage_hi": 1.0,
      "coverage_gap": 0.050000000000000044,
      "meets_target": true,
      "significantly_below": false,
      "mean_obj": -3.2007079552793973,
      "obj_se": 0.0033201611337770427,
      "mean_oracle_gap": 3.5455027819983345,
      "oracle_gap_se": 0.023821449095104714,
      "mean_rel_oracle_gap": 0.522532221195772,
      "mean_excess_s": null,
      "selected_s_std": null,
      "failure_rate": 0.0,
      "n_failed": 0,
      "n_attempted": 500
    },
    "_n_replication_errors": 0
  },
  "_provenance": {
    "git_commit": "d34ff2286f94f415327062e8df3721cd49ec3996",
    "git_dirty": true,
    "versions": {
      "numpy": "2.5.1",
      "scipy": "1.18.0",
      "cvxpy": "1.9.2",
      "gurobipy": "13.0.2"
    },
    "timestamp": null
  }
}