{
  "key": "paper_dro_moment_n200_d10_t3",
  "config": "paper_dro_moment",
  "n": 200,
  "split": 0.5,
  "d": 10,
  "reps": 500,
  "alpha": null,
  "beta": null,
  "dgp_params": {
    "kind": "multivariate_t",
    "df": 3
  },
  "folds": null,
  "mesh_p": null,
  "elapsed_s": 24.694512367248535,
  "summaries": {
    "NV": {
      "method": "NV",
      "n_reps": 500,
      "target": 0.95,
      "coverage": 1.0,
      "coverage_lo": 0.9923756595384479,
      "coverage_hi": 1.0,
      "coverage_gap": 0.050000000000000044,
      "meets_target": true,
      "significantly_below": false,
      "mean_obj": -3.4163928520290545,
      "obj_se": 0.010298684828142834,
      "mean_oracle_gap": -1.4210854715202004e-17,
      "oracle_gap_se": 1.3409549643825401e-17,
      "mean_rel_oracle_gap": -4.450938543424202e-18,
      "mean_excess_s": 0.0,
      "selected_s_std": 2.222669831529484e-16,
      "failure_rate": 0.0,
      "n_failed": 0
    },
    "UG": {
      "method": "UG",
      "n_reps": 500,
      "target": 0.95,
      "coverage": 1.0,
      "coverage_lo": 0.9923756595384479,
      "coverage_hi": 1.0,
      "coverage_gap": 0.050000000000000044,
      "meets_target": true,
      "significantly_below": false,
      "mean_obj": -3.4163928520290545,
      "obj_se": 0.010298684828142834,
      "mean_oracle_gap": -1.4210854715202004e-17,
      "oracle_gap_se": 1.3409549643825401e-17,
      "mean_rel_oracle_gap": -4.450938543424202e-18,
      "mean_excess_s": 0.0,
      "selected_s_std": 2.222669831529484e-16,
      "failure_rate": 0.0,
      "n_failed": 0
    },
    "NGS": {
      "method": "NGS",
      "n_reps": 500,
      "target": 0.95,
      "coverage": 1.0,
      "coverage_lo": 0.9923756595384479,
      "coverage_hi": 1.0,
      "coverage_gap": 0.050000000000000044,
      "meets_target": true,
      "significantly_below": false,
      "mean_obj": -3.4163928520290545,
      "obj_se": 0.010298684828142834,
      "mean_oracle_gap": -1.4210854715202004e-17,
      "oracle_gap_se": 1.3409549643825401e-17,
      "mean_rel_oracle_gap": -4.450938543424202e-18,
      "mean_excess_s": 0.0,
      "selected_s_std": 2.222669831529484e-16,
      "failure_rate": 0.0,
      "n_failed": 0
    },
    "UNGS": {
      "method": "UNGS",
      "n_reps": 500,
      "target": 0.95,
      "coverage": 1.0,
      "coverage_lo": 0.9923756595384479,
      "coverage_hi": 1.0,
      "coverage_gap": 0.050000000000000044,
      "meets_target": true,
      "significantly_below": false,
      "mean_obj": -3.4163928520290545,
      "obj_se": 0.010298684828142834,
      "mean_oracle_gap": -1.4210854715202004e-17,
      "oracle_gap_se": 1.3409549643825401e-17,
      "mean_rel_oracle_gap": -4.450938543424202e-18,
      "mean_excess_s": 0.0,
      "selected_s_std": 2.222669831529484e-16,
      "failure_rate": 0.0,
      "n_failed": 0
    },
    "benchmark": {
      "method": "benchmark",
      "n_reps": 500,
      "target": 0.95,
      "coverage": 1.0,
      "coverage_lo": 0.9923756595384479,
      "coverage_hi": 1.0,
      "coverage_gap": 0.050000000000000044,
      "meets_target": true,
      "significantly_below": false,
      "mean_obj": -1.5118982090609832,
      "obj_se": 0.006403995502612374,
      "mean_oracle_gap": 1.9044946429680716,
      "oracle_gap_se": 0.008246763041593155,
      "mean_rel_oracle_gap": 0.557176768431804,
      "mean_excess_s": NaN,
      "selected_s_std": NaN,
      "failure_rate": 0.0,
      "n_failed": 0
    },
    "_n_replication_errors": 0
  }
}