{
  "key": "paper_dro_moment_n200_d15",
  "config": "paper_dro_moment",
  "n": 200,
  "split": 0.5,
  "d": 15,
  "reps": 500,
  "alpha": null,
  "beta": null,
  "dgp_params": null,
  "folds": null,
  "mesh_p": null,
  "elapsed_s": 151.11420726776123,
  "summaries": {
    "NV": {
      "method": "NV",
      "n_reps": 500,
      "target": 0.95,
      "coverage": 1.0,
      "coverage_lo": 0.9923756595384479,
      "coverage_hi": 1.0,
      "coverage_gap": 0.050000000000000044,
      "meets_target": true,
      "significantly_below": false,
      "mean_obj": -4.33076673318814,
      "obj_se": 0.005789916364524581,
      "mean_oracle_gap": -2.3092638912203255e-17,
      "oracle_gap_se": 2.1386621056275754e-17,
      "mean_rel_oracle_gap": -5.268995836591665e-18,
      "mean_excess_s": 0.0,
      "selected_s_std": 0.0,
      "failure_rate": 0.0,
      "n_failed": 0
    },
    "UG": {
      "method": "UG",
      "n_reps": 500,
      "target": 0.95,
      "coverage": 1.0,
      "coverage_lo": 0.9923756595384479,
      "coverage_hi": 1.0,
      "coverage_gap": 0.050000000000000044,
      "meets_target": true,
      "significantly_below": false,
      "mean_obj": -4.33076673318814,
      "obj_se": 0.005789916364524581,
      "mean_oracle_gap": -2.3092638912203255e-17,
      "oracle_gap_se": 2.1386621056275754e-17,
      "mean_rel_oracle_gap": -5.268995836591665e-18,
      "mean_excess_s": 0.0,
      "selected_s_std": 0.0,
      "failure_rate": 0.0,
      "n_failed": 0
    },
    "NGS": {
      "method": "NGS",
      "n_reps": 500,
      "target": 0.95,
      "coverage": 1.0,
      "coverage_lo": 0.9923756595384479,
      "coverage_hi": 1.0,
      "coverage_gap": 0.050000000000000044,
      "meets_target": true,
      "significantly_below": false,
      "mean_obj": -4.33076673318814,
      "obj_se": 0.005789916364524581,
      "mean_oracle_gap": -2.3092638912203255e-17,
      "oracle_gap_se": 2.1386621056275754e-17,
      "mean_rel_oracle_gap": -5.268995836591665e-18,
      "mean_excess_s": 0.0,
      "selected_s_std": 0.0,
      "failure_rate": 0.0,
      "n_failed": 0
    },
    "UNGS": {
      "method": "UNGS",
      "n_reps": 500,
      "target": 0.95,
      "coverage": 1.0,
      "coverage_lo": 0.9923756595384479,
      "coverage_hi": 1.0,
      "coverage_gap": 0.050000000000000044,
      "meets_target": true,
      "significantly_below": false,
      "mean_obj": -4.33076673318814,
      "obj_se": 0.005789916364524581,
      "mean_oracle_gap": -2.3092638912203255e-17,
      "oracle_gap_se": 2.1386621056275754e-17,
      "mean_rel_oracle_gap": -5.268995836591665e-18,
      "mean_excess_s": 0.0,
      "selected_s_std": 0.0,
      "failure_rate": 0.0,
      "n_failed": 0
    },
    "benchmark": {
      "method": "benchmark",
      "n_reps": 500,
      "target": 0.95,
      "coverage": 1.0,
      "coverage_lo": 0.9923756595384479,
      "coverage_hi": 1.0,
      "coverage_gap": 0.050000000000000044,
      "meets_target": true,
      "significantly_below": false,
      "mean_obj": -2.065748397969057,
      "obj_se": 0.0031515441838925644,
      "mean_oracle_gap": 2.2650183352190845,
      "oracle_gap_se": 0.004981729277216132,
      "mean_rel_oracle_gap": 0.5228295598586856,
      "mean_excess_s": NaN,
      "selected_s_std": NaN,
      "failure_rate": 0.0,
      "n_failed": 0
    },
    "_n_replication_errors": 0
  }
}