{
  "key": "paper_dro_moment_n500_d10",
  "config": "paper_dro_moment",
  "n": 500,
  "split": 0.5,
  "d": 10,
  "reps": 500,
  "alpha": null,
  "beta": null,
  "dgp_params": null,
  "folds": null,
  "mesh_p": null,
  "elapsed_s": 18.085838794708252,
  "summaries": {
    "NV": {
      "method": "NV",
      "n_reps": 500,
      "target": 0.95,
      "coverage": 1.0,
      "coverage_lo": 0.9923756595384479,
      "coverage_hi": 1.0,
      "coverage_gap": 0.050000000000000044,
      "meets_target": true,
      "significantly_below": false,
      "mean_obj": -3.3036775989024174,
      "obj_se": 0.0030356763418343006,
      "mean_oracle_gap": -4.440892098500626e-18,
      "oracle_gap_se": 1.50604538874418e-17,
      "mean_rel_oracle_gap": -1.32544840857567e-18,
      "mean_excess_s": 0.0,
      "selected_s_std": 2.222669831529484e-16,
      "failure_rate": 0.0,
      "n_failed": 0
    },
    "UG": {
      "method": "UG",
      "n_reps": 500,
      "target": 0.95,
      "coverage": 1.0,
      "coverage_lo": 0.9923756595384479,
      "coverage_hi": 1.0,
      "coverage_gap": 0.050000000000000044,
      "meets_target": true,
      "significantly_below": false,
      "mean_obj": -3.3036775989024174,
      "obj_se": 0.0030356763418343006,
      "mean_oracle_gap": -4.440892098500626e-18,
      "oracle_gap_se": 1.50604538874418e-17,
      "mean_rel_oracle_gap": -1.32544840857567e-18,
      "mean_excess_s": 0.0,
      "selected_s_std": 2.222669831529484e-16,
      "failure_rate": 0.0,
      "n_failed": 0
    },
    "NGS": {
      "method": "NGS",
      "n_reps": 500,
      "target": 0.95,
      "coverage": 1.0,
      "coverage_lo": 0.9923756595384479,
      "coverage_hi": 1.0,
      "coverage_gap": 0.050000000000000044,
      "meets_target": true,
      "significantly_below": false,
      "mean_obj": -3.3036775989024174,
      "obj_se": 0.0030356763418343006,
      "mean_oracle_gap": -4.440892098500626e-18,
      "oracle_gap_se": 1.50604538874418e-17,
      "mean_rel_oracle_gap": -1.32544840857567e-18,
      "mean_excess_s": 0.0,
      "selected_s_std": 2.222669831529484e-16,
      "failure_rate": 0.0,
      "n_failed": 0
    },
    "UNGS": {
      "method": "UNGS",
      "n_reps": 500,
      "target": 0.95,
      "coverage": 1.0,
      "coverage_lo": 0.9923756595384479,
      "coverage_hi": 1.0,
      "coverage_gap": 0.050000000000000044,
      "meets_target": true,
      "significantly_below": false,
      "mean_obj": -3.3036775989024174,
      "obj_se": 0.0030356763418343006,
      "mean_oracle_gap": -4.440892098500626e-18,
      "oracle_gap_se": 1.50604538874418e-17,
      "mean_rel_oracle_gap": -1.32544840857567e-18,
      "mean_excess_s": 0.0,
      "selected_s_std": 2.222669831529484e-16,
      "failure_rate": 0.0,
      "n_failed": 0
    },
    "benchmark": {
      "method": "benchmark",
      "n_reps": 500,
      "target": 0.95,
      "coverage": 1.0,
      "coverage_lo": 0.9923756595384479,
      "coverage_hi": 1.0,
      "coverage_gap": 0.050000000000000044,
      "meets_target": true,
      "significantly_below": false,
      "mean_obj": -1.5518881125575648,
      "obj_se": 0.0013278509486370636,
      "mean_oracle_gap": 1.7517894863448529,
      "oracle_gap_se": 0.0024964155511490323,
      "mean_rel_oracle_gap": 0.5301647555165284,
      "mean_excess_s": NaN,
      "selected_s_std": NaN,
      "failure_rate": 0.0,
      "n_failed": 0
    },
    "_n_replication_errors": 0
  }
}