{
  "key": "paper_dro_moment_n200_s0.8_d10",
  "config": "paper_dro_moment",
  "n": 200,
  "split": 0.8,
  "d": 10,
  "reps": 500,
  "alpha": null,
  "beta": null,
  "dgp_params": null,
  "folds": null,
  "mesh_p": null,
  "elapsed_s": 7.013068199157715,
  "summaries": {
    "NV": {
      "method": "NV",
      "n_reps": 500,
      "target": 0.95,
      "coverage": 1.0,
      "coverage_lo": 0.9923756595384479,
      "coverage_hi": 1.0,
      "coverage_gap": 0.050000000000000044,
      "meets_target": true,
      "significantly_below": false,
      "mean_obj": -6.17911724380374,
      "obj_se": 0.0075711633187359895,
      "mean_oracle_gap": 4.9737991503207014e-17,
      "oracle_gap_se": 3.319127676692639e-17,
      "mean_rel_oracle_gap": 7.985931965914776e-18,
      "mean_excess_s": 0.0,
      "selected_s_std": 0.0,
      "failure_rate": 0.0,
      "n_failed": 0,
      "n_attempted": 500
    },
    "UG": {
      "method": "UG",
      "n_reps": 500,
      "target": 0.95,
      "coverage": 1.0,
      "coverage_lo": 0.9923756595384479,
      "coverage_hi": 1.0,
      "coverage_gap": 0.050000000000000044,
      "meets_target": true,
      "significantly_below": false,
      "mean_obj": -6.1646691662432955,
      "obj_se": 0.008577543337439954,
      "mean_oracle_gap": 0.014448077560444127,
      "oracle_gap_se": 0.005443058589169623,
      "mean_rel_oracle_gap": 0.002255929643698325,
      "mean_excess_s": 0.000611603667945726,
      "selected_s_std": 0.005137824321893699,
      "failure_rate": 0.0,
      "n_failed": 0,
      "n_attempted": 500
    },
    "NGS": {
      "method": "NGS",
      "n_reps": 500,
      "target": 0.95,
      "coverage": 1.0,
      "coverage_lo": 0.9923756595384479,
      "coverage_hi": 1.0,
      "coverage_gap": 0.050000000000000044,
      "meets_target": true,
      "significantly_below": false,
      "mean_obj": -6.1646691662432955,
      "obj_se": 0.008577543337439954,
      "mean_oracle_gap": 0.014448077560444127,
      "oracle_gap_se": 0.005443058589169623,
      "mean_rel_oracle_gap": 0.002255929643698325,
      "mean_excess_s": 0.000611603667945726,
      "selected_s_std": 0.005137824321893699,
      "failure_rate": 0.0,
      "n_failed": 0,
      "n_attempted": 500
    },
    "UNGS": {
      "method": "UNGS",
      "n_reps": 500,
      "target": 0.95,
      "coverage": 1.0,
      "coverage_lo": 0.9923756595384479,
      "coverage_hi": 1.0,
      "coverage_gap": 0.050000000000000044,
      "meets_target": true,
      "significantly_below": false,
      "mean_obj": -6.1646691662432955,
      "obj_se": 0.008577543337439954,
      "mean_oracle_gap": 0.014448077560444127,
      "oracle_gap_se": 0.005443058589169623,
      "mean_rel_oracle_gap": 0.002255929643698325,
      "mean_excess_s": 0.000611603667945726,
      "selected_s_std": 0.005137824321893699,
      "failure_rate": 0.0,
      "n_failed": 0,
      "n_attempted": 500
    },
    "benchmark": {
      "method": "benchmark",
      "n_reps": 500,
      "target": 0.95,
      "coverage": 1.0,
      "coverage_lo": 0.9923756595384479,
      "coverage_hi": 1.0,
      "coverage_gap": 0.050000000000000044,
      "meets_target": true,
      "significantly_below": false,
      "mean_obj": -3.202211171967858,
      "obj_se": 0.0032424801912420555,
      "mean_oracle_gap": 2.976906071835882,
      "oracle_gap_se": 0.006382172191190918,
      "mean_rel_oracle_gap": 0.48155913417392304,
      "mean_excess_s": null,
      "selected_s_std": null,
      "failure_rate": 0.0,
      "n_failed": 0,
      "n_attempted": 500
    },
    "_n_replication_errors": 0
  },
  "_provenance": {
    "git_commit": "d34ff2286f94f415327062e8df3721cd49ec3996",
    "git_dirty": true,
    "versions": {
      "numpy": "2.5.1",
      "scipy": "1.18.0",
      "cvxpy": "1.9.2",
      "gurobipy": "13.0.2"
    },
    "timestamp": null
  }
}