{
  "key": "paper_dro_moment_n200_s0.2_d10",
  "config": "paper_dro_moment",
  "n": 200,
  "split": 0.2,
  "d": 10,
  "reps": 500,
  "alpha": null,
  "beta": null,
  "dgp_params": null,
  "folds": null,
  "mesh_p": null,
  "elapsed_s": 30.036600351333618,
  "summaries": {
    "NV": {
      "method": "NV",
      "n_reps": 500,
      "target": 0.95,
      "coverage": 1.0,
      "coverage_lo": 0.9923756595384479,
      "coverage_hi": 1.0,
      "coverage_gap": 0.050000000000000044,
      "meets_target": true,
      "significantly_below": false,
      "mean_obj": -3.374894356391514,
      "obj_se": 0.007334099771749158,
      "mean_oracle_gap": 2.842170943040401e-17,
      "oracle_gap_se": 1.2943558939466485e-17,
      "mean_rel_oracle_gap": 8.472294477650616e-18,
      "mean_excess_s": 0.0,
      "selected_s_std": 2.222669831529484e-16,
      "failure_rate": 0.0,
      "n_failed": 0
    },
    "UG": {
      "method": "UG",
      "n_reps": 500,
      "target": 0.95,
      "coverage": 1.0,
      "coverage_lo": 0.9923756595384479,
      "coverage_hi": 1.0,
      "coverage_gap": 0.050000000000000044,
      "meets_target": true,
      "significantly_below": false,
      "mean_obj": -3.374894356391514,
      "obj_se": 0.007334099771749158,
      "mean_oracle_gap": 2.842170943040401e-17,
      "oracle_gap_se": 1.2943558939466485e-17,
      "mean_rel_oracle_gap": 8.472294477650616e-18,
      "mean_excess_s": 0.0,
      "selected_s_std": 2.222669831529484e-16,
      "failure_rate": 0.0,
      "n_failed": 0
    },
    "NGS": {
      "method": "NGS",
      "n_reps": 500,
      "target": 0.95,
      "coverage": 1.0,
      "coverage_lo": 0.9923756595384479,
      "coverage_hi": 1.0,
      "coverage_gap": 0.050000000000000044,
      "meets_target": true,
      "significantly_below": false,
      "mean_obj": -3.374894356391514,
      "obj_se": 0.007334099771749158,
      "mean_oracle_gap": 2.842170943040401e-17,
      "oracle_gap_se": 1.2943558939466485e-17,
      "mean_rel_oracle_gap": 8.472294477650616e-18,
      "mean_excess_s": 0.0,
      "selected_s_std": 2.222669831529484e-16,
      "failure_rate": 0.0,
      "n_failed": 0
    },
    "UNGS": {
      "method": "UNGS",
      "n_reps": 500,
      "target": 0.95,
      "coverage": 1.0,
      "coverage_lo": 0.9923756595384479,
      "coverage_hi": 1.0,
      "coverage_gap": 0.050000000000000044,
      "meets_target": true,
      "significantly_below": false,
      "mean_obj": -3.374894356391514,
      "obj_se": 0.007334099771749158,
      "mean_oracle_gap": 2.842170943040401e-17,
      "oracle_gap_se": 1.2943558939466485e-17,
      "mean_rel_oracle_gap": 8.472294477650616e-18,
      "mean_excess_s": 0.0,
      "selected_s_std": 2.222669831529484e-16,
      "failure_rate": 0.0,
      "n_failed": 0
    },
    "benchmark": {
      "method": "benchmark",
      "n_reps": 500,
      "target": 0.95,
      "coverage": 1.0,
      "coverage_lo": 0.9923756595384479,
      "coverage_hi": 1.0,
      "coverage_gap": 0.050000000000000044,
      "meets_target": true,
      "significantly_below": false,
      "mean_obj": -1.5790615851165921,
      "obj_se": 0.0020606299171293217,
      "mean_oracle_gap": 1.795832771274922,
      "oracle_gap_se": 0.006911129650720692,
      "mean_rel_oracle_gap": 0.5312396126365113,
      "mean_excess_s": NaN,
      "selected_s_std": NaN,
      "failure_rate": 0.0,
      "n_failed": 0
    },
    "_n_replication_errors": 0
  }
}