{
  "key": "paper_dro_moment_n500_d5",
  "config": "paper_dro_moment",
  "n": 500,
  "split": 0.5,
  "d": 5,
  "reps": 500,
  "alpha": null,
  "beta": null,
  "dgp_params": null,
  "folds": null,
  "mesh_p": null,
  "elapsed_s": 3.8329315185546875,
  "summaries": {
    "NV": {
      "method": "NV",
      "n_reps": 500,
      "target": 0.95,
      "coverage": 1.0,
      "coverage_lo": 0.9923756595384479,
      "coverage_hi": 1.0,
      "coverage_gap": 0.050000000000000044,
      "meets_target": true,
      "significantly_below": false,
      "mean_obj": -2.6107476854950566,
      "obj_se": 0.0027518844374015937,
      "mean_oracle_gap": -2.2204460492503132e-17,
      "oracle_gap_se": 1.095214780078268e-17,
      "mean_rel_oracle_gap": -8.673678072760905e-18,
      "mean_excess_s": 0.0,
      "selected_s_std": 0.0,
      "failure_rate": 0.0,
      "n_failed": 0,
      "n_attempted": 500
    },
    "UG": {
      "method": "UG",
      "n_reps": 500,
      "target": 0.95,
      "coverage": 1.0,
      "coverage_lo": 0.9923756595384479,
      "coverage_hi": 1.0,
      "coverage_gap": 0.050000000000000044,
      "meets_target": true,
      "significantly_below": false,
      "mean_obj": -2.6107476854950566,
      "obj_se": 0.0027518844374015937,
      "mean_oracle_gap": -2.2204460492503132e-17,
      "oracle_gap_se": 1.095214780078268e-17,
      "mean_rel_oracle_gap": -8.673678072760905e-18,
      "mean_excess_s": 0.0,
      "selected_s_std": 0.0,
      "failure_rate": 0.0,
      "n_failed": 0,
      "n_attempted": 500
    },
    "NGS": {
      "method": "NGS",
      "n_reps": 500,
      "target": 0.95,
      "coverage": 1.0,
      "coverage_lo": 0.9923756595384479,
      "coverage_hi": 1.0,
      "coverage_gap": 0.050000000000000044,
      "meets_target": true,
      "significantly_below": false,
      "mean_obj": -2.6107476854950566,
      "obj_se": 0.0027518844374015937,
      "mean_oracle_gap": -2.2204460492503132e-17,
      "oracle_gap_se": 1.095214780078268e-17,
      "mean_rel_oracle_gap": -8.673678072760905e-18,
      "mean_excess_s": 0.0,
      "selected_s_std": 0.0,
      "failure_rate": 0.0,
      "n_failed": 0,
      "n_attempted": 500
    },
    "UNGS": {
      "method": "UNGS",
      "n_reps": 500,
      "target": 0.95,
      "coverage": 1.0,
      "coverage_lo": 0.9923756595384479,
      "coverage_hi": 1.0,
      "coverage_gap": 0.050000000000000044,
      "meets_target": true,
      "significantly_below": false,
      "mean_obj": -2.6107476854950566,
      "obj_se": 0.0027518844374015937,
      "mean_oracle_gap": -2.2204460492503132e-17,
      "oracle_gap_se": 1.095214780078268e-17,
      "mean_rel_oracle_gap": -8.673678072760905e-18,
      "mean_excess_s": 0.0,
      "selected_s_std": 0.0,
      "failure_rate": 0.0,
      "n_failed": 0,
      "n_attempted": 500
    },
    "benchmark": {
      "method": "benchmark",
      "n_reps": 500,
      "target": 0.95,
      "coverage": 1.0,
      "coverage_lo": 0.9923756595384479,
      "coverage_hi": 1.0,
      "coverage_gap": 0.050000000000000044,
      "meets_target": true,
      "significantly_below": false,
      "mean_obj": -1.9887081492339125,
      "obj_se": 0.0014398570912274532,
      "mean_oracle_gap": 0.6220395362611439,
      "oracle_gap_se": 0.0022230429569770663,
      "mean_rel_oracle_gap": 0.238010771518791,
      "mean_excess_s": null,
      "selected_s_std": null,
      "failure_rate": 0.0,
      "n_failed": 0,
      "n_attempted": 500
    },
    "_n_replication_errors": 0
  },
  "_provenance": {
    "git_commit": "d34ff2286f94f415327062e8df3721cd49ec3996",
    "git_dirty": true,
    "versions": {
      "numpy": "2.5.1",
      "scipy": "1.18.0",
      "cvxpy": "1.9.2",
      "gurobipy": "13.0.2"
    },
    "timestamp": null
  }
}