{
  "key": "paper_dro_moment_n200_d10_t30",
  "config": "paper_dro_moment",
  "n": 200,
  "split": 0.5,
  "d": 10,
  "reps": 500,
  "alpha": null,
  "beta": null,
  "dgp_params": {
    "kind": "multivariate_t",
    "df": 30
  },
  "folds": null,
  "mesh_p": null,
  "elapsed_s": 18.979499340057373,
  "summaries": {
    "NV": {
      "method": "NV",
      "n_reps": 500,
      "target": 0.95,
      "coverage": 1.0,
      "coverage_lo": 0.9923756595384479,
      "coverage_hi": 1.0,
      "coverage_gap": 0.050000000000000044,
      "meets_target": true,
      "significantly_below": false,
      "mean_obj": -3.3298704370449594,
      "obj_se": 0.004913274127637886,
      "mean_oracle_gap": 7.993605777301126e-18,
      "oracle_gap_se": 1.3031382621269148e-17,
      "mean_rel_oracle_gap": 2.1729856068206717e-18,
      "mean_excess_s": 0.0,
      "selected_s_std": 2.222669831529484e-16,
      "failure_rate": 0.0,
      "n_failed": 0
    },
    "UG": {
      "method": "UG",
      "n_reps": 500,
      "target": 0.95,
      "coverage": 1.0,
      "coverage_lo": 0.9923756595384479,
      "coverage_hi": 1.0,
      "coverage_gap": 0.050000000000000044,
      "meets_target": true,
      "significantly_below": false,
      "mean_obj": -3.3298704370449594,
      "obj_se": 0.004913274127637886,
      "mean_oracle_gap": 7.993605777301126e-18,
      "oracle_gap_se": 1.3031382621269148e-17,
      "mean_rel_oracle_gap": 2.1729856068206717e-18,
      "mean_excess_s": 0.0,
      "selected_s_std": 2.222669831529484e-16,
      "failure_rate": 0.0,
      "n_failed": 0
    },
    "NGS": {
      "method": "NGS",
      "n_reps": 500,
      "target": 0.95,
      "coverage": 1.0,
      "coverage_lo": 0.9923756595384479,
      "coverage_hi": 1.0,
      "coverage_gap": 0.050000000000000044,
      "meets_target": true,
      "significantly_below": false,
      "mean_obj": -3.3298704370449594,
      "obj_se": 0.004913274127637886,
      "mean_oracle_gap": 7.993605777301126e-18,
      "oracle_gap_se": 1.3031382621269148e-17,
      "mean_rel_oracle_gap": 2.1729856068206717e-18,
      "mean_excess_s": 0.0,
      "selected_s_std": 2.222669831529484e-16,
      "failure_rate": 0.0,
      "n_failed": 0
    },
    "UNGS": {
      "method": "UNGS",
      "n_reps": 500,
      "target": 0.95,
      "coverage": 1.0,
      "coverage_lo": 0.9923756595384479,
      "coverage_hi": 1.0,
      "coverage_gap": 0.050000000000000044,
      "meets_target": true,
      "significantly_below": false,
      "mean_obj": -3.3298704370449594,
      "obj_se": 0.004913274127637886,
      "mean_oracle_gap": 7.993605777301126e-18,
      "oracle_gap_se": 1.3031382621269148e-17,
      "mean_rel_oracle_gap": 2.1729856068206717e-18,
      "mean_excess_s": 0.0,
      "selected_s_std": 2.222669831529484e-16,
      "failure_rate": 0.0,
      "n_failed": 0
    },
    "benchmark": {
      "method": "benchmark",
      "n_reps": 500,
      "target": 0.95,
      "coverage": 1.0,
      "coverage_lo": 0.9923756595384479,
      "coverage_hi": 1.0,
      "coverage_gap": 0.050000000000000044,
      "meets_target": true,
      "significantly_below": false,
      "mean_obj": -1.5680169008115752,
      "obj_se": 0.002245256420600624,
      "mean_oracle_gap": 1.7618535362333845,
      "oracle_gap_se": 0.004133677604287484,
      "mean_rel_oracle_gap": 0.5288687838346469,
      "mean_excess_s": NaN,
      "selected_s_std": NaN,
      "failure_rate": 0.0,
      "n_failed": 0
    },
    "_n_replication_errors": 0
  }
}