{
  "key": "paper_dro_moment_n100_d15",
  "config": "paper_dro_moment",
  "n": 100,
  "split": 0.5,
  "d": 15,
  "reps": 500,
  "alpha": null,
  "beta": null,
  "dgp_params": null,
  "folds": null,
  "mesh_p": null,
  "elapsed_s": 32.72675061225891,
  "summaries": {
    "NV": {
      "method": "NV",
      "n_reps": 500,
      "target": 0.95,
      "coverage": 1.0,
      "coverage_lo": 0.9923756595384479,
      "coverage_hi": 1.0,
      "coverage_gap": 0.050000000000000044,
      "meets_target": true,
      "significantly_below": false,
      "mean_obj": -10.460167660562261,
      "obj_se": 0.01915980569777806,
      "mean_oracle_gap": -1.2434497875801754e-16,
      "oracle_gap_se": 6.808658460332755e-17,
      "mean_rel_oracle_gap": -1.2563711729878667e-17,
      "mean_excess_s": 0.0,
      "selected_s_std": 0.0,
      "failure_rate": 0.0,
      "n_failed": 0,
      "n_attempted": 500
    },
    "UG": {
      "method": "UG",
      "n_reps": 500,
      "target": 0.95,
      "coverage": 1.0,
      "coverage_lo": 0.9923756595384479,
      "coverage_hi": 1.0,
      "coverage_gap": 0.050000000000000044,
      "meets_target": true,
      "significantly_below": false,
      "mean_obj": -10.2529287964246,
      "obj_se": 0.03780659165975886,
      "mean_oracle_gap": 0.20723886413766263,
      "oracle_gap_se": 0.039692750258842224,
      "mean_rel_oracle_gap": 0.018724372939187866,
      "mean_excess_s": 0.005635312540698615,
      "selected_s_std": 0.02408547600213367,
      "failure_rate": 0.0,
      "n_failed": 0,
      "n_attempted": 500
    },
    "NGS": {
      "method": "NGS",
      "n_reps": 500,
      "target": 0.95,
      "coverage": 1.0,
      "coverage_lo": 0.9923756595384479,
      "coverage_hi": 1.0,
      "coverage_gap": 0.050000000000000044,
      "meets_target": true,
      "significantly_below": false,
      "mean_obj": -10.2529287964246,
      "obj_se": 0.03780659165975886,
      "mean_oracle_gap": 0.20723886413766263,
      "oracle_gap_se": 0.039692750258842224,
      "mean_rel_oracle_gap": 0.018724372939187866,
      "mean_excess_s": 0.005635312540698615,
      "selected_s_std": 0.02408547600213367,
      "failure_rate": 0.0,
      "n_failed": 0,
      "n_attempted": 500
    },
    "UNGS": {
      "method": "UNGS",
      "n_reps": 500,
      "target": 0.95,
      "coverage": 1.0,
      "coverage_lo": 0.9923756595384479,
      "coverage_hi": 1.0,
      "coverage_gap": 0.050000000000000044,
      "meets_target": true,
      "significantly_below": false,
      "mean_obj": -10.2529287964246,
      "obj_se": 0.03780659165975886,
      "mean_oracle_gap": 0.20723886413766263,
      "oracle_gap_se": 0.039692750258842224,
      "mean_rel_oracle_gap": 0.018724372939187866,
      "mean_excess_s": 0.005635312540698615,
      "selected_s_std": 0.02408547600213367,
      "failure_rate": 0.0,
      "n_failed": 0,
      "n_attempted": 500
    },
    "benchmark": {
      "method": "benchmark",
      "n_reps": 500,
      "target": 0.95,
      "coverage": 1.0,
      "coverage_lo": 0.9923756595384479,
      "coverage_hi": 1.0,
      "coverage_gap": 0.050000000000000044,
      "meets_target": true,
      "significantly_below": false,
      "mean_obj": -3.863681205936867,
      "obj_se": 0.005071344085749077,
      "mean_oracle_gap": 6.596486454625395,
      "oracle_gap_se": 0.01782913608517679,
      "mean_rel_oracle_gap": 0.6301817104183699,
      "mean_excess_s": null,
      "selected_s_std": null,
      "failure_rate": 0.0,
      "n_failed": 0,
      "n_attempted": 500
    },
    "_n_replication_errors": 0
  },
  "_provenance": {
    "git_commit": "d34ff2286f94f415327062e8df3721cd49ec3996",
    "git_dirty": true,
    "versions": {
      "numpy": "2.5.1",
      "scipy": "1.18.0",
      "cvxpy": "1.9.2",
      "gurobipy": "13.0.2"
    },
    "timestamp": null
  }
}