{
  "key": "paper_dro_moment_n200_s0.7_d10",
  "config": "paper_dro_moment",
  "n": 200,
  "split": 0.7,
  "d": 10,
  "reps": 500,
  "alpha": null,
  "beta": null,
  "dgp_params": null,
  "folds": null,
  "mesh_p": null,
  "elapsed_s": 6.941730260848999,
  "summaries": {
    "NV": {
      "method": "NV",
      "n_reps": 500,
      "target": 0.95,
      "coverage": 1.0,
      "coverage_lo": 0.9923756595384479,
      "coverage_hi": 1.0,
      "coverage_gap": 0.050000000000000044,
      "meets_target": true,
      "significantly_below": false,
      "mean_obj": -6.198403546963537,
      "obj_se": 0.007638719496264571,
      "mean_oracle_gap": -3.552713678800501e-18,
      "oracle_gap_se": 3.3549423439337636e-17,
      "mean_rel_oracle_gap": -6.050269027177702e-19,
      "mean_excess_s": 0.0,
      "selected_s_std": 0.0,
      "failure_rate": 0.0,
      "n_failed": 0,
      "n_attempted": 500
    },
    "UG": {
      "method": "UG",
      "n_reps": 500,
      "target": 0.95,
      "coverage": 1.0,
      "coverage_lo": 0.9923756595384479,
      "coverage_hi": 1.0,
      "coverage_gap": 0.050000000000000044,
      "meets_target": true,
      "significantly_below": false,
      "mean_obj": -6.19596592622598,
      "obj_se": 0.007645819292490793,
      "mean_oracle_gap": 0.002437620737556724,
      "oracle_gap_se": 0.0024376207375567255,
      "mean_rel_oracle_gap": 0.0003587119296308239,
      "mean_excess_s": 9.340454620192501e-05,
      "selected_s_std": 0.0020885891471502404,
      "failure_rate": 0.0,
      "n_failed": 0,
      "n_attempted": 500
    },
    "NGS": {
      "method": "NGS",
      "n_reps": 500,
      "target": 0.95,
      "coverage": 1.0,
      "coverage_lo": 0.9923756595384479,
      "coverage_hi": 1.0,
      "coverage_gap": 0.050000000000000044,
      "meets_target": true,
      "significantly_below": false,
      "mean_obj": -6.19596592622598,
      "obj_se": 0.007645819292490793,
      "mean_oracle_gap": 0.002437620737556724,
      "oracle_gap_se": 0.0024376207375567255,
      "mean_rel_oracle_gap": 0.0003587119296308239,
      "mean_excess_s": 9.340454620192501e-05,
      "selected_s_std": 0.0020885891471502404,
      "failure_rate": 0.0,
      "n_failed": 0,
      "n_attempted": 500
    },
    "UNGS": {
      "method": "UNGS",
      "n_reps": 500,
      "target": 0.95,
      "coverage": 1.0,
      "coverage_lo": 0.9923756595384479,
      "coverage_hi": 1.0,
      "coverage_gap": 0.050000000000000044,
      "meets_target": true,
      "significantly_below": false,
      "mean_obj": -6.19596592622598,
      "obj_se": 0.007645819292490793,
      "mean_oracle_gap": 0.002437620737556724,
      "oracle_gap_se": 0.0024376207375567255,
      "mean_rel_oracle_gap": 0.0003587119296308239,
      "mean_excess_s": 9.340454620192501e-05,
      "selected_s_std": 0.0020885891471502404,
      "failure_rate": 0.0,
      "n_failed": 0,
      "n_attempted": 500
    },
    "benchmark": {
      "method": "benchmark",
      "n_reps": 500,
      "target": 0.95,
      "coverage": 1.0,
      "coverage_lo": 0.9923756595384479,
      "coverage_hi": 1.0,
      "coverage_gap": 0.050000000000000044,
      "meets_target": true,
      "significantly_below": false,
      "mean_obj": -3.20122685663838,
      "obj_se": 0.0032773570752743413,
      "mean_oracle_gap": 2.9971766903251558,
      "oracle_gap_se": 0.006833005480335027,
      "mean_rel_oracle_gap": 0.48329460332618185,
      "mean_excess_s": null,
      "selected_s_std": null,
      "failure_rate": 0.0,
      "n_failed": 0,
      "n_attempted": 500
    },
    "_n_replication_errors": 0
  },
  "_provenance": {
    "git_commit": "d34ff2286f94f415327062e8df3721cd49ec3996",
    "git_dirty": true,
    "versions": {
      "numpy": "2.5.1",
      "scipy": "1.18.0",
      "cvxpy": "1.9.2",
      "gurobipy": "13.0.2"
    },
    "timestamp": null
  }
}