{
  "key": "paper_dro_moment_n200_d10_a0.2",
  "config": "paper_dro_moment",
  "n": 200,
  "split": 0.5,
  "d": 10,
  "reps": 500,
  "alpha": 0.2,
  "beta": null,
  "dgp_params": null,
  "folds": null,
  "mesh_p": null,
  "elapsed_s": 23.38425040245056,
  "summaries": {
    "NV": {
      "method": "NV",
      "n_reps": 500,
      "target": 0.95,
      "coverage": 1.0,
      "coverage_lo": 0.9923756595384479,
      "coverage_hi": 1.0,
      "coverage_gap": 0.050000000000000044,
      "meets_target": true,
      "significantly_below": false,
      "mean_obj": -4.28053939437365,
      "obj_se": 0.005362958740101935,
      "mean_oracle_gap": -2.6645352591003756e-17,
      "oracle_gap_se": 2.0316709923376708e-17,
      "mean_rel_oracle_gap": -6.417530996146587e-18,
      "mean_excess_s": 0.0,
      "selected_s_std": 2.222669831529484e-16,
      "failure_rate": 0.0,
      "n_failed": 0
    },
    "UG": {
      "method": "UG",
      "n_reps": 500,
      "target": 0.95,
      "coverage": 1.0,
      "coverage_lo": 0.9923756595384479,
      "coverage_hi": 1.0,
      "coverage_gap": 0.050000000000000044,
      "meets_target": true,
      "significantly_below": false,
      "mean_obj": -4.28053939437365,
      "obj_se": 0.005362958740101935,
      "mean_oracle_gap": -2.6645352591003756e-17,
      "oracle_gap_se": 2.0316709923376708e-17,
      "mean_rel_oracle_gap": -6.417530996146587e-18,
      "mean_excess_s": 0.0,
      "selected_s_std": 2.222669831529484e-16,
      "failure_rate": 0.0,
      "n_failed": 0
    },
    "NGS": {
      "method": "NGS",
      "n_reps": 500,
      "target": 0.95,
      "coverage": 1.0,
      "coverage_lo": 0.9923756595384479,
      "coverage_hi": 1.0,
      "coverage_gap": 0.050000000000000044,
      "meets_target": true,
      "significantly_below": false,
      "mean_obj": -4.28053939437365,
      "obj_se": 0.005362958740101935,
      "mean_oracle_gap": -2.6645352591003756e-17,
      "oracle_gap_se": 2.0316709923376708e-17,
      "mean_rel_oracle_gap": -6.417530996146587e-18,
      "mean_excess_s": 0.0,
      "selected_s_std": 2.222669831529484e-16,
      "failure_rate": 0.0,
      "n_failed": 0
    },
    "UNGS": {
      "method": "UNGS",
      "n_reps": 500,
      "target": 0.95,
      "coverage": 1.0,
      "coverage_lo": 0.9923756595384479,
      "coverage_hi": 1.0,
      "coverage_gap": 0.050000000000000044,
      "meets_target": true,
      "significantly_below": false,
      "mean_obj": -4.28053939437365,
      "obj_se": 0.005362958740101935,
      "mean_oracle_gap": -2.6645352591003756e-17,
      "oracle_gap_se": 2.0316709923376708e-17,
      "mean_rel_oracle_gap": -6.417530996146587e-18,
      "mean_excess_s": 0.0,
      "selected_s_std": 2.222669831529484e-16,
      "failure_rate": 0.0,
      "n_failed": 0
    },
    "benchmark": {
      "method": "benchmark",
      "n_reps": 500,
      "target": 0.95,
      "coverage": 1.0,
      "coverage_lo": 0.9923756595384479,
      "coverage_hi": 1.0,
      "coverage_gap": 0.050000000000000044,
      "meets_target": true,
      "significantly_below": false,
      "mean_obj": -2.334947919501431,
      "obj_se": 0.002756871073052478,
      "mean_oracle_gap": 1.9455914748722185,
      "oracle_gap_se": 0.0044117306507630025,
      "mean_rel_oracle_gap": 0.454325393757963,
      "mean_excess_s": NaN,
      "selected_s_std": NaN,
      "failure_rate": 0.0,
      "n_failed": 0
    },
    "_n_replication_errors": 0
  }
}