{
  "key": "paper_dro_moment_n200_d5",
  "config": "paper_dro_moment",
  "n": 200,
  "split": 0.5,
  "d": 5,
  "reps": 500,
  "alpha": null,
  "beta": null,
  "dgp_params": null,
  "folds": null,
  "mesh_p": null,
  "elapsed_s": 5.09822416305542,
  "summaries": {
    "NV": {
      "method": "NV",
      "n_reps": 500,
      "target": 0.95,
      "coverage": 1.0,
      "coverage_lo": 0.9923756595384479,
      "coverage_hi": 1.0,
      "coverage_gap": 0.050000000000000044,
      "meets_target": true,
      "significantly_below": false,
      "mean_obj": -1.9115451322680026,
      "obj_se": 0.003386630275883006,
      "mean_oracle_gap": 5.773159728050814e-18,
      "oracle_gap_se": 6.6629991962154896e-18,
      "mean_rel_oracle_gap": 2.974673523579362e-18,
      "mean_excess_s": 0.0,
      "selected_s_std": 5.55667457882371e-17,
      "failure_rate": 0.0,
      "n_failed": 0
    },
    "UG": {
      "method": "UG",
      "n_reps": 500,
      "target": 0.95,
      "coverage": 1.0,
      "coverage_lo": 0.9923756595384479,
      "coverage_hi": 1.0,
      "coverage_gap": 0.050000000000000044,
      "meets_target": true,
      "significantly_below": false,
      "mean_obj": -1.9115451322680026,
      "obj_se": 0.003386630275883006,
      "mean_oracle_gap": 5.773159728050814e-18,
      "oracle_gap_se": 6.6629991962154896e-18,
      "mean_rel_oracle_gap": 2.974673523579362e-18,
      "mean_excess_s": 0.0,
      "selected_s_std": 5.55667457882371e-17,
      "failure_rate": 0.0,
      "n_failed": 0
    },
    "NGS": {
      "method": "NGS",
      "n_reps": 500,
      "target": 0.95,
      "coverage": 1.0,
      "coverage_lo": 0.9923756595384479,
      "coverage_hi": 1.0,
      "coverage_gap": 0.050000000000000044,
      "meets_target": true,
      "significantly_below": false,
      "mean_obj": -1.9115451322680026,
      "obj_se": 0.003386630275883006,
      "mean_oracle_gap": 5.773159728050814e-18,
      "oracle_gap_se": 6.6629991962154896e-18,
      "mean_rel_oracle_gap": 2.974673523579362e-18,
      "mean_excess_s": 0.0,
      "selected_s_std": 5.55667457882371e-17,
      "failure_rate": 0.0,
      "n_failed": 0
    },
    "UNGS": {
      "method": "UNGS",
      "n_reps": 500,
      "target": 0.95,
      "coverage": 1.0,
      "coverage_lo": 0.9923756595384479,
      "coverage_hi": 1.0,
      "coverage_gap": 0.050000000000000044,
      "meets_target": true,
      "significantly_below": false,
      "mean_obj": -1.9115451322680026,
      "obj_se": 0.003386630275883006,
      "mean_oracle_gap": 5.773159728050814e-18,
      "oracle_gap_se": 6.6629991962154896e-18,
      "mean_rel_oracle_gap": 2.974673523579362e-18,
      "mean_excess_s": 0.0,
      "selected_s_std": 5.55667457882371e-17,
      "failure_rate": 0.0,
      "n_failed": 0
    },
    "benchmark": {
      "method": "benchmark",
      "n_reps": 500,
      "target": 0.95,
      "coverage": 1.0,
      "coverage_lo": 0.9923756595384479,
      "coverage_hi": 1.0,
      "coverage_gap": 0.050000000000000044,
      "meets_target": true,
      "significantly_below": false,
      "mean_obj": -1.0036731940017658,
      "obj_se": 0.0014735604679822468,
      "mean_oracle_gap": 0.9078719382662368,
      "oracle_gap_se": 0.002705662251142386,
      "mean_rel_oracle_gap": 0.47455806276456897,
      "mean_excess_s": NaN,
      "selected_s_std": NaN,
      "failure_rate": 0.0,
      "n_failed": 0
    },
    "_n_replication_errors": 0
  }
}