{
  "key": "paper_dro_moment_n100_d5",
  "config": "paper_dro_moment",
  "n": 100,
  "split": 0.5,
  "d": 5,
  "reps": 500,
  "alpha": null,
  "beta": null,
  "dgp_params": null,
  "folds": null,
  "mesh_p": null,
  "elapsed_s": 5.1850457191467285,
  "summaries": {
    "NV": {
      "method": "NV",
      "n_reps": 500,
      "target": 0.95,
      "coverage": 1.0,
      "coverage_lo": 0.9923756595384479,
      "coverage_hi": 1.0,
      "coverage_gap": 0.050000000000000044,
      "meets_target": true,
      "significantly_below": false,
      "mean_obj": -1.9380036585628728,
      "obj_se": 0.0049342133479768945,
      "mean_oracle_gap": -8.43769498715119e-18,
      "oracle_gap_se": 7.880648204622021e-18,
      "mean_rel_oracle_gap": -4.595840587286366e-18,
      "mean_excess_s": 0.0,
      "selected_s_std": 5.55667457882371e-17,
      "failure_rate": 0.0,
      "n_failed": 0
    },
    "UG": {
      "method": "UG",
      "n_reps": 500,
      "target": 0.95,
      "coverage": 1.0,
      "coverage_lo": 0.9923756595384479,
      "coverage_hi": 1.0,
      "coverage_gap": 0.050000000000000044,
      "meets_target": true,
      "significantly_below": false,
      "mean_obj": -1.9380036585628728,
      "obj_se": 0.0049342133479768945,
      "mean_oracle_gap": -8.43769498715119e-18,
      "oracle_gap_se": 7.880648204622021e-18,
      "mean_rel_oracle_gap": -4.595840587286366e-18,
      "mean_excess_s": 0.0,
      "selected_s_std": 5.55667457882371e-17,
      "failure_rate": 0.0,
      "n_failed": 0
    },
    "NGS": {
      "method": "NGS",
      "n_reps": 500,
      "target": 0.95,
      "coverage": 1.0,
      "coverage_lo": 0.9923756595384479,
      "coverage_hi": 1.0,
      "coverage_gap": 0.050000000000000044,
      "meets_target": true,
      "significantly_below": false,
      "mean_obj": -1.9380036585628728,
      "obj_se": 0.0049342133479768945,
      "mean_oracle_gap": -8.43769498715119e-18,
      "oracle_gap_se": 7.880648204622021e-18,
      "mean_rel_oracle_gap": -4.595840587286366e-18,
      "mean_excess_s": 0.0,
      "selected_s_std": 5.55667457882371e-17,
      "failure_rate": 0.0,
      "n_failed": 0
    },
    "UNGS": {
      "method": "UNGS",
      "n_reps": 500,
      "target": 0.95,
      "coverage": 1.0,
      "coverage_lo": 0.9923756595384479,
      "coverage_hi": 1.0,
      "coverage_gap": 0.050000000000000044,
      "meets_target": true,
      "significantly_below": false,
      "mean_obj": -1.9380036585628728,
      "obj_se": 0.0049342133479768945,
      "mean_oracle_gap": -8.43769498715119e-18,
      "oracle_gap_se": 7.880648204622021e-18,
      "mean_rel_oracle_gap": -4.595840587286366e-18,
      "mean_excess_s": 0.0,
      "selected_s_std": 5.55667457882371e-17,
      "failure_rate": 0.0,
      "n_failed": 0
    },
    "benchmark": {
      "method": "benchmark",
      "n_reps": 500,
      "target": 0.95,
      "coverage": 1.0,
      "coverage_lo": 0.9923756595384479,
      "coverage_hi": 1.0,
      "coverage_gap": 0.050000000000000044,
      "meets_target": true,
      "significantly_below": false,
      "mean_obj": -1.0223218334132638,
      "obj_se": 0.002107141401353955,
      "mean_oracle_gap": 0.9156818251496089,
      "oracle_gap_se": 0.003968295899755961,
      "mean_rel_oracle_gap": 0.47165774120485726,
      "mean_excess_s": NaN,
      "selected_s_std": NaN,
      "failure_rate": 0.0,
      "n_failed": 0
    },
    "_n_replication_errors": 0
  }
}