{
  "key": "paper_dro_moment_n200_d10_a0.1",
  "config": "paper_dro_moment",
  "n": 200,
  "split": 0.5,
  "d": 10,
  "reps": 500,
  "alpha": 0.1,
  "beta": null,
  "dgp_params": null,
  "folds": null,
  "mesh_p": null,
  "elapsed_s": 18.391181468963623,
  "summaries": {
    "NV": {
      "method": "NV",
      "n_reps": 500,
      "target": 0.95,
      "coverage": 1.0,
      "coverage_lo": 0.9923756595384479,
      "coverage_hi": 1.0,
      "coverage_gap": 0.050000000000000044,
      "meets_target": true,
      "significantly_below": false,
      "mean_obj": -3.327093145476377,
      "obj_se": 0.005111000049218875,
      "mean_oracle_gap": -7.993605777301126e-18,
      "oracle_gap_se": 1.4080938797490227e-17,
      "mean_rel_oracle_gap": -2.2674655201367153e-18,
      "mean_excess_s": 0.0,
      "selected_s_std": 2.222669831529484e-16,
      "failure_rate": 0.0,
      "n_failed": 0
    },
    "UG": {
      "method": "UG",
      "n_reps": 500,
      "target": 0.95,
      "coverage": 1.0,
      "coverage_lo": 0.9923756595384479,
      "coverage_hi": 1.0,
      "coverage_gap": 0.050000000000000044,
      "meets_target": true,
      "significantly_below": false,
      "mean_obj": -3.327093145476377,
      "obj_se": 0.005111000049218875,
      "mean_oracle_gap": -7.993605777301126e-18,
      "oracle_gap_se": 1.4080938797490227e-17,
      "mean_rel_oracle_gap": -2.2674655201367153e-18,
      "mean_excess_s": 0.0,
      "selected_s_std": 2.222669831529484e-16,
      "failure_rate": 0.0,
      "n_failed": 0
    },
    "NGS": {
      "method": "NGS",
      "n_reps": 500,
      "target": 0.95,
      "coverage": 1.0,
      "coverage_lo": 0.9923756595384479,
      "coverage_hi": 1.0,
      "coverage_gap": 0.050000000000000044,
      "meets_target": true,
      "significantly_below": false,
      "mean_obj": -3.327093145476377,
      "obj_se": 0.005111000049218875,
      "mean_oracle_gap": -7.993605777301126e-18,
      "oracle_gap_se": 1.4080938797490227e-17,
      "mean_rel_oracle_gap": -2.2674655201367153e-18,
      "mean_excess_s": 0.0,
      "selected_s_std": 2.222669831529484e-16,
      "failure_rate": 0.0,
      "n_failed": 0
    },
    "UNGS": {
      "method": "UNGS",
      "n_reps": 500,
      "target": 0.95,
      "coverage": 1.0,
      "coverage_lo": 0.9923756595384479,
      "coverage_hi": 1.0,
      "coverage_gap": 0.050000000000000044,
      "meets_target": true,
      "significantly_below": false,
      "mean_obj": -3.327093145476377,
      "obj_se": 0.005111000049218875,
      "mean_oracle_gap": -7.993605777301126e-18,
      "oracle_gap_se": 1.4080938797490227e-17,
      "mean_rel_oracle_gap": -2.2674655201367153e-18,
      "mean_excess_s": 0.0,
      "selected_s_std": 2.222669831529484e-16,
      "failure_rate": 0.0,
      "n_failed": 0
    },
    "benchmark": {
      "method": "benchmark",
      "n_reps": 500,
      "target": 0.95,
      "coverage": 1.0,
      "coverage_lo": 0.9923756595384479,
      "coverage_hi": 1.0,
      "coverage_gap": 0.050000000000000044,
      "meets_target": true,
      "significantly_below": false,
      "mean_obj": -1.5776630966520593,
      "obj_se": 0.00217686159051298,
      "mean_oracle_gap": 1.7494300488243177,
      "oracle_gap_se": 0.004286060565434512,
      "mean_rel_oracle_gap": 0.5255371411850392,
      "mean_excess_s": NaN,
      "selected_s_std": NaN,
      "failure_rate": 0.0,
      "n_failed": 0
    },
    "_n_replication_errors": 0
  }
}