{
  "key": "paper_dro_moment_n100_d15",
  "config": "paper_dro_moment",
  "n": 100,
  "split": 0.5,
  "d": 15,
  "reps": 500,
  "alpha": null,
  "beta": null,
  "dgp_params": null,
  "folds": null,
  "mesh_p": null,
  "elapsed_s": 109.11210680007935,
  "summaries": {
    "NV": {
      "method": "NV",
      "n_reps": 500,
      "target": 0.95,
      "coverage": 1.0,
      "coverage_lo": 0.9923756595384479,
      "coverage_hi": 1.0,
      "coverage_gap": 0.050000000000000044,
      "meets_target": true,
      "significantly_below": false,
      "mean_obj": -4.44064602518817,
      "obj_se": 0.008423222768871797,
      "mean_oracle_gap": -7.105427357601002e-18,
      "oracle_gap_se": 2.1775304744829613e-17,
      "mean_rel_oracle_gap": -1.6069596683073772e-18,
      "mean_excess_s": 0.0,
      "selected_s_std": 0.0,
      "failure_rate": 0.0,
      "n_failed": 0
    },
    "UG": {
      "method": "UG",
      "n_reps": 500,
      "target": 0.95,
      "coverage": 1.0,
      "coverage_lo": 0.9923756595384479,
      "coverage_hi": 1.0,
      "coverage_gap": 0.050000000000000044,
      "meets_target": true,
      "significantly_below": false,
      "mean_obj": -4.44064602518817,
      "obj_se": 0.008423222768871797,
      "mean_oracle_gap": -7.105427357601002e-18,
      "oracle_gap_se": 2.1775304744829613e-17,
      "mean_rel_oracle_gap": -1.6069596683073772e-18,
      "mean_excess_s": 0.0,
      "selected_s_std": 0.0,
      "failure_rate": 0.0,
      "n_failed": 0
    },
    "NGS": {
      "method": "NGS",
      "n_reps": 500,
      "target": 0.95,
      "coverage": 1.0,
      "coverage_lo": 0.9923756595384479,
      "coverage_hi": 1.0,
      "coverage_gap": 0.050000000000000044,
      "meets_target": true,
      "significantly_below": false,
      "mean_obj": -4.44064602518817,
      "obj_se": 0.008423222768871797,
      "mean_oracle_gap": -7.105427357601002e-18,
      "oracle_gap_se": 2.1775304744829613e-17,
      "mean_rel_oracle_gap": -1.6069596683073772e-18,
      "mean_excess_s": 0.0,
      "selected_s_std": 0.0,
      "failure_rate": 0.0,
      "n_failed": 0
    },
    "UNGS": {
      "method": "UNGS",
      "n_reps": 500,
      "target": 0.95,
      "coverage": 1.0,
      "coverage_lo": 0.9923756595384479,
      "coverage_hi": 1.0,
      "coverage_gap": 0.050000000000000044,
      "meets_target": true,
      "significantly_below": false,
      "mean_obj": -4.44064602518817,
      "obj_se": 0.008423222768871797,
      "mean_oracle_gap": -7.105427357601002e-18,
      "oracle_gap_se": 2.1775304744829613e-17,
      "mean_rel_oracle_gap": -1.6069596683073772e-18,
      "mean_excess_s": 0.0,
      "selected_s_std": 0.0,
      "failure_rate": 0.0,
      "n_failed": 0
    },
    "benchmark": {
      "method": "benchmark",
      "n_reps": 500,
      "target": 0.95,
      "coverage": 1.0,
      "coverage_lo": 0.9923756595384479,
      "coverage_hi": 1.0,
      "coverage_gap": 0.050000000000000044,
      "meets_target": true,
      "significantly_below": false,
      "mean_obj": -2.215728814118817,
      "obj_se": 0.0049407368311939915,
      "mean_oracle_gap": 2.2249172110693523,
      "oracle_gap_se": 0.007555295546973247,
      "mean_rel_oracle_gap": 0.500633268212949,
      "mean_excess_s": NaN,
      "selected_s_std": NaN,
      "failure_rate": 0.0,
      "n_failed": 0
    },
    "_n_replication_errors": 0
  }
}