{
  "key": "paper_dro_moment_n200_s0.5_d10",
  "config": "paper_dro_moment",
  "n": 200,
  "split": 0.5,
  "d": 10,
  "reps": 500,
  "alpha": null,
  "beta": null,
  "dgp_params": null,
  "folds": null,
  "mesh_p": null,
  "elapsed_s": 7.187542200088501,
  "summaries": {
    "NV": {
      "method": "NV",
      "n_reps": 500,
      "target": 0.95,
      "coverage": 1.0,
      "coverage_lo": 0.9923756595384479,
      "coverage_hi": 1.0,
      "coverage_gap": 0.050000000000000044,
      "meets_target": true,
      "significantly_below": false,
      "mean_obj": -6.251275288915526,
      "obj_se": 0.008717196013356882,
      "mean_oracle_gap": -3.1974423109204506e-17,
      "oracle_gap_se": 3.236754347194094e-17,
      "mean_rel_oracle_gap": -5.074817964149332e-18,
      "mean_excess_s": 0.0,
      "selected_s_std": 0.0,
      "failure_rate": 0.0,
      "n_failed": 0,
      "n_attempted": 500
    },
    "UG": {
      "method": "UG",
      "n_reps": 500,
      "target": 0.95,
      "coverage": 1.0,
      "coverage_lo": 0.9923756595384479,
      "coverage_hi": 1.0,
      "coverage_gap": 0.050000000000000044,
      "meets_target": true,
      "significantly_below": false,
      "mean_obj": -6.251275288915526,
      "obj_se": 0.008717196013356882,
      "mean_oracle_gap": -3.1974423109204506e-17,
      "oracle_gap_se": 3.236754347194094e-17,
      "mean_rel_oracle_gap": -5.074817964149332e-18,
      "mean_excess_s": 0.0,
      "selected_s_std": 0.0,
      "failure_rate": 0.0,
      "n_failed": 0,
      "n_attempted": 500
    },
    "NGS": {
      "method": "NGS",
      "n_reps": 500,
      "target": 0.95,
      "coverage": 1.0,
      "coverage_lo": 0.9923756595384479,
      "coverage_hi": 1.0,
      "coverage_gap": 0.050000000000000044,
      "meets_target": true,
      "significantly_below": false,
      "mean_obj": -6.251275288915526,
      "obj_se": 0.008717196013356882,
      "mean_oracle_gap": -3.1974423109204506e-17,
      "oracle_gap_se": 3.236754347194094e-17,
      "mean_rel_oracle_gap": -5.074817964149332e-18,
      "mean_excess_s": 0.0,
      "selected_s_std": 0.0,
      "failure_rate": 0.0,
      "n_failed": 0,
      "n_attempted": 500
    },
    "UNGS": {
      "method": "UNGS",
      "n_reps": 500,
      "target": 0.95,
      "coverage": 1.0,
      "coverage_lo": 0.9923756595384479,
      "coverage_hi": 1.0,
      "coverage_gap": 0.050000000000000044,
      "meets_target": true,
      "significantly_below": false,
      "mean_obj": -6.251275288915526,
      "obj_se": 0.008717196013356882,
      "mean_oracle_gap": -3.1974423109204506e-17,
      "oracle_gap_se": 3.236754347194094e-17,
      "mean_rel_oracle_gap": -5.074817964149332e-18,
      "mean_excess_s": 0.0,
      "selected_s_std": 0.0,
      "failure_rate": 0.0,
      "n_failed": 0,
      "n_attempted": 500
    },
    "benchmark": {
      "method": "benchmark",
      "n_reps": 500,
      "target": 0.95,
      "coverage": 1.0,
      "coverage_lo": 0.9923756595384479,
      "coverage_hi": 1.0,
      "coverage_gap": 0.050000000000000044,
      "meets_target": true,
      "significantly_below": false,
      "mean_obj": -3.1974715173228057,
      "obj_se": 0.0031279849748356535,
      "mean_oracle_gap": 3.05380377159272,
      "oracle_gap_se": 0.008071047232505816,
      "mean_rel_oracle_gap": 0.4881442738017812,
      "mean_excess_s": null,
      "selected_s_std": null,
      "failure_rate": 0.0,
      "n_failed": 0,
      "n_attempted": 500
    },
    "_n_replication_errors": 0
  },
  "_provenance": {
    "git_commit": "d34ff2286f94f415327062e8df3721cd49ec3996",
    "git_dirty": true,
    "versions": {
      "numpy": "2.5.1",
      "scipy": "1.18.0",
      "cvxpy": "1.9.2",
      "gurobipy": "13.0.2"
    },
    "timestamp": null
  }
}