{
  "key": "paper_dro_moment_n100_d10",
  "config": "paper_dro_moment",
  "n": 100,
  "split": 0.5,
  "d": 10,
  "reps": 500,
  "alpha": null,
  "beta": null,
  "dgp_params": null,
  "folds": null,
  "mesh_p": null,
  "elapsed_s": 28.47132158279419,
  "summaries": {
    "NV": {
      "method": "NV",
      "n_reps": 500,
      "target": 0.95,
      "coverage": 1.0,
      "coverage_lo": 0.9923756595384479,
      "coverage_hi": 1.0,
      "coverage_gap": 0.050000000000000044,
      "meets_target": true,
      "significantly_below": false,
      "mean_obj": -3.3696508097746984,
      "obj_se": 0.006631252489661556,
      "mean_oracle_gap": 9.769962616701377e-18,
      "oracle_gap_se": 1.430150818571071e-17,
      "mean_rel_oracle_gap": 2.8417127556444427e-18,
      "mean_excess_s": 0.0,
      "selected_s_std": 2.222669831529484e-16,
      "failure_rate": 0.0,
      "n_failed": 0
    },
    "UG": {
      "method": "UG",
      "n_reps": 500,
      "target": 0.95,
      "coverage": 1.0,
      "coverage_lo": 0.9923756595384479,
      "coverage_hi": 1.0,
      "coverage_gap": 0.050000000000000044,
      "meets_target": true,
      "significantly_below": false,
      "mean_obj": -3.3696508097746984,
      "obj_se": 0.006631252489661556,
      "mean_oracle_gap": 9.769962616701377e-18,
      "oracle_gap_se": 1.430150818571071e-17,
      "mean_rel_oracle_gap": 2.8417127556444427e-18,
      "mean_excess_s": 0.0,
      "selected_s_std": 2.222669831529484e-16,
      "failure_rate": 0.0,
      "n_failed": 0
    },
    "NGS": {
      "method": "NGS",
      "n_reps": 500,
      "target": 0.95,
      "coverage": 1.0,
      "coverage_lo": 0.9923756595384479,
      "coverage_hi": 1.0,
      "coverage_gap": 0.050000000000000044,
      "meets_target": true,
      "significantly_below": false,
      "mean_obj": -3.3696508097746984,
      "obj_se": 0.006631252489661556,
      "mean_oracle_gap": 9.769962616701377e-18,
      "oracle_gap_se": 1.430150818571071e-17,
      "mean_rel_oracle_gap": 2.8417127556444427e-18,
      "mean_excess_s": 0.0,
      "selected_s_std": 2.222669831529484e-16,
      "failure_rate": 0.0,
      "n_failed": 0
    },
    "UNGS": {
      "method": "UNGS",
      "n_reps": 500,
      "target": 0.95,
      "coverage": 1.0,
      "coverage_lo": 0.9923756595384479,
      "coverage_hi": 1.0,
      "coverage_gap": 0.050000000000000044,
      "meets_target": true,
      "significantly_below": false,
      "mean_obj": -3.3696508097746984,
      "obj_se": 0.006631252489661556,
      "mean_oracle_gap": 9.769962616701377e-18,
      "oracle_gap_se": 1.430150818571071e-17,
      "mean_rel_oracle_gap": 2.8417127556444427e-18,
      "mean_excess_s": 0.0,
      "selected_s_std": 2.222669831529484e-16,
      "failure_rate": 0.0,
      "n_failed": 0
    },
    "benchmark": {
      "method": "benchmark",
      "n_reps": 500,
      "target": 0.95,
      "coverage": 1.0,
      "coverage_lo": 0.9923756595384479,
      "coverage_hi": 1.0,
      "coverage_gap": 0.050000000000000044,
      "meets_target": true,
      "significantly_below": false,
      "mean_obj": -1.6274546190805959,
      "obj_se": 0.0031531822045814486,
      "mean_oracle_gap": 1.742196190694102,
      "oracle_gap_se": 0.005576433770203153,
      "mean_rel_oracle_gap": 0.5165952601584963,
      "mean_excess_s": NaN,
      "selected_s_std": NaN,
      "failure_rate": 0.0,
      "n_failed": 0
    },
    "_n_replication_errors": 0
  }
}