{
  "key": "paper_dro_moment_n200_s0.6_d10",
  "config": "paper_dro_moment",
  "n": 200,
  "split": 0.6,
  "d": 10,
  "reps": 500,
  "alpha": null,
  "beta": null,
  "dgp_params": null,
  "folds": null,
  "mesh_p": null,
  "elapsed_s": 18.016205072402954,
  "summaries": {
    "NV": {
      "method": "NV",
      "n_reps": 500,
      "target": 0.95,
      "coverage": 1.0,
      "coverage_lo": 0.9923756595384479,
      "coverage_hi": 1.0,
      "coverage_gap": 0.050000000000000044,
      "meets_target": true,
      "significantly_below": false,
      "mean_obj": -3.3226515073737017,
      "obj_se": 0.004268484873991303,
      "mean_oracle_gap": -8.881784197001253e-19,
      "oracle_gap_se": 1.3570974758892534e-17,
      "mean_rel_oracle_gap": -2.4068812201239315e-19,
      "mean_excess_s": 0.0,
      "selected_s_std": 2.222669831529484e-16,
      "failure_rate": 0.0,
      "n_failed": 0
    },
    "UG": {
      "method": "UG",
      "n_reps": 500,
      "target": 0.95,
      "coverage": 1.0,
      "coverage_lo": 0.9923756595384479,
      "coverage_hi": 1.0,
      "coverage_gap": 0.050000000000000044,
      "meets_target": true,
      "significantly_below": false,
      "mean_obj": -3.3226515073737017,
      "obj_se": 0.004268484873991303,
      "mean_oracle_gap": -8.881784197001253e-19,
      "oracle_gap_se": 1.3570974758892534e-17,
      "mean_rel_oracle_gap": -2.4068812201239315e-19,
      "mean_excess_s": 0.0,
      "selected_s_std": 2.222669831529484e-16,
      "failure_rate": 0.0,
      "n_failed": 0
    },
    "NGS": {
      "method": "NGS",
      "n_reps": 500,
      "target": 0.95,
      "coverage": 1.0,
      "coverage_lo": 0.9923756595384479,
      "coverage_hi": 1.0,
      "coverage_gap": 0.050000000000000044,
      "meets_target": true,
      "significantly_below": false,
      "mean_obj": -3.3226515073737017,
      "obj_se": 0.004268484873991303,
      "mean_oracle_gap": -8.881784197001253e-19,
      "oracle_gap_se": 1.3570974758892534e-17,
      "mean_rel_oracle_gap": -2.4068812201239315e-19,
      "mean_excess_s": 0.0,
      "selected_s_std": 2.222669831529484e-16,
      "failure_rate": 0.0,
      "n_failed": 0
    },
    "UNGS": {
      "method": "UNGS",
      "n_reps": 500,
      "target": 0.95,
      "coverage": 1.0,
      "coverage_lo": 0.9923756595384479,
      "coverage_hi": 1.0,
      "coverage_gap": 0.050000000000000044,
      "meets_target": true,
      "significantly_below": false,
      "mean_obj": -3.3226515073737017,
      "obj_se": 0.004268484873991303,
      "mean_oracle_gap": -8.881784197001253e-19,
      "oracle_gap_se": 1.3570974758892534e-17,
      "mean_rel_oracle_gap": -2.4068812201239315e-19,
      "mean_excess_s": 0.0,
      "selected_s_std": 2.222669831529484e-16,
      "failure_rate": 0.0,
      "n_failed": 0
    },
    "benchmark": {
      "method": "benchmark",
      "n_reps": 500,
      "target": 0.95,
      "coverage": 1.0,
      "coverage_lo": 0.9923756595384479,
      "coverage_hi": 1.0,
      "coverage_gap": 0.050000000000000044,
      "meets_target": true,
      "significantly_below": false,
      "mean_obj": -1.5776088521964238,
      "obj_se": 0.0021699243802211655,
      "mean_oracle_gap": 1.7450426551772775,
      "oracle_gap_se": 0.003324987902583621,
      "mean_rel_oracle_gap": 0.5250737842593506,
      "mean_excess_s": NaN,
      "selected_s_std": NaN,
      "failure_rate": 0.0,
      "n_failed": 0
    },
    "_n_replication_errors": 0
  }
}