{
  "key": "paper_dro_moment_n500_d15",
  "config": "paper_dro_moment",
  "n": 500,
  "split": 0.5,
  "d": 15,
  "reps": 500,
  "alpha": null,
  "beta": null,
  "dgp_params": null,
  "folds": null,
  "mesh_p": null,
  "elapsed_s": 88.76349115371704,
  "summaries": {
    "NV": {
      "method": "NV",
      "n_reps": 500,
      "target": 0.95,
      "coverage": 1.0,
      "coverage_lo": 0.9923756595384479,
      "coverage_hi": 1.0,
      "coverage_gap": 0.050000000000000044,
      "meets_target": true,
      "significantly_below": false,
      "mean_obj": -4.283996590770871,
      "obj_se": 0.0033033714464682927,
      "mean_oracle_gap": -7.105427357601002e-18,
      "oracle_gap_se": 2.0271372761268797e-17,
      "mean_rel_oracle_gap": -1.8200411282710272e-18,
      "mean_excess_s": 0.0,
      "selected_s_std": 0.0,
      "failure_rate": 0.0,
      "n_failed": 0
    },
    "UG": {
      "method": "UG",
      "n_reps": 500,
      "target": 0.95,
      "coverage": 1.0,
      "coverage_lo": 0.9923756595384479,
      "coverage_hi": 1.0,
      "coverage_gap": 0.050000000000000044,
      "meets_target": true,
      "significantly_below": false,
      "mean_obj": -4.283996590770871,
      "obj_se": 0.0033033714464682927,
      "mean_oracle_gap": -7.105427357601002e-18,
      "oracle_gap_se": 2.0271372761268797e-17,
      "mean_rel_oracle_gap": -1.8200411282710272e-18,
      "mean_excess_s": 0.0,
      "selected_s_std": 0.0,
      "failure_rate": 0.0,
      "n_failed": 0
    },
    "NGS": {
      "method": "NGS",
      "n_reps": 500,
      "target": 0.95,
      "coverage": 1.0,
      "coverage_lo": 0.9923756595384479,
      "coverage_hi": 1.0,
      "coverage_gap": 0.050000000000000044,
      "meets_target": true,
      "significantly_below": false,
      "mean_obj": -4.283996590770871,
      "obj_se": 0.0033033714464682927,
      "mean_oracle_gap": -7.105427357601002e-18,
      "oracle_gap_se": 2.0271372761268797e-17,
      "mean_rel_oracle_gap": -1.8200411282710272e-18,
      "mean_excess_s": 0.0,
      "selected_s_std": 0.0,
      "failure_rate": 0.0,
      "n_failed": 0
    },
    "UNGS": {
      "method": "UNGS",
      "n_reps": 500,
      "target": 0.95,
      "coverage": 1.0,
      "coverage_lo": 0.9923756595384479,
      "coverage_hi": 1.0,
      "coverage_gap": 0.050000000000000044,
      "meets_target": true,
      "significantly_below": false,
      "mean_obj": -4.283996590770871,
      "obj_se": 0.0033033714464682927,
      "mean_oracle_gap": -7.105427357601002e-18,
      "oracle_gap_se": 2.0271372761268797e-17,
      "mean_rel_oracle_gap": -1.8200411282710272e-18,
      "mean_excess_s": 0.0,
      "selected_s_std": 0.0,
      "failure_rate": 0.0,
      "n_failed": 0
    },
    "benchmark": {
      "method": "benchmark",
      "n_reps": 500,
      "target": 0.95,
      "coverage": 1.0,
      "coverage_lo": 0.9923756595384479,
      "coverage_hi": 1.0,
      "coverage_gap": 0.050000000000000044,
      "meets_target": true,
      "significantly_below": false,
      "mean_obj": -1.9845434377165334,
      "obj_se": 0.0017878757386996674,
      "mean_oracle_gap": 2.2994531530543365,
      "oracle_gap_se": 0.0028901053463978505,
      "mean_rel_oracle_gap": 0.5366951782675504,
      "mean_excess_s": NaN,
      "selected_s_std": NaN,
      "failure_rate": 0.0,
      "n_failed": 0
    },
    "_n_replication_errors": 0
  }
}