{
  "key": "paper_dro_moment_n200_s0.8_d10",
  "config": "paper_dro_moment",
  "n": 200,
  "split": 0.8,
  "d": 10,
  "reps": 500,
  "alpha": null,
  "beta": null,
  "dgp_params": null,
  "folds": null,
  "mesh_p": null,
  "elapsed_s": 18.436657190322876,
  "summaries": {
    "NV": {
      "method": "NV",
      "n_reps": 500,
      "target": 0.95,
      "coverage": 1.0,
      "coverage_lo": 0.9923756595384479,
      "coverage_hi": 1.0,
      "coverage_gap": 0.050000000000000044,
      "meets_target": true,
      "significantly_below": false,
      "mean_obj": -3.3175540483022843,
      "obj_se": 0.003862237078693218,
      "mean_oracle_gap": -9.769962616701377e-18,
      "oracle_gap_se": 1.3563983554884849e-17,
      "mean_rel_oracle_gap": -3.0971311250843067e-18,
      "mean_excess_s": 0.0,
      "selected_s_std": 2.222669831529484e-16,
      "failure_rate": 0.0,
      "n_failed": 0
    },
    "UG": {
      "method": "UG",
      "n_reps": 500,
      "target": 0.95,
      "coverage": 1.0,
      "coverage_lo": 0.9923756595384479,
      "coverage_hi": 1.0,
      "coverage_gap": 0.050000000000000044,
      "meets_target": true,
      "significantly_below": false,
      "mean_obj": -3.3175540483022843,
      "obj_se": 0.003862237078693218,
      "mean_oracle_gap": -9.769962616701377e-18,
      "oracle_gap_se": 1.3563983554884849e-17,
      "mean_rel_oracle_gap": -3.0971311250843067e-18,
      "mean_excess_s": 0.0,
      "selected_s_std": 2.222669831529484e-16,
      "failure_rate": 0.0,
      "n_failed": 0
    },
    "NGS": {
      "method": "NGS",
      "n_reps": 500,
      "target": 0.95,
      "coverage": 1.0,
      "coverage_lo": 0.9923756595384479,
      "coverage_hi": 1.0,
      "coverage_gap": 0.050000000000000044,
      "meets_target": true,
      "significantly_below": false,
      "mean_obj": -3.3175540483022843,
      "obj_se": 0.003862237078693218,
      "mean_oracle_gap": -9.769962616701377e-18,
      "oracle_gap_se": 1.3563983554884849e-17,
      "mean_rel_oracle_gap": -3.0971311250843067e-18,
      "mean_excess_s": 0.0,
      "selected_s_std": 2.222669831529484e-16,
      "failure_rate": 0.0,
      "n_failed": 0
    },
    "UNGS": {
      "method": "UNGS",
      "n_reps": 500,
      "target": 0.95,
      "coverage": 1.0,
      "coverage_lo": 0.9923756595384479,
      "coverage_hi": 1.0,
      "coverage_gap": 0.050000000000000044,
      "meets_target": true,
      "significantly_below": false,
      "mean_obj": -3.3175540483022843,
      "obj_se": 0.003862237078693218,
      "mean_oracle_gap": -9.769962616701377e-18,
      "oracle_gap_se": 1.3563983554884849e-17,
      "mean_rel_oracle_gap": -3.0971311250843067e-18,
      "mean_excess_s": 0.0,
      "selected_s_std": 2.222669831529484e-16,
      "failure_rate": 0.0,
      "n_failed": 0
    },
    "benchmark": {
      "method": "benchmark",
      "n_reps": 500,
      "target": 0.95,
      "coverage": 1.0,
      "coverage_lo": 0.9923756595384479,
      "coverage_hi": 1.0,
      "coverage_gap": 0.050000000000000044,
      "meets_target": true,
      "significantly_below": false,
      "mean_obj": -1.579944336758696,
      "obj_se": 0.0021421133343008094,
      "mean_oracle_gap": 1.7376097115435878,
      "oracle_gap_se": 0.002806268938190913,
      "mean_rel_oracle_gap": 0.5237049753117764,
      "mean_excess_s": NaN,
      "selected_s_std": NaN,
      "failure_rate": 0.0,
      "n_failed": 0
    },
    "_n_replication_errors": 0
  }
}